customer_id,name,company,segment,ltv,orders,successful_payments,failed_payments,avg_delay_days,promises_made,promises_kept,city,preferred_device,email,phone
CUST000001,Aman Kapoor,,normal,34400.0,8,7,1,4.6,0,0,Hyderabad,iOS,,
CUST000002,Diya Joshi,,normal,32300.0,8,7,1,6.3,0,0,Jaipur,iOS,,
CUST000003,Kiara Singh,,normal,17800.0,3,3,0,5.2,0,0,Nagpur,Android,,
CUST000004,Kiara Gupta,,normal,18200.0,5,4,1,3.7,2,2,Delhi,Android,,
CUST000005,Neha Malhotra,,group_d_broken_promise,62100.0,9,5,4,32.8,9,3,Nagpur,Android,,
CUST000006,Kiara Iyer,,normal,5200.0,1,1,0,3.9,1,1,Chennai,iOS,,
CUST000007,Karan Singh,,normal,21600.0,2,2,0,1.5,1,1,Kolkata,iOS,,
CUST000008,Diya Chawla,,normal,29900.0,6,4,2,10.1,0,0,Pune,Desktop,,
CUST000009,Ananya Reddy,,group_d_broken_promise,43800.0,4,2,2,16.2,9,1,Ahmedabad,iOS,,
CUST000010,Rohan Verma,,normal,16100.0,2,2,0,1.2,2,2,Hyderabad,Android,,
CUST000011,Vivaan Singh,,normal,37500.0,7,5,2,9.5,1,1,Ahmedabad,Android,,
CUST000012,Simran Chawla,,normal,7900.0,2,2,0,2.3,0,0,Chennai,iOS,,
CUST000013,Priya Sharma,,normal,12200.0,4,4,0,0.6,1,1,Ahmedabad,Android,,
CUST000014,Aman Mehta,,normal,36000.0,6,5,1,3.2,1,1,Bangalore,Android,,
CUST000015,Simran Malhotra,,normal,29300.0,4,3,1,3.7,0,0,Hyderabad,Desktop,,
CUST000016,Vivaan Bose,Reddy Enterprises Pvt Ltd,b2b,572700.0,54,44,10,7.0,5,5,Jaipur,Android,,
CUST000017,Meera Verma,,normal,7600.0,3,2,1,1.4,0,0,Mumbai,Android,,
CUST000018,Diya Reddy,,dormant_high_ltv,251800.0,31,29,2,2.9,0,0,Ahmedabad,iOS,,
CUST000019,Kiara Sharma,,normal,8300.0,3,2,1,0.5,1,1,Kolkata,Desktop,,
CUST000020,Vivaan Chawla,,normal,26500.0,5,4,1,4.7,2,2,Chennai,iOS,,
CUST000021,Karan Joshi,,normal,23700.0,5,4,1,0.9,2,2,Bangalore,Desktop,,
CUST000022,Kabir Malhotra,,normal,17100.0,4,3,1,3.3,0,0,Kolkata,Android,,
CUST000023,Aditya Gupta,,normal,36900.0,7,5,2,2.0,1,1,Jaipur,Desktop,,
CUST000024,Simran Iyer,,normal,13800.0,1,1,0,0.2,2,2,Delhi,Android,,
CUST000025,Ishaan Reddy,,normal,6200.0,3,2,1,0.7,1,1,Indore,iOS,,
CUST000026,Neha Patel,,group_d_broken_promise,36100.0,9,5,4,21.7,5,1,Kolkata,Desktop,,
CUST000027,Rahul Rao,,normal,27400.0,7,5,2,0.5,1,1,Ahmedabad,Android,,
CUST000028,Meera Nair,,dormant_high_ltv,553800.0,60,57,3,0.6,0,0,Jaipur,Android,,
CUST000029,Simran Verma,,group_d_broken_promise,20300.0,2,1,1,22.4,5,1,Ahmedabad,Desktop,,
CUST000030,Ananya Patel,,normal,30600.0,9,7,2,0.8,0,0,Kolkata,Android,,
CUST000031,Neha Chawla,,normal,14200.0,3,2,1,1.4,2,2,Ahmedabad,Android,,
CUST000032,Rohan Rao,,normal,10500.0,2,2,0,3.6,1,1,Nagpur,Android,,
CUST000033,Kabir Nair,Gupta Logistics Pvt Ltd,b2b,286300.0,41,36,5,5.4,1,1,Kolkata,iOS,,
CUST000034,Aarav Malhotra,,normal,6400.0,1,1,0,7.3,1,1,Bangalore,Android,,
CUST000035,Saanvi Kapoor,,normal,19400.0,3,2,1,5.8,2,1,Ahmedabad,iOS,,
CUST000036,Diya Singh,,group_d_broken_promise,9600.0,2,1,1,32.4,8,2,Nagpur,Android,,
CUST000037,Simran Verma,,group_d_broken_promise,34000.0,6,3,3,48.5,9,2,Delhi,Desktop,,
CUST000038,Neha Singh,,normal,23100.0,5,4,1,7.4,1,1,Bangalore,iOS,,
CUST000039,Priya Kapoor,Reddy Apparel Pvt Ltd,b2b,150800.0,21,17,4,11.5,2,2,Chennai,Android,,
CUST000040,Aarav Rao,,normal,31700.0,5,4,1,7.0,1,1,Jaipur,Android,,
CUST000041,Aditya Iyer,,normal,23900.0,6,6,0,4.1,2,1,Nagpur,Android,,
CUST000042,Simran Nair,,normal,14800.0,3,3,0,1.5,0,0,Jaipur,Desktop,,
CUST000043,Aman Joshi,,normal,21600.0,5,4,1,0.9,1,1,Ahmedabad,Desktop,,
CUST000044,Diya Chawla,Kapoor Traders Pvt Ltd,b2b,262900.0,28,27,1,13.6,5,4,Lucknow,Android,,
CUST000045,Kiara Singh,,normal,32500.0,6,5,1,10.8,1,1,Ahmedabad,Desktop,,
CUST000046,Vivaan Verma,,normal,23000.0,7,6,1,0.4,1,1,Jaipur,Android,,
CUST000047,Ishaan Nair,,normal,30100.0,4,3,1,1.5,1,1,Pune,Desktop,,
CUST000048,Myra Mehta,Sharma Traders Pvt Ltd,b2b,253000.0,43,39,4,11.7,1,1,Pune,Desktop,,
CUST000049,Myra Sharma,,normal,10800.0,3,3,0,6.0,0,0,Chennai,Desktop,,
CUST000050,Vivaan Nair,,group_d_broken_promise,27600.0,9,5,4,34.6,7,2,Pune,iOS,,
CUST000051,Rohan Mehta,,group_d_broken_promise,23400.0,5,2,3,28.4,3,1,Indore,Android,,
CUST000052,Meera Nair,,dormant_high_ltv,465000.0,62,59,3,2.3,0,0,Lucknow,iOS,,
CUST000053,Rohan Sharma,,normal,26900.0,3,3,0,2.2,1,1,Chennai,iOS,,
CUST000054,Kiara Gupta,,normal,23900.0,3,2,1,3.1,1,1,Kolkata,iOS,,
CUST000055,Simran Patel,,normal,16400.0,3,3,0,4.7,1,1,Bangalore,Android,,
CUST000056,Karan Verma,,normal,32900.0,7,6,1,5.2,0,0,Lucknow,iOS,,
CUST000057,Sanya Singh,,normal,49100.0,6,4,2,0.9,0,0,Indore,Android,,
CUST000058,Rohan Iyer,,normal,8900.0,2,2,0,6.9,0,0,Kolkata,Android,,
CUST000059,Ishaan Iyer,,group_d_broken_promise,25300.0,5,2,3,16.8,4,1,Jaipur,Android,,
CUST000060,Ananya Singh,,group_d_broken_promise,14300.0,2,1,1,30.4,6,1,Bangalore,iOS,,
CUST000061,Priya Verma,,normal,7500.0,3,2,1,0.2,2,2,Mumbai,Android,,
CUST000062,Meera Bose,,normal,16800.0,4,4,0,1.1,2,2,Nagpur,Android,,
CUST000063,Aditya Chawla,,normal,18700.0,2,2,0,0.5,1,1,Delhi,iOS,,
CUST000064,Rohan Malhotra,,normal,19400.0,5,5,0,3.8,0,0,Hyderabad,Android,,
CUST000065,Diya Reddy,,normal,14000.0,1,1,0,0.5,1,1,Indore,Android,,
CUST000066,Aditya Bose,,normal,8200.0,1,1,0,1.7,0,0,Nagpur,iOS,,
CUST000067,Aman Chawla,,normal,17300.0,3,2,1,0.7,0,0,Pune,iOS,,
CUST000068,Saanvi Chawla,Sharma Distributors Pvt Ltd,b2b,267600.0,24,22,2,4.3,4,3,Jaipur,Android,,
CUST000069,Rohan Mehta,,dormant_high_ltv,431800.0,60,55,5,4.4,0,0,Delhi,iOS,,
CUST000070,Rahul Nair,,normal,18800.0,3,2,1,2.9,1,1,Mumbai,Android,,
CUST000071,Ananya Sharma,Bose Industries Pvt Ltd,b2b,670500.0,57,54,3,10.2,2,2,Lucknow,iOS,,
CUST000072,Arjun Singh,,normal,16500.0,3,3,0,2.0,2,2,Chennai,Android,,
CUST000073,Myra Gupta,,normal,19000.0,3,3,0,0.7,2,2,Bangalore,iOS,,
CUST000074,Sanya Reddy,Kapoor Retail Pvt Ltd,b2b,732300.0,61,50,11,15.8,4,3,Bangalore,Desktop,,
CUST000075,Meera Verma,,dormant_high_ltv,477700.0,49,45,4,2.0,1,1,Mumbai,Android,,
CUST000076,Rahul Bose,Singh Apparel Pvt Ltd,b2b,601300.0,51,43,8,7.5,2,2,Hyderabad,Android,,
CUST000077,Ishaan Chawla,Nair Logistics Pvt Ltd,b2b,324500.0,40,36,4,9.9,5,4,Hyderabad,iOS,,
CUST000078,Simran Gupta,,normal,21800.0,2,1,1,1.7,0,0,Delhi,Android,,
CUST000079,Ananya Chawla,,normal,17600.0,2,2,0,0.1,0,0,Kolkata,Android,,
CUST000080,Aman Gupta,,normal,13900.0,2,2,0,2.9,0,0,Hyderabad,Android,,
CUST000081,Sanya Bose,,normal,19100.0,2,2,0,2.6,1,1,Chennai,Android,,
CUST000082,Kiara Gupta,,normal,22700.0,5,4,1,0.7,0,0,Mumbai,Desktop,,
CUST000083,Karan Mehta,,normal,19900.0,4,3,1,0.3,1,1,Hyderabad,Android,,
CUST000084,Arjun Sharma,,group_d_broken_promise,16300.0,1,0,1,33.0,10,1,Jaipur,iOS,,
CUST000085,Aditya Nair,,dormant_high_ltv,254900.0,26,22,4,2.1,0,0,Jaipur,Android,,
CUST000086,Aditya Nair,,group_d_broken_promise,43800.0,6,3,3,29.3,6,1,Nagpur,iOS,,
CUST000087,Sanya Chawla,,normal,50800.0,7,6,1,0.7,1,1,Pune,Android,,
CUST000088,Kiara Chawla,,normal,23500.0,4,3,1,3.5,2,1,Ahmedabad,Android,,
CUST000089,Aditya Singh,,group_d_broken_promise,8600.0,2,1,1,17.4,3,1,Bangalore,Android,,
CUST000090,Myra Singh,,normal,19500.0,3,3,0,2.2,2,2,Indore,iOS,,
CUST000091,Aman Reddy,,group_d_broken_promise,40700.0,7,4,3,18.9,6,1,Chennai,iOS,,
CUST000092,Ananya Sharma,,normal,12900.0,5,4,1,5.6,0,0,Pune,iOS,,
CUST000093,Ananya Reddy,,normal,13000.0,2,2,0,3.4,1,1,Jaipur,iOS,,
CUST000094,Aditya Rao,,normal,16500.0,5,4,1,0.8,2,2,Pune,Android,,
CUST000095,Meera Singh,Verma Foods Pvt Ltd,b2b,610300.0,70,57,13,7.6,3,3,Bangalore,Android,,
CUST000096,Meera Verma,,normal,16800.0,2,2,0,0.5,1,1,Ahmedabad,iOS,,
CUST000097,Ananya Verma,,normal,16500.0,4,3,1,3.0,1,1,Delhi,Android,,
CUST000098,Kiara Rao,,group_d_broken_promise,52500.0,18,10,8,17.9,11,1,Indore,Android,,
CUST000099,Ishaan Gupta,,group_d_broken_promise,33600.0,4,2,2,22.8,3,1,Mumbai,Android,,
CUST000100,Diya Kapoor,,normal,24000.0,4,3,1,4.4,2,2,Bangalore,iOS,,
CUST000101,Aditya Chawla,,normal,32300.0,5,4,1,4.6,2,2,Bangalore,Android,,
CUST000102,Rohan Reddy,,normal,27400.0,4,3,1,5.4,0,0,Jaipur,iOS,,
CUST000103,Simran Singh,Bose Distributors Pvt Ltd,b2b,167200.0,26,25,1,6.8,4,4,Jaipur,Android,,
CUST000104,Ishaan Verma,,normal,25800.0,3,2,1,2.5,0,0,Indore,Android,,
CUST000105,Simran Verma,,normal,12200.0,1,1,0,4.4,2,2,Indore,Android,,
CUST000106,Simran Patel,,normal,34800.0,7,5,2,1.8,0,0,Kolkata,Android,,
CUST000107,Ananya Kapoor,,normal,12700.0,4,3,1,3.0,2,2,Kolkata,iOS,,
CUST000108,Saanvi Joshi,Gupta Industries Pvt Ltd,b2b,248200.0,36,31,5,4.6,2,2,Hyderabad,Android,,
CUST000109,Diya Verma,,group_d_broken_promise,32800.0,5,3,2,31.6,11,3,Delhi,iOS,,
CUST000110,Aditya Bose,,normal,22400.0,3,3,0,4.8,0,0,Pune,iOS,,
CUST000111,Arjun Verma,,normal,25000.0,5,4,1,4.7,0,0,Lucknow,Android,,
CUST000112,Ananya Verma,Chawla Logistics Pvt Ltd,b2b,477800.0,65,52,13,7.8,2,1,Pune,Android,,
CUST000113,Kiara Patel,Joshi Apparel Pvt Ltd,b2b,294800.0,43,37,6,6.0,4,3,Lucknow,Desktop,,
CUST000114,Simran Chawla,,normal,35300.0,5,4,1,9.3,2,2,Jaipur,iOS,,
CUST000115,Ananya Sharma,,group_d_broken_promise,16200.0,3,2,1,23.8,3,1,Delhi,Android,,
CUST000116,Myra Kapoor,,normal,46000.0,7,6,1,0.5,1,1,Jaipur,iOS,,
CUST000117,Rahul Patel,,normal,16200.0,1,1,0,0.8,2,2,Delhi,Android,,
CUST000118,Kabir Iyer,,normal,21500.0,3,2,1,3.1,2,2,Lucknow,Android,,
CUST000119,Rahul Nair,,normal,33700.0,8,6,2,0.7,0,0,Nagpur,Android,,
CUST000120,Kabir Gupta,,normal,48100.0,1,1,0,1.2,0,0,Delhi,iOS,,
CUST000121,Karan Mehta,,normal,17100.0,2,2,0,4.1,0,0,Lucknow,Desktop,,
CUST000122,Simran Patel,,normal,12500.0,2,2,0,1.6,0,0,Bangalore,iOS,,
CUST000123,Myra Singh,,group_d_broken_promise,17500.0,4,2,2,21.4,11,2,Delhi,iOS,,
CUST000124,Priya Sharma,,normal,9500.0,3,2,1,2.4,1,1,Pune,Desktop,,
CUST000125,Rohan Reddy,,dormant_high_ltv,383000.0,47,44,3,0.4,1,1,Jaipur,iOS,,
CUST000126,Diya Joshi,,normal,7700.0,3,3,0,7.1,1,1,Chennai,Android,,
CUST000127,Priya Joshi,Bose Foods Pvt Ltd,b2b,237600.0,34,28,6,3.8,4,4,Kolkata,Desktop,,
CUST000128,Karan Rao,,group_d_broken_promise,21200.0,5,2,3,17.2,7,2,Mumbai,Android,,
CUST000129,Neha Malhotra,,group_d_broken_promise,12900.0,3,2,1,21.7,4,1,Jaipur,iOS,,
CUST000130,Neha Chawla,,normal,13600.0,3,3,0,1.7,2,2,Kolkata,iOS,,
CUST000131,Ishaan Kapoor,,group_d_broken_promise,16800.0,3,1,2,22.9,11,1,Delhi,Android,,
CUST000132,Karan Bose,,normal,30300.0,4,3,1,2.2,1,1,Jaipur,Android,,
CUST000133,Priya Bose,,normal,31200.0,2,2,0,4.9,0,0,Hyderabad,Android,,
CUST000134,Vivaan Reddy,Kapoor Enterprises Pvt Ltd,b2b,411100.0,55,49,6,6.9,2,2,Hyderabad,Android,,
CUST000135,Neha Sharma,,normal,23500.0,8,6,2,7.4,0,0,Mumbai,Android,,
CUST000136,Aarav Sharma,,dormant_high_ltv,341600.0,48,42,6,1.4,0,0,Pune,Desktop,,
CUST000137,Simran Verma,,normal,16700.0,3,2,1,2.2,2,1,Indore,Desktop,,
CUST000138,Karan Chawla,,normal,24100.0,5,4,1,6.7,2,2,Chennai,Android,,
CUST000139,Sanya Iyer,,normal,20100.0,2,2,0,3.7,1,1,Chennai,iOS,,
CUST000140,Rahul Bose,,group_d_broken_promise,27600.0,7,3,4,19.4,9,1,Ahmedabad,iOS,,
CUST000141,Vivaan Chawla,,normal,17100.0,2,2,0,0.3,0,0,Nagpur,Android,,
CUST000142,Rohan Malhotra,,normal,23000.0,2,2,0,1.0,0,0,Pune,iOS,,
CUST000143,Simran Singh,,normal,16300.0,2,2,0,4.7,2,2,Ahmedabad,Android,,
CUST000144,Rohan Joshi,,normal,22900.0,3,2,1,3.9,2,2,Nagpur,Android,,
CUST000145,Diya Joshi,,normal,24800.0,3,3,0,2.5,2,2,Hyderabad,Android,,
CUST000146,Ishaan Sharma,Iyer Industries Pvt Ltd,b2b,414800.0,55,44,11,15.9,4,3,Hyderabad,Android,,
CUST000147,Kiara Iyer,Iyer Distributors Pvt Ltd,b2b,429500.0,60,53,7,2.6,3,2,Delhi,iOS,,
CUST000148,Priya Chawla,,normal,27800.0,4,3,1,0.1,2,2,Hyderabad,Android,,
CUST000149,Rohan Verma,,normal,8400.0,2,2,0,1.2,0,0,Hyderabad,Android,,
CUST000150,Arjun Bose,,dormant_high_ltv,422600.0,53,50,3,2.3,1,1,Hyderabad,iOS,,
CUST000151,Saanvi Sharma,,normal,35000.0,13,10,3,2.0,1,1,Ahmedabad,Android,,
CUST000152,Aman Verma,,normal,18800.0,1,1,0,13.9,2,2,Hyderabad,iOS,,
CUST000153,Myra Chawla,,group_d_broken_promise,20500.0,3,1,2,35.2,4,1,Hyderabad,Android,,
CUST000154,Aditya Patel,,normal,46300.0,6,5,1,3.9,1,1,Pune,Desktop,,
CUST000155,Myra Gupta,,group_d_broken_promise,28800.0,7,3,4,24.5,7,2,Pune,Android,,
CUST000156,Vivaan Mehta,,normal,30400.0,8,7,1,2.6,1,1,Delhi,Android,,
CUST000157,Aarav Mehta,Malhotra Apparel Pvt Ltd,b2b,447400.0,48,43,5,3.3,1,1,Lucknow,Desktop,,
CUST000158,Myra Sharma,,normal,12700.0,1,1,0,10.7,2,1,Lucknow,Desktop,,
CUST000159,Ishaan Malhotra,,normal,26000.0,3,3,0,0.1,2,2,Nagpur,iOS,,
CUST000160,Neha Bose,,normal,33700.0,4,4,0,1.2,2,2,Kolkata,Android,,
CUST000161,Simran Nair,,group_d_broken_promise,43800.0,7,3,4,23.3,8,1,Lucknow,Android,,
CUST000162,Aarav Verma,,normal,17500.0,3,2,1,1.5,0,0,Ahmedabad,Android,,
CUST000163,Aman Chawla,Chawla Apparel Pvt Ltd,b2b,403700.0,62,59,3,4.4,4,4,Mumbai,Desktop,,
CUST000164,Diya Patel,,dormant_high_ltv,426700.0,63,57,6,2.4,0,0,Lucknow,iOS,,
CUST000165,Vivaan Iyer,,normal,12200.0,2,2,0,0.3,0,0,Delhi,Android,,
CUST000166,Ishaan Malhotra,,normal,11200.0,1,1,0,6.0,1,1,Kolkata,Android,,
CUST000167,Sanya Mehta,,normal,9300.0,1,1,0,3.9,2,2,Ahmedabad,Android,,
CUST000168,Aditya Joshi,,normal,6500.0,1,1,0,2.8,1,1,Chennai,Android,,
CUST000169,Neha Reddy,Kapoor Traders Pvt Ltd,b2b,346000.0,40,38,2,4.0,3,3,Pune,Android,,
CUST000170,Arjun Kapoor,,normal,19000.0,3,3,0,0.2,1,1,Jaipur,iOS,,
CUST000171,Priya Verma,Nair Solutions Pvt Ltd,b2b,368500.0,45,41,4,7.5,3,2,Indore,Android,,
CUST000172,Meera Verma,,normal,11500.0,2,2,0,1.0,1,1,Kolkata,Android,,
CUST000173,Meera Sharma,Kapoor Apparel Pvt Ltd,b2b,480300.0,67,65,2,2.9,2,2,Hyderabad,iOS,,
CUST000174,Kabir Sharma,,normal,14200.0,3,3,0,4.6,1,1,Mumbai,iOS,,
CUST000175,Saanvi Gupta,,group_d_broken_promise,28700.0,4,2,2,26.9,5,1,Lucknow,iOS,,
CUST000176,Sanya Mehta,,dormant_high_ltv,471800.0,57,55,2,4.1,0,0,Chennai,Desktop,,
CUST000177,Neha Verma,,normal,46900.0,11,8,3,1.1,2,1,Kolkata,Android,,
CUST000178,Kiara Mehta,,normal,24800.0,5,4,1,0.6,0,0,Mumbai,Android,,
CUST000179,Ishaan Malhotra,,normal,12500.0,4,3,1,2.2,2,2,Chennai,iOS,,
CUST000180,Arjun Reddy,,normal,58200.0,6,5,1,4.6,1,1,Pune,iOS,,
CUST000181,Aman Chawla,,normal,22800.0,4,4,0,0.4,2,1,Mumbai,iOS,,
CUST000182,Aditya Reddy,,normal,4300.0,2,2,0,2.9,2,2,Jaipur,iOS,,
CUST000183,Ananya Bose,,normal,55500.0,3,2,1,0.6,0,0,Pune,Android,,
CUST000184,Priya Rao,Rao Tech Pvt Ltd,b2b,398300.0,46,39,7,6.5,1,1,Hyderabad,Android,,
CUST000185,Saanvi Patel,,normal,41100.0,6,6,0,1.8,2,1,Pune,Android,,
CUST000186,Saanvi Reddy,,normal,23200.0,2,1,1,2.7,1,1,Ahmedabad,iOS,,
CUST000187,Aarav Gupta,,normal,18900.0,4,4,0,1.6,1,1,Ahmedabad,Desktop,,
CUST000188,Ishaan Iyer,,group_d_broken_promise,33000.0,4,2,2,14.6,5,1,Kolkata,Android,,
CUST000189,Simran Sharma,,normal,30100.0,2,2,0,5.2,2,2,Delhi,Android,,
CUST000190,Vivaan Joshi,Reddy Logistics Pvt Ltd,b2b,305800.0,30,26,4,7.8,2,2,Ahmedabad,iOS,,
CUST000191,Myra Rao,,normal,22200.0,3,2,1,1.5,0,0,Kolkata,Android,,
CUST000192,Ishaan Singh,Iyer Industries Pvt Ltd,b2b,277800.0,34,32,2,13.9,3,2,Mumbai,Android,,
CUST000193,Ishaan Gupta,,group_d_broken_promise,11200.0,1,1,0,37.6,3,0,Jaipur,Desktop,,
CUST000194,Ananya Joshi,,normal,15700.0,1,1,0,0.4,2,2,Ahmedabad,Android,,
CUST000195,Rohan Verma,,group_d_broken_promise,43300.0,2,1,1,20.5,3,0,Delhi,Desktop,,
CUST000196,Vivaan Mehta,,group_d_broken_promise,11000.0,2,1,1,29.4,4,1,Jaipur,Android,,
CUST000197,Neha Chawla,,normal,15200.0,3,2,1,1.7,0,0,Chennai,Android,,
CUST000198,Aditya Sharma,,normal,32600.0,5,4,1,4.0,0,0,Lucknow,iOS,,
CUST000199,Diya Singh,,group_d_broken_promise,19800.0,1,1,0,28.5,9,2,Nagpur,Android,,
CUST000200,Aditya Chawla,Verma Industries Pvt Ltd,b2b,367400.0,54,46,8,11.8,4,3,Chennai,Android,,
CUST000201,Neha Joshi,,normal,12500.0,1,1,0,1.2,2,2,Pune,iOS,,
CUST000202,Sanya Sharma,,normal,32300.0,4,3,1,0.3,1,1,Indore,iOS,,
CUST000203,Kiara Reddy,,normal,20400.0,2,1,1,1.2,0,0,Mumbai,iOS,,
CUST000204,Simran Gupta,,group_d_broken_promise,14600.0,4,2,2,24.3,4,1,Delhi,Android,,
CUST000205,Saanvi Joshi,,dormant_high_ltv,492200.0,62,61,1,1.7,2,2,Jaipur,Android,,
CUST000206,Aman Reddy,Nair Tech Pvt Ltd,b2b,571700.0,66,57,9,11.7,5,4,Chennai,iOS,,
CUST000207,Myra Chawla,,group_d_broken_promise,9600.0,1,0,1,38.2,6,2,Delhi,Android,,
CUST000208,Simran Rao,,normal,8500.0,2,2,0,1.0,0,0,Chennai,Android,,
CUST000209,Priya Iyer,,group_d_broken_promise,27900.0,6,2,4,13.8,10,3,Delhi,iOS,,
CUST000210,Rahul Sharma,,normal,33700.0,7,6,1,0.2,0,0,Pune,Android,,
CUST000211,Ananya Verma,,normal,12600.0,4,3,1,3.7,2,1,Indore,Android,,
CUST000212,Neha Chawla,,normal,13500.0,1,1,0,2.1,1,1,Kolkata,Desktop,,
CUST000213,Kiara Verma,,group_d_broken_promise,34400.0,3,1,2,57.6,8,2,Mumbai,Android,,
CUST000214,Priya Iyer,,normal,18000.0,7,5,2,3.5,0,0,Bangalore,Android,,
CUST000215,Karan Singh,,normal,19400.0,7,6,1,1.0,1,1,Pune,Desktop,,
CUST000216,Myra Malhotra,,normal,23300.0,3,2,1,10.2,0,0,Nagpur,iOS,,
CUST000217,Karan Mehta,,group_d_broken_promise,53200.0,6,3,3,22.6,11,3,Ahmedabad,iOS,,
CUST000218,Saanvi Iyer,,group_d_broken_promise,30000.0,6,2,4,25.4,7,2,Indore,Desktop,,
CUST000219,Priya Bose,,normal,32800.0,4,3,1,0.5,1,1,Chennai,Android,,
CUST000220,Ananya Singh,,normal,32200.0,5,5,0,1.7,0,0,Ahmedabad,Android,,
CUST000221,Rohan Nair,Iyer Foods Pvt Ltd,b2b,450000.0,60,49,11,4.7,2,2,Chennai,Android,,
CUST000222,Myra Rao,,normal,14900.0,2,2,0,4.7,0,0,Jaipur,Android,,
CUST000223,Meera Sharma,,normal,15200.0,3,3,0,1.1,1,1,Bangalore,iOS,,
CUST000224,Priya Patel,,normal,31000.0,6,5,1,1.9,1,1,Bangalore,Desktop,,
CUST000225,Saanvi Iyer,Patel Traders Pvt Ltd,b2b,583500.0,58,53,5,3.5,1,1,Delhi,Desktop,,
CUST000226,Karan Rao,,normal,11500.0,2,2,0,10.8,2,2,Kolkata,iOS,,
CUST000227,Ishaan Verma,,dormant_high_ltv,257500.0,38,32,6,6.3,1,1,Jaipur,Android,,
CUST000228,Aarav Mehta,,normal,20400.0,4,3,1,1.1,2,2,Indore,Android,,
CUST000229,Myra Bose,,normal,39500.0,9,7,2,2.8,1,1,Hyderabad,Android,,
CUST000230,Priya Malhotra,,group_d_broken_promise,16800.0,4,2,2,36.3,7,2,Nagpur,Android,,
CUST000231,Ishaan Malhotra,,group_d_broken_promise,20300.0,4,2,2,44.2,7,2,Lucknow,iOS,,
CUST000232,Vivaan Iyer,,normal,16100.0,5,4,1,0.8,2,1,Indore,Android,,
CUST000233,Rohan Kapoor,,normal,9300.0,2,2,0,2.0,0,0,Pune,iOS,,
CUST000234,Meera Patel,,normal,12600.0,1,1,0,2.1,0,0,Bangalore,Android,,
CUST000235,Diya Singh,,normal,13000.0,1,1,0,1.3,2,1,Pune,Desktop,,
CUST000236,Aditya Kapoor,,normal,12100.0,2,2,0,4.5,1,1,Jaipur,Android,,
CUST000237,Rahul Iyer,,normal,17500.0,2,2,0,1.2,2,2,Pune,iOS,,
CUST000238,Rahul Malhotra,,normal,54900.0,8,8,0,1.4,1,1,Nagpur,Android,,
CUST000239,Rohan Gupta,,dormant_high_ltv,384400.0,59,57,2,0.5,2,2,Bangalore,Android,,
CUST000240,Aman Kapoor,,group_d_broken_promise,10200.0,3,2,1,17.5,6,1,Mumbai,iOS,,
CUST000241,Kiara Iyer,,normal,25700.0,4,3,1,5.4,1,1,Nagpur,Android,,
CUST000242,Aditya Sharma,,normal,18400.0,2,2,0,7.2,1,1,Lucknow,Android,,
CUST000243,Kabir Bose,Nair Textiles Pvt Ltd,b2b,322600.0,44,36,8,8.8,1,1,Ahmedabad,Android,,
CUST000244,Ananya Bose,,normal,19200.0,4,3,1,7.4,0,0,Delhi,iOS,,
CUST000245,Priya Reddy,,normal,13900.0,5,5,0,4.5,2,2,Nagpur,Android,,
CUST000246,Rahul Chawla,,normal,19200.0,6,4,2,2.2,2,2,Lucknow,Desktop,,
CUST000247,Ananya Nair,,normal,38600.0,6,4,2,1.7,0,0,Pune,Desktop,,
CUST000248,Kiara Iyer,,normal,20700.0,2,1,1,2.5,1,1,Pune,iOS,,
CUST000249,Karan Nair,,normal,32100.0,5,4,1,4.4,1,1,Ahmedabad,Android,,
CUST000250,Kiara Verma,,normal,29900.0,8,7,1,7.5,1,1,Ahmedabad,Desktop,,
CUST000251,Kabir Bose,,normal,53600.0,3,2,1,3.1,2,2,Bangalore,Android,,
CUST000252,Rahul Bose,,normal,29600.0,6,5,1,6.9,0,0,Bangalore,Desktop,,
CUST000253,Meera Verma,,normal,51600.0,6,5,1,8.2,1,1,Indore,Android,,
CUST000254,Ananya Verma,Chawla Foods Pvt Ltd,b2b,387700.0,43,36,7,2.8,3,3,Nagpur,iOS,,
CUST000255,Karan Rao,Sharma Exports Pvt Ltd,b2b,408500.0,55,53,2,4.5,4,3,Pune,Android,,
CUST000256,Vivaan Iyer,,normal,33300.0,5,5,0,6.8,1,1,Delhi,iOS,,
CUST000257,Karan Joshi,,normal,23300.0,5,4,1,4.1,2,2,Nagpur,Android,,
CUST000258,Diya Sharma,,group_d_broken_promise,21400.0,5,2,3,18.0,11,3,Ahmedabad,Desktop,,
CUST000259,Arjun Patel,,dormant_high_ltv,407200.0,56,50,6,2.2,2,2,Mumbai,Android,,
CUST000260,Rohan Rao,,normal,13300.0,2,1,1,0.7,0,0,Lucknow,Android,,
CUST000261,Aman Chawla,,group_d_broken_promise,25800.0,4,2,2,40.0,8,3,Hyderabad,Android,,
CUST000262,Priya Reddy,,normal,32000.0,4,3,1,1.7,2,1,Hyderabad,Android,,
CUST000263,Simran Kapoor,Patel Tech Pvt Ltd,b2b,488600.0,61,50,11,5.0,2,2,Jaipur,Android,,
CUST000264,Arjun Malhotra,,group_d_broken_promise,33700.0,5,3,2,40.1,5,1,Hyderabad,iOS,,
CUST000265,Neha Chawla,,normal,33400.0,3,2,1,1.4,1,1,Chennai,iOS,,
CUST000266,Rahul Iyer,,group_d_broken_promise,38400.0,8,3,5,24.9,5,1,Indore,Android,,
CUST000267,Simran Malhotra,Iyer Apparel Pvt Ltd,b2b,322700.0,46,40,6,12.1,3,3,Jaipur,iOS,,
CUST000268,Myra Verma,,group_d_broken_promise,33100.0,8,4,4,16.4,6,2,Chennai,Android,,
CUST000269,Ananya Mehta,,group_d_broken_promise,15900.0,3,1,2,20.3,6,2,Kolkata,Android,,
CUST000270,Aarav Joshi,,dormant_high_ltv,293500.0,34,33,1,9.0,0,0,Bangalore,iOS,,
CUST000271,Vivaan Patel,,dormant_high_ltv,286600.0,47,44,3,1.1,1,1,Pune,iOS,,
CUST000272,Aditya Rao,,group_d_broken_promise,13800.0,2,1,1,43.0,9,1,Hyderabad,Android,,
CUST000273,Vivaan Mehta,,dormant_high_ltv,252100.0,28,27,1,3.9,0,0,Hyderabad,Android,,
CUST000274,Sanya Sharma,,normal,33900.0,6,5,1,5.5,0,0,Hyderabad,Android,,
CUST000275,Aman Rao,,normal,5000.0,4,3,1,0.6,2,2,Ahmedabad,Android,,
CUST000276,Myra Gupta,,normal,15900.0,4,3,1,6.4,1,1,Jaipur,Desktop,,
CUST000277,Rohan Singh,Singh Enterprises Pvt Ltd,b2b,449500.0,58,49,9,8.5,3,3,Pune,Android,,
CUST000278,Karan Reddy,,normal,25500.0,3,3,0,5.3,2,2,Ahmedabad,Android,,
CUST000279,Diya Sharma,,normal,16500.0,6,6,0,0.7,1,1,Jaipur,Desktop,,
CUST000280,Simran Chawla,,normal,15100.0,1,1,0,1.2,2,2,Pune,Android,,
CUST000281,Rahul Bose,,dormant_high_ltv,277800.0,48,44,4,3.3,1,1,Nagpur,Android,,
CUST000282,Arjun Bose,,group_d_broken_promise,37000.0,3,1,2,33.8,6,1,Pune,iOS,,
CUST000283,Karan Bose,Nair Retail Pvt Ltd,b2b,559200.0,57,55,2,9.2,5,4,Jaipur,iOS,,
CUST000284,Meera Joshi,Verma Tech Pvt Ltd,b2b,352600.0,55,53,2,7.3,5,4,Lucknow,Android,,
CUST000285,Rohan Patel,,normal,13900.0,4,3,1,5.4,0,0,Mumbai,Android,,
CUST000286,Aditya Joshi,,normal,8600.0,3,2,1,1.9,0,0,Pune,Android,,
CUST000287,Vivaan Reddy,,dormant_high_ltv,513400.0,57,55,2,1.9,2,2,Pune,iOS,,
CUST000288,Saanvi Joshi,,normal,24800.0,8,7,1,0.8,1,1,Hyderabad,iOS,,
CUST000289,Kiara Reddy,,normal,14600.0,3,2,1,0.7,0,0,Pune,Desktop,,
CUST000290,Rohan Malhotra,,group_d_broken_promise,9400.0,3,1,2,49.9,7,1,Delhi,Android,,
CUST000291,Priya Patel,,normal,16100.0,2,2,0,7.1,0,0,Bangalore,iOS,,
CUST000292,Kabir Kapoor,,dormant_high_ltv,266200.0,40,38,2,5.7,2,1,Jaipur,Desktop,,
CUST000293,Arjun Sharma,,normal,18400.0,4,4,0,0.7,2,2,Pune,iOS,,
CUST000294,Arjun Reddy,,group_d_broken_promise,66600.0,9,5,4,33.8,4,1,Pune,Desktop,,
CUST000295,Rohan Gupta,,normal,26900.0,7,5,2,1.8,2,2,Pune,Android,,
CUST000296,Ananya Bose,,normal,23000.0,5,4,1,2.8,2,2,Pune,iOS,,
CUST000297,Kabir Sharma,,normal,22400.0,3,2,1,0.7,0,0,Lucknow,Desktop,,
CUST000298,Kiara Singh,,normal,6100.0,1,1,0,12.2,0,0,Hyderabad,Android,,
CUST000299,Kiara Patel,,normal,32400.0,4,3,1,0.8,2,2,Ahmedabad,Android,,
CUST000300,Vivaan Singh,,normal,44800.0,6,6,0,5.5,0,0,Hyderabad,Android,,
CUST000301,Diya Rao,,normal,22100.0,3,3,0,0.8,2,2,Hyderabad,Android,,
CUST000302,Karan Nair,,group_d_broken_promise,17500.0,3,1,2,22.8,3,0,Kolkata,Desktop,,
CUST000303,Karan Reddy,,normal,11300.0,6,6,0,5.5,1,1,Kolkata,Android,,
CUST000304,Ishaan Patel,,normal,15300.0,2,2,0,2.6,0,0,Nagpur,Android,,
CUST000305,Simran Kapoor,,normal,11600.0,4,3,1,2.2,2,2,Delhi,Android,,
CUST000306,Rohan Bose,,normal,42000.0,5,4,1,8.6,1,1,Lucknow,iOS,,
CUST000307,Rohan Rao,,normal,16000.0,3,3,0,1.2,0,0,Ahmedabad,iOS,,
CUST000308,Aman Kapoor,,normal,22600.0,3,3,0,5.9,2,2,Lucknow,iOS,,
CUST000309,Kabir Verma,Joshi Logistics Pvt Ltd,b2b,266100.0,42,39,3,5.3,4,4,Hyderabad,iOS,,
CUST000310,Aditya Joshi,,group_d_broken_promise,46500.0,3,2,1,25.4,7,2,Chennai,Android,,
CUST000311,Simran Malhotra,,normal,18000.0,1,1,0,1.4,1,1,Bangalore,Desktop,,
CUST000312,Aarav Gupta,,normal,26300.0,3,2,1,0.3,0,0,Lucknow,Android,,
CUST000313,Ishaan Reddy,Bose Logistics Pvt Ltd,b2b,566500.0,57,51,6,5.1,1,1,Pune,Desktop,,
CUST000314,Aditya Reddy,,normal,12900.0,3,2,1,3.3,2,1,Nagpur,Android,,
CUST000315,Meera Joshi,,normal,22200.0,3,2,1,5.3,2,2,Lucknow,iOS,,
CUST000316,Neha Reddy,Malhotra Enterprises Pvt Ltd,b2b,464700.0,49,47,2,3.9,2,2,Chennai,Android,,
CUST000317,Ananya Nair,,normal,16100.0,3,2,1,4.4,0,0,Lucknow,iOS,,
CUST000318,Ananya Gupta,,normal,34700.0,5,4,1,5.2,1,1,Pune,iOS,,
CUST000319,Kiara Singh,Gupta Retail Pvt Ltd,b2b,220100.0,33,27,6,7.5,4,3,Lucknow,Android,,
CUST000320,Vivaan Bose,,normal,6400.0,1,1,0,1.0,0,0,Bangalore,Android,,
CUST000321,Ishaan Mehta,,normal,17000.0,2,1,1,1.9,1,1,Delhi,iOS,,
CUST000322,Ananya Gupta,,normal,32900.0,6,5,1,0.1,2,2,Ahmedabad,iOS,,
CUST000323,Arjun Iyer,Rao Foods Pvt Ltd,b2b,355600.0,43,39,4,4.9,2,1,Chennai,Desktop,,
CUST000324,Priya Rao,,normal,31000.0,2,1,1,4.2,2,2,Pune,iOS,,
CUST000325,Sanya Bose,,normal,9000.0,2,1,1,2.0,2,2,Jaipur,iOS,,
CUST000326,Aman Reddy,,normal,29200.0,3,2,1,1.9,0,0,Indore,Desktop,,
CUST000327,Sanya Singh,,normal,12300.0,2,2,0,0.6,0,0,Delhi,Android,,
CUST000328,Aarav Mehta,,normal,14100.0,4,3,1,0.7,2,2,Jaipur,iOS,,
CUST000329,Ananya Verma,,normal,32000.0,4,3,1,2.6,0,0,Kolkata,Desktop,,
CUST000330,Rahul Chawla,Nair Apparel Pvt Ltd,b2b,686700.0,48,40,8,8.2,3,3,Ahmedabad,Android,,
CUST000331,Myra Chawla,,normal,16900.0,3,3,0,2.5,1,1,Indore,Android,,
CUST000332,Priya Iyer,Joshi Enterprises Pvt Ltd,b2b,436400.0,74,64,10,4.4,4,4,Delhi,iOS,,
CUST000333,Sanya Rao,,normal,8700.0,2,1,1,5.4,2,2,Pune,iOS,,
CUST000334,Aman Gupta,,normal,10800.0,3,3,0,1.2,1,1,Indore,iOS,,
CUST000335,Kiara Iyer,,group_d_broken_promise,19200.0,3,1,2,33.2,3,0,Jaipur,Android,,
CUST000336,Saanvi Kapoor,,normal,20500.0,5,4,1,0.4,2,2,Indore,Android,,
CUST000337,Diya Reddy,,group_d_broken_promise,34800.0,4,2,2,32.7,9,3,Hyderabad,Android,,
CUST000338,Simran Chawla,,normal,16600.0,1,1,0,11.2,0,0,Chennai,Desktop,,
CUST000339,Sanya Bose,,group_d_broken_promise,14000.0,2,1,1,36.2,6,1,Kolkata,Android,,
CUST000340,Aarav Sharma,,normal,16400.0,1,1,0,2.5,0,0,Indore,iOS,,
CUST000341,Sanya Malhotra,,group_d_broken_promise,26600.0,1,0,1,21.8,6,2,Mumbai,Android,,
CUST000342,Aditya Verma,,normal,26000.0,3,2,1,6.5,2,2,Bangalore,iOS,,
CUST000343,Diya Singh,,normal,23700.0,3,3,0,5.5,1,1,Kolkata,Desktop,,
CUST000344,Simran Bose,,normal,17200.0,6,6,0,0.9,2,2,Mumbai,Desktop,,
CUST000345,Aman Joshi,,normal,31200.0,4,3,1,2.0,1,1,Kolkata,iOS,,
CUST000346,Priya Bose,,normal,26100.0,5,4,1,1.2,0,0,Nagpur,Android,,
CUST000347,Diya Kapoor,,normal,22900.0,2,2,0,4.1,1,1,Chennai,Android,,
CUST000348,Neha Singh,Rao Textiles Pvt Ltd,b2b,367200.0,44,36,8,4.6,1,1,Kolkata,Android,,
CUST000349,Saanvi Mehta,,normal,15300.0,5,4,1,3.7,2,1,Jaipur,Android,,
CUST000350,Kiara Malhotra,,group_d_broken_promise,10500.0,3,2,1,21.7,9,2,Mumbai,iOS,,
CUST000351,Arjun Bose,,normal,33800.0,5,5,0,5.3,1,1,Mumbai,Android,,
CUST000352,Karan Iyer,,group_d_broken_promise,30800.0,4,2,2,44.0,4,1,Pune,Android,,
CUST000353,Rohan Reddy,,normal,16300.0,1,1,0,1.5,2,1,Nagpur,Desktop,,
CUST000354,Ananya Joshi,,normal,17100.0,2,1,1,6.7,1,1,Bangalore,Android,,
CUST000355,Arjun Gupta,,normal,42500.0,4,3,1,1.3,0,0,Jaipur,iOS,,
CUST000356,Rohan Nair,,normal,12600.0,2,2,0,2.5,0,0,Indore,Android,,
CUST000357,Vivaan Bose,,normal,12500.0,2,2,0,3.0,1,1,Mumbai,Desktop,,
CUST000358,Rohan Malhotra,,normal,17400.0,2,2,0,3.0,0,0,Chennai,iOS,,
CUST000359,Priya Verma,,normal,11300.0,2,2,0,1.9,2,2,Lucknow,Desktop,,
CUST000360,Kabir Joshi,,normal,11400.0,3,2,1,4.0,1,1,Ahmedabad,Android,,
CUST000361,Aman Patel,,normal,41900.0,8,7,1,0.5,1,1,Ahmedabad,iOS,,
CUST000362,Rahul Malhotra,,group_d_broken_promise,13900.0,2,1,1,15.5,11,2,Ahmedabad,iOS,,
CUST000363,Priya Gupta,,group_d_broken_promise,15000.0,2,1,1,17.1,6,1,Delhi,Android,,
CUST000364,Arjun Iyer,,group_d_broken_promise,20800.0,2,1,1,16.0,8,2,Ahmedabad,Desktop,,
CUST000365,Saanvi Singh,,normal,17300.0,3,2,1,2.9,2,2,Hyderabad,iOS,,
CUST000366,Diya Iyer,,normal,23300.0,5,4,1,1.5,1,1,Kolkata,iOS,,
CUST000367,Ananya Singh,,normal,9400.0,4,3,1,1.3,0,0,Kolkata,iOS,,
CUST000368,Aman Malhotra,,normal,12100.0,3,2,1,0.2,2,2,Jaipur,Android,,
CUST000369,Myra Nair,Bose Exports Pvt Ltd,b2b,254900.0,42,34,8,5.6,3,2,Pune,iOS,,
CUST000370,Rahul Rao,,normal,44900.0,6,5,1,0.4,0,0,Kolkata,Android,,
CUST000371,Ananya Singh,,normal,11300.0,4,3,1,6.7,1,1,Kolkata,iOS,,
CUST000372,Aman Bose,Joshi Industries Pvt Ltd,b2b,254700.0,30,25,5,10.5,4,3,Bangalore,Android,,
CUST000373,Kabir Kapoor,,normal,23700.0,6,4,2,6.8,0,0,Jaipur,Android,,
CUST000374,Myra Gupta,Mehta Foods Pvt Ltd,b2b,477400.0,44,38,6,5.3,4,3,Jaipur,iOS,,
CUST000375,Aarav Kapoor,,group_d_broken_promise,23000.0,5,2,3,44.0,10,1,Nagpur,iOS,,
CUST000376,Arjun Malhotra,,group_d_broken_promise,33700.0,11,5,6,16.8,9,1,Chennai,Android,,
CUST000377,Ishaan Chawla,,normal,4800.0,2,2,0,0.5,1,1,Mumbai,Android,,
CUST000378,Meera Chawla,,normal,9000.0,2,2,0,7.3,1,1,Pune,Android,,
CUST000379,Myra Malhotra,,normal,17100.0,2,2,0,4.8,2,2,Bangalore,iOS,,
CUST000380,Kiara Verma,,normal,30800.0,3,3,0,4.1,0,0,Nagpur,Desktop,,
CUST000381,Aarav Iyer,,normal,19900.0,3,3,0,0.8,0,0,Chennai,iOS,,
CUST000382,Ishaan Chawla,,normal,17900.0,4,3,1,1.9,2,2,Bangalore,Android,,
CUST000383,Rahul Nair,,normal,27200.0,2,2,0,6.2,0,0,Delhi,Android,,
CUST000384,Meera Sharma,,normal,22000.0,6,5,1,10.6,1,1,Indore,iOS,,
CUST000385,Diya Nair,,normal,7900.0,4,3,1,4.2,0,0,Mumbai,Android,,
CUST000386,Karan Iyer,,normal,19300.0,2,2,0,6.1,1,1,Bangalore,iOS,,
CUST000387,Sanya Bose,,normal,15400.0,4,3,1,3.5,0,0,Lucknow,Desktop,,
CUST000388,Simran Kapoor,,normal,17600.0,3,2,1,5.7,0,0,Bangalore,Android,,
CUST000389,Vivaan Verma,,group_d_broken_promise,32000.0,3,1,2,27.4,7,1,Nagpur,Android,,
CUST000390,Sanya Iyer,,normal,15200.0,6,5,1,2.1,0,0,Chennai,Android,,
CUST000391,Karan Reddy,,normal,19400.0,3,2,1,9.7,1,1,Pune,Android,,
CUST000392,Aarav Kapoor,,group_d_broken_promise,28000.0,5,3,2,24.1,5,1,Lucknow,iOS,,
CUST000393,Rahul Iyer,,normal,24100.0,4,3,1,0.3,0,0,Ahmedabad,Desktop,,
CUST000394,Aarav Patel,,normal,9900.0,4,4,0,1.9,0,0,Kolkata,iOS,,
CUST000395,Vivaan Singh,,dormant_high_ltv,275600.0,27,24,3,2.5,1,1,Jaipur,iOS,,
CUST000396,Rohan Mehta,,normal,13600.0,3,3,0,2.9,2,2,Bangalore,Android,,
CUST000397,Ananya Singh,,normal,26800.0,2,2,0,0.9,0,0,Lucknow,Desktop,,
CUST000398,Simran Bose,Bose Tech Pvt Ltd,b2b,262300.0,31,30,1,6.9,5,4,Kolkata,iOS,,
CUST000399,Aditya Joshi,,normal,28500.0,4,3,1,2.5,2,2,Nagpur,Desktop,,
CUST000400,Rohan Bose,,normal,38800.0,3,2,1,1.4,0,0,Pune,iOS,,
CUST000401,Saanvi Mehta,Chawla Foods Pvt Ltd,b2b,409500.0,47,44,3,3.9,2,1,Nagpur,Android,,
CUST000402,Aditya Bose,,normal,20100.0,4,3,1,2.7,0,0,Indore,Android,,
CUST000403,Meera Malhotra,,normal,13300.0,2,2,0,6.4,0,0,Chennai,iOS,,
CUST000404,Karan Sharma,,group_d_broken_promise,40600.0,8,3,5,36.9,10,2,Nagpur,iOS,,
CUST000405,Kiara Patel,,normal,13800.0,2,2,0,1.7,1,1,Bangalore,Android,,
CUST000406,Arjun Mehta,,normal,19800.0,5,4,1,2.8,1,1,Ahmedabad,iOS,,
CUST000407,Sanya Kapoor,Gupta Industries Pvt Ltd,b2b,352300.0,56,54,2,4.2,3,2,Lucknow,iOS,,
CUST000408,Diya Sharma,,normal,12000.0,2,1,1,3.0,2,2,Indore,Android,,
CUST000409,Myra Iyer,,group_d_broken_promise,31500.0,3,2,1,21.6,10,2,Lucknow,Android,,
CUST000410,Diya Kapoor,,normal,37400.0,8,7,1,2.4,0,0,Jaipur,Desktop,,
CUST000411,Vivaan Mehta,,normal,15100.0,2,2,0,7.0,2,2,Lucknow,Android,,
CUST000412,Meera Nair,,normal,34700.0,1,1,0,1.5,2,2,Lucknow,Android,,
CUST000413,Rohan Mehta,,group_d_broken_promise,32700.0,4,2,2,40.3,5,1,Indore,iOS,,
CUST000414,Karan Kapoor,,normal,11300.0,4,4,0,0.3,1,1,Lucknow,iOS,,
CUST000415,Simran Mehta,,dormant_high_ltv,417800.0,48,45,3,0.1,2,2,Bangalore,Android,,
CUST000416,Myra Gupta,Rao Industries Pvt Ltd,b2b,400700.0,59,54,5,4.0,2,2,Ahmedabad,Android,,
CUST000417,Diya Bose,,group_d_broken_promise,14900.0,3,2,1,21.8,6,1,Hyderabad,iOS,,
CUST000418,Aditya Malhotra,,normal,17600.0,3,2,1,3.9,0,0,Indore,Android,,
CUST000419,Kabir Joshi,,group_d_broken_promise,42200.0,6,3,3,16.6,8,3,Lucknow,Android,,
CUST000420,Kabir Bose,,normal,16300.0,4,3,1,4.9,2,1,Nagpur,Android,,
CUST000421,Priya Nair,,normal,9200.0,4,3,1,0.3,0,0,Indore,iOS,,
CUST000422,Ananya Singh,,dormant_high_ltv,455200.0,63,55,8,0.2,0,0,Jaipur,Android,,
CUST000423,Priya Chawla,,dormant_high_ltv,403700.0,42,39,3,4.6,1,1,Jaipur,Android,,
CUST000424,Diya Iyer,,dormant_high_ltv,306500.0,39,35,4,0.6,0,0,Chennai,Android,,
CUST000425,Ananya Chawla,,normal,16900.0,4,3,1,1.3,0,0,Nagpur,iOS,,
CUST000426,Vivaan Gupta,,normal,22000.0,2,2,0,2.8,2,2,Jaipur,Android,,
CUST000427,Neha Rao,Kapoor Enterprises Pvt Ltd,b2b,341700.0,27,22,5,9.3,3,2,Kolkata,iOS,,
CUST000428,Aarav Mehta,,normal,6200.0,2,2,0,1.0,1,1,Ahmedabad,Desktop,,
CUST000429,Neha Malhotra,,dormant_high_ltv,288000.0,41,36,5,4.5,2,2,Indore,Desktop,,
CUST000430,Ananya Sharma,,normal,25300.0,7,7,0,2.1,2,2,Kolkata,Desktop,,
CUST000431,Priya Rao,,normal,22900.0,5,4,1,4.6,0,0,Lucknow,Android,,
CUST000432,Simran Singh,,normal,19200.0,5,4,1,0.4,2,2,Jaipur,Android,,
CUST000433,Simran Sharma,,normal,27900.0,6,5,1,1.5,0,0,Kolkata,iOS,,
CUST000434,Karan Verma,,normal,28800.0,3,2,1,5.5,0,0,Hyderabad,Android,,
CUST000435,Arjun Rao,,dormant_high_ltv,414600.0,47,44,3,3.6,2,1,Delhi,iOS,,
CUST000436,Saanvi Nair,Bose Textiles Pvt Ltd,b2b,429100.0,49,40,9,14.7,4,3,Kolkata,iOS,,
CUST000437,Aman Singh,,group_d_broken_promise,39500.0,8,4,4,39.6,5,2,Kolkata,Android,,
CUST000438,Aarav Mehta,,normal,65000.0,11,10,1,6.0,1,1,Mumbai,Desktop,,
CUST000439,Aditya Malhotra,,normal,9000.0,1,1,0,2.9,1,1,Jaipur,Android,,
CUST000440,Rahul Sharma,,normal,40300.0,5,4,1,3.6,1,1,Delhi,Android,,
CUST000441,Aditya Iyer,,normal,31600.0,8,7,1,0.3,2,2,Chennai,Android,,
CUST000442,Meera Malhotra,,group_d_broken_promise,28700.0,3,1,2,25.7,9,1,Bangalore,iOS,,
CUST000443,Karan Bose,,normal,22900.0,2,1,1,6.7,1,1,Nagpur,iOS,,
CUST000444,Ananya Iyer,,group_d_broken_promise,38800.0,6,3,3,46.9,9,1,Jaipur,iOS,,
CUST000445,Simran Malhotra,Kapoor Apparel Pvt Ltd,b2b,508900.0,55,49,6,8.2,1,1,Bangalore,Android,,
CUST000446,Priya Verma,,normal,11400.0,2,2,0,1.5,1,1,Nagpur,Desktop,,
CUST000447,Aditya Mehta,,normal,15700.0,6,6,0,0.3,2,2,Ahmedabad,Android,,
CUST000448,Myra Singh,,normal,14600.0,1,1,0,3.9,1,1,Chennai,Desktop,,
CUST000449,Rahul Chawla,,dormant_high_ltv,391800.0,43,38,5,0.5,0,0,Kolkata,iOS,,
CUST000450,Rahul Joshi,,normal,18200.0,3,3,0,2.2,1,1,Mumbai,Desktop,,
CUST000451,Neha Verma,,dormant_high_ltv,365700.0,31,27,4,4.6,2,1,Jaipur,Android,,
CUST000452,Rahul Reddy,,normal,27300.0,4,3,1,1.7,0,0,Delhi,Android,,
CUST000453,Saanvi Gupta,,normal,36400.0,4,4,0,5.4,1,1,Lucknow,Android,,
CUST000454,Diya Kapoor,,group_d_broken_promise,25500.0,1,1,0,42.7,4,1,Chennai,iOS,,
CUST000455,Karan Kapoor,,group_d_broken_promise,54600.0,10,6,4,16.0,6,1,Chennai,iOS,,
CUST000456,Aarav Iyer,,group_d_broken_promise,27300.0,2,1,1,35.8,4,1,Hyderabad,iOS,,
CUST000457,Karan Nair,,normal,46300.0,9,8,1,7.2,1,1,Mumbai,iOS,,
CUST000458,Myra Iyer,,normal,15800.0,3,3,0,5.0,1,1,Kolkata,Android,,
CUST000459,Ishaan Malhotra,,normal,21100.0,6,5,1,1.2,2,2,Nagpur,Desktop,,
CUST000460,Arjun Chawla,,normal,12500.0,2,1,1,2.9,2,2,Kolkata,Android,,
CUST000461,Priya Kapoor,,normal,32300.0,3,2,1,1.6,0,0,Nagpur,iOS,,
CUST000462,Aditya Iyer,,group_d_broken_promise,25100.0,4,2,2,27.2,8,1,Bangalore,iOS,,
CUST000463,Kabir Iyer,,normal,23700.0,4,3,1,10.9,0,0,Hyderabad,Desktop,,
CUST000464,Rahul Chawla,Kapoor Apparel Pvt Ltd,b2b,343700.0,39,35,4,5.7,4,4,Kolkata,Android,,
CUST000465,Ishaan Joshi,,normal,17300.0,2,2,0,4.1,2,2,Kolkata,Android,,
CUST000466,Vivaan Singh,,normal,8700.0,1,1,0,0.9,1,1,Delhi,Android,,
CUST000467,Rohan Sharma,,normal,21300.0,6,5,1,7.5,0,0,Delhi,Desktop,,
CUST000468,Aman Mehta,,normal,22400.0,3,3,0,2.0,0,0,Jaipur,Android,,
CUST000469,Rahul Joshi,,group_d_broken_promise,31700.0,8,5,3,40.9,5,1,Mumbai,Desktop,,
CUST000470,Diya Rao,,normal,7500.0,1,1,0,0.9,0,0,Kolkata,Android,,
CUST000471,Saanvi Sharma,,normal,10000.0,1,1,0,4.1,0,0,Lucknow,iOS,,
CUST000472,Diya Verma,,normal,21000.0,2,2,0,2.8,2,1,Lucknow,Desktop,,
CUST000473,Vivaan Iyer,,group_d_broken_promise,60600.0,10,4,6,21.8,6,1,Kolkata,Android,,
CUST000474,Kiara Patel,,group_d_broken_promise,19500.0,3,2,1,38.2,9,1,Hyderabad,Android,,
CUST000475,Rohan Verma,Iyer Exports Pvt Ltd,b2b,492300.0,61,59,2,5.3,5,4,Jaipur,iOS,,
CUST000476,Myra Singh,Sharma Traders Pvt Ltd,b2b,593400.0,67,58,9,3.8,2,1,Delhi,Android,,
CUST000477,Meera Reddy,,normal,44200.0,5,4,1,4.5,2,2,Nagpur,iOS,,
CUST000478,Arjun Iyer,,normal,34000.0,5,4,1,3.8,2,2,Lucknow,Android,,
CUST000479,Myra Joshi,,normal,17600.0,4,3,1,0.9,0,0,Chennai,iOS,,
CUST000480,Sanya Nair,,normal,16300.0,3,3,0,0.8,1,1,Bangalore,Android,,
CUST000481,Sanya Joshi,,normal,13400.0,3,2,1,10.9,2,2,Mumbai,iOS,,
CUST000482,Simran Singh,Bose Exports Pvt Ltd,b2b,408300.0,48,45,3,10.4,3,3,Ahmedabad,Android,,
CUST000483,Diya Nair,,normal,12700.0,2,2,0,4.4,0,0,Ahmedabad,Desktop,,
CUST000484,Ishaan Gupta,Singh Traders Pvt Ltd,b2b,472900.0,56,48,8,8.6,2,2,Lucknow,Desktop,,
CUST000485,Rahul Rao,,dormant_high_ltv,506600.0,65,60,5,3.6,2,2,Kolkata,Android,,
CUST000486,Myra Nair,,normal,16900.0,5,4,1,2.3,0,0,Bangalore,Android,,
CUST000487,Kabir Mehta,,normal,51100.0,7,6,1,1.8,0,0,Ahmedabad,Android,,
CUST000488,Sanya Gupta,Kapoor Traders Pvt Ltd,b2b,237900.0,32,26,6,15.7,3,3,Jaipur,Desktop,,
CUST000489,Arjun Gupta,,normal,16200.0,5,4,1,1.8,2,1,Hyderabad,Android,,
CUST000490,Rohan Sharma,,normal,19400.0,2,2,0,1.6,2,2,Nagpur,iOS,,
CUST000491,Aditya Kapoor,,normal,10300.0,1,1,0,1.4,1,1,Bangalore,Android,,
CUST000492,Saanvi Gupta,,normal,25700.0,2,2,0,0.8,1,1,Delhi,Desktop,,
CUST000493,Rohan Reddy,,normal,19200.0,3,2,1,8.6,0,0,Bangalore,iOS,,
CUST000494,Ananya Reddy,Sharma Solutions Pvt Ltd,b2b,346200.0,51,42,9,8.4,3,3,Nagpur,Android,,
CUST000495,Aman Verma,,normal,15700.0,1,1,0,2.6,1,1,Jaipur,Android,,
CUST000496,Neha Mehta,,normal,11600.0,4,3,1,1.4,0,0,Kolkata,Android,,
CUST000497,Karan Rao,,normal,13100.0,2,1,1,0.5,2,2,Bangalore,Android,,
CUST000498,Kabir Gupta,,normal,15200.0,5,4,1,4.1,1,1,Mumbai,Desktop,,
CUST000499,Diya Joshi,,normal,15700.0,1,1,0,15.9,1,1,Nagpur,Android,,
CUST000500,Arjun Kapoor,,normal,11500.0,3,2,1,2.4,2,2,Hyderabad,Android,,
CUST000501,Neha Chawla,,normal,18300.0,2,1,1,1.3,2,2,Lucknow,iOS,,
CUST000502,Rohan Joshi,,normal,21500.0,3,2,1,3.2,0,0,Lucknow,iOS,,
CUST000503,Saanvi Chawla,,normal,28100.0,5,4,1,1.9,2,2,Ahmedabad,Android,,
CUST000504,Rahul Patel,,normal,42900.0,3,2,1,1.8,2,2,Bangalore,Desktop,,
CUST000505,Ishaan Joshi,,normal,7400.0,2,2,0,0.3,2,1,Nagpur,iOS,,
CUST000506,Diya Nair,,normal,23200.0,4,3,1,1.3,1,1,Indore,Desktop,,
CUST000507,Sanya Sharma,Reddy Retail Pvt Ltd,b2b,212100.0,23,22,1,3.1,4,3,Jaipur,Android,,
CUST000508,Aman Gupta,,normal,16600.0,3,2,1,4.1,1,1,Nagpur,Android,,
CUST000509,Aarav Nair,,normal,6500.0,2,2,0,0.7,2,2,Chennai,iOS,,
CUST000510,Ishaan Joshi,,group_d_broken_promise,30600.0,7,3,4,22.8,5,1,Lucknow,iOS,,
CUST000511,Diya Reddy,,dormant_high_ltv,385000.0,50,49,1,5.4,0,0,Jaipur,Android,,
CUST000512,Rohan Kapoor,,normal,13900.0,1,1,0,3.1,1,1,Lucknow,Android,,
CUST000513,Rahul Malhotra,,dormant_high_ltv,282400.0,40,38,2,1.6,2,2,Lucknow,iOS,,
CUST000514,Aarav Patel,Sharma Apparel Pvt Ltd,b2b,303500.0,39,34,5,13.4,4,3,Delhi,iOS,,
CUST000515,Aarav Joshi,Iyer Distributors Pvt Ltd,b2b,347800.0,49,42,7,4.0,2,2,Jaipur,Android,,
CUST000516,Aditya Patel,,group_d_broken_promise,20200.0,5,2,3,22.2,3,1,Lucknow,iOS,,
CUST000517,Myra Nair,Malhotra Tech Pvt Ltd,b2b,710300.0,56,45,11,3.5,3,3,Indore,Android,,
CUST000518,Priya Rao,,normal,7900.0,1,1,0,2.7,0,0,Jaipur,Android,,
CUST000519,Ananya Bose,,dormant_high_ltv,366200.0,52,48,4,4.1,2,2,Bangalore,Desktop,,
CUST000520,Simran Malhotra,,normal,26600.0,3,2,1,1.6,2,2,Indore,Android,,
CUST000521,Aman Malhotra,,normal,24900.0,3,2,1,1.0,2,2,Delhi,iOS,,
CUST000522,Myra Chawla,,normal,20500.0,1,1,0,1.9,0,0,Indore,Desktop,,
CUST000523,Kiara Kapoor,,group_d_broken_promise,25100.0,4,2,2,23.0,8,3,Bangalore,Desktop,,
CUST000524,Meera Kapoor,,normal,13200.0,1,1,0,0.8,1,1,Ahmedabad,Android,,
CUST000525,Vivaan Singh,,group_d_broken_promise,16700.0,1,0,1,39.6,10,2,Mumbai,iOS,,
CUST000526,Diya Sharma,,normal,37100.0,6,5,1,1.9,2,2,Jaipur,Android,,
CUST000527,Aarav Malhotra,,normal,10800.0,5,5,0,4.9,0,0,Ahmedabad,Desktop,,
CUST000528,Myra Chawla,,normal,15800.0,4,3,1,1.5,0,0,Chennai,Android,,
CUST000529,Vivaan Rao,,normal,17300.0,3,2,1,2.1,1,1,Nagpur,Desktop,,
CUST000530,Ishaan Patel,Verma Solutions Pvt Ltd,b2b,279100.0,31,25,6,2.4,3,3,Chennai,Android,,
CUST000531,Aarav Mehta,,normal,18500.0,2,2,0,3.8,0,0,Jaipur,iOS,,
CUST000532,Saanvi Joshi,,normal,56200.0,5,5,0,2.2,1,1,Nagpur,Android,,
CUST000533,Diya Rao,,normal,41000.0,6,5,1,12.5,2,2,Delhi,iOS,,
CUST000534,Kiara Sharma,,normal,24500.0,5,4,1,1.6,0,0,Mumbai,iOS,,
CUST000535,Kabir Verma,,dormant_high_ltv,469700.0,60,56,4,1.4,2,2,Pune,Android,,
CUST000536,Kiara Nair,Joshi Apparel Pvt Ltd,b2b,361200.0,38,34,4,10.9,3,3,Pune,Android,,
CUST000537,Karan Kapoor,,normal,19300.0,7,5,2,4.2,2,2,Nagpur,iOS,,
CUST000538,Kiara Chawla,,group_d_broken_promise,32300.0,4,2,2,29.4,8,1,Indore,Desktop,,
CUST000539,Saanvi Iyer,,group_d_broken_promise,26200.0,7,4,3,15.3,9,2,Nagpur,Android,,
CUST000540,Aarav Joshi,,normal,19200.0,2,2,0,0.9,2,2,Jaipur,Android,,
CUST000541,Rahul Kapoor,,normal,27600.0,2,2,0,0.5,2,1,Mumbai,iOS,,
CUST000542,Diya Kapoor,,normal,33400.0,4,4,0,0.8,0,0,Lucknow,Desktop,,
CUST000543,Karan Iyer,,normal,10700.0,1,1,0,1.4,2,2,Delhi,Android,,
CUST000544,Ananya Rao,,normal,43100.0,1,1,0,2.9,1,1,Indore,Android,,
CUST000545,Rohan Mehta,,group_d_broken_promise,38400.0,4,2,2,18.2,3,1,Bangalore,Android,,
CUST000546,Ishaan Iyer,,normal,23900.0,3,3,0,1.1,2,2,Chennai,Android,,
CUST000547,Neha Iyer,,normal,14600.0,1,1,0,3.5,1,1,Pune,iOS,,
CUST000548,Aarav Rao,,group_d_broken_promise,43900.0,6,3,3,38.5,8,2,Delhi,iOS,,
CUST000549,Aditya Rao,,normal,18000.0,4,4,0,4.6,1,1,Kolkata,iOS,,
CUST000550,Priya Joshi,,normal,24500.0,4,3,1,1.4,2,2,Lucknow,Android,,
CUST000551,Rahul Bose,,normal,25100.0,4,3,1,0.9,2,2,Indore,Android,,
CUST000552,Simran Nair,,group_d_broken_promise,47300.0,10,4,6,11.2,8,2,Indore,Android,,
CUST000553,Diya Iyer,,group_d_broken_promise,20600.0,5,3,2,38.0,9,2,Delhi,iOS,,
CUST000554,Kabir Chawla,,normal,11600.0,4,4,0,1.9,1,1,Mumbai,iOS,,
CUST000555,Priya Nair,,dormant_high_ltv,378900.0,45,42,3,2.9,1,1,Kolkata,Android,,
CUST000556,Simran Kapoor,Gupta Exports Pvt Ltd,b2b,262500.0,35,31,4,4.6,5,4,Nagpur,Android,,
CUST000557,Simran Sharma,Iyer Enterprises Pvt Ltd,b2b,337600.0,35,31,4,5.0,2,1,Indore,Android,,
CUST000558,Simran Verma,,normal,18800.0,2,2,0,3.0,2,2,Chennai,Android,,
CUST000559,Ishaan Gupta,,normal,21500.0,3,2,1,5.1,0,0,Indore,Android,,
CUST000560,Rahul Gupta,,normal,33700.0,5,4,1,1.2,1,1,Kolkata,Desktop,,
CUST000561,Ishaan Reddy,,group_d_broken_promise,31700.0,6,3,3,27.6,7,2,Kolkata,Android,,
CUST000562,Karan Bose,Chawla Solutions Pvt Ltd,b2b,431600.0,48,39,9,7.9,5,4,Nagpur,Android,,
CUST000563,Saanvi Bose,,normal,35600.0,2,2,0,2.3,1,1,Chennai,iOS,,
CUST000564,Ishaan Iyer,,normal,10100.0,1,1,0,7.4,2,2,Lucknow,Desktop,,
CUST000565,Aditya Rao,,normal,19800.0,2,2,0,1.7,1,1,Pune,Android,,
CUST000566,Simran Reddy,,normal,14200.0,3,3,0,3.7,0,0,Bangalore,Android,,
CUST000567,Ananya Sharma,,normal,24200.0,6,6,0,3.0,0,0,Kolkata,Desktop,,
CUST000568,Aarav Kapoor,,dormant_high_ltv,467300.0,60,51,9,7.6,1,1,Mumbai,Android,,
CUST000569,Rohan Malhotra,,normal,54700.0,8,6,2,1.0,0,0,Bangalore,iOS,,
CUST000570,Kiara Bose,,normal,31700.0,8,7,1,0.6,2,1,Jaipur,iOS,,
CUST000571,Priya Chawla,Gupta Apparel Pvt Ltd,b2b,456800.0,54,47,7,12.0,4,3,Pune,iOS,,
CUST000572,Saanvi Bose,,normal,25300.0,2,2,0,1.5,1,1,Delhi,Android,,
CUST000573,Neha Gupta,,normal,28900.0,8,7,1,5.4,1,1,Kolkata,Desktop,,
CUST000574,Aman Gupta,,normal,39500.0,5,4,1,2.4,2,1,Hyderabad,Desktop,,
CUST000575,Aditya Chawla,,normal,30200.0,5,5,0,1.0,2,2,Hyderabad,iOS,,
CUST000576,Kabir Nair,,normal,11000.0,6,5,1,1.8,2,2,Lucknow,Android,,
CUST000577,Priya Gupta,,normal,44800.0,10,8,2,0.0,2,1,Hyderabad,Android,,
CUST000578,Aarav Malhotra,,normal,20800.0,9,8,1,2.8,1,1,Delhi,iOS,,
CUST000579,Diya Mehta,,normal,23700.0,1,1,0,4.5,0,0,Bangalore,Android,,
CUST000580,Arjun Verma,Sharma Retail Pvt Ltd,b2b,322200.0,34,29,5,8.6,2,2,Indore,Android,,
CUST000581,Priya Chawla,,normal,35500.0,3,2,1,0.8,1,1,Hyderabad,Android,,
CUST000582,Vivaan Malhotra,,normal,53300.0,5,4,1,3.2,0,0,Kolkata,Android,,
CUST000583,Ananya Patel,,group_d_broken_promise,48900.0,8,5,3,23.2,11,2,Nagpur,Android,,
CUST000584,Ishaan Bose,,normal,15800.0,4,3,1,0.3,0,0,Jaipur,Android,,
CUST000585,Kabir Gupta,,normal,34500.0,7,7,0,2.8,1,1,Kolkata,iOS,,
CUST000586,Ananya Sharma,,normal,15300.0,3,2,1,5.9,1,1,Kolkata,Desktop,,
CUST000587,Kiara Reddy,,group_d_broken_promise,16700.0,2,1,1,46.4,11,3,Mumbai,Android,,
CUST000588,Karan Kapoor,Singh Exports Pvt Ltd,b2b,292400.0,40,38,2,14.7,1,1,Bangalore,Android,,
CUST000589,Simran Mehta,,group_d_broken_promise,27600.0,3,2,1,31.4,7,2,Kolkata,Android,,
CUST000590,Sanya Sharma,,dormant_high_ltv,493700.0,76,73,3,2.2,1,1,Ahmedabad,iOS,,
CUST000591,Aditya Malhotra,,normal,22700.0,4,3,1,2.8,2,2,Mumbai,Android,,
CUST000592,Vivaan Nair,,normal,9300.0,2,2,0,8.1,2,2,Bangalore,Android,,
CUST000593,Ishaan Sharma,Chawla Exports Pvt Ltd,b2b,142000.0,14,13,1,8.5,2,1,Bangalore,Android,,
CUST000594,Ishaan Joshi,,normal,15400.0,2,2,0,0.6,0,0,Lucknow,iOS,,
CUST000595,Ishaan Rao,,dormant_high_ltv,385400.0,41,36,5,0.9,1,1,Jaipur,iOS,,
CUST000596,Rahul Sharma,Malhotra Enterprises Pvt Ltd,b2b,623200.0,66,61,5,9.9,1,1,Nagpur,Desktop,,
CUST000597,Aarav Bose,,normal,22200.0,4,3,1,1.5,2,2,Nagpur,iOS,,
CUST000598,Kiara Iyer,,normal,26000.0,3,2,1,1.9,1,1,Kolkata,Android,,
CUST000599,Priya Singh,,normal,25300.0,1,1,0,4.1,1,1,Mumbai,iOS,,
CUST000600,Diya Iyer,,normal,32300.0,8,7,1,2.2,0,0,Hyderabad,Android,,
CUST000601,Arjun Gupta,,normal,16500.0,3,2,1,3.0,2,2,Jaipur,Android,,
CUST000602,Neha Chawla,,normal,18900.0,3,2,1,0.9,1,1,Chennai,Android,,
CUST000603,Ananya Rao,,normal,19400.0,2,2,0,3.1,1,1,Bangalore,iOS,,
CUST000604,Neha Reddy,,normal,17100.0,4,4,0,2.3,1,1,Jaipur,iOS,,
CUST000605,Saanvi Nair,,normal,12600.0,3,3,0,4.0,0,0,Bangalore,Android,,
CUST000606,Vivaan Bose,,normal,20900.0,3,3,0,5.7,1,1,Mumbai,Desktop,,
CUST000607,Ishaan Chawla,,normal,29600.0,5,4,1,6.9,2,2,Nagpur,Android,,
CUST000608,Karan Joshi,,group_d_broken_promise,17200.0,2,1,1,39.9,6,2,Bangalore,Android,,
CUST000609,Rohan Gupta,,normal,23500.0,3,3,0,1.2,1,1,Pune,Desktop,,
CUST000610,Aarav Joshi,,normal,16100.0,7,5,2,0.6,1,1,Lucknow,Android,,
CUST000611,Kabir Reddy,,normal,21100.0,2,2,0,0.3,2,2,Chennai,iOS,,
CUST000612,Kabir Iyer,,normal,15600.0,4,3,1,1.9,1,1,Jaipur,Android,,
CUST000613,Priya Kapoor,,normal,26300.0,2,2,0,6.4,0,0,Bangalore,Android,,
CUST000614,Diya Patel,,normal,30100.0,4,3,1,2.6,1,1,Lucknow,Desktop,,
CUST000615,Simran Gupta,Sharma Foods Pvt Ltd,b2b,314000.0,54,50,4,5.6,4,3,Chennai,Android,,
CUST000616,Kiara Patel,,normal,30500.0,6,4,2,8.2,2,2,Lucknow,iOS,,
CUST000617,Karan Verma,,normal,18000.0,3,3,0,4.7,1,1,Hyderabad,iOS,,
CUST000618,Aman Mehta,Mehta Tech Pvt Ltd,b2b,175500.0,28,24,4,6.3,2,2,Kolkata,iOS,,
CUST000619,Aarav Singh,,group_d_broken_promise,60200.0,11,4,7,42.4,7,1,Indore,Android,,
CUST000620,Vivaan Rao,,dormant_high_ltv,403200.0,47,45,2,2.5,2,2,Ahmedabad,Android,,
CUST000621,Myra Sharma,,normal,15700.0,2,2,0,1.4,2,2,Kolkata,iOS,,
CUST000622,Vivaan Kapoor,,normal,32300.0,4,3,1,0.1,1,1,Pune,Android,,
CUST000623,Karan Kapoor,,normal,17300.0,2,2,0,0.9,2,2,Lucknow,Desktop,,
CUST000624,Rahul Verma,,normal,20900.0,4,4,0,0.9,1,1,Ahmedabad,Android,,
CUST000625,Karan Joshi,,normal,23400.0,4,3,1,4.4,2,2,Chennai,Android,,
CUST000626,Rohan Patel,,normal,20000.0,4,3,1,0.3,2,2,Pune,iOS,,
CUST000627,Diya Chawla,,normal,28200.0,6,5,1,0.4,2,2,Indore,Android,,
CUST000628,Ananya Malhotra,,group_d_broken_promise,48600.0,10,6,4,21.2,8,2,Ahmedabad,Desktop,,
CUST000629,Neha Nair,,normal,9800.0,3,3,0,5.8,2,2,Jaipur,Android,,
CUST000630,Simran Bose,,normal,25100.0,3,2,1,3.4,2,2,Pune,Android,,
CUST000631,Ananya Rao,,normal,13500.0,3,2,1,3.7,2,2,Ahmedabad,iOS,,
CUST000632,Aarav Reddy,,normal,16400.0,5,4,1,1.5,0,0,Pune,Android,,
CUST000633,Saanvi Malhotra,,dormant_high_ltv,372700.0,42,40,2,2.0,2,2,Kolkata,Android,,
CUST000634,Rahul Gupta,,normal,21900.0,3,3,0,1.3,0,0,Jaipur,Android,,
CUST000635,Ananya Nair,,dormant_high_ltv,470300.0,53,50,3,0.8,2,2,Indore,Desktop,,
CUST000636,Rohan Bose,,group_d_broken_promise,34500.0,6,3,3,45.5,7,2,Ahmedabad,Android,,
CUST000637,Arjun Chawla,,normal,8600.0,2,1,1,0.8,2,2,Lucknow,Android,,
CUST000638,Simran Sharma,,normal,18500.0,5,4,1,2.0,2,2,Delhi,Android,,
CUST000639,Aditya Bose,,normal,16900.0,4,3,1,2.2,2,2,Hyderabad,iOS,,
CUST000640,Myra Kapoor,,normal,19000.0,4,3,1,2.2,1,1,Delhi,Android,,
CUST000641,Diya Mehta,,normal,16500.0,5,5,0,0.9,2,2,Chennai,Android,,
CUST000642,Karan Verma,,normal,21000.0,4,3,1,2.4,2,2,Pune,Desktop,,
CUST000643,Arjun Malhotra,,dormant_high_ltv,369700.0,50,47,3,3.0,0,0,Lucknow,iOS,,
CUST000644,Vivaan Iyer,Chawla Solutions Pvt Ltd,b2b,560400.0,53,47,6,3.9,2,1,Bangalore,Android,,
CUST000645,Karan Rao,,normal,15300.0,2,2,0,3.1,0,0,Nagpur,iOS,,
CUST000646,Rohan Iyer,,normal,19700.0,3,2,1,2.4,1,1,Hyderabad,Android,,
CUST000647,Kiara Reddy,,dormant_high_ltv,457100.0,51,48,3,2.9,0,0,Delhi,iOS,,
CUST000648,Diya Nair,,normal,21900.0,3,3,0,0.5,0,0,Chennai,Android,,
CUST000649,Karan Iyer,,normal,32900.0,8,7,1,1.9,2,2,Pune,iOS,,
CUST000650,Diya Iyer,,dormant_high_ltv,428700.0,56,54,2,1.5,1,1,Ahmedabad,Android,,
CUST000651,Simran Verma,,normal,36500.0,6,5,1,4.9,2,2,Pune,iOS,,
CUST000652,Arjun Gupta,,normal,10200.0,2,2,0,11.0,2,2,Nagpur,iOS,,
CUST000653,Aarav Nair,,normal,34200.0,2,2,0,0.9,2,1,Mumbai,Android,,
CUST000654,Neha Chawla,Joshi Foods Pvt Ltd,b2b,187400.0,28,26,2,6.2,5,4,Hyderabad,Android,,
CUST000655,Priya Reddy,,normal,12600.0,4,3,1,10.2,0,0,Jaipur,iOS,,
CUST000656,Meera Gupta,Iyer Retail Pvt Ltd,b2b,560700.0,57,50,7,5.0,2,2,Hyderabad,iOS,,
CUST000657,Vivaan Singh,,normal,19700.0,5,4,1,1.0,1,1,Ahmedabad,Android,,
CUST000658,Priya Kapoor,Bose Traders Pvt Ltd,b2b,213500.0,32,27,5,2.9,3,3,Nagpur,Android,,
CUST000659,Aarav Kapoor,,normal,8900.0,2,2,0,0.4,1,1,Jaipur,Android,,
CUST000660,Saanvi Nair,,normal,7000.0,1,1,0,0.7,0,0,Lucknow,Android,,
CUST000661,Saanvi Sharma,Iyer Exports Pvt Ltd,b2b,226900.0,28,27,1,14.6,4,3,Bangalore,Android,,
CUST000662,Arjun Nair,,normal,53000.0,5,5,0,2.9,0,0,Bangalore,iOS,,
CUST000663,Aman Patel,,group_d_broken_promise,34200.0,6,2,4,42.0,7,2,Pune,Android,,
CUST000664,Aman Gupta,,group_d_broken_promise,18000.0,3,1,2,28.5,7,2,Nagpur,iOS,,
CUST000665,Saanvi Chawla,Chawla Solutions Pvt Ltd,b2b,245900.0,31,29,2,3.7,3,2,Pune,Android,,
CUST000666,Rohan Reddy,,normal,20000.0,4,3,1,12.9,2,2,Nagpur,Android,,
CUST000667,Simran Patel,,normal,17900.0,6,5,1,2.3,0,0,Indore,Android,,
CUST000668,Priya Rao,,normal,23200.0,3,2,1,3.3,1,1,Delhi,Desktop,,
CUST000669,Kiara Rao,Bose Exports Pvt Ltd,b2b,305400.0,30,26,4,7.3,3,2,Indore,iOS,,
CUST000670,Rahul Bose,,normal,18100.0,4,3,1,7.4,1,1,Ahmedabad,Android,,
CUST000671,Karan Singh,,group_d_broken_promise,51600.0,6,3,3,53.9,5,1,Pune,Android,,
CUST000672,Kiara Iyer,,normal,29900.0,8,7,1,3.0,0,0,Chennai,iOS,,
CUST000673,Meera Patel,,normal,22500.0,1,1,0,3.2,2,2,Lucknow,iOS,,
CUST000674,Aditya Mehta,,normal,27500.0,6,5,1,0.2,0,0,Kolkata,Android,,
CUST000675,Aarav Patel,,normal,13500.0,1,1,0,2.7,1,1,Mumbai,Android,,
CUST000676,Neha Reddy,,normal,9500.0,1,1,0,0.8,1,1,Nagpur,Desktop,,
CUST000677,Diya Sharma,,normal,31600.0,8,7,1,4.5,0,0,Kolkata,iOS,,
CUST000678,Meera Malhotra,,normal,23700.0,3,3,0,2.3,2,1,Ahmedabad,Android,,
CUST000679,Rohan Iyer,,group_d_broken_promise,22500.0,2,1,1,33.6,4,1,Jaipur,Desktop,,
CUST000680,Saanvi Reddy,,normal,11000.0,2,2,0,2.8,0,0,Kolkata,Android,,
CUST000681,Rahul Kapoor,,dormant_high_ltv,251500.0,42,39,3,0.3,0,0,Jaipur,iOS,,
CUST000682,Rohan Kapoor,Joshi Tech Pvt Ltd,b2b,562800.0,71,60,11,9.1,3,2,Delhi,Android,,
CUST000683,Priya Mehta,,dormant_high_ltv,464200.0,51,45,6,4.3,1,1,Jaipur,Android,,
CUST000684,Karan Chawla,,normal,11100.0,3,3,0,7.2,0,0,Lucknow,Android,,
CUST000685,Diya Bose,,normal,21200.0,4,4,0,3.5,1,1,Kolkata,Android,,
CUST000686,Aarav Patel,Singh Enterprises Pvt Ltd,b2b,248400.0,21,20,1,6.1,4,3,Indore,iOS,,
CUST000687,Meera Joshi,,normal,26500.0,5,4,1,3.2,0,0,Kolkata,Android,,
CUST000688,Priya Joshi,,normal,12500.0,6,5,1,0.6,2,2,Lucknow,Android,,
CUST000689,Simran Sharma,,normal,40500.0,10,9,1,1.9,0,0,Ahmedabad,iOS,,
CUST000690,Simran Bose,,normal,28200.0,3,2,1,4.4,1,1,Hyderabad,Android,,
CUST000691,Aarav Mehta,Singh Enterprises Pvt Ltd,b2b,431100.0,59,52,7,8.2,4,3,Kolkata,iOS,,
CUST000692,Vivaan Nair,,normal,32800.0,7,5,2,5.0,1,1,Nagpur,iOS,,
CUST000693,Aarav Rao,Bose Exports Pvt Ltd,b2b,397300.0,61,51,10,6.7,4,3,Indore,Desktop,,
CUST000694,Sanya Singh,Nair Foods Pvt Ltd,b2b,372900.0,46,38,8,7.1,4,3,Chennai,Android,,
CUST000695,Ishaan Bose,,normal,20900.0,5,4,1,2.1,0,0,Jaipur,iOS,,
CUST000696,Saanvi Reddy,,normal,20100.0,2,2,0,1.1,1,1,Lucknow,Android,,
CUST000697,Aman Rao,,normal,10500.0,4,3,1,7.3,1,1,Kolkata,Android,,
CUST000698,Rahul Verma,,normal,13600.0,3,2,1,3.1,2,1,Nagpur,Android,,
CUST000699,Neha Gupta,,normal,18800.0,3,2,1,1.3,1,1,Indore,Desktop,,
CUST000700,Neha Verma,Patel Foods Pvt Ltd,b2b,522900.0,59,56,3,8.0,2,2,Delhi,Android,,
CUST000701,Priya Singh,Sharma Retail Pvt Ltd,b2b,383900.0,41,39,2,3.8,5,4,Ahmedabad,Android,,
CUST000702,Myra Malhotra,Iyer Distributors Pvt Ltd,b2b,394500.0,49,41,8,4.2,3,3,Lucknow,Android,,
CUST000703,Meera Kapoor,,group_d_broken_promise,18900.0,4,2,2,23.9,6,1,Kolkata,Desktop,,
CUST000704,Rahul Verma,,normal,24000.0,1,1,0,2.5,2,2,Hyderabad,Android,,
CUST000705,Saanvi Kapoor,Sharma Retail Pvt Ltd,b2b,471300.0,60,50,10,7.9,3,2,Ahmedabad,Desktop,,
CUST000706,Aarav Iyer,,normal,21900.0,3,2,1,2.2,2,2,Lucknow,Android,,
CUST000707,Rohan Patel,,normal,7500.0,1,1,0,0.3,2,2,Chennai,Android,,
CUST000708,Arjun Malhotra,,normal,12200.0,1,1,0,2.1,1,1,Hyderabad,Android,,
CUST000709,Priya Mehta,,normal,22600.0,1,1,0,2.0,1,1,Jaipur,iOS,,
CUST000710,Kabir Patel,,normal,24300.0,4,4,0,3.4,2,2,Chennai,Android,,
CUST000711,Aarav Malhotra,,normal,16300.0,5,5,0,6.3,2,2,Nagpur,iOS,,
CUST000712,Sanya Singh,,normal,27000.0,2,2,0,2.4,0,0,Kolkata,Desktop,,
CUST000713,Rohan Reddy,,normal,26800.0,6,5,1,0.6,0,0,Bangalore,Android,,
CUST000714,Rahul Malhotra,,normal,51200.0,4,4,0,3.8,1,1,Delhi,Android,,
CUST000715,Arjun Mehta,,normal,20100.0,4,4,0,3.5,0,0,Pune,Android,,
CUST000716,Saanvi Rao,,group_d_broken_promise,45100.0,7,3,4,21.9,3,1,Mumbai,Android,,
CUST000717,Karan Verma,,normal,16000.0,2,2,0,0.7,0,0,Chennai,Android,,
CUST000718,Priya Mehta,,group_d_broken_promise,21400.0,7,3,4,20.2,5,1,Mumbai,Android,,
CUST000719,Simran Patel,,normal,12600.0,4,3,1,6.8,0,0,Chennai,Desktop,,
CUST000720,Kiara Nair,,normal,9900.0,5,4,1,0.7,1,1,Delhi,Desktop,,
CUST000721,Ishaan Joshi,,normal,26200.0,4,3,1,2.3,2,2,Hyderabad,Android,,
CUST000722,Rohan Kapoor,,normal,24800.0,4,3,1,1.4,0,0,Chennai,iOS,,
CUST000723,Kiara Mehta,,dormant_high_ltv,417800.0,51,49,2,3.2,1,1,Jaipur,Android,,
CUST000724,Priya Chawla,,normal,10500.0,2,2,0,3.4,1,1,Ahmedabad,Desktop,,
CUST000725,Vivaan Bose,,group_d_broken_promise,19300.0,3,1,2,14.3,7,1,Bangalore,Android,,
CUST000726,Sanya Patel,,dormant_high_ltv,567700.0,58,50,8,0.5,1,1,Chennai,iOS,,
CUST000727,Meera Mehta,Verma Tech Pvt Ltd,b2b,309000.0,33,28,5,5.3,3,2,Hyderabad,Android,,
CUST000728,Kiara Patel,,dormant_high_ltv,296600.0,34,30,4,2.4,2,2,Ahmedabad,Android,,
CUST000729,Aman Patel,,normal,26300.0,5,4,1,0.1,0,0,Jaipur,iOS,,
CUST000730,Aarav Bose,,normal,21500.0,4,4,0,4.3,2,2,Indore,Android,,
CUST000731,Arjun Joshi,Bose Textiles Pvt Ltd,b2b,362500.0,48,39,9,8.2,2,2,Hyderabad,iOS,,
CUST000732,Rohan Iyer,,dormant_high_ltv,430600.0,46,44,2,8.2,1,1,Delhi,Android,,
CUST000733,Priya Gupta,,group_d_broken_promise,39500.0,2,1,1,17.4,5,1,Mumbai,Android,,
CUST000734,Neha Patel,,normal,17200.0,2,2,0,0.5,0,0,Hyderabad,Android,,
CUST000735,Saanvi Iyer,,dormant_high_ltv,356200.0,54,47,7,4.0,0,0,Pune,Android,,
CUST000736,Aman Sharma,,normal,7300.0,1,1,0,2.1,0,0,Delhi,iOS,,
CUST000737,Vivaan Sharma,Chawla Retail Pvt Ltd,b2b,408100.0,55,50,5,5.2,2,1,Bangalore,iOS,,
CUST000738,Myra Gupta,Joshi Apparel Pvt Ltd,b2b,503800.0,70,58,12,4.1,2,1,Delhi,Android,,
CUST000739,Rohan Patel,,normal,24700.0,3,2,1,5.1,1,1,Kolkata,Desktop,,
CUST000740,Aman Kapoor,,normal,43300.0,8,7,1,5.9,2,2,Pune,Android,,
CUST000741,Ananya Mehta,,dormant_high_ltv,257100.0,29,25,4,0.6,1,1,Hyderabad,Desktop,,
CUST000742,Myra Iyer,,group_d_broken_promise,14300.0,3,1,2,20.5,8,1,Pune,iOS,,
CUST000743,Aman Singh,,normal,13400.0,2,2,0,8.4,1,1,Jaipur,Android,,
CUST000744,Myra Singh,,dormant_high_ltv,241600.0,26,23,3,3.9,2,2,Nagpur,Android,,
CUST000745,Rahul Sharma,,normal,21500.0,3,3,0,2.4,0,0,Nagpur,iOS,,
CUST000746,Neha Singh,,normal,25700.0,3,3,0,6.2,2,2,Chennai,Android,,
CUST000747,Kabir Nair,Nair Distributors Pvt Ltd,b2b,346100.0,47,41,6,3.9,1,1,Bangalore,Android,,
CUST000748,Aditya Rao,,normal,5900.0,1,1,0,2.2,1,1,Delhi,Android,,
CUST000749,Priya Mehta,,normal,12300.0,2,2,0,0.6,0,0,Delhi,Android,,
CUST000750,Vivaan Chawla,,normal,9100.0,2,1,1,2.1,0,0,Kolkata,Android,,
CUST000751,Aman Rao,Kapoor Enterprises Pvt Ltd,b2b,360200.0,50,47,3,25.2,4,3,Lucknow,Android,,
CUST000752,Kabir Malhotra,Malhotra Retail Pvt Ltd,b2b,427500.0,54,46,8,9.7,1,1,Mumbai,Android,,
CUST000753,Vivaan Sharma,Mehta Distributors Pvt Ltd,b2b,348400.0,39,33,6,5.8,2,2,Nagpur,Android,,
CUST000754,Ananya Reddy,,normal,43200.0,6,6,0,3.0,2,2,Ahmedabad,iOS,,
CUST000755,Priya Malhotra,,normal,5800.0,2,2,0,11.6,2,1,Ahmedabad,Android,,
CUST000756,Neha Joshi,Malhotra Traders Pvt Ltd,b2b,281400.0,43,40,3,14.2,2,2,Ahmedabad,Android,,
CUST000757,Neha Sharma,Iyer Exports Pvt Ltd,b2b,471000.0,52,47,5,11.3,1,1,Nagpur,iOS,,
CUST000758,Aarav Joshi,,normal,17200.0,3,3,0,1.2,1,1,Mumbai,iOS,,
CUST000759,Ishaan Nair,,dormant_high_ltv,603100.0,63,61,2,4.3,1,1,Lucknow,Android,,
CUST000760,Vivaan Bose,,normal,22700.0,5,4,1,0.9,0,0,Mumbai,Android,,
CUST000761,Rohan Mehta,,normal,13300.0,2,2,0,1.5,2,1,Indore,Android,,
CUST000762,Simran Reddy,,group_d_broken_promise,34700.0,6,3,3,16.5,3,1,Delhi,Desktop,,
CUST000763,Vivaan Nair,,dormant_high_ltv,431000.0,46,43,3,3.2,0,0,Kolkata,Android,,
CUST000764,Saanvi Chawla,,group_d_broken_promise,27800.0,3,2,1,20.9,7,2,Hyderabad,Android,,
CUST000765,Meera Sharma,,normal,6300.0,2,1,1,0.5,1,1,Hyderabad,Android,,
CUST000766,Myra Patel,,dormant_high_ltv,382000.0,47,43,4,0.8,2,2,Indore,Android,,
CUST000767,Simran Nair,,group_d_broken_promise,37900.0,5,3,2,49.9,6,2,Ahmedabad,iOS,,
CUST000768,Ananya Joshi,,dormant_high_ltv,271500.0,44,42,2,2.8,1,1,Delhi,iOS,,
CUST000769,Aarav Nair,,group_d_broken_promise,32800.0,1,0,1,29.2,9,3,Ahmedabad,iOS,,
CUST000770,Saanvi Verma,,normal,17500.0,3,2,1,4.3,1,1,Lucknow,Desktop,,
CUST000771,Neha Sharma,Bose Industries Pvt Ltd,b2b,384700.0,49,46,3,10.1,3,2,Lucknow,Android,,
CUST000772,Aman Iyer,,normal,13200.0,2,1,1,1.6,0,0,Indore,iOS,,
CUST000773,Karan Bose,,normal,24000.0,2,1,1,3.4,0,0,Nagpur,iOS,,
CUST000774,Simran Kapoor,,normal,28400.0,2,1,1,4.8,1,1,Bangalore,Android,,
CUST000775,Diya Joshi,,dormant_high_ltv,591700.0,64,61,3,8.8,0,0,Kolkata,Android,,
CUST000776,Karan Reddy,,normal,10500.0,1,1,0,0.4,2,2,Hyderabad,iOS,,
CUST000777,Aditya Verma,,normal,13900.0,1,1,0,2.0,2,2,Bangalore,Android,,
CUST000778,Arjun Iyer,,group_d_broken_promise,80100.0,18,7,11,24.1,6,2,Mumbai,Desktop,,
CUST000779,Aarav Mehta,,normal,14200.0,2,2,0,1.7,0,0,Lucknow,Android,,
CUST000780,Saanvi Joshi,,normal,28200.0,3,2,1,1.3,0,0,Lucknow,Android,,
CUST000781,Kabir Mehta,Rao Traders Pvt Ltd,b2b,317100.0,41,39,2,8.1,2,2,Lucknow,iOS,,
CUST000782,Diya Joshi,,normal,20300.0,3,3,0,3.9,1,1,Kolkata,Android,,
CUST000783,Aman Gupta,,normal,10700.0,2,2,0,1.3,0,0,Hyderabad,iOS,,
CUST000784,Myra Gupta,,normal,32700.0,3,3,0,7.5,1,1,Indore,Android,,
CUST000785,Kabir Kapoor,,normal,13300.0,2,2,0,3.3,1,1,Pune,iOS,,
CUST000786,Neha Verma,,normal,15100.0,3,3,0,4.3,1,1,Delhi,Android,,
CUST000787,Karan Verma,,normal,11900.0,3,2,1,3.1,2,1,Ahmedabad,Android,,
CUST000788,Priya Verma,Bose Retail Pvt Ltd,b2b,245800.0,31,27,4,14.7,5,5,Delhi,iOS,,
CUST000789,Priya Gupta,,normal,21100.0,4,3,1,0.7,2,2,Mumbai,iOS,,
CUST000790,Ishaan Patel,,normal,16300.0,3,3,0,1.3,2,2,Indore,Android,,
CUST000791,Sanya Iyer,Patel Solutions Pvt Ltd,b2b,188600.0,30,29,1,10.6,2,2,Delhi,Android,,
CUST000792,Meera Nair,,normal,37700.0,6,5,1,1.2,0,0,Mumbai,Android,,
CUST000793,Rohan Malhotra,Reddy Exports Pvt Ltd,b2b,435500.0,50,42,8,10.5,5,4,Indore,Android,,
CUST000794,Saanvi Iyer,,dormant_high_ltv,332900.0,45,40,5,6.8,2,2,Kolkata,Android,,
CUST000795,Priya Bose,,dormant_high_ltv,436500.0,51,45,6,4.5,2,2,Delhi,iOS,,
CUST000796,Aman Verma,Iyer Foods Pvt Ltd,b2b,279200.0,36,32,4,13.9,5,5,Mumbai,Android,,
CUST000797,Vivaan Patel,,dormant_high_ltv,413300.0,51,44,7,0.0,2,1,Nagpur,Android,,
CUST000798,Karan Malhotra,,group_d_broken_promise,29100.0,6,2,4,20.8,4,1,Jaipur,Desktop,,
CUST000799,Ishaan Malhotra,,normal,20500.0,2,2,0,1.1,2,2,Delhi,Desktop,,
CUST000800,Aman Nair,,normal,12300.0,2,2,0,10.1,2,2,Pune,Desktop,,
CUST000801,Sanya Nair,,normal,19400.0,3,2,1,4.0,1,1,Jaipur,iOS,,
CUST000802,Diya Nair,Sharma Enterprises Pvt Ltd,b2b,209400.0,24,21,3,7.0,1,1,Jaipur,iOS,,
CUST000803,Rahul Malhotra,,normal,40400.0,5,4,1,0.9,1,1,Ahmedabad,iOS,,
CUST000804,Aarav Iyer,,normal,10100.0,2,2,0,3.9,2,2,Bangalore,iOS,,
CUST000805,Sanya Gupta,,group_d_broken_promise,21400.0,5,3,2,30.0,10,1,Delhi,Android,,
CUST000806,Kabir Sharma,,group_d_broken_promise,26300.0,2,1,1,48.9,11,3,Ahmedabad,Desktop,,
CUST000807,Saanvi Malhotra,,normal,24700.0,7,6,1,6.0,2,2,Jaipur,Desktop,,
CUST000808,Vivaan Nair,,group_d_broken_promise,32600.0,5,2,3,13.0,4,1,Mumbai,iOS,,
CUST000809,Diya Sharma,,normal,7300.0,1,1,0,1.4,1,1,Bangalore,iOS,,
CUST000810,Aditya Rao,,normal,36300.0,7,5,2,1.1,2,1,Lucknow,iOS,,
CUST000811,Aarav Malhotra,,dormant_high_ltv,678100.0,65,62,3,3.1,0,0,Chennai,Android,,
CUST000812,Vivaan Chawla,,dormant_high_ltv,400600.0,54,50,4,2.6,1,1,Bangalore,Android,,
CUST000813,Diya Kapoor,,normal,15300.0,3,2,1,2.3,0,0,Chennai,Desktop,,
CUST000814,Simran Joshi,,normal,12100.0,3,2,1,0.2,2,2,Chennai,Desktop,,
CUST000815,Priya Mehta,,group_d_broken_promise,58400.0,12,5,7,26.0,11,1,Indore,iOS,,
CUST000816,Rohan Singh,,normal,39100.0,5,4,1,3.4,2,2,Lucknow,Android,,
CUST000817,Arjun Kapoor,,normal,18700.0,3,2,1,3.2,1,1,Nagpur,Android,,
CUST000818,Priya Gupta,,normal,19100.0,5,5,0,3.5,2,2,Mumbai,Android,,
CUST000819,Aman Kapoor,,normal,15400.0,5,4,1,0.2,1,1,Bangalore,iOS,,
CUST000820,Arjun Mehta,Singh Traders Pvt Ltd,b2b,267900.0,43,35,8,9.9,2,2,Lucknow,Android,,
CUST000821,Rohan Kapoor,,dormant_high_ltv,350600.0,51,45,6,6.2,2,2,Jaipur,Android,,
CUST000822,Ananya Verma,,normal,15700.0,3,3,0,1.3,2,2,Indore,Android,,
CUST000823,Rohan Kapoor,Patel Retail Pvt Ltd,b2b,407400.0,39,33,6,2.6,3,2,Ahmedabad,iOS,,
CUST000824,Priya Bose,,normal,7000.0,2,2,0,0.1,0,0,Pune,Desktop,,
CUST000825,Sanya Singh,,normal,24500.0,7,5,2,4.7,2,2,Lucknow,Android,,
CUST000826,Meera Sharma,,dormant_high_ltv,432800.0,50,44,6,1.6,1,1,Bangalore,iOS,,
CUST000827,Kabir Gupta,,normal,9200.0,1,1,0,4.3,2,2,Bangalore,iOS,,
CUST000828,Meera Chawla,Nair Exports Pvt Ltd,b2b,278200.0,34,31,3,8.6,5,5,Bangalore,Android,,
CUST000829,Rahul Rao,,normal,30500.0,3,3,0,2.4,1,1,Lucknow,iOS,,
CUST000830,Simran Bose,Chawla Apparel Pvt Ltd,b2b,410400.0,53,47,6,9.7,4,4,Indore,Android,,
CUST000831,Aditya Mehta,,normal,11000.0,3,2,1,2.4,2,2,Bangalore,Android,,
CUST000832,Sanya Rao,,normal,20000.0,4,3,1,3.2,1,1,Lucknow,iOS,,
CUST000833,Priya Joshi,,normal,14100.0,2,1,1,0.9,0,0,Pune,iOS,,
CUST000834,Ananya Sharma,,normal,15400.0,3,2,1,1.0,2,2,Chennai,Android,,
CUST000835,Ishaan Kapoor,,normal,16900.0,3,3,0,4.7,0,0,Bangalore,Android,,
CUST000836,Rahul Nair,,normal,22600.0,6,5,1,2.7,0,0,Ahmedabad,iOS,,
CUST000837,Vivaan Bose,,normal,38600.0,3,3,0,3.5,2,1,Bangalore,Desktop,,
CUST000838,Ishaan Reddy,,normal,15200.0,3,3,0,7.8,1,1,Indore,Android,,
CUST000839,Diya Reddy,,normal,6400.0,1,1,0,8.0,0,0,Delhi,Android,,
CUST000840,Rahul Verma,,normal,34300.0,4,3,1,3.1,0,0,Pune,Android,,
CUST000841,Aarav Patel,,dormant_high_ltv,445700.0,67,59,8,0.4,2,2,Bangalore,Android,,
CUST000842,Kabir Kapoor,,normal,26400.0,6,4,2,2.6,0,0,Hyderabad,iOS,,
CUST000843,Kabir Malhotra,,normal,10800.0,4,3,1,1.5,1,1,Pune,Desktop,,
CUST000844,Aarav Joshi,,normal,9900.0,1,1,0,1.8,0,0,Hyderabad,Android,,
CUST000845,Vivaan Verma,,group_d_broken_promise,35800.0,8,5,3,30.2,5,2,Ahmedabad,Android,,
CUST000846,Saanvi Mehta,,normal,23100.0,4,3,1,6.5,2,2,Delhi,Android,,
CUST000847,Ananya Malhotra,,normal,21100.0,3,2,1,2.6,0,0,Mumbai,Android,,
CUST000848,Aman Gupta,,normal,43500.0,9,7,2,7.9,0,0,Chennai,Android,,
CUST000849,Sanya Iyer,,group_d_broken_promise,17600.0,3,2,1,69.5,3,1,Delhi,Android,,
CUST000850,Myra Reddy,,normal,24600.0,3,2,1,2.6,1,1,Ahmedabad,Android,,
CUST000851,Kiara Joshi,,group_d_broken_promise,139500.0,18,8,10,24.2,10,3,Chennai,Android,,
CUST000852,Saanvi Patel,,group_d_broken_promise,42900.0,3,1,2,29.6,5,1,Kolkata,Android,,
CUST000853,Aman Malhotra,,normal,13700.0,1,1,0,1.5,0,0,Lucknow,Android,,
CUST000854,Aman Verma,,normal,12200.0,2,2,0,0.6,1,1,Bangalore,iOS,,
CUST000855,Sanya Joshi,Iyer Textiles Pvt Ltd,b2b,298200.0,37,35,2,10.9,4,3,Chennai,iOS,,
CUST000856,Priya Joshi,,normal,19600.0,4,4,0,0.8,1,1,Jaipur,Android,,
CUST000857,Simran Patel,,normal,7100.0,1,1,0,4.4,0,0,Indore,Android,,
CUST000858,Priya Sharma,,normal,8300.0,1,1,0,2.1,1,1,Pune,Desktop,,
CUST000859,Neha Patel,,normal,10200.0,3,3,0,0.4,2,2,Kolkata,Android,,
CUST000860,Sanya Iyer,,normal,13500.0,4,4,0,1.4,1,1,Jaipur,iOS,,
CUST000861,Neha Iyer,,normal,18600.0,3,3,0,2.6,2,2,Kolkata,Android,,
CUST000862,Meera Mehta,,normal,25400.0,3,2,1,8.0,1,1,Delhi,iOS,,
CUST000863,Diya Iyer,,normal,35400.0,7,6,1,3.9,1,1,Nagpur,Android,,
CUST000864,Rahul Chawla,,normal,31900.0,3,3,0,12.1,0,0,Chennai,Android,,
CUST000865,Kiara Rao,,group_d_broken_promise,17100.0,2,1,1,41.7,7,1,Delhi,Android,,
CUST000866,Aditya Malhotra,,normal,29400.0,2,2,0,7.3,1,1,Jaipur,iOS,,
CUST000867,Simran Verma,,normal,15100.0,3,3,0,1.9,0,0,Nagpur,Android,,
CUST000868,Aditya Gupta,,normal,12300.0,1,1,0,0.6,0,0,Ahmedabad,Android,,
CUST000869,Neha Joshi,,group_d_broken_promise,14900.0,1,0,1,15.8,10,1,Kolkata,iOS,,
CUST000870,Rohan Chawla,Rao Traders Pvt Ltd,b2b,361700.0,51,45,6,9.3,3,3,Jaipur,Android,,
CUST000871,Meera Malhotra,,normal,22900.0,4,3,1,1.3,1,1,Indore,iOS,,
CUST000872,Sanya Iyer,,dormant_high_ltv,831200.0,66,64,2,0.7,2,2,Jaipur,Android,,
CUST000873,Kabir Mehta,,normal,23600.0,6,5,1,1.4,0,0,Kolkata,iOS,,
CUST000874,Aarav Kapoor,,normal,10700.0,1,1,0,7.4,1,1,Hyderabad,iOS,,
CUST000875,Sanya Sharma,,normal,16900.0,2,2,0,7.2,0,0,Indore,Android,,
CUST000876,Kiara Rao,,normal,11800.0,2,2,0,1.4,0,0,Delhi,Android,,
CUST000877,Myra Kapoor,,normal,8200.0,3,2,1,2.1,2,2,Indore,Android,,
CUST000878,Kabir Malhotra,Malhotra Apparel Pvt Ltd,b2b,372900.0,50,48,2,13.6,1,1,Pune,Desktop,,
CUST000879,Rohan Rao,,normal,22000.0,2,2,0,0.5,1,1,Bangalore,Android,,
CUST000880,Aarav Joshi,,normal,29100.0,3,3,0,4.9,0,0,Nagpur,Android,,
CUST000881,Vivaan Chawla,,normal,41400.0,7,5,2,2.0,0,0,Kolkata,Android,,
CUST000882,Aarav Nair,,normal,17500.0,3,2,1,4.7,0,0,Nagpur,Desktop,,
CUST000883,Ananya Mehta,,normal,7500.0,2,1,1,1.5,0,0,Indore,Desktop,,
CUST000884,Kabir Malhotra,,normal,45300.0,5,4,1,3.1,0,0,Jaipur,Android,,
CUST000885,Rohan Chawla,,group_d_broken_promise,13600.0,5,3,2,30.2,11,2,Mumbai,Android,,
CUST000886,Saanvi Patel,,normal,47400.0,9,9,0,1.0,0,0,Kolkata,Desktop,,
CUST000887,Aarav Bose,,normal,69900.0,10,7,3,3.7,2,2,Indore,iOS,,
CUST000888,Kabir Kapoor,,group_d_broken_promise,25600.0,1,1,0,71.7,6,1,Kolkata,iOS,,
CUST000889,Rahul Bose,,group_d_broken_promise,26100.0,7,4,3,23.6,3,1,Lucknow,Android,,
CUST000890,Priya Rao,,normal,55000.0,6,4,2,0.8,0,0,Pune,Android,,
CUST000891,Ananya Bose,Singh Textiles Pvt Ltd,b2b,461600.0,53,49,4,6.0,3,2,Nagpur,iOS,,
CUST000892,Priya Chawla,,normal,21300.0,2,2,0,7.7,1,1,Lucknow,iOS,,
CUST000893,Diya Patel,Rao Distributors Pvt Ltd,b2b,467000.0,52,47,5,5.1,4,4,Ahmedabad,Android,,
CUST000894,Ananya Iyer,,group_d_broken_promise,18700.0,4,2,2,22.2,4,0,Ahmedabad,Android,,
CUST000895,Ananya Kapoor,,normal,19000.0,2,2,0,3.2,2,2,Nagpur,Desktop,,
CUST000896,Karan Singh,,normal,27600.0,5,4,1,1.2,1,1,Chennai,Desktop,,
CUST000897,Arjun Gupta,Reddy Apparel Pvt Ltd,b2b,365900.0,50,45,5,5.9,1,1,Nagpur,Desktop,,
CUST000898,Simran Reddy,Iyer Distributors Pvt Ltd,b2b,259000.0,34,32,2,5.4,5,4,Bangalore,Android,,
CUST000899,Myra Mehta,,group_d_broken_promise,12700.0,5,2,3,17.0,8,1,Chennai,Android,,
CUST000900,Aman Chawla,,normal,8900.0,1,1,0,0.4,1,1,Delhi,Android,,
CUST000901,Diya Kapoor,,normal,13100.0,3,3,0,4.9,0,0,Mumbai,Desktop,,
CUST000902,Aditya Reddy,Iyer Retail Pvt Ltd,b2b,544200.0,77,73,4,9.9,2,2,Bangalore,Android,,
CUST000903,Neha Gupta,,dormant_high_ltv,398800.0,56,51,5,1.3,0,0,Kolkata,iOS,,
CUST000904,Rahul Joshi,,normal,17600.0,2,2,0,3.2,1,1,Mumbai,Android,,
CUST000905,Meera Malhotra,,normal,32500.0,5,5,0,2.5,0,0,Bangalore,Desktop,,
CUST000906,Kabir Gupta,,normal,33300.0,3,2,1,2.2,1,1,Chennai,Android,,
CUST000907,Meera Malhotra,,normal,18100.0,3,3,0,11.3,0,0,Kolkata,Desktop,,
CUST000908,Ananya Chawla,,group_d_broken_promise,15100.0,2,1,1,44.2,9,1,Hyderabad,Android,,
CUST000909,Ishaan Rao,Kapoor Traders Pvt Ltd,b2b,314800.0,43,35,8,4.4,2,2,Kolkata,iOS,,
CUST000910,Kiara Patel,Chawla Traders Pvt Ltd,b2b,156800.0,28,23,5,8.5,1,1,Lucknow,iOS,,
CUST000911,Priya Singh,,normal,9400.0,1,1,0,1.7,0,0,Ahmedabad,Android,,
CUST000912,Neha Malhotra,,normal,28800.0,3,3,0,0.8,2,2,Lucknow,iOS,,
CUST000913,Ananya Chawla,,normal,9100.0,2,2,0,2.8,1,1,Bangalore,iOS,,
CUST000914,Aarav Verma,,normal,14300.0,2,1,1,4.5,2,2,Nagpur,Android,,
CUST000915,Sanya Nair,,normal,21300.0,5,4,1,2.7,2,2,Hyderabad,Android,,
CUST000916,Aman Verma,,normal,8600.0,4,3,1,2.0,2,2,Pune,Android,,
CUST000917,Kiara Sharma,,dormant_high_ltv,294300.0,25,22,3,4.0,2,2,Kolkata,Android,,
CUST000918,Priya Gupta,,group_d_broken_promise,36200.0,3,2,1,19.6,5,1,Hyderabad,iOS,,
CUST000919,Aman Sharma,Patel Exports Pvt Ltd,b2b,401900.0,55,46,9,5.5,3,3,Pune,Android,,
CUST000920,Karan Bose,,normal,12700.0,3,3,0,2.7,2,2,Pune,Desktop,,
CUST000921,Kiara Nair,,group_d_broken_promise,22700.0,2,1,1,38.6,9,2,Jaipur,iOS,,
CUST000922,Neha Singh,,normal,31100.0,6,5,1,9.7,2,2,Hyderabad,Desktop,,
CUST000923,Sanya Kapoor,,normal,27600.0,4,3,1,2.1,1,1,Delhi,Android,,
CUST000924,Karan Kapoor,,normal,10000.0,3,2,1,5.4,1,1,Chennai,Android,,
CUST000925,Sanya Chawla,,group_d_broken_promise,15900.0,4,2,2,25.0,5,2,Hyderabad,Android,,
CUST000926,Neha Patel,Kapoor Enterprises Pvt Ltd,b2b,407800.0,53,49,4,5.7,5,5,Lucknow,Android,,
CUST000927,Aman Singh,,group_d_broken_promise,27700.0,1,0,1,20.0,3,1,Chennai,Android,,
CUST000928,Priya Nair,,normal,22600.0,7,5,2,0.5,0,0,Kolkata,Android,,
CUST000929,Aarav Reddy,,normal,7400.0,3,2,1,1.8,1,1,Bangalore,iOS,,
CUST000930,Arjun Reddy,,normal,26100.0,4,3,1,5.7,2,2,Chennai,Android,,
CUST000931,Aditya Nair,Kapoor Textiles Pvt Ltd,b2b,319200.0,43,40,3,14.6,4,3,Chennai,Desktop,,
CUST000932,Simran Singh,,normal,13300.0,5,4,1,1.9,1,1,Lucknow,iOS,,
CUST000933,Kabir Singh,,normal,17000.0,3,3,0,2.4,0,0,Mumbai,Android,,
CUST000934,Aarav Nair,,normal,20000.0,2,2,0,2.2,2,2,Hyderabad,Android,,
CUST000935,Kabir Sharma,,normal,10300.0,3,3,0,0.3,1,1,Ahmedabad,Android,,
CUST000936,Simran Chawla,Gupta Traders Pvt Ltd,b2b,213900.0,29,28,1,9.1,4,4,Kolkata,iOS,,
CUST000937,Simran Nair,,normal,12800.0,5,4,1,0.4,1,1,Kolkata,Android,,
CUST000938,Neha Nair,,group_d_broken_promise,30400.0,4,2,2,26.6,4,1,Nagpur,Desktop,,
CUST000939,Karan Singh,,normal,42200.0,8,6,2,2.6,1,1,Indore,Android,,
CUST000940,Saanvi Kapoor,,group_d_broken_promise,32100.0,5,3,2,30.0,4,1,Hyderabad,Desktop,,
CUST000941,Saanvi Joshi,Gupta Solutions Pvt Ltd,b2b,199800.0,30,26,4,5.6,4,4,Nagpur,iOS,,
CUST000942,Ishaan Malhotra,,normal,16400.0,1,1,0,2.7,1,1,Lucknow,Desktop,,
CUST000943,Vivaan Iyer,,group_d_broken_promise,27200.0,2,1,1,24.8,11,3,Delhi,Android,,
CUST000944,Diya Iyer,,normal,20500.0,6,5,1,1.4,1,1,Bangalore,Desktop,,
CUST000945,Diya Joshi,,normal,20700.0,3,3,0,2.6,2,2,Bangalore,iOS,,
CUST000946,Aman Gupta,Chawla Tech Pvt Ltd,b2b,327600.0,47,43,4,4.8,1,1,Pune,Android,,
CUST000947,Kiara Reddy,,normal,35900.0,6,5,1,0.6,0,0,Pune,Android,,
CUST000948,Vivaan Mehta,,normal,28400.0,5,4,1,0.6,1,1,Mumbai,iOS,,
CUST000949,Simran Sharma,,normal,10600.0,2,2,0,9.1,2,2,Jaipur,iOS,,
CUST000950,Neha Verma,Verma Logistics Pvt Ltd,b2b,250600.0,24,21,3,7.0,3,3,Bangalore,Android,,
CUST000951,Arjun Singh,,normal,38200.0,10,9,1,0.4,1,1,Chennai,Android,,
CUST000952,Aditya Verma,Malhotra Solutions Pvt Ltd,b2b,503200.0,58,49,9,5.5,1,1,Ahmedabad,iOS,,
CUST000953,Rohan Malhotra,Reddy Traders Pvt Ltd,b2b,323100.0,47,44,3,9.1,3,2,Lucknow,iOS,,
CUST000954,Aarav Sharma,,group_d_broken_promise,25200.0,3,1,2,26.2,5,2,Chennai,Android,,
CUST000955,Aman Malhotra,,normal,45600.0,7,6,1,2.1,2,2,Pune,Desktop,,
CUST000956,Vivaan Nair,,normal,10600.0,4,3,1,0.3,1,1,Chennai,Desktop,,
CUST000957,Aarav Rao,,normal,15900.0,3,2,1,0.3,2,1,Mumbai,Desktop,,
CUST000958,Ananya Malhotra,,normal,17900.0,3,3,0,0.8,0,0,Mumbai,Android,,
CUST000959,Vivaan Bose,,normal,16200.0,2,2,0,6.4,1,1,Hyderabad,iOS,,
CUST000960,Meera Mehta,,normal,26100.0,3,2,1,1.2,2,2,Lucknow,iOS,,
CUST000961,Arjun Bose,,normal,17100.0,4,3,1,3.0,1,1,Pune,iOS,,
CUST000962,Kabir Iyer,,normal,14400.0,5,5,0,2.9,2,2,Lucknow,Android,,
CUST000963,Meera Gupta,,group_d_broken_promise,47000.0,11,5,6,35.4,4,1,Delhi,Android,,
CUST000964,Meera Iyer,,group_d_broken_promise,15400.0,3,1,2,23.7,9,3,Jaipur,Android,,
CUST000965,Myra Bose,,normal,26800.0,2,2,0,7.1,0,0,Indore,Android,,
CUST000966,Arjun Joshi,,normal,6500.0,2,2,0,1.9,1,1,Pune,Android,,
CUST000967,Simran Chawla,,normal,21400.0,2,2,0,2.0,0,0,Chennai,Android,,
CUST000968,Diya Nair,,group_d_broken_promise,23500.0,4,2,2,20.1,7,1,Chennai,iOS,,
CUST000969,Karan Iyer,,normal,24600.0,5,4,1,4.0,2,2,Mumbai,iOS,,
CUST000970,Aditya Mehta,Reddy Logistics Pvt Ltd,b2b,309400.0,32,31,1,3.0,1,1,Indore,Android,,
CUST000971,Meera Kapoor,Patel Retail Pvt Ltd,b2b,680500.0,52,45,7,3.7,3,3,Indore,iOS,,
CUST000972,Myra Singh,,dormant_high_ltv,365700.0,51,46,5,1.3,0,0,Lucknow,iOS,,
CUST000973,Rahul Sharma,,group_d_broken_promise,10100.0,2,1,1,26.0,5,2,Ahmedabad,Android,,
CUST000974,Sanya Sharma,,normal,37000.0,4,3,1,1.0,2,2,Pune,Android,,
CUST000975,Sanya Rao,Kapoor Textiles Pvt Ltd,b2b,163500.0,23,22,1,5.3,4,3,Lucknow,iOS,,
CUST000976,Arjun Bose,,normal,19800.0,4,4,0,2.7,0,0,Nagpur,Android,,
CUST000977,Saanvi Verma,,normal,7700.0,1,1,0,1.2,2,2,Kolkata,iOS,,
CUST000978,Saanvi Reddy,,normal,20400.0,3,3,0,3.2,0,0,Jaipur,iOS,,
CUST000979,Ishaan Mehta,,normal,7400.0,1,1,0,4.4,1,1,Kolkata,Android,,
CUST000980,Diya Chawla,,group_d_broken_promise,22000.0,3,1,2,16.9,6,2,Jaipur,Android,,
CUST000981,Aditya Iyer,,normal,23300.0,3,3,0,3.5,0,0,Indore,Android,,
CUST000982,Ananya Malhotra,,normal,33700.0,9,6,3,0.9,1,1,Ahmedabad,Android,,
CUST000983,Aarav Malhotra,,normal,18400.0,1,1,0,1.6,0,0,Jaipur,Android,,
CUST000984,Meera Mehta,,normal,17100.0,5,4,1,4.2,2,2,Indore,iOS,,
CUST000985,Kabir Reddy,,group_d_broken_promise,28700.0,3,2,1,25.0,3,1,Nagpur,Android,,
CUST000986,Simran Singh,,normal,28100.0,3,2,1,2.1,1,1,Indore,Android,,
CUST000987,Sanya Gupta,Patel Enterprises Pvt Ltd,b2b,360500.0,47,43,4,9.5,3,3,Chennai,Android,,
CUST000988,Neha Patel,,dormant_high_ltv,432500.0,60,52,8,8.1,2,2,Mumbai,Android,,
CUST000989,Simran Chawla,Chawla Exports Pvt Ltd,b2b,190500.0,25,20,5,3.7,2,2,Lucknow,iOS,,
CUST000990,Aditya Reddy,,normal,22800.0,3,2,1,1.4,1,1,Indore,iOS,,
CUST000991,Aarav Verma,,normal,27000.0,8,8,0,0.9,0,0,Mumbai,Android,,
CUST000992,Priya Chawla,,normal,54400.0,9,8,1,6.0,1,1,Delhi,iOS,,
CUST000993,Ishaan Sharma,,normal,14900.0,4,3,1,4.1,1,1,Chennai,Desktop,,
CUST000994,Aditya Iyer,Bose Exports Pvt Ltd,b2b,565800.0,61,57,4,10.3,1,1,Indore,Android,,
CUST000995,Meera Kapoor,,normal,24000.0,6,5,1,0.5,0,0,Delhi,Android,,
CUST000996,Meera Rao,,normal,38600.0,7,6,1,3.0,0,0,Bangalore,Android,,
CUST000997,Ishaan Malhotra,,normal,38900.0,6,4,2,1.8,1,1,Indore,iOS,,
CUST000998,Simran Mehta,,dormant_high_ltv,454200.0,63,57,6,2.6,0,0,Bangalore,Android,,
CUST000999,Myra Patel,,normal,25200.0,4,3,1,2.8,0,0,Delhi,Android,,
CUST001000,Saanvi Joshi,Nair Industries Pvt Ltd,b2b,208100.0,23,22,1,7.1,2,2,Chennai,Android,,
CUST001001,Rahul Joshi,,dormant_high_ltv,266200.0,38,34,4,7.8,0,0,Lucknow,Android,,
CUST001002,Rohan Kapoor,,normal,16700.0,2,2,0,5.9,0,0,Hyderabad,iOS,,
CUST001003,Sanya Rao,,group_d_broken_promise,39300.0,6,3,3,23.6,7,2,Lucknow,iOS,,
CUST001004,Aditya Malhotra,,group_d_broken_promise,10200.0,5,2,3,35.8,4,0,Indore,Android,,
CUST001005,Neha Chawla,,normal,26900.0,3,2,1,0.8,2,2,Pune,iOS,,
CUST001006,Arjun Singh,,normal,27200.0,7,6,1,0.3,0,0,Pune,Android,,
CUST001007,Kiara Chawla,,normal,29500.0,4,3,1,3.4,1,1,Chennai,Android,,
CUST001008,Neha Nair,Nair Industries Pvt Ltd,b2b,413700.0,55,45,10,10.5,4,4,Lucknow,iOS,,
CUST001009,Karan Iyer,,normal,10900.0,1,1,0,0.2,1,1,Hyderabad,Android,,
CUST001010,Rahul Joshi,,normal,45000.0,8,7,1,2.5,2,2,Chennai,Android,,
CUST001011,Priya Kapoor,,normal,38600.0,4,3,1,4.2,0,0,Nagpur,Desktop,,
CUST001012,Priya Singh,,normal,18700.0,2,2,0,1.1,2,2,Jaipur,iOS,,
CUST001013,Ishaan Rao,,normal,36700.0,5,5,0,2.4,0,0,Mumbai,Android,,
CUST001014,Diya Mehta,,normal,18000.0,2,2,0,2.1,2,2,Mumbai,Android,,
CUST001015,Ananya Reddy,Singh Industries Pvt Ltd,b2b,392500.0,73,60,13,8.3,4,4,Indore,iOS,,
CUST001016,Myra Gupta,,group_d_broken_promise,28300.0,6,3,3,37.1,11,3,Hyderabad,Android,,
CUST001017,Diya Gupta,,normal,41200.0,4,4,0,1.3,0,0,Pune,iOS,,
CUST001018,Kabir Chawla,,normal,20300.0,4,3,1,1.0,0,0,Pune,Android,,
CUST001019,Aarav Malhotra,,dormant_high_ltv,354600.0,43,41,2,4.1,0,0,Chennai,Android,,
CUST001020,Ananya Patel,,normal,12100.0,3,2,1,3.4,1,1,Pune,iOS,,
CUST001021,Aditya Iyer,,normal,50500.0,4,4,0,1.9,2,1,Mumbai,iOS,,
CUST001022,Vivaan Bose,,normal,28900.0,6,4,2,3.3,0,0,Chennai,iOS,,
CUST001023,Karan Verma,,normal,17400.0,2,2,0,1.8,1,1,Nagpur,Android,,
CUST001024,Arjun Reddy,,normal,43000.0,4,3,1,0.8,0,0,Ahmedabad,iOS,,
CUST001025,Neha Rao,,normal,27000.0,4,4,0,14.3,0,0,Lucknow,Android,,
CUST001026,Kiara Nair,Mehta Retail Pvt Ltd,b2b,189300.0,25,23,2,9.0,1,1,Lucknow,Android,,
CUST001027,Karan Malhotra,,normal,16300.0,1,1,0,4.0,1,1,Chennai,iOS,,
CUST001028,Diya Nair,,normal,43300.0,5,4,1,1.2,1,1,Indore,Desktop,,
CUST001029,Diya Rao,,normal,29400.0,2,1,1,1.6,0,0,Chennai,Android,,
CUST001030,Rahul Gupta,,normal,23100.0,6,4,2,1.4,0,0,Lucknow,Android,,
CUST001031,Simran Malhotra,,normal,19600.0,4,3,1,1.0,1,1,Hyderabad,Desktop,,
CUST001032,Arjun Reddy,,normal,11800.0,2,2,0,0.7,0,0,Lucknow,Android,,
CUST001033,Diya Patel,,normal,5400.0,2,2,0,3.7,1,1,Chennai,Android,,
CUST001034,Simran Nair,,normal,28000.0,3,2,1,1.7,0,0,Pune,Android,,
CUST001035,Sanya Kapoor,,normal,10600.0,1,1,0,4.5,1,1,Pune,Desktop,,
CUST001036,Myra Chawla,,normal,11800.0,4,3,1,2.4,2,2,Kolkata,Android,,
CUST001037,Karan Sharma,Chawla Tech Pvt Ltd,b2b,414800.0,47,45,2,12.4,4,3,Delhi,Android,,
CUST001038,Saanvi Gupta,,normal,17900.0,5,4,1,4.6,1,1,Bangalore,Android,,
CUST001039,Ishaan Singh,,normal,18100.0,3,2,1,1.9,1,1,Lucknow,Android,,
CUST001040,Kabir Sharma,,group_d_broken_promise,62900.0,8,3,5,26.0,6,2,Pune,Android,,
CUST001041,Aman Rao,,group_d_broken_promise,33300.0,3,1,2,40.7,5,1,Lucknow,Android,,
CUST001042,Rahul Bose,,normal,12700.0,1,1,0,0.9,1,1,Bangalore,iOS,,
CUST001043,Aditya Verma,,normal,27900.0,5,4,1,1.2,0,0,Delhi,iOS,,
CUST001044,Priya Gupta,,normal,7900.0,1,1,0,2.0,1,1,Jaipur,Android,,
CUST001045,Aman Kapoor,,dormant_high_ltv,664800.0,59,50,9,6.3,2,2,Lucknow,Android,,
CUST001046,Sanya Chawla,Sharma Apparel Pvt Ltd,b2b,297700.0,32,26,6,4.1,2,1,Kolkata,Desktop,,
CUST001047,Priya Malhotra,,group_d_broken_promise,14100.0,1,0,1,26.0,11,4,Chennai,Android,,
CUST001048,Diya Joshi,,normal,27700.0,6,5,1,0.8,1,1,Indore,Android,,
CUST001049,Aditya Verma,,normal,16800.0,1,1,0,0.3,2,2,Ahmedabad,Desktop,,
CUST001050,Kabir Malhotra,Rao Textiles Pvt Ltd,b2b,443900.0,61,53,8,4.7,4,3,Kolkata,iOS,,
CUST001051,Aman Rao,,normal,12300.0,3,3,0,3.7,1,1,Chennai,Android,,
CUST001052,Aditya Sharma,,group_d_broken_promise,22000.0,3,2,1,19.2,4,1,Bangalore,Android,,
CUST001053,Priya Bose,Joshi Exports Pvt Ltd,b2b,291000.0,27,25,2,4.5,2,1,Ahmedabad,Android,,
CUST001054,Aditya Joshi,,group_d_broken_promise,33900.0,8,3,5,12.5,11,2,Pune,Android,,
CUST001055,Rohan Sharma,Joshi Enterprises Pvt Ltd,b2b,415400.0,58,56,2,4.1,1,1,Jaipur,Android,,
CUST001056,Aditya Sharma,,normal,8300.0,1,1,0,3.3,2,2,Pune,iOS,,
CUST001057,Aditya Kapoor,,normal,21400.0,7,6,1,7.7,1,1,Indore,Android,,
CUST001058,Saanvi Iyer,Bose Retail Pvt Ltd,b2b,347800.0,43,36,7,18.3,5,4,Lucknow,Android,,
CUST001059,Sanya Verma,,normal,10200.0,3,2,1,1.7,1,1,Pune,iOS,,
CUST001060,Rohan Gupta,,normal,9500.0,3,3,0,2.2,2,2,Lucknow,iOS,,
CUST001061,Rahul Chawla,,normal,38400.0,2,2,0,5.6,2,2,Delhi,iOS,,
CUST001062,Aarav Reddy,,normal,9000.0,2,2,0,0.7,0,0,Lucknow,Android,,
CUST001063,Aditya Rao,Iyer Industries Pvt Ltd,b2b,415000.0,59,55,4,6.3,5,4,Nagpur,Desktop,,
CUST001064,Karan Gupta,,normal,7800.0,1,1,0,1.8,1,1,Kolkata,Desktop,,
CUST001065,Aarav Nair,Malhotra Traders Pvt Ltd,b2b,440900.0,65,56,9,6.0,4,3,Lucknow,Desktop,,
CUST001066,Simran Rao,,normal,26500.0,6,5,1,1.2,1,1,Mumbai,Android,,
CUST001067,Ishaan Kapoor,,normal,22300.0,6,5,1,6.0,1,1,Bangalore,Android,,
CUST001068,Rohan Rao,,normal,14300.0,5,5,0,0.8,0,0,Hyderabad,iOS,,
CUST001069,Kiara Joshi,,dormant_high_ltv,317000.0,49,43,6,4.5,0,0,Pune,Android,,
CUST001070,Ishaan Malhotra,,normal,11500.0,2,2,0,0.7,1,1,Hyderabad,Android,,
CUST001071,Priya Singh,,normal,13100.0,1,1,0,1.1,2,2,Bangalore,Android,,
CUST001072,Neha Nair,,normal,14500.0,2,2,0,1.3,2,2,Ahmedabad,Android,,
CUST001073,Arjun Joshi,,normal,24900.0,3,3,0,3.2,1,1,Hyderabad,Android,,
CUST001074,Neha Mehta,,normal,21600.0,3,3,0,6.6,1,1,Pune,Android,,
CUST001075,Arjun Verma,,normal,15900.0,3,2,1,0.6,2,2,Delhi,iOS,,
CUST001076,Meera Malhotra,Singh Tech Pvt Ltd,b2b,334500.0,41,33,8,14.5,2,2,Delhi,Android,,
CUST001077,Ishaan Gupta,,normal,15800.0,1,1,0,4.2,1,1,Nagpur,iOS,,
CUST001078,Karan Sharma,,normal,27100.0,4,4,0,1.1,2,2,Bangalore,Android,,
CUST001079,Aarav Rao,,normal,12300.0,2,1,1,1.9,2,2,Pune,Android,,
CUST001080,Sanya Chawla,Malhotra Apparel Pvt Ltd,b2b,315300.0,51,43,8,13.2,2,2,Nagpur,Android,,
CUST001081,Rahul Singh,Nair Enterprises Pvt Ltd,b2b,436600.0,56,51,5,6.5,4,4,Kolkata,Desktop,,
CUST001082,Karan Gupta,,normal,8100.0,2,2,0,4.0,2,2,Indore,Android,,
CUST001083,Saanvi Gupta,,normal,36200.0,3,3,0,1.0,1,1,Nagpur,Android,,
CUST001084,Kabir Singh,,normal,15900.0,5,4,1,0.4,0,0,Chennai,Android,,
CUST001085,Vivaan Joshi,,normal,47800.0,6,5,1,0.7,2,2,Kolkata,Android,,
CUST001086,Simran Singh,,normal,14700.0,6,4,2,2.0,1,1,Lucknow,iOS,,
CUST001087,Ananya Gupta,,normal,19100.0,3,3,0,0.4,2,2,Nagpur,Android,,
CUST001088,Kiara Singh,,normal,11800.0,2,2,0,1.8,0,0,Hyderabad,iOS,,
CUST001089,Myra Bose,,normal,21800.0,2,1,1,0.2,0,0,Nagpur,Desktop,,
CUST001090,Priya Rao,,normal,16000.0,2,2,0,1.7,2,2,Ahmedabad,iOS,,
CUST001091,Ananya Sharma,Joshi Distributors Pvt Ltd,b2b,299300.0,39,36,3,7.0,1,1,Bangalore,iOS,,
CUST001092,Karan Rao,,normal,17000.0,1,1,0,2.5,1,1,Lucknow,iOS,,
CUST001093,Arjun Iyer,Chawla Foods Pvt Ltd,b2b,336900.0,50,42,8,6.9,1,1,Bangalore,Android,,
CUST001094,Sanya Chawla,Mehta Traders Pvt Ltd,b2b,607800.0,63,61,2,2.6,5,4,Lucknow,Android,,
CUST001095,Kabir Gupta,,normal,20200.0,3,3,0,1.9,1,1,Hyderabad,Desktop,,
CUST001096,Vivaan Singh,,normal,14900.0,2,2,0,5.2,2,2,Hyderabad,Android,,
CUST001097,Rohan Malhotra,Joshi Logistics Pvt Ltd,b2b,361900.0,59,52,7,7.4,5,4,Bangalore,iOS,,
CUST001098,Kabir Singh,,normal,21400.0,6,5,1,4.7,2,1,Chennai,Android,,
CUST001099,Priya Rao,,normal,13200.0,3,2,1,0.8,0,0,Hyderabad,Android,,
CUST001100,Simran Bose,,group_d_broken_promise,19100.0,3,1,2,25.3,10,3,Lucknow,Desktop,,
CUST001101,Arjun Iyer,,dormant_high_ltv,510100.0,65,63,2,6.5,2,1,Lucknow,iOS,,
CUST001102,Priya Reddy,Rao Textiles Pvt Ltd,b2b,467100.0,71,60,11,7.8,1,1,Lucknow,iOS,,
CUST001103,Aditya Malhotra,,normal,20900.0,5,4,1,2.0,0,0,Hyderabad,Android,,
CUST001104,Rahul Verma,,normal,7400.0,2,2,0,5.2,2,2,Lucknow,Android,,
CUST001105,Vivaan Reddy,,group_d_broken_promise,30000.0,5,2,3,34.9,11,3,Pune,iOS,,
CUST001106,Myra Iyer,,normal,9000.0,1,1,0,3.1,1,1,Chennai,iOS,,
CUST001107,Aman Mehta,,group_d_broken_promise,29100.0,6,3,3,42.4,10,2,Indore,Desktop,,
CUST001108,Meera Reddy,,normal,11700.0,1,1,0,6.2,1,1,Chennai,Android,,
CUST001109,Ishaan Nair,,normal,9900.0,1,1,0,3.5,1,1,Hyderabad,Android,,
CUST001110,Diya Nair,,group_d_broken_promise,25400.0,4,2,2,24.2,10,3,Chennai,iOS,,
CUST001111,Ananya Malhotra,,group_d_broken_promise,13400.0,2,1,1,16.8,10,2,Bangalore,Android,,
CUST001112,Rahul Rao,,normal,10300.0,1,1,0,5.7,0,0,Mumbai,Android,,
CUST001113,Aarav Rao,,normal,24200.0,1,1,0,1.6,2,2,Indore,Android,,
CUST001114,Saanvi Reddy,,normal,16200.0,2,1,1,2.3,1,1,Chennai,Android,,
CUST001115,Neha Verma,,normal,14900.0,3,2,1,1.6,2,2,Jaipur,Desktop,,
CUST001116,Vivaan Verma,,dormant_high_ltv,368900.0,53,51,2,1.5,2,2,Mumbai,Desktop,,
CUST001117,Aarav Mehta,,group_d_broken_promise,18100.0,5,3,2,31.9,10,3,Lucknow,iOS,,
CUST001118,Diya Kapoor,,normal,21500.0,7,6,1,1.0,0,0,Chennai,Android,,
CUST001119,Arjun Rao,Bose Traders Pvt Ltd,b2b,283600.0,27,23,4,4.7,3,3,Lucknow,Android,,
CUST001120,Kabir Malhotra,,normal,22400.0,2,2,0,3.6,1,1,Delhi,iOS,,
CUST001121,Aman Rao,,normal,14100.0,2,1,1,1.0,0,0,Kolkata,Android,,
CUST001122,Kiara Gupta,,group_d_broken_promise,66300.0,10,4,6,21.9,9,3,Chennai,Android,,
CUST001123,Diya Nair,,normal,31500.0,6,5,1,3.4,0,0,Mumbai,iOS,,
CUST001124,Simran Mehta,,group_d_broken_promise,21300.0,3,1,2,18.0,11,2,Lucknow,Desktop,,
CUST001125,Diya Nair,,normal,16700.0,6,4,2,4.1,1,1,Nagpur,iOS,,
CUST001126,Sanya Iyer,,normal,25400.0,5,4,1,3.0,0,0,Mumbai,Android,,
CUST001127,Neha Sharma,,normal,13200.0,4,4,0,0.6,1,1,Pune,Desktop,,
CUST001128,Rohan Joshi,,normal,21100.0,2,2,0,4.5,0,0,Indore,iOS,,
CUST001129,Rohan Rao,,normal,26600.0,2,2,0,4.5,0,0,Lucknow,iOS,,
CUST001130,Rahul Joshi,,normal,25000.0,3,2,1,1.2,2,2,Indore,Android,,
CUST001131,Rahul Chawla,,normal,23800.0,3,2,1,2.8,2,2,Hyderabad,Android,,
CUST001132,Aarav Mehta,,normal,12800.0,2,1,1,1.4,1,1,Jaipur,iOS,,
CUST001133,Aman Mehta,,group_d_broken_promise,22600.0,3,1,2,16.4,3,1,Delhi,Desktop,,
CUST001134,Ananya Nair,,normal,9700.0,5,4,1,5.4,2,2,Bangalore,iOS,,
CUST001135,Neha Patel,,normal,9200.0,1,1,0,4.5,2,1,Mumbai,Android,,
CUST001136,Myra Malhotra,Chawla Exports Pvt Ltd,b2b,413300.0,57,51,6,10.5,5,4,Bangalore,Android,,
CUST001137,Aditya Gupta,,normal,14600.0,1,1,0,2.9,2,2,Indore,Desktop,,
CUST001138,Sanya Mehta,,normal,14000.0,2,2,0,1.5,2,1,Bangalore,Desktop,,
CUST001139,Aarav Iyer,,dormant_high_ltv,405100.0,64,54,10,1.9,0,0,Indore,Android,,
CUST001140,Vivaan Nair,,normal,22600.0,6,4,2,2.0,0,0,Mumbai,Android,,
CUST001141,Rohan Nair,,normal,18700.0,6,4,2,3.0,1,1,Kolkata,Desktop,,
CUST001142,Vivaan Singh,,normal,9300.0,1,1,0,6.4,2,2,Mumbai,iOS,,
CUST001143,Saanvi Iyer,,normal,29000.0,4,3,1,3.6,1,1,Ahmedabad,Android,,
CUST001144,Saanvi Reddy,,normal,20500.0,4,3,1,13.4,0,0,Pune,Android,,
CUST001145,Diya Mehta,,normal,12400.0,2,2,0,3.5,0,0,Jaipur,Desktop,,
CUST001146,Saanvi Verma,Reddy Solutions Pvt Ltd,b2b,340000.0,47,45,2,6.3,2,2,Chennai,iOS,,
CUST001147,Meera Gupta,,normal,13500.0,3,2,1,0.8,0,0,Kolkata,Desktop,,
CUST001148,Arjun Malhotra,,normal,36000.0,6,6,0,0.2,1,1,Hyderabad,iOS,,
CUST001149,Aarav Kapoor,,normal,9900.0,1,1,0,5.4,1,1,Pune,iOS,,
CUST001150,Simran Verma,,normal,37000.0,8,6,2,1.8,0,0,Hyderabad,Android,,
CUST001151,Rahul Rao,,group_d_broken_promise,22600.0,3,2,1,21.3,11,2,Bangalore,Android,,
CUST001152,Simran Bose,,normal,16000.0,2,2,0,1.5,1,1,Hyderabad,Android,,
CUST001153,Priya Rao,,group_d_broken_promise,38800.0,3,1,2,16.7,9,2,Indore,Android,,
CUST001154,Kabir Patel,,group_d_broken_promise,23200.0,2,1,1,14.8,9,2,Delhi,Android,,
CUST001155,Ishaan Iyer,,normal,16600.0,2,2,0,4.7,0,0,Delhi,Android,,
CUST001156,Priya Singh,,dormant_high_ltv,273200.0,45,42,3,0.8,1,1,Hyderabad,Desktop,,
CUST001157,Rahul Mehta,,dormant_high_ltv,378100.0,52,44,8,1.9,1,1,Ahmedabad,iOS,,
CUST001158,Diya Iyer,,dormant_high_ltv,431000.0,73,71,2,5.0,1,1,Ahmedabad,iOS,,
CUST001159,Neha Patel,,normal,21600.0,2,2,0,3.0,1,1,Delhi,Android,,
CUST001160,Kabir Iyer,,normal,8000.0,1,1,0,12.6,1,1,Chennai,Android,,
CUST001161,Meera Malhotra,,dormant_high_ltv,400100.0,52,48,4,2.9,1,1,Lucknow,Android,,
CUST001162,Rahul Verma,,normal,20500.0,5,4,1,4.5,0,0,Lucknow,iOS,,
CUST001163,Kiara Verma,,normal,26300.0,6,5,1,3.3,1,1,Kolkata,Android,,
CUST001164,Priya Kapoor,,group_d_broken_promise,25700.0,4,2,2,16.8,8,1,Delhi,iOS,,
CUST001165,Aarav Malhotra,,group_d_broken_promise,28300.0,4,2,2,35.1,4,1,Indore,iOS,,
CUST001166,Myra Chawla,,normal,14400.0,3,2,1,0.3,0,0,Pune,Android,,
CUST001167,Sanya Sharma,,normal,17900.0,1,1,0,1.1,1,1,Nagpur,Android,,
CUST001168,Aman Sharma,,normal,48400.0,5,4,1,2.9,1,1,Chennai,Android,,
CUST001169,Meera Singh,,normal,27800.0,5,4,1,3.5,0,0,Indore,iOS,,
CUST001170,Rohan Patel,,group_d_broken_promise,41100.0,5,3,2,22.0,3,1,Bangalore,iOS,,
CUST001171,Priya Bose,,normal,11200.0,3,3,0,2.2,0,0,Ahmedabad,Android,,
CUST001172,Meera Iyer,,normal,13900.0,4,3,1,4.5,1,1,Hyderabad,Desktop,,
CUST001173,Rohan Joshi,Malhotra Retail Pvt Ltd,b2b,318200.0,46,42,4,4.3,4,4,Delhi,Android,,
CUST001174,Rohan Mehta,,normal,15800.0,6,5,1,13.7,1,1,Lucknow,Android,,
CUST001175,Priya Sharma,,normal,28700.0,4,3,1,0.4,2,2,Indore,iOS,,
CUST001176,Ananya Malhotra,,normal,11200.0,4,3,1,2.5,2,2,Jaipur,Desktop,,
CUST001177,Sanya Verma,,normal,25100.0,1,1,0,0.5,1,1,Chennai,Android,,
CUST001178,Kiara Malhotra,,normal,25100.0,5,4,1,9.1,0,0,Lucknow,Desktop,,
CUST001179,Priya Singh,Chawla Textiles Pvt Ltd,b2b,184800.0,30,24,6,4.2,5,4,Mumbai,iOS,,
CUST001180,Diya Kapoor,Gupta Apparel Pvt Ltd,b2b,251600.0,44,40,4,5.4,1,1,Delhi,iOS,,
CUST001181,Aarav Nair,,normal,18500.0,2,2,0,3.4,0,0,Jaipur,Desktop,,
CUST001182,Aman Reddy,,group_d_broken_promise,25800.0,2,1,1,17.2,6,2,Pune,iOS,,
CUST001183,Myra Sharma,,group_d_broken_promise,27200.0,2,1,1,34.9,6,1,Ahmedabad,Android,,
CUST001184,Ishaan Kapoor,,group_d_broken_promise,19600.0,6,3,3,40.0,11,2,Kolkata,Android,,
CUST001185,Diya Reddy,,group_d_broken_promise,30300.0,5,2,3,15.2,8,3,Delhi,Android,,
CUST001186,Arjun Chawla,,normal,29200.0,4,3,1,5.8,0,0,Delhi,Android,,
CUST001187,Sanya Kapoor,,normal,11800.0,2,2,0,1.7,0,0,Bangalore,iOS,,
CUST001188,Kiara Nair,,normal,32200.0,5,4,1,1.3,1,1,Delhi,Android,,
CUST001189,Myra Iyer,,group_d_broken_promise,34700.0,6,3,3,67.3,4,1,Bangalore,Android,,
CUST001190,Vivaan Verma,,normal,7300.0,2,1,1,1.0,2,1,Chennai,Android,,
CUST001191,Aarav Malhotra,,normal,11200.0,2,2,0,3.4,0,0,Chennai,Android,,
CUST001192,Karan Verma,,normal,7300.0,3,3,0,4.0,1,1,Ahmedabad,Android,,
CUST001193,Aditya Singh,,normal,12100.0,2,2,0,6.0,1,1,Kolkata,Android,,
CUST001194,Rohan Patel,,normal,25400.0,4,4,0,2.3,2,1,Chennai,iOS,,
CUST001195,Myra Patel,,normal,22100.0,2,2,0,2.6,1,1,Chennai,Android,,
CUST001196,Neha Sharma,,group_d_broken_promise,35900.0,4,2,2,23.6,3,0,Bangalore,Android,,
CUST001197,Karan Nair,Reddy Solutions Pvt Ltd,b2b,177400.0,19,18,1,4.4,1,1,Hyderabad,Android,,
CUST001198,Rohan Verma,,normal,20400.0,2,2,0,0.5,2,2,Bangalore,Desktop,,
CUST001199,Meera Sharma,Sharma Retail Pvt Ltd,b2b,698200.0,51,43,8,12.9,4,4,Hyderabad,Android,,
CUST001200,Diya Singh,,normal,12000.0,3,2,1,2.8,1,1,Nagpur,iOS,,
CUST001201,Rohan Singh,,normal,17800.0,3,2,1,5.0,1,1,Delhi,Desktop,,
CUST001202,Diya Reddy,,normal,32400.0,3,2,1,5.0,1,1,Ahmedabad,Android,,
CUST001203,Karan Nair,,normal,12300.0,3,2,1,1.5,1,1,Kolkata,Android,,
CUST001204,Neha Reddy,,normal,12600.0,2,1,1,4.5,2,1,Hyderabad,Desktop,,
CUST001205,Myra Malhotra,,dormant_high_ltv,384300.0,48,44,4,1.8,2,1,Hyderabad,iOS,,
CUST001206,Kabir Bose,,dormant_high_ltv,470900.0,65,56,9,1.2,2,1,Jaipur,Android,,
CUST001207,Diya Iyer,,normal,12900.0,2,2,0,1.0,0,0,Pune,Android,,
CUST001208,Karan Kapoor,,normal,19800.0,4,3,1,3.4,0,0,Bangalore,Android,,
CUST001209,Rohan Sharma,Iyer Solutions Pvt Ltd,b2b,346300.0,51,41,10,7.0,2,1,Lucknow,Desktop,,
CUST001210,Kiara Mehta,,normal,24200.0,1,1,0,5.5,2,1,Hyderabad,Desktop,,
CUST001211,Saanvi Malhotra,,normal,27100.0,5,5,0,4.4,2,2,Ahmedabad,iOS,,
CUST001212,Neha Nair,,normal,15700.0,5,4,1,0.6,0,0,Mumbai,Android,,
CUST001213,Vivaan Reddy,,normal,15000.0,4,4,0,6.7,1,1,Kolkata,Desktop,,
CUST001214,Meera Malhotra,,normal,13600.0,1,1,0,3.7,0,0,Mumbai,Android,,
CUST001215,Sanya Reddy,Sharma Enterprises Pvt Ltd,b2b,362800.0,41,37,4,3.3,4,3,Mumbai,Android,,
CUST001216,Simran Mehta,,normal,23400.0,2,1,1,6.0,2,2,Chennai,iOS,,
CUST001217,Simran Singh,Gupta Exports Pvt Ltd,b2b,498100.0,73,70,3,11.7,4,4,Nagpur,iOS,,
CUST001218,Aman Joshi,,normal,8200.0,2,1,1,4.3,1,1,Chennai,Android,,
CUST001219,Vivaan Reddy,,normal,16800.0,4,4,0,0.9,2,1,Nagpur,Desktop,,
CUST001220,Ishaan Kapoor,,dormant_high_ltv,287800.0,37,33,4,2.7,1,1,Indore,Android,,
CUST001221,Rohan Gupta,,dormant_high_ltv,436600.0,55,50,5,0.4,1,1,Bangalore,Android,,
CUST001222,Myra Reddy,Singh Distributors Pvt Ltd,b2b,399100.0,53,43,10,8.0,1,1,Lucknow,Android,,
CUST001223,Ananya Singh,,normal,16900.0,4,3,1,3.8,1,1,Delhi,iOS,,
CUST001224,Aarav Kapoor,,normal,25300.0,4,3,1,0.9,2,2,Chennai,Android,,
CUST001225,Karan Gupta,,group_d_broken_promise,61000.0,7,3,4,32.7,7,2,Mumbai,iOS,,
CUST001226,Rohan Iyer,,normal,9300.0,2,1,1,4.6,2,2,Nagpur,iOS,,
CUST001227,Aarav Rao,,normal,26300.0,5,4,1,1.6,2,2,Hyderabad,Desktop,,
CUST001228,Aarav Malhotra,,normal,22700.0,2,2,0,1.3,0,0,Ahmedabad,iOS,,
CUST001229,Myra Singh,,normal,42600.0,8,6,2,0.6,0,0,Chennai,Android,,
CUST001230,Saanvi Verma,,dormant_high_ltv,238000.0,28,27,1,4.3,0,0,Kolkata,Desktop,,
CUST001231,Priya Malhotra,Kapoor Apparel Pvt Ltd,b2b,317500.0,40,39,1,6.5,2,1,Pune,Desktop,,
CUST001232,Ananya Verma,,normal,38400.0,8,7,1,1.8,1,1,Lucknow,Desktop,,
CUST001233,Kiara Reddy,,group_d_broken_promise,17500.0,5,2,3,37.9,7,2,Jaipur,Android,,
CUST001234,Simran Nair,,normal,31200.0,4,3,1,2.9,1,1,Jaipur,Desktop,,
CUST001235,Rahul Mehta,Iyer Apparel Pvt Ltd,b2b,318600.0,48,43,5,5.3,3,3,Chennai,iOS,,
CUST001236,Rahul Reddy,,group_d_broken_promise,26300.0,3,2,1,24.7,8,2,Nagpur,Android,,
CUST001237,Myra Mehta,Bose Tech Pvt Ltd,b2b,245000.0,27,22,5,6.1,3,3,Jaipur,iOS,,
CUST001238,Rahul Rao,,normal,6400.0,2,1,1,1.0,0,0,Indore,Desktop,,
CUST001239,Simran Gupta,,group_d_broken_promise,23200.0,6,4,2,20.1,10,2,Pune,Android,,
CUST001240,Aarav Patel,,group_d_broken_promise,55300.0,11,5,6,17.3,10,1,Bangalore,Android,,
CUST001241,Ishaan Nair,,normal,9800.0,3,2,1,4.9,1,1,Nagpur,iOS,,
CUST001242,Kabir Iyer,Kapoor Retail Pvt Ltd,b2b,425700.0,50,46,4,5.0,2,2,Ahmedabad,iOS,,
CUST001243,Kabir Gupta,,normal,29300.0,3,3,0,0.1,2,2,Bangalore,Desktop,,
CUST001244,Arjun Singh,,dormant_high_ltv,551900.0,44,40,4,7.6,0,0,Indore,Android,,
CUST001245,Simran Rao,,normal,16600.0,3,2,1,3.7,2,2,Delhi,iOS,,
CUST001246,Rohan Verma,Kapoor Tech Pvt Ltd,b2b,431300.0,55,51,4,12.9,4,3,Delhi,iOS,,
CUST001247,Saanvi Rao,,normal,38400.0,13,10,3,0.2,0,0,Kolkata,Android,,
CUST001248,Vivaan Reddy,Patel Apparel Pvt Ltd,b2b,364400.0,44,38,6,3.9,5,4,Bangalore,Android,,
CUST001249,Simran Bose,,normal,18800.0,7,5,2,3.9,1,1,Bangalore,Android,,
CUST001250,Simran Rao,,normal,24900.0,4,3,1,7.3,2,2,Kolkata,Android,,
CUST001251,Simran Kapoor,,group_d_broken_promise,36600.0,8,5,3,25.8,7,1,Mumbai,Android,,
CUST001252,Vivaan Nair,,group_d_broken_promise,11600.0,3,2,1,22.2,9,1,Delhi,Android,,
CUST001253,Ananya Patel,,group_d_broken_promise,18800.0,7,2,5,36.3,6,2,Jaipur,Android,,
CUST001254,Saanvi Bose,,normal,24000.0,1,1,0,1.7,0,0,Lucknow,iOS,,
CUST001255,Saanvi Joshi,,group_d_broken_promise,21900.0,1,0,1,22.0,8,3,Bangalore,Android,,
CUST001256,Simran Bose,,normal,18500.0,3,3,0,0.1,0,0,Kolkata,Android,,
CUST001257,Ishaan Patel,,normal,29500.0,4,4,0,2.4,0,0,Nagpur,iOS,,
CUST001258,Rohan Sharma,,normal,25900.0,1,1,0,2.2,2,2,Indore,Android,,
CUST001259,Neha Verma,,normal,10200.0,2,2,0,5.2,1,1,Chennai,iOS,,
CUST001260,Aarav Kapoor,,normal,50100.0,8,6,2,7.0,2,2,Nagpur,Android,,
CUST001261,Diya Sharma,,dormant_high_ltv,387700.0,39,35,4,2.6,0,0,Delhi,iOS,,
CUST001262,Kiara Nair,,normal,9800.0,1,1,0,0.5,1,1,Hyderabad,iOS,,
CUST001263,Rohan Iyer,Sharma Apparel Pvt Ltd,b2b,343100.0,35,29,6,8.9,5,4,Delhi,iOS,,
CUST001264,Priya Rao,,normal,12600.0,4,3,1,0.8,2,2,Kolkata,Android,,
CUST001265,Saanvi Bose,,normal,24700.0,3,2,1,7.5,2,2,Bangalore,Android,,
CUST001266,Ishaan Mehta,,normal,22400.0,8,7,1,0.7,2,2,Nagpur,iOS,,
CUST001267,Ananya Mehta,,group_d_broken_promise,12400.0,2,1,1,26.4,3,1,Kolkata,Android,,
CUST001268,Saanvi Chawla,,normal,27000.0,6,5,1,4.8,1,1,Lucknow,Android,,
CUST001269,Karan Patel,,normal,16300.0,2,2,0,1.4,1,1,Nagpur,Android,,
CUST001270,Kiara Kapoor,,normal,23200.0,1,1,0,2.2,1,1,Ahmedabad,Android,,
CUST001271,Neha Iyer,,normal,13000.0,1,1,0,3.8,0,0,Jaipur,iOS,,
CUST001272,Myra Gupta,,normal,18800.0,2,2,0,5.5,0,0,Bangalore,iOS,,
CUST001273,Aarav Nair,,normal,36000.0,3,2,1,2.1,2,2,Lucknow,Android,,
CUST001274,Diya Patel,,normal,9700.0,3,3,0,3.1,1,1,Lucknow,Android,,
CUST001275,Meera Patel,,group_d_broken_promise,27300.0,5,2,3,15.8,7,1,Bangalore,iOS,,
CUST001276,Meera Kapoor,Gupta Distributors Pvt Ltd,b2b,432700.0,56,53,3,2.7,1,1,Mumbai,Android,,
CUST001277,Ishaan Nair,,group_d_broken_promise,20000.0,5,2,3,32.6,4,1,Jaipur,Android,,
CUST001278,Karan Chawla,,group_d_broken_promise,62300.0,10,4,6,27.8,8,1,Ahmedabad,iOS,,
CUST001279,Rahul Patel,,normal,30400.0,4,3,1,2.1,2,2,Pune,Android,,
CUST001280,Aarav Rao,,normal,16900.0,4,3,1,1.7,1,1,Kolkata,Android,,
CUST001281,Rahul Malhotra,,normal,11600.0,2,2,0,1.5,2,2,Lucknow,iOS,,
CUST001282,Sanya Mehta,,normal,12000.0,2,2,0,1.5,1,1,Mumbai,Android,,
CUST001283,Sanya Nair,,normal,16700.0,2,2,0,1.6,1,1,Mumbai,Android,,
CUST001284,Aarav Nair,,normal,31200.0,6,4,2,0.4,1,1,Chennai,iOS,,
CUST001285,Priya Patel,,normal,23100.0,4,3,1,4.8,1,1,Chennai,Android,,
CUST001286,Karan Nair,,normal,9400.0,2,2,0,1.2,2,2,Jaipur,iOS,,
CUST001287,Neha Joshi,,normal,29600.0,3,3,0,1.4,1,1,Chennai,Desktop,,
CUST001288,Neha Mehta,Verma Tech Pvt Ltd,b2b,243100.0,21,20,1,7.6,4,3,Indore,Desktop,,
CUST001289,Saanvi Patel,,normal,27200.0,4,3,1,6.4,1,1,Nagpur,iOS,,
CUST001290,Meera Reddy,,normal,7300.0,3,2,1,1.2,1,1,Indore,Android,,
CUST001291,Arjun Kapoor,,normal,11300.0,2,2,0,1.8,0,0,Lucknow,iOS,,
CUST001292,Ananya Reddy,,normal,32800.0,3,2,1,0.7,0,0,Nagpur,Android,,
CUST001293,Arjun Reddy,,normal,18600.0,4,3,1,3.4,2,2,Nagpur,Android,,
CUST001294,Aarav Sharma,Sharma Foods Pvt Ltd,b2b,406900.0,51,48,3,14.1,1,1,Pune,Android,,
CUST001295,Kabir Rao,Reddy Retail Pvt Ltd,b2b,621000.0,62,56,6,5.4,5,4,Pune,Desktop,,
CUST001296,Karan Bose,,normal,29500.0,7,5,2,1.7,1,1,Nagpur,Android,,
CUST001297,Myra Reddy,,group_d_broken_promise,30200.0,6,2,4,34.6,7,2,Hyderabad,Android,,
CUST001298,Karan Verma,,group_d_broken_promise,21500.0,3,2,1,35.6,8,2,Lucknow,iOS,,
CUST001299,Simran Gupta,,normal,5600.0,1,1,0,0.7,1,1,Jaipur,Desktop,,
CUST001300,Vivaan Gupta,,normal,4800.0,2,2,0,4.6,1,1,Lucknow,Android,,
CUST001301,Vivaan Malhotra,Sharma Enterprises Pvt Ltd,b2b,286500.0,30,28,2,17.5,4,3,Lucknow,Desktop,,
CUST001302,Simran Joshi,,normal,25500.0,5,5,0,2.9,0,0,Ahmedabad,iOS,,
CUST001303,Priya Patel,,normal,13600.0,5,4,1,9.6,0,0,Delhi,Android,,
CUST001304,Diya Sharma,Sharma Distributors Pvt Ltd,b2b,331500.0,48,45,3,4.6,1,1,Lucknow,iOS,,
CUST001305,Rahul Joshi,,normal,26300.0,3,3,0,2.4,1,1,Ahmedabad,iOS,,
CUST001306,Simran Joshi,,normal,29700.0,8,6,2,1.0,2,2,Lucknow,Android,,
CUST001307,Neha Malhotra,,normal,13800.0,4,4,0,1.6,2,2,Indore,Android,,
CUST001308,Saanvi Reddy,,normal,17700.0,1,1,0,3.7,0,0,Nagpur,iOS,,
CUST001309,Karan Nair,,dormant_high_ltv,500100.0,57,52,5,1.4,1,1,Hyderabad,Android,,
CUST001310,Neha Chawla,,normal,15700.0,4,4,0,6.9,2,2,Mumbai,Android,,
CUST001311,Priya Patel,,normal,13700.0,2,2,0,4.3,0,0,Ahmedabad,iOS,,
CUST001312,Neha Reddy,,normal,20700.0,2,2,0,2.9,2,2,Pune,Android,,
CUST001313,Ishaan Kapoor,,normal,28200.0,5,4,1,2.3,0,0,Ahmedabad,Android,,
CUST001314,Aman Mehta,,dormant_high_ltv,208400.0,30,29,1,2.7,1,1,Delhi,Android,,
CUST001315,Myra Joshi,,dormant_high_ltv,479400.0,47,45,2,2.5,2,2,Delhi,Android,,
CUST001316,Myra Kapoor,,normal,12600.0,1,1,0,1.4,0,0,Chennai,Desktop,,
CUST001317,Myra Iyer,,normal,12600.0,4,3,1,1.1,0,0,Lucknow,Android,,
CUST001318,Ishaan Rao,,dormant_high_ltv,330000.0,48,45,3,12.0,1,1,Chennai,Android,,
CUST001319,Aarav Iyer,,normal,13800.0,4,3,1,4.5,0,0,Chennai,iOS,,
CUST001320,Aarav Reddy,,normal,24700.0,3,2,1,8.1,0,0,Pune,Android,,
CUST001321,Vivaan Joshi,,normal,29600.0,4,4,0,0.2,0,0,Hyderabad,Desktop,,
CUST001322,Kiara Mehta,,normal,15600.0,1,1,0,0.0,2,2,Lucknow,Desktop,,
CUST001323,Meera Rao,,dormant_high_ltv,405800.0,59,51,8,1.1,2,2,Indore,Android,,
CUST001324,Aditya Reddy,,normal,6600.0,3,2,1,3.9,2,2,Pune,Android,,
CUST001325,Priya Joshi,Malhotra Textiles Pvt Ltd,b2b,556400.0,58,51,7,3.1,3,3,Hyderabad,iOS,,
CUST001326,Rohan Chawla,,normal,10600.0,1,1,0,3.7,2,2,Delhi,Android,,
CUST001327,Karan Iyer,,normal,15100.0,3,2,1,2.8,0,0,Ahmedabad,Android,,
CUST001328,Kabir Joshi,,normal,11800.0,2,2,0,1.5,1,1,Nagpur,Desktop,,
CUST001329,Diya Verma,Gupta Apparel Pvt Ltd,b2b,364600.0,46,45,1,6.0,5,4,Delhi,Android,,
CUST001330,Meera Reddy,,group_d_broken_promise,15900.0,4,2,2,19.6,4,1,Bangalore,iOS,,
CUST001331,Aarav Iyer,,normal,9300.0,1,1,0,6.0,0,0,Kolkata,Android,,
CUST001332,Ananya Nair,,normal,19000.0,1,1,0,4.6,2,2,Ahmedabad,Android,,
CUST001333,Rohan Gupta,,normal,56600.0,6,5,1,6.6,0,0,Hyderabad,Android,,
CUST001334,Saanvi Iyer,,normal,11000.0,2,2,0,0.7,0,0,Bangalore,Android,,
CUST001335,Rahul Gupta,,normal,20800.0,3,3,0,6.1,2,2,Kolkata,Android,,
CUST001336,Saanvi Joshi,,normal,24100.0,6,4,2,1.9,1,1,Delhi,Android,,
CUST001337,Neha Iyer,,group_d_broken_promise,25200.0,8,5,3,26.8,6,1,Lucknow,iOS,,
CUST001338,Ishaan Iyer,,normal,25100.0,3,3,0,1.4,0,0,Kolkata,Android,,
CUST001339,Aditya Patel,,normal,17900.0,4,3,1,5.9,2,2,Delhi,Android,,
CUST001340,Diya Nair,,normal,9500.0,1,1,0,1.4,2,2,Kolkata,Desktop,,
CUST001341,Diya Gupta,,group_d_broken_promise,52800.0,11,4,7,29.5,9,1,Jaipur,Desktop,,
CUST001342,Vivaan Joshi,,normal,28100.0,6,5,1,4.8,2,1,Lucknow,iOS,,
CUST001343,Vivaan Joshi,,normal,7800.0,3,2,1,1.2,2,2,Mumbai,Android,,
CUST001344,Rahul Verma,,normal,17000.0,3,3,0,5.1,1,1,Pune,Desktop,,
CUST001345,Karan Bose,,normal,16100.0,4,3,1,0.3,0,0,Delhi,Desktop,,
CUST001346,Myra Chawla,,normal,9900.0,1,1,0,6.4,2,2,Ahmedabad,Android,,
CUST001347,Kabir Patel,,normal,13800.0,2,2,0,1.6,1,1,Mumbai,Android,,
CUST001348,Sanya Nair,,normal,24600.0,3,2,1,0.9,0,0,Jaipur,Desktop,,
CUST001349,Arjun Joshi,,normal,17000.0,2,2,0,0.3,1,1,Ahmedabad,iOS,,
CUST001350,Meera Singh,,group_d_broken_promise,23400.0,5,2,3,16.1,7,1,Lucknow,iOS,,
CUST001351,Saanvi Iyer,,normal,8500.0,2,2,0,4.8,0,0,Pune,iOS,,
CUST001352,Aman Singh,,normal,26400.0,2,2,0,7.2,2,2,Delhi,iOS,,
CUST001353,Myra Joshi,Kapoor Industries Pvt Ltd,b2b,480800.0,69,58,11,4.5,1,1,Mumbai,iOS,,
CUST001354,Diya Singh,Sharma Distributors Pvt Ltd,b2b,415500.0,60,55,5,5.0,2,2,Jaipur,iOS,,
CUST001355,Aman Singh,,normal,42000.0,7,7,0,0.3,0,0,Jaipur,iOS,,
CUST001356,Kabir Verma,,dormant_high_ltv,481600.0,56,54,2,2.5,2,2,Kolkata,Android,,
CUST001357,Kabir Kapoor,,normal,9100.0,3,2,1,0.6,2,2,Indore,Android,,
CUST001358,Sanya Gupta,,normal,17700.0,2,2,0,1.5,1,1,Kolkata,Android,,
CUST001359,Kabir Reddy,,normal,18100.0,3,3,0,6.6,2,2,Mumbai,iOS,,
CUST001360,Aarav Chawla,,group_d_broken_promise,25300.0,2,1,1,71.0,8,1,Nagpur,iOS,,
CUST001361,Saanvi Verma,,normal,9000.0,3,3,0,1.0,1,1,Pune,Android,,
CUST001362,Rahul Rao,,normal,33400.0,3,3,0,1.1,0,0,Nagpur,Desktop,,
CUST001363,Priya Patel,,normal,18300.0,5,4,1,1.8,0,0,Mumbai,iOS,,
CUST001364,Priya Iyer,,dormant_high_ltv,395800.0,38,35,3,1.9,1,1,Hyderabad,Android,,
CUST001365,Karan Nair,,normal,28600.0,4,4,0,0.3,0,0,Lucknow,Android,,
CUST001366,Aman Joshi,,normal,21500.0,2,1,1,1.0,0,0,Nagpur,Desktop,,
CUST001367,Kiara Bose,Iyer Exports Pvt Ltd,b2b,428100.0,54,47,7,8.8,1,1,Hyderabad,Android,,
CUST001368,Vivaan Verma,,group_d_broken_promise,43900.0,6,3,3,32.0,5,1,Chennai,Android,,
CUST001369,Simran Verma,,group_d_broken_promise,29800.0,2,1,1,19.1,11,2,Mumbai,Android,,
CUST001370,Priya Reddy,Reddy Logistics Pvt Ltd,b2b,281000.0,46,40,6,10.6,4,3,Kolkata,Android,,
CUST001371,Myra Kapoor,,group_d_broken_promise,38400.0,5,2,3,17.1,10,1,Kolkata,Android,,
CUST001372,Aman Sharma,,normal,32800.0,5,4,1,4.8,0,0,Delhi,Desktop,,
CUST001373,Meera Sharma,,normal,21300.0,4,4,0,1.5,0,0,Jaipur,Desktop,,
CUST001374,Arjun Bose,,normal,14600.0,6,5,1,1.0,0,0,Mumbai,Desktop,,
CUST001375,Aman Patel,,normal,23700.0,2,2,0,5.4,2,2,Nagpur,Android,,
CUST001376,Arjun Gupta,,group_d_broken_promise,31200.0,2,1,1,18.2,5,1,Ahmedabad,Android,,
CUST001377,Aman Gupta,,normal,12000.0,1,1,0,3.9,2,2,Kolkata,Android,,
CUST001378,Aman Iyer,,normal,24900.0,6,5,1,0.9,2,1,Lucknow,Android,,
CUST001379,Diya Reddy,,normal,11000.0,2,2,0,4.0,1,1,Mumbai,Android,,
CUST001380,Simran Joshi,,normal,17400.0,3,2,1,2.6,0,0,Chennai,Android,,
CUST001381,Diya Nair,,normal,15700.0,1,1,0,1.8,0,0,Ahmedabad,iOS,,
CUST001382,Rohan Joshi,,dormant_high_ltv,465200.0,62,60,2,0.6,0,0,Nagpur,iOS,,
CUST001383,Neha Reddy,,normal,20600.0,3,2,1,6.1,1,1,Mumbai,Android,,
CUST001384,Rahul Mehta,,normal,35500.0,8,6,2,3.9,2,2,Lucknow,Android,,
CUST001385,Diya Mehta,,normal,13600.0,1,1,0,5.2,0,0,Mumbai,iOS,,
CUST001386,Myra Malhotra,,dormant_high_ltv,370300.0,41,39,2,3.4,2,2,Pune,iOS,,
CUST001387,Myra Kapoor,,normal,27700.0,7,6,1,14.4,0,0,Bangalore,Android,,
CUST001388,Rohan Mehta,Patel Distributors Pvt Ltd,b2b,278000.0,29,28,1,5.1,5,4,Lucknow,Desktop,,
CUST001389,Vivaan Patel,,normal,33300.0,4,4,0,7.0,2,2,Bangalore,Android,,
CUST001390,Neha Sharma,,dormant_high_ltv,565200.0,67,59,8,2.0,1,1,Indore,Android,,
CUST001391,Ishaan Patel,,normal,27200.0,4,3,1,0.2,2,2,Indore,Android,,
CUST001392,Aman Joshi,,normal,20500.0,4,3,1,2.0,2,2,Bangalore,Android,,
CUST001393,Aman Patel,,group_d_broken_promise,30400.0,2,1,1,53.2,7,2,Mumbai,Android,,
CUST001394,Myra Bose,,dormant_high_ltv,387400.0,59,55,4,1.7,2,2,Lucknow,iOS,,
CUST001395,Rahul Rao,,normal,20000.0,4,4,0,0.1,2,2,Ahmedabad,iOS,,
CUST001396,Aditya Rao,,group_d_broken_promise,11400.0,3,1,2,31.3,7,1,Mumbai,Android,,
CUST001397,Sanya Patel,,normal,13200.0,1,1,0,5.5,2,1,Mumbai,Android,,
CUST001398,Aditya Kapoor,,normal,7900.0,3,3,0,1.3,0,0,Lucknow,Desktop,,
CUST001399,Aarav Rao,,normal,18600.0,3,2,1,2.6,2,2,Lucknow,Android,,
CUST001400,Aman Chawla,,normal,34800.0,5,4,1,3.3,1,1,Bangalore,Android,,
CUST001401,Kiara Chawla,,normal,37300.0,5,4,1,1.8,0,0,Chennai,Desktop,,
CUST001402,Arjun Rao,,dormant_high_ltv,389500.0,64,55,9,5.8,2,2,Kolkata,iOS,,
CUST001403,Rahul Reddy,,normal,8700.0,1,1,0,0.6,1,1,Mumbai,Android,,
CUST001404,Aditya Sharma,Joshi Industries Pvt Ltd,b2b,457100.0,62,53,9,12.2,2,2,Ahmedabad,iOS,,
CUST001405,Ananya Mehta,,group_d_broken_promise,14800.0,4,2,2,40.2,4,1,Chennai,iOS,,
CUST001406,Aman Mehta,Sharma Traders Pvt Ltd,b2b,219800.0,34,32,2,7.6,2,2,Pune,iOS,,
CUST001407,Priya Mehta,,normal,36700.0,7,6,1,2.0,1,1,Jaipur,Android,,
CUST001408,Meera Patel,,group_d_broken_promise,28200.0,3,2,1,18.2,4,1,Nagpur,Android,,
CUST001409,Aditya Joshi,,normal,24200.0,4,3,1,4.7,1,1,Pune,iOS,,
CUST001410,Sanya Mehta,,normal,22900.0,3,2,1,1.8,0,0,Nagpur,iOS,,
CUST001411,Priya Chawla,,normal,34700.0,6,5,1,2.3,0,0,Lucknow,Android,,
CUST001412,Simran Chawla,,normal,29700.0,5,4,1,5.2,0,0,Kolkata,iOS,,
CUST001413,Arjun Nair,,normal,10900.0,2,1,1,2.0,2,1,Bangalore,Android,,
CUST001414,Kiara Rao,,normal,12400.0,1,1,0,3.3,2,2,Kolkata,Android,,
CUST001415,Aarav Nair,,group_d_broken_promise,16600.0,2,1,1,19.5,3,1,Delhi,Android,,
CUST001416,Meera Patel,,normal,7400.0,2,2,0,1.1,1,1,Ahmedabad,Android,,
CUST001417,Diya Rao,,normal,22300.0,5,4,1,3.6,0,0,Hyderabad,Desktop,,
CUST001418,Rohan Sharma,,normal,11500.0,1,1,0,3.6,1,1,Jaipur,iOS,,
CUST001419,Rohan Rao,,normal,14300.0,1,1,0,9.1,2,2,Bangalore,Android,,
CUST001420,Simran Bose,,normal,32600.0,8,7,1,1.5,2,1,Indore,Android,,
CUST001421,Meera Singh,,normal,23900.0,2,2,0,0.2,1,1,Nagpur,iOS,,
CUST001422,Rahul Bose,,normal,24200.0,5,4,1,3.2,1,1,Hyderabad,iOS,,
CUST001423,Simran Gupta,,normal,49600.0,5,5,0,13.8,2,2,Ahmedabad,Android,,
CUST001424,Myra Reddy,,normal,4300.0,2,2,0,2.5,0,0,Ahmedabad,Android,,
CUST001425,Kiara Kapoor,,normal,11900.0,2,2,0,3.1,1,1,Ahmedabad,iOS,,
CUST001426,Myra Rao,,normal,15700.0,2,2,0,1.6,1,1,Lucknow,iOS,,
CUST001427,Kabir Verma,,group_d_broken_promise,25200.0,5,2,3,25.6,6,1,Indore,iOS,,
CUST001428,Neha Verma,,dormant_high_ltv,391400.0,50,45,5,4.7,2,2,Indore,Android,,
CUST001429,Neha Chawla,,normal,12300.0,2,2,0,4.3,1,1,Kolkata,Android,,
CUST001430,Aarav Rao,,normal,28500.0,4,3,1,2.4,1,1,Indore,Android,,
CUST001431,Priya Patel,,normal,16600.0,1,1,0,1.3,0,0,Lucknow,iOS,,
CUST001432,Karan Nair,,normal,10300.0,2,2,0,10.0,1,1,Hyderabad,Desktop,,
CUST001433,Neha Nair,,dormant_high_ltv,402800.0,66,57,9,2.2,0,0,Pune,Android,,
CUST001434,Sanya Reddy,,group_d_broken_promise,14200.0,2,1,1,33.7,3,1,Mumbai,Android,,
CUST001435,Myra Bose,Chawla Foods Pvt Ltd,b2b,336800.0,34,31,3,13.3,3,2,Nagpur,Android,,
CUST001436,Aarav Nair,,normal,21400.0,2,1,1,2.5,0,0,Chennai,iOS,,
CUST001437,Aman Rao,Malhotra Retail Pvt Ltd,b2b,432900.0,64,51,13,7.3,1,1,Indore,Android,,
CUST001438,Sanya Gupta,,normal,23200.0,5,4,1,3.2,1,1,Mumbai,Android,,
CUST001439,Sanya Reddy,,normal,10700.0,2,2,0,1.5,0,0,Hyderabad,Android,,
CUST001440,Sanya Joshi,,normal,17100.0,4,3,1,7.7,2,1,Bangalore,iOS,,
CUST001441,Ishaan Verma,Bose Logistics Pvt Ltd,b2b,330900.0,31,28,3,12.5,5,4,Indore,iOS,,
CUST001442,Meera Kapoor,,dormant_high_ltv,290900.0,48,45,3,5.0,2,2,Ahmedabad,Android,,
CUST001443,Ishaan Mehta,,group_d_broken_promise,44100.0,5,3,2,25.7,5,1,Lucknow,Android,,
CUST001444,Vivaan Patel,,dormant_high_ltv,314600.0,24,23,1,6.8,1,1,Chennai,Android,,
CUST001445,Aman Patel,,group_d_broken_promise,17500.0,5,2,3,37.5,4,1,Bangalore,iOS,,
CUST001446,Simran Malhotra,,normal,23500.0,1,1,0,1.1,1,1,Delhi,Desktop,,
CUST001447,Myra Mehta,,normal,33500.0,5,4,1,1.3,1,1,Ahmedabad,Desktop,,
CUST001448,Vivaan Rao,,normal,12900.0,3,3,0,0.5,0,0,Jaipur,Android,,
CUST001449,Kiara Malhotra,,normal,24800.0,4,3,1,3.0,2,2,Mumbai,Android,,
CUST001450,Rahul Reddy,Joshi Tech Pvt Ltd,b2b,344300.0,46,43,3,6.2,2,1,Delhi,Desktop,,
CUST001451,Simran Gupta,,normal,13900.0,4,3,1,2.0,0,0,Ahmedabad,Desktop,,
CUST001452,Sanya Joshi,,normal,19400.0,4,3,1,1.3,1,1,Hyderabad,iOS,,
CUST001453,Sanya Singh,,normal,11200.0,2,2,0,0.5,2,2,Delhi,Android,,
CUST001454,Myra Singh,,normal,24400.0,7,6,1,4.6,0,0,Lucknow,iOS,,
CUST001455,Myra Gupta,Mehta Industries Pvt Ltd,b2b,622500.0,70,58,12,8.7,4,3,Lucknow,iOS,,
CUST001456,Ishaan Sharma,,group_d_broken_promise,15800.0,2,1,1,28.2,10,2,Delhi,Android,,
CUST001457,Aditya Malhotra,Singh Logistics Pvt Ltd,b2b,489700.0,68,57,11,13.3,2,1,Lucknow,Android,,
CUST001458,Rahul Patel,,normal,30600.0,2,2,0,0.9,2,2,Lucknow,Android,,
CUST001459,Arjun Malhotra,,normal,17400.0,3,2,1,3.7,2,2,Bangalore,Android,,
CUST001460,Simran Mehta,,normal,16300.0,3,3,0,0.3,0,0,Mumbai,Android,,
CUST001461,Rohan Patel,,normal,15500.0,4,3,1,1.7,2,2,Delhi,Android,,
CUST001462,Karan Iyer,,normal,9700.0,2,2,0,7.8,1,1,Mumbai,Desktop,,
CUST001463,Sanya Rao,,group_d_broken_promise,12800.0,2,1,1,39.6,6,1,Nagpur,Android,,
CUST001464,Meera Iyer,Gupta Textiles Pvt Ltd,b2b,582300.0,56,50,6,5.0,1,1,Mumbai,Android,,
CUST001465,Aman Nair,,normal,26900.0,5,4,1,5.2,1,1,Kolkata,iOS,,
CUST001466,Aditya Reddy,,normal,33100.0,5,5,0,1.7,2,2,Lucknow,Android,,
CUST001467,Priya Mehta,,normal,12500.0,3,3,0,2.0,0,0,Bangalore,iOS,,
CUST001468,Meera Kapoor,Patel Retail Pvt Ltd,b2b,809400.0,62,50,12,9.5,1,1,Chennai,Android,,
CUST001469,Neha Rao,,normal,20700.0,2,2,0,3.0,0,0,Lucknow,Android,,
CUST001470,Rohan Verma,,group_d_broken_promise,35700.0,7,4,3,36.7,5,1,Jaipur,iOS,,
CUST001471,Diya Singh,,normal,24100.0,3,3,0,2.1,0,0,Indore,iOS,,
CUST001472,Vivaan Chawla,,group_d_broken_promise,25200.0,5,3,2,46.9,6,2,Chennai,Android,,
CUST001473,Diya Joshi,,group_d_broken_promise,43300.0,2,1,1,14.7,3,1,Pune,iOS,,
CUST001474,Rohan Nair,,normal,13800.0,4,4,0,5.9,2,2,Chennai,Android,,
CUST001475,Arjun Joshi,,normal,37200.0,3,2,1,1.4,2,2,Indore,Android,,
CUST001476,Saanvi Sharma,,normal,20900.0,4,3,1,1.2,0,0,Bangalore,iOS,,
CUST001477,Neha Chawla,,normal,8700.0,2,1,1,2.2,1,1,Delhi,iOS,,
CUST001478,Saanvi Sharma,,normal,31500.0,6,5,1,14.4,0,0,Nagpur,iOS,,
CUST001479,Sanya Reddy,,normal,17800.0,4,4,0,8.5,2,1,Bangalore,Android,,
CUST001480,Aman Rao,,normal,15000.0,4,3,1,2.1,0,0,Indore,Desktop,,
CUST001481,Neha Bose,,normal,25900.0,6,5,1,2.0,0,0,Pune,iOS,,
CUST001482,Sanya Kapoor,,dormant_high_ltv,521500.0,68,62,6,2.1,1,1,Delhi,Desktop,,
CUST001483,Kiara Chawla,,normal,14000.0,2,2,0,2.7,2,2,Mumbai,Desktop,,
CUST001484,Aman Patel,Kapoor Traders Pvt Ltd,b2b,562800.0,58,49,9,8.4,2,2,Lucknow,Desktop,,
CUST001485,Aditya Reddy,,normal,36000.0,10,9,1,3.6,0,0,Kolkata,iOS,,
CUST001486,Neha Rao,,dormant_high_ltv,500000.0,69,64,5,2.5,1,1,Ahmedabad,Android,,
CUST001487,Ananya Iyer,,normal,32000.0,5,4,1,5.4,2,2,Indore,Android,,
CUST001488,Priya Chawla,,normal,38600.0,7,5,2,4.4,0,0,Kolkata,iOS,,
CUST001489,Ishaan Rao,,normal,48100.0,5,4,1,7.2,1,1,Ahmedabad,iOS,,
CUST001490,Rahul Reddy,,normal,23900.0,6,5,1,1.2,2,2,Lucknow,iOS,,
CUST001491,Neha Gupta,,dormant_high_ltv,490700.0,68,62,6,1.7,2,2,Delhi,iOS,,
CUST001492,Myra Chawla,,normal,18600.0,3,3,0,3.6,0,0,Kolkata,Android,,
CUST001493,Neha Joshi,,normal,13700.0,2,2,0,0.5,2,2,Kolkata,Android,,
CUST001494,Neha Rao,,normal,25100.0,6,5,1,4.1,2,2,Ahmedabad,Desktop,,
CUST001495,Vivaan Gupta,,normal,47400.0,7,5,2,0.8,1,1,Chennai,Android,,
CUST001496,Priya Mehta,,normal,9800.0,2,2,0,2.5,2,2,Hyderabad,iOS,,
CUST001497,Aditya Chawla,,normal,21800.0,5,5,0,9.4,1,1,Lucknow,Desktop,,
CUST001498,Sanya Patel,,normal,8600.0,2,2,0,0.9,0,0,Kolkata,Desktop,,
CUST001499,Ananya Joshi,Joshi Tech Pvt Ltd,b2b,307100.0,32,29,3,8.0,1,1,Kolkata,iOS,,
CUST001500,Aarav Verma,,normal,8400.0,1,1,0,0.7,1,1,Delhi,Android,,
CUST001501,Meera Iyer,,normal,33600.0,7,6,1,1.5,2,1,Bangalore,Android,,
CUST001502,Aman Singh,,normal,30900.0,9,8,1,4.6,2,2,Chennai,iOS,,
CUST001503,Priya Reddy,,normal,13400.0,2,2,0,1.5,0,0,Lucknow,Desktop,,
CUST001504,Rohan Joshi,,normal,10600.0,1,1,0,2.3,0,0,Ahmedabad,Desktop,,
CUST001505,Kabir Reddy,,normal,39400.0,12,11,1,1.5,0,0,Ahmedabad,iOS,,
CUST001506,Aditya Iyer,,normal,11000.0,2,2,0,1.8,2,2,Jaipur,Android,,
CUST001507,Myra Joshi,,normal,9400.0,3,3,0,0.2,0,0,Chennai,Android,,
CUST001508,Simran Chawla,,normal,11200.0,1,1,0,0.6,0,0,Lucknow,iOS,,
CUST001509,Ishaan Kapoor,Iyer Exports Pvt Ltd,b2b,264900.0,43,37,6,13.0,1,1,Lucknow,Android,,
CUST001510,Aditya Bose,,normal,23000.0,5,4,1,5.5,0,0,Jaipur,iOS,,
CUST001511,Arjun Kapoor,,group_d_broken_promise,19700.0,5,3,2,36.2,10,2,Jaipur,Android,,
CUST001512,Ananya Joshi,,group_d_broken_promise,14700.0,2,1,1,21.7,11,3,Delhi,Android,,
CUST001513,Saanvi Gupta,,normal,51600.0,8,7,1,1.6,2,2,Chennai,Desktop,,
CUST001514,Ishaan Verma,,normal,13800.0,1,1,0,3.3,2,2,Delhi,iOS,,
CUST001515,Arjun Malhotra,,normal,33400.0,3,2,1,1.2,1,1,Nagpur,iOS,,
CUST001516,Diya Chawla,Chawla Textiles Pvt Ltd,b2b,308600.0,41,35,6,3.8,3,2,Ahmedabad,Android,,
CUST001517,Meera Kapoor,,group_d_broken_promise,24600.0,3,1,2,33.7,3,1,Hyderabad,iOS,,
CUST001518,Meera Reddy,,normal,19900.0,5,4,1,3.1,0,0,Nagpur,Android,,
CUST001519,Aman Verma,,group_d_broken_promise,47700.0,9,5,4,22.4,4,1,Chennai,Android,,
CUST001520,Kiara Patel,,group_d_broken_promise,11200.0,1,0,1,23.9,8,1,Bangalore,iOS,,
CUST001521,Karan Verma,Joshi Industries Pvt Ltd,b2b,435600.0,69,64,5,8.2,5,4,Mumbai,Android,,
CUST001522,Rohan Malhotra,,normal,6600.0,2,2,0,6.5,1,1,Nagpur,Desktop,,
CUST001523,Diya Verma,,normal,14100.0,1,1,0,1.5,1,1,Mumbai,Android,,
CUST001524,Kabir Patel,,normal,31000.0,3,2,1,1.6,1,1,Chennai,Android,,
CUST001525,Saanvi Rao,,normal,30200.0,3,3,0,0.8,0,0,Hyderabad,Android,,
CUST001526,Rahul Rao,,group_d_broken_promise,29400.0,4,2,2,18.5,6,1,Indore,Android,,
CUST001527,Rohan Patel,,normal,13000.0,2,2,0,4.3,0,0,Pune,iOS,,
CUST001528,Kabir Chawla,,normal,26800.0,4,4,0,1.2,0,0,Bangalore,iOS,,
CUST001529,Meera Patel,,group_d_broken_promise,30900.0,6,3,3,13.0,6,2,Bangalore,iOS,,
CUST001530,Meera Singh,Nair Foods Pvt Ltd,b2b,319500.0,49,41,8,21.2,2,2,Jaipur,Desktop,,
CUST001531,Sanya Sharma,Nair Retail Pvt Ltd,b2b,284700.0,27,22,5,2.5,3,2,Kolkata,Android,,
CUST001532,Meera Malhotra,,group_d_broken_promise,51700.0,9,5,4,28.1,7,2,Mumbai,Android,,
CUST001533,Meera Bose,,normal,17600.0,1,1,0,4.5,2,2,Ahmedabad,Desktop,,
CUST001534,Rohan Kapoor,,normal,22500.0,5,4,1,1.6,1,1,Ahmedabad,iOS,,
CUST001535,Aarav Gupta,,dormant_high_ltv,453300.0,60,51,9,0.5,1,1,Lucknow,Android,,
CUST001536,Diya Malhotra,,normal,34400.0,10,8,2,1.0,0,0,Jaipur,Android,,
CUST001537,Kabir Sharma,,normal,13300.0,2,2,0,1.9,1,1,Bangalore,iOS,,
CUST001538,Kiara Singh,,normal,15300.0,2,2,0,0.2,1,1,Delhi,Desktop,,
CUST001539,Meera Malhotra,,normal,34700.0,3,3,0,0.2,1,1,Jaipur,Android,,
CUST001540,Vivaan Reddy,,normal,48800.0,6,5,1,1.7,0,0,Nagpur,Android,,
CUST001541,Karan Gupta,,normal,29100.0,9,6,3,3.5,0,0,Hyderabad,iOS,,
CUST001542,Karan Joshi,Rao Foods Pvt Ltd,b2b,609800.0,60,56,4,3.6,3,2,Indore,iOS,,
CUST001543,Myra Patel,,normal,21800.0,4,3,1,2.2,0,0,Indore,iOS,,
CUST001544,Kiara Singh,,group_d_broken_promise,16900.0,2,1,1,28.6,10,1,Lucknow,Desktop,,
CUST001545,Saanvi Iyer,,normal,28900.0,5,4,1,0.7,0,0,Jaipur,Desktop,,
CUST001546,Sanya Joshi,,normal,14000.0,3,3,0,3.3,0,0,Bangalore,Android,,
CUST001547,Rohan Bose,Reddy Tech Pvt Ltd,b2b,315900.0,33,29,4,5.0,4,3,Bangalore,Android,,
CUST001548,Meera Joshi,,normal,19300.0,2,2,0,1.6,2,2,Hyderabad,Android,,
CUST001549,Ananya Patel,Rao Apparel Pvt Ltd,b2b,423100.0,46,38,8,3.5,5,4,Bangalore,Android,,
CUST001550,Karan Sharma,Nair Tech Pvt Ltd,b2b,419100.0,54,46,8,4.2,3,3,Kolkata,Android,,
CUST001551,Priya Rao,,group_d_broken_promise,10900.0,2,1,1,26.8,6,2,Delhi,Desktop,,
CUST001552,Sanya Sharma,,normal,8400.0,3,3,0,1.2,0,0,Bangalore,Android,,
CUST001553,Rahul Rao,Chawla Retail Pvt Ltd,b2b,186300.0,25,22,3,5.3,2,2,Hyderabad,Android,,
CUST001554,Aditya Gupta,,normal,14200.0,4,4,0,2.3,2,2,Kolkata,iOS,,
CUST001555,Vivaan Iyer,Bose Traders Pvt Ltd,b2b,595200.0,64,55,9,5.7,2,2,Indore,iOS,,
CUST001556,Kiara Singh,,normal,23200.0,7,5,2,2.5,2,2,Chennai,Desktop,,
CUST001557,Ishaan Iyer,,normal,20700.0,4,3,1,5.5,0,0,Hyderabad,iOS,,
CUST001558,Aditya Patel,,normal,5700.0,2,2,0,3.6,1,1,Lucknow,iOS,,
CUST001559,Kabir Nair,,normal,16500.0,3,2,1,3.2,0,0,Kolkata,Desktop,,
CUST001560,Meera Patel,,normal,20500.0,4,4,0,0.0,1,1,Nagpur,iOS,,
CUST001561,Meera Malhotra,,normal,20900.0,7,5,2,0.4,0,0,Nagpur,Android,,
CUST001562,Neha Malhotra,,normal,9300.0,3,2,1,1.8,1,1,Indore,iOS,,
CUST001563,Saanvi Verma,,normal,27100.0,6,5,1,4.3,1,1,Lucknow,Android,,
CUST001564,Rahul Iyer,,normal,45200.0,8,6,2,3.6,0,0,Chennai,Android,,
CUST001565,Aman Sharma,,normal,28800.0,4,3,1,0.8,1,1,Mumbai,Android,,
CUST001566,Rahul Singh,,normal,19300.0,5,4,1,14.0,2,2,Mumbai,iOS,,
CUST001567,Meera Mehta,,group_d_broken_promise,20600.0,4,2,2,22.1,3,0,Mumbai,Android,,
CUST001568,Simran Gupta,,dormant_high_ltv,352500.0,50,45,5,0.9,1,1,Kolkata,iOS,,
CUST001569,Vivaan Nair,,normal,39900.0,8,7,1,3.9,2,1,Bangalore,Android,,
CUST001570,Rahul Singh,,normal,14000.0,1,1,0,2.7,2,2,Lucknow,Android,,
CUST001571,Aman Joshi,,normal,25300.0,4,3,1,1.3,0,0,Nagpur,Desktop,,
CUST001572,Vivaan Mehta,,normal,18300.0,3,2,1,5.6,2,2,Nagpur,Android,,
CUST001573,Neha Joshi,,normal,40100.0,10,9,1,0.5,0,0,Kolkata,Android,,
CUST001574,Simran Joshi,,normal,11400.0,1,1,0,2.2,0,0,Chennai,Android,,
CUST001575,Kabir Kapoor,,group_d_broken_promise,38200.0,4,1,3,18.2,5,1,Kolkata,Android,,
CUST001576,Rohan Iyer,Singh Textiles Pvt Ltd,b2b,238300.0,29,26,3,6.9,2,1,Hyderabad,Android,,
CUST001577,Kiara Bose,,normal,11400.0,1,1,0,1.2,0,0,Delhi,Desktop,,
CUST001578,Vivaan Iyer,,normal,35100.0,5,4,1,2.3,0,0,Lucknow,iOS,,
CUST001579,Ishaan Mehta,,normal,24400.0,7,5,2,0.6,2,2,Nagpur,Android,,
CUST001580,Myra Rao,,normal,36600.0,10,8,2,1.1,0,0,Hyderabad,Desktop,,
CUST001581,Aarav Kapoor,,normal,12000.0,2,2,0,5.1,0,0,Chennai,Desktop,,
CUST001582,Aman Malhotra,Malhotra Exports Pvt Ltd,b2b,212900.0,23,19,4,3.6,1,1,Hyderabad,Desktop,,
CUST001583,Aditya Nair,,normal,13100.0,2,2,0,2.2,1,1,Chennai,iOS,,
CUST001584,Aman Chawla,Gupta Distributors Pvt Ltd,b2b,303600.0,52,43,9,14.8,4,4,Delhi,Desktop,,
CUST001585,Arjun Patel,,normal,22200.0,5,5,0,1.3,0,0,Hyderabad,Android,,
CUST001586,Diya Singh,,normal,8600.0,2,2,0,2.9,0,0,Lucknow,Android,,
CUST001587,Vivaan Chawla,Sharma Retail Pvt Ltd,b2b,266200.0,29,24,5,5.6,2,2,Ahmedabad,Android,,
CUST001588,Priya Mehta,,normal,21400.0,2,1,1,4.5,2,2,Indore,iOS,,
CUST001589,Kiara Patel,Reddy Solutions Pvt Ltd,b2b,558500.0,60,55,5,9.4,3,3,Indore,iOS,,
CUST001590,Arjun Chawla,,group_d_broken_promise,26000.0,7,3,4,34.7,11,2,Nagpur,Android,,
CUST001591,Neha Bose,,group_d_broken_promise,32500.0,4,2,2,22.7,10,3,Ahmedabad,Android,,
CUST001592,Kabir Malhotra,,dormant_high_ltv,343600.0,38,32,6,3.0,1,1,Pune,iOS,,
CUST001593,Myra Chawla,,normal,15200.0,4,3,1,1.5,0,0,Bangalore,Android,,
CUST001594,Neha Verma,,normal,18200.0,4,3,1,0.1,0,0,Chennai,Android,,
CUST001595,Vivaan Reddy,,normal,27000.0,3,3,0,3.0,0,0,Chennai,iOS,,
CUST001596,Aman Reddy,,normal,27700.0,3,3,0,4.8,1,1,Delhi,Android,,
CUST001597,Sanya Patel,,group_d_broken_promise,15100.0,1,0,1,17.5,11,2,Lucknow,Android,,
CUST001598,Karan Iyer,,group_d_broken_promise,22700.0,3,1,2,31.3,9,3,Mumbai,Android,,
CUST001599,Neha Nair,,normal,44000.0,6,5,1,1.6,0,0,Hyderabad,Android,,
CUST001600,Rahul Verma,Iyer Retail Pvt Ltd,b2b,396800.0,49,43,6,5.9,1,1,Nagpur,Android,,
CUST001601,Aman Patel,,normal,32400.0,7,7,0,1.7,0,0,Kolkata,iOS,,
CUST001602,Ananya Kapoor,,group_d_broken_promise,26500.0,4,2,2,29.0,8,1,Chennai,iOS,,
CUST001603,Kiara Verma,,normal,6700.0,2,2,0,0.6,2,2,Ahmedabad,Android,,
CUST001604,Kabir Iyer,,normal,11900.0,2,2,0,2.3,0,0,Ahmedabad,Android,,
CUST001605,Diya Joshi,Bose Industries Pvt Ltd,b2b,293900.0,40,36,4,12.5,4,4,Mumbai,Android,,
CUST001606,Diya Sharma,Kapoor Tech Pvt Ltd,b2b,210300.0,19,18,1,9.2,4,4,Hyderabad,Android,,
CUST001607,Ishaan Iyer,,normal,12400.0,1,1,0,3.1,0,0,Pune,Desktop,,
CUST001608,Vivaan Bose,Bose Tech Pvt Ltd,b2b,413500.0,50,47,3,11.4,3,2,Delhi,Desktop,,
CUST001609,Meera Chawla,,normal,30700.0,4,3,1,8.5,1,1,Indore,Android,,
CUST001610,Rohan Bose,,normal,40700.0,5,4,1,7.2,0,0,Lucknow,Android,,
CUST001611,Kabir Sharma,Kapoor Foods Pvt Ltd,b2b,326000.0,53,43,10,10.2,4,3,Kolkata,Desktop,,
CUST001612,Aditya Kapoor,,normal,9900.0,3,3,0,0.3,2,2,Pune,Android,,
CUST001613,Neha Chawla,,normal,31100.0,7,5,2,1.5,0,0,Kolkata,Android,,
CUST001614,Arjun Patel,,normal,19300.0,3,2,1,1.9,2,2,Bangalore,iOS,,
CUST001615,Arjun Singh,,normal,17900.0,4,3,1,2.5,1,1,Chennai,Android,,
CUST001616,Sanya Singh,Mehta Enterprises Pvt Ltd,b2b,434000.0,53,45,8,3.6,1,1,Indore,Android,,
CUST001617,Ananya Reddy,,dormant_high_ltv,398300.0,54,53,1,0.4,1,1,Mumbai,Android,,
CUST001618,Vivaan Rao,,normal,13900.0,5,4,1,0.7,1,1,Lucknow,Android,,
CUST001619,Priya Iyer,,normal,16700.0,3,3,0,4.9,0,0,Jaipur,Android,,
CUST001620,Kiara Patel,,dormant_high_ltv,545500.0,59,57,2,5.4,0,0,Mumbai,iOS,,
CUST001621,Myra Mehta,Nair Tech Pvt Ltd,b2b,397700.0,60,56,4,3.2,5,5,Jaipur,Desktop,,
CUST001622,Rohan Mehta,,normal,21500.0,5,4,1,1.1,1,1,Ahmedabad,Android,,
CUST001623,Myra Malhotra,,normal,14800.0,3,2,1,2.3,1,1,Lucknow,Android,,
CUST001624,Vivaan Reddy,,group_d_broken_promise,12000.0,4,2,2,23.3,3,1,Delhi,Android,,
CUST001625,Ananya Reddy,,normal,23800.0,3,3,0,0.4,1,1,Hyderabad,iOS,,
CUST001626,Kiara Rao,,normal,18000.0,3,2,1,1.6,2,1,Jaipur,Desktop,,
CUST001627,Myra Nair,,normal,17000.0,4,3,1,1.3,1,1,Ahmedabad,iOS,,
CUST001628,Meera Reddy,,group_d_broken_promise,26400.0,5,2,3,20.2,6,1,Mumbai,iOS,,
CUST001629,Kabir Joshi,,group_d_broken_promise,21700.0,4,2,2,15.6,8,3,Mumbai,Android,,
CUST001630,Ishaan Chawla,,normal,26100.0,4,3,1,2.7,1,1,Mumbai,iOS,,
CUST001631,Kabir Joshi,,normal,22600.0,6,5,1,2.3,2,2,Delhi,Android,,
CUST001632,Ananya Joshi,,normal,5800.0,3,2,1,3.7,1,1,Bangalore,Desktop,,
CUST001633,Aman Joshi,,normal,24300.0,6,4,2,3.4,2,2,Lucknow,Android,,
CUST001634,Neha Rao,,normal,21900.0,3,2,1,2.8,2,2,Indore,Android,,
CUST001635,Rahul Kapoor,,normal,33400.0,7,6,1,2.1,2,2,Chennai,Android,,
CUST001636,Sanya Reddy,,normal,22400.0,4,3,1,0.9,1,1,Nagpur,iOS,,
CUST001637,Ananya Bose,,normal,16200.0,2,2,0,2.2,0,0,Mumbai,Desktop,,
CUST001638,Vivaan Kapoor,,normal,13700.0,4,4,0,6.1,1,1,Mumbai,Android,,
CUST001639,Aarav Patel,Bose Retail Pvt Ltd,b2b,269100.0,30,25,5,8.5,1,1,Jaipur,Android,,
CUST001640,Aman Iyer,,normal,7800.0,4,3,1,3.0,2,2,Jaipur,Android,,
CUST001641,Meera Verma,,normal,19200.0,3,3,0,1.5,2,2,Hyderabad,iOS,,
CUST001642,Aarav Verma,,group_d_broken_promise,88700.0,8,4,4,23.2,7,2,Ahmedabad,iOS,,
CUST001643,Aman Rao,,normal,12500.0,1,1,0,0.3,1,1,Lucknow,Android,,
CUST001644,Vivaan Sharma,Kapoor Tech Pvt Ltd,b2b,454300.0,47,39,8,9.8,4,3,Jaipur,iOS,,
CUST001645,Karan Malhotra,,group_d_broken_promise,25500.0,8,4,4,45.8,11,4,Chennai,Desktop,,
CUST001646,Kabir Rao,,normal,36100.0,3,2,1,1.8,2,2,Indore,Android,,
CUST001647,Simran Malhotra,Gupta Textiles Pvt Ltd,b2b,229200.0,34,28,6,9.5,2,2,Hyderabad,Android,,
CUST001648,Kabir Joshi,,normal,19600.0,2,2,0,1.3,2,2,Pune,Android,,
CUST001649,Priya Chawla,,normal,10800.0,2,2,0,2.2,0,0,Nagpur,iOS,,
CUST001650,Neha Chawla,,normal,6900.0,2,2,0,5.9,0,0,Bangalore,Android,,
CUST001651,Ananya Bose,Reddy Retail Pvt Ltd,b2b,321100.0,38,35,3,9.8,2,2,Ahmedabad,Android,,
CUST001652,Priya Sharma,Singh Apparel Pvt Ltd,b2b,336300.0,42,35,7,10.9,5,4,Hyderabad,iOS,,
CUST001653,Neha Iyer,Mehta Industries Pvt Ltd,b2b,352500.0,47,42,5,3.0,4,4,Jaipur,Desktop,,
CUST001654,Aman Chawla,,group_d_broken_promise,53200.0,11,6,5,24.4,10,1,Bangalore,Android,,
CUST001655,Simran Kapoor,,normal,8100.0,2,1,1,0.0,0,0,Lucknow,Android,,
CUST001656,Saanvi Nair,,normal,23200.0,4,4,0,1.3,1,1,Hyderabad,Android,,
CUST001657,Neha Malhotra,Patel Traders Pvt Ltd,b2b,224700.0,28,23,5,3.9,1,1,Hyderabad,Android,,
CUST001658,Aditya Sharma,,normal,38200.0,4,4,0,0.6,2,2,Bangalore,Desktop,,
CUST001659,Rohan Joshi,,normal,25700.0,4,3,1,10.8,2,2,Indore,Android,,
CUST001660,Ananya Sharma,,dormant_high_ltv,424400.0,56,51,5,3.1,0,0,Jaipur,iOS,,
CUST001661,Rahul Rao,,group_d_broken_promise,32400.0,5,3,2,20.8,6,1,Ahmedabad,Android,,
CUST001662,Saanvi Kapoor,,normal,18200.0,2,2,0,3.5,1,1,Indore,Android,,
CUST001663,Aarav Bose,,normal,49300.0,9,8,1,1.4,1,1,Hyderabad,Desktop,,
CUST001664,Arjun Malhotra,Rao Exports Pvt Ltd,b2b,547700.0,58,52,6,2.2,3,3,Kolkata,Android,,
CUST001665,Ananya Verma,,normal,28600.0,5,4,1,0.8,1,1,Delhi,Android,,
CUST001666,Saanvi Kapoor,,normal,22500.0,5,5,0,5.2,0,0,Chennai,Android,,
CUST001667,Priya Reddy,,normal,16000.0,5,4,1,0.2,1,1,Delhi,Android,,
CUST001668,Ishaan Joshi,Gupta Distributors Pvt Ltd,b2b,268900.0,27,23,4,3.5,5,4,Hyderabad,Desktop,,
CUST001669,Sanya Iyer,,dormant_high_ltv,311000.0,34,31,3,1.1,1,1,Chennai,Android,,
CUST001670,Kiara Rao,,normal,39200.0,5,4,1,1.2,1,1,Chennai,Android,,
CUST001671,Vivaan Malhotra,Sharma Solutions Pvt Ltd,b2b,195300.0,30,25,5,8.8,2,2,Bangalore,Android,,
CUST001672,Karan Bose,,normal,16700.0,6,6,0,2.5,0,0,Chennai,Android,,
CUST001673,Saanvi Chawla,,normal,12500.0,4,3,1,1.0,2,2,Chennai,Desktop,,
CUST001674,Kabir Singh,,group_d_broken_promise,24000.0,3,1,2,35.6,10,1,Pune,Android,,
CUST001675,Aditya Nair,,normal,18600.0,2,2,0,1.4,1,1,Bangalore,Android,,
CUST001676,Aditya Bose,,normal,20500.0,1,1,0,4.0,0,0,Delhi,Android,,
CUST001677,Vivaan Kapoor,,normal,29900.0,6,5,1,3.1,1,1,Chennai,Android,,
CUST001678,Priya Kapoor,,normal,12300.0,1,1,0,1.0,1,1,Pune,Android,,
CUST001679,Kabir Patel,,normal,13500.0,3,3,0,3.1,1,1,Chennai,Android,,
CUST001680,Saanvi Sharma,,normal,13900.0,3,3,0,2.2,1,1,Bangalore,iOS,,
CUST001681,Kabir Malhotra,,normal,18100.0,3,3,0,1.8,0,0,Mumbai,Desktop,,
CUST001682,Arjun Rao,,normal,10900.0,1,1,0,6.7,0,0,Bangalore,Android,,
CUST001683,Aditya Chawla,,normal,35800.0,5,4,1,4.9,1,1,Nagpur,Android,,
CUST001684,Karan Gupta,Mehta Traders Pvt Ltd,b2b,402200.0,42,38,4,7.0,5,5,Jaipur,iOS,,
CUST001685,Arjun Patel,,group_d_broken_promise,49100.0,10,5,5,34.9,6,2,Kolkata,Android,,
CUST001686,Myra Chawla,Singh Solutions Pvt Ltd,b2b,694200.0,56,45,11,18.2,3,2,Ahmedabad,iOS,,
CUST001687,Sanya Kapoor,,normal,8100.0,1,1,0,2.2,0,0,Indore,Android,,
CUST001688,Neha Chawla,,normal,39800.0,5,4,1,5.2,0,0,Jaipur,Android,,
CUST001689,Kabir Patel,,normal,28400.0,6,5,1,1.4,1,1,Mumbai,Android,,
CUST001690,Aman Mehta,,normal,12000.0,3,2,1,3.3,2,1,Nagpur,iOS,,
CUST001691,Ishaan Bose,,normal,17300.0,4,4,0,3.4,0,0,Pune,Android,,
CUST001692,Kabir Malhotra,,normal,12900.0,4,4,0,0.6,1,1,Nagpur,iOS,,
CUST001693,Sanya Reddy,Joshi Industries Pvt Ltd,b2b,186000.0,20,17,3,4.0,2,2,Kolkata,Android,,
CUST001694,Karan Verma,,normal,28600.0,8,7,1,1.7,2,2,Bangalore,iOS,,
CUST001695,Priya Rao,,normal,37700.0,6,5,1,3.2,0,0,Jaipur,Android,,
CUST001696,Kabir Verma,,normal,72900.0,20,16,4,2.3,0,0,Bangalore,iOS,,
CUST001697,Rahul Verma,,group_d_broken_promise,14100.0,1,1,0,34.7,8,1,Bangalore,Android,,
CUST001698,Aditya Singh,,normal,24900.0,6,6,0,1.1,1,1,Mumbai,Android,,
CUST001699,Arjun Chawla,,normal,8200.0,2,2,0,8.8,2,2,Pune,Android,,
CUST001700,Karan Chawla,,normal,11500.0,1,1,0,0.7,0,0,Ahmedabad,iOS,,
CUST001701,Myra Nair,,normal,24300.0,4,4,0,6.2,1,1,Bangalore,Android,,
CUST001702,Diya Bose,,normal,17700.0,2,2,0,3.7,2,2,Pune,Desktop,,
CUST001703,Karan Gupta,,normal,28200.0,2,2,0,0.9,0,0,Bangalore,Android,,
CUST001704,Aarav Kapoor,,normal,22700.0,3,2,1,2.8,0,0,Indore,iOS,,
CUST001705,Aman Bose,,normal,12000.0,1,1,0,1.8,1,1,Indore,Android,,
CUST001706,Kabir Verma,,normal,16300.0,3,3,0,2.8,0,0,Indore,Desktop,,
CUST001707,Meera Singh,,group_d_broken_promise,20400.0,2,1,1,45.3,7,1,Lucknow,Android,,
CUST001708,Vivaan Patel,,normal,28900.0,6,5,1,1.2,0,0,Nagpur,Android,,
CUST001709,Aman Singh,,normal,23300.0,7,6,1,5.3,2,2,Indore,Android,,
CUST001710,Kiara Nair,Reddy Industries Pvt Ltd,b2b,250800.0,41,37,4,7.0,4,3,Lucknow,iOS,,
CUST001711,Karan Gupta,,normal,28400.0,4,3,1,2.0,2,2,Chennai,Android,,
CUST001712,Rohan Iyer,,normal,9500.0,1,1,0,7.5,1,1,Kolkata,Android,,
CUST001713,Sanya Kapoor,,normal,12500.0,2,2,0,11.3,1,1,Nagpur,Android,,
CUST001714,Neha Kapoor,,normal,34500.0,6,4,2,1.7,0,0,Indore,Android,,
CUST001715,Aditya Iyer,Patel Retail Pvt Ltd,b2b,492100.0,57,49,8,8.8,4,3,Delhi,iOS,,
CUST001716,Sanya Malhotra,,normal,9700.0,1,1,0,1.4,2,2,Chennai,Android,,
CUST001717,Aman Kapoor,Reddy Exports Pvt Ltd,b2b,361300.0,40,37,3,10.1,4,3,Chennai,Android,,
CUST001718,Rohan Reddy,,normal,27500.0,5,5,0,6.5,2,1,Pune,Android,,
CUST001719,Myra Patel,,normal,9200.0,1,1,0,5.6,0,0,Pune,Desktop,,
CUST001720,Aman Sharma,,normal,20300.0,6,4,2,7.5,2,2,Bangalore,iOS,,
CUST001721,Neha Gupta,,dormant_high_ltv,277600.0,33,29,4,0.3,0,0,Nagpur,Desktop,,
CUST001722,Rahul Malhotra,Kapoor Exports Pvt Ltd,b2b,227400.0,32,27,5,4.2,2,2,Nagpur,iOS,,
CUST001723,Sanya Joshi,,normal,15100.0,2,2,0,0.8,0,0,Indore,Android,,
CUST001724,Arjun Bose,,normal,12000.0,3,3,0,4.1,0,0,Nagpur,Android,,
CUST001725,Myra Bose,,normal,21200.0,2,2,0,2.1,2,2,Kolkata,iOS,,
CUST001726,Neha Joshi,,dormant_high_ltv,504500.0,46,41,5,2.6,2,2,Bangalore,Android,,
CUST001727,Priya Singh,Malhotra Traders Pvt Ltd,b2b,335300.0,43,41,2,6.9,3,3,Indore,Desktop,,
CUST001728,Sanya Sharma,,normal,33600.0,4,3,1,2.8,2,2,Lucknow,Android,,
CUST001729,Myra Rao,,dormant_high_ltv,596700.0,72,68,4,5.6,1,1,Nagpur,iOS,,
CUST001730,Kiara Joshi,,normal,13400.0,2,2,0,9.4,2,2,Nagpur,Android,,
CUST001731,Vivaan Malhotra,,normal,6300.0,1,1,0,3.4,1,1,Mumbai,iOS,,
CUST001732,Vivaan Bose,,dormant_high_ltv,263400.0,24,23,1,7.2,1,1,Mumbai,Android,,
CUST001733,Aman Iyer,,normal,18000.0,3,3,0,2.4,2,2,Indore,Android,,
CUST001734,Neha Malhotra,Malhotra Traders Pvt Ltd,b2b,626400.0,54,46,8,9.3,4,3,Ahmedabad,iOS,,
CUST001735,Myra Bose,,normal,11900.0,4,3,1,1.3,2,2,Kolkata,Android,,
CUST001736,Diya Malhotra,,normal,29200.0,4,4,0,8.2,2,2,Hyderabad,Android,,
CUST001737,Kiara Malhotra,,normal,15000.0,5,4,1,4.2,2,2,Indore,Android,,
CUST001738,Priya Kapoor,Kapoor Industries Pvt Ltd,b2b,570400.0,62,54,8,3.5,2,2,Pune,iOS,,
CUST001739,Karan Sharma,,normal,13600.0,4,3,1,1.1,1,1,Kolkata,iOS,,
CUST001740,Kabir Nair,,normal,15900.0,3,3,0,0.5,1,1,Chennai,Android,,
CUST001741,Ishaan Mehta,Kapoor Logistics Pvt Ltd,b2b,872900.0,60,56,4,10.0,1,1,Mumbai,iOS,,
CUST001742,Sanya Reddy,Malhotra Logistics Pvt Ltd,b2b,462000.0,59,49,10,5.7,1,1,Indore,Android,,
CUST001743,Myra Bose,,dormant_high_ltv,509400.0,62,59,3,6.1,0,0,Kolkata,Desktop,,
CUST001744,Meera Chawla,,normal,33600.0,3,3,0,6.7,1,1,Jaipur,Android,,
CUST001745,Ishaan Mehta,,normal,23900.0,7,6,1,2.4,2,2,Kolkata,Android,,
CUST001746,Myra Singh,,normal,11000.0,2,2,0,1.1,0,0,Lucknow,Android,,
CUST001747,Kabir Nair,,normal,9500.0,1,1,0,2.1,0,0,Kolkata,Android,,
CUST001748,Kabir Mehta,,normal,39500.0,5,4,1,0.1,0,0,Indore,Android,,
CUST001749,Kabir Patel,,normal,13400.0,2,1,1,0.5,0,0,Pune,Android,,
CUST001750,Ishaan Singh,,normal,34100.0,5,5,0,5.5,1,1,Nagpur,iOS,,
CUST001751,Ishaan Bose,,normal,17600.0,5,5,0,0.1,1,1,Jaipur,Android,,
CUST001752,Simran Rao,Sharma Traders Pvt Ltd,b2b,300400.0,41,38,3,8.8,1,1,Bangalore,Android,,
CUST001753,Kiara Chawla,,normal,12600.0,3,2,1,1.1,2,2,Bangalore,Android,,
CUST001754,Neha Joshi,,normal,13100.0,2,2,0,0.9,2,2,Ahmedabad,Android,,
CUST001755,Karan Bose,Gupta Retail Pvt Ltd,b2b,488700.0,65,61,4,14.0,5,5,Jaipur,iOS,,
CUST001756,Aman Kapoor,,normal,18000.0,2,2,0,1.8,0,0,Lucknow,iOS,,
CUST001757,Kiara Reddy,,group_d_broken_promise,39300.0,6,3,3,19.7,10,2,Indore,iOS,,
CUST001758,Karan Gupta,,normal,6100.0,1,1,0,4.6,0,0,Nagpur,Android,,
CUST001759,Aman Gupta,,normal,12800.0,1,1,0,1.0,1,1,Kolkata,iOS,,
CUST001760,Diya Rao,,normal,47100.0,9,8,1,6.3,1,1,Delhi,Android,,
CUST001761,Meera Singh,Joshi Exports Pvt Ltd,b2b,278600.0,35,33,2,2.9,4,4,Lucknow,iOS,,
CUST001762,Arjun Kapoor,,group_d_broken_promise,8600.0,2,1,1,38.7,9,2,Hyderabad,Android,,
CUST001763,Rohan Verma,Malhotra Enterprises Pvt Ltd,b2b,345300.0,36,34,2,4.9,2,2,Delhi,Desktop,,
CUST001764,Diya Verma,,group_d_broken_promise,25000.0,4,2,2,19.0,5,1,Mumbai,iOS,,
CUST001765,Arjun Patel,,group_d_broken_promise,24900.0,3,1,2,33.7,10,3,Mumbai,Android,,
CUST001766,Saanvi Iyer,,dormant_high_ltv,450300.0,51,47,4,1.6,1,1,Ahmedabad,iOS,,
CUST001767,Aarav Chawla,,normal,54600.0,10,9,1,2.3,1,1,Pune,Android,,
CUST001768,Myra Malhotra,,dormant_high_ltv,327400.0,57,53,4,2.9,2,2,Pune,Desktop,,
CUST001769,Myra Singh,,group_d_broken_promise,28900.0,3,1,2,22.8,11,1,Delhi,Android,,
CUST001770,Rahul Patel,,normal,13500.0,2,2,0,1.7,0,0,Bangalore,Desktop,,
CUST001771,Myra Mehta,,normal,26700.0,5,4,1,2.9,0,0,Mumbai,Desktop,,
CUST001772,Kabir Reddy,,normal,23600.0,3,2,1,3.2,2,2,Mumbai,Desktop,,
CUST001773,Saanvi Iyer,,normal,10200.0,4,3,1,1.5,0,0,Hyderabad,Android,,
CUST001774,Ishaan Nair,,normal,27000.0,8,6,2,4.2,1,1,Pune,Desktop,,
CUST001775,Myra Iyer,,normal,15700.0,1,1,0,3.4,0,0,Jaipur,iOS,,
CUST001776,Arjun Chawla,,normal,19900.0,7,5,2,6.2,1,1,Hyderabad,iOS,,
CUST001777,Ananya Rao,,normal,29800.0,2,2,0,2.8,0,0,Bangalore,Android,,
CUST001778,Rahul Verma,,normal,16300.0,7,7,0,4.1,1,1,Delhi,iOS,,
CUST001779,Ishaan Iyer,Bose Traders Pvt Ltd,b2b,279300.0,41,37,4,14.4,5,4,Kolkata,Android,,
CUST001780,Aditya Joshi,,normal,16200.0,2,2,0,1.6,2,2,Indore,Android,,
CUST001781,Meera Chawla,,group_d_broken_promise,22800.0,4,2,2,26.5,6,1,Mumbai,Android,,
CUST001782,Rohan Nair,,normal,25500.0,5,5,0,4.5,1,1,Chennai,Desktop,,
CUST001783,Rahul Sharma,Verma Distributors Pvt Ltd,b2b,461300.0,57,50,7,2.5,4,4,Pune,Android,,
CUST001784,Aman Reddy,,group_d_broken_promise,38500.0,3,2,1,25.9,11,3,Bangalore,Android,,
CUST001785,Kiara Malhotra,Chawla Solutions Pvt Ltd,b2b,446100.0,66,55,11,12.2,1,1,Nagpur,Android,,
CUST001786,Diya Chawla,,normal,34700.0,6,5,1,0.8,2,2,Jaipur,Android,,
CUST001787,Rahul Patel,Patel Distributors Pvt Ltd,b2b,287600.0,38,37,1,7.5,3,3,Pune,Desktop,,
CUST001788,Kiara Iyer,,normal,24700.0,6,6,0,1.5,1,1,Jaipur,Android,,
CUST001789,Saanvi Gupta,,normal,16600.0,3,3,0,6.3,2,2,Jaipur,Android,,
CUST001790,Ishaan Patel,,dormant_high_ltv,425900.0,64,63,1,1.0,2,2,Indore,Android,,
CUST001791,Kabir Verma,,normal,32700.0,8,6,2,1.5,2,2,Pune,Android,,
CUST001792,Kiara Rao,Iyer Traders Pvt Ltd,b2b,530900.0,61,57,4,2.6,3,2,Bangalore,iOS,,
CUST001793,Ananya Singh,Mehta Enterprises Pvt Ltd,b2b,594700.0,58,48,10,7.1,5,4,Kolkata,Android,,
CUST001794,Rahul Singh,,normal,23100.0,6,5,1,3.1,1,1,Chennai,iOS,,
CUST001795,Ananya Joshi,,normal,38600.0,6,5,1,1.7,1,1,Bangalore,Android,,
CUST001796,Karan Chawla,Singh Logistics Pvt Ltd,b2b,301400.0,34,29,5,7.1,3,2,Mumbai,iOS,,
CUST001797,Diya Iyer,,normal,44000.0,7,5,2,4.5,2,2,Jaipur,iOS,,
CUST001798,Kiara Malhotra,Gupta Foods Pvt Ltd,b2b,416300.0,47,46,1,6.4,3,2,Kolkata,Android,,
CUST001799,Ananya Rao,,normal,24500.0,4,3,1,1.1,0,0,Hyderabad,Desktop,,
CUST001800,Simran Mehta,,normal,37100.0,6,5,1,0.8,2,2,Indore,Android,,
CUST001801,Aditya Gupta,,normal,37700.0,5,4,1,5.0,0,0,Indore,Android,,
CUST001802,Simran Sharma,,normal,18500.0,4,3,1,0.5,0,0,Bangalore,iOS,,
CUST001803,Meera Rao,,group_d_broken_promise,17300.0,2,1,1,37.1,6,1,Nagpur,Android,,
CUST001804,Kabir Singh,,normal,37700.0,8,6,2,2.3,2,2,Hyderabad,iOS,,
CUST001805,Kabir Patel,,normal,20400.0,1,1,0,6.0,2,2,Lucknow,Android,,
CUST001806,Vivaan Reddy,,normal,28300.0,5,4,1,0.3,0,0,Hyderabad,Android,,
CUST001807,Aman Reddy,,dormant_high_ltv,299400.0,32,31,1,0.4,0,0,Pune,iOS,,
CUST001808,Vivaan Iyer,,normal,19300.0,3,3,0,5.0,1,1,Hyderabad,Android,,
CUST001809,Karan Reddy,,normal,8700.0,2,1,1,2.5,1,1,Jaipur,Android,,
CUST001810,Simran Verma,,group_d_broken_promise,41200.0,6,3,3,17.4,8,1,Hyderabad,Desktop,,
CUST001811,Priya Mehta,Patel Apparel Pvt Ltd,b2b,609100.0,75,68,7,5.0,3,3,Lucknow,Android,,
CUST001812,Ishaan Verma,,normal,50800.0,5,4,1,4.4,2,2,Lucknow,Android,,
CUST001813,Aarav Singh,,normal,27700.0,7,5,2,2.0,0,0,Jaipur,Android,,
CUST001814,Rahul Malhotra,Verma Exports Pvt Ltd,b2b,403000.0,55,47,8,13.8,2,2,Indore,Desktop,,
CUST001815,Aarav Sharma,,normal,29000.0,9,7,2,0.2,2,2,Hyderabad,iOS,,
CUST001816,Kabir Bose,,normal,21400.0,4,3,1,1.7,1,1,Mumbai,iOS,,
CUST001817,Aditya Sharma,,normal,37600.0,8,7,1,1.6,1,1,Lucknow,iOS,,
CUST001818,Aman Verma,,normal,18300.0,2,2,0,4.8,0,0,Jaipur,Desktop,,
CUST001819,Meera Malhotra,,normal,19000.0,5,4,1,0.3,1,1,Bangalore,iOS,,
CUST001820,Myra Reddy,,normal,11100.0,3,2,1,4.8,1,1,Chennai,Android,,
CUST001821,Kabir Singh,,normal,22600.0,4,3,1,3.6,1,1,Bangalore,iOS,,
CUST001822,Diya Kapoor,,normal,36600.0,6,5,1,1.5,2,2,Pune,iOS,,
CUST001823,Myra Joshi,,normal,18400.0,4,3,1,3.3,2,2,Pune,Android,,
CUST001824,Sanya Chawla,,normal,10300.0,2,2,0,3.6,0,0,Mumbai,Android,,
CUST001825,Ananya Malhotra,,normal,32600.0,3,3,0,0.9,0,0,Lucknow,iOS,,
CUST001826,Kiara Malhotra,,dormant_high_ltv,379700.0,49,42,7,0.6,2,2,Jaipur,Android,,
CUST001827,Kiara Verma,,normal,25600.0,1,1,0,0.6,0,0,Indore,iOS,,
CUST001828,Myra Nair,,normal,47600.0,4,3,1,4.8,0,0,Jaipur,Desktop,,
CUST001829,Diya Verma,,normal,13100.0,4,4,0,1.8,2,2,Chennai,Android,,
CUST001830,Meera Bose,,normal,27800.0,5,5,0,3.3,2,2,Mumbai,iOS,,
CUST001831,Rahul Verma,,normal,10100.0,2,2,0,0.1,0,0,Bangalore,Android,,
CUST001832,Aarav Gupta,,normal,19600.0,3,2,1,1.2,1,1,Nagpur,Android,,
CUST001833,Sanya Reddy,,normal,21600.0,4,3,1,0.5,0,0,Indore,Desktop,,
CUST001834,Aditya Singh,,group_d_broken_promise,14900.0,3,2,1,36.9,6,1,Mumbai,Android,,
CUST001835,Rahul Sharma,Reddy Exports Pvt Ltd,b2b,321300.0,36,32,4,6.2,4,3,Nagpur,Desktop,,
CUST001836,Ananya Bose,,group_d_broken_promise,30100.0,5,2,3,31.2,9,3,Bangalore,Desktop,,
CUST001837,Karan Iyer,,dormant_high_ltv,404100.0,49,44,5,3.2,0,0,Indore,Android,,
CUST001838,Neha Joshi,,normal,8300.0,1,1,0,2.3,1,1,Jaipur,iOS,,
CUST001839,Arjun Gupta,,normal,35100.0,3,2,1,2.4,0,0,Nagpur,Android,,
CUST001840,Rohan Patel,,normal,30200.0,8,7,1,2.5,0,0,Delhi,Android,,
CUST001841,Kiara Verma,,dormant_high_ltv,563500.0,58,54,4,3.6,0,0,Bangalore,Android,,
CUST001842,Kiara Nair,,normal,25600.0,7,5,2,3.7,2,2,Lucknow,Android,,
CUST001843,Kiara Iyer,,group_d_broken_promise,46200.0,4,2,2,34.6,5,1,Chennai,Android,,
CUST001844,Ananya Joshi,,normal,10400.0,3,3,0,4.2,0,0,Jaipur,Android,,
CUST001845,Karan Malhotra,,group_d_broken_promise,16600.0,2,1,1,28.2,10,1,Pune,Android,,
CUST001846,Rahul Verma,,normal,13800.0,4,3,1,2.0,0,0,Lucknow,iOS,,
CUST001847,Ananya Iyer,Bose Distributors Pvt Ltd,b2b,350300.0,53,50,3,6.2,3,3,Bangalore,iOS,,
CUST001848,Kiara Singh,,normal,32000.0,5,5,0,1.4,0,0,Mumbai,Android,,
CUST001849,Simran Bose,,normal,19500.0,6,5,1,1.4,0,0,Lucknow,Android,,
CUST001850,Neha Iyer,,normal,17500.0,5,5,0,1.0,1,1,Bangalore,Android,,
CUST001851,Neha Malhotra,Patel Distributors Pvt Ltd,b2b,300100.0,46,39,7,8.1,3,3,Pune,Android,,
CUST001852,Ishaan Iyer,,normal,37100.0,7,6,1,4.7,2,2,Pune,Android,,
CUST001853,Neha Patel,,normal,21200.0,2,2,0,11.6,0,0,Bangalore,iOS,,
CUST001854,Neha Chawla,,normal,10900.0,2,2,0,0.4,2,2,Delhi,Android,,
CUST001855,Aditya Gupta,,normal,31800.0,4,3,1,4.0,0,0,Kolkata,iOS,,
CUST001856,Kabir Singh,,normal,10200.0,2,2,0,0.7,2,2,Bangalore,Desktop,,
CUST001857,Vivaan Patel,Iyer Apparel Pvt Ltd,b2b,537200.0,72,59,13,6.2,3,2,Jaipur,iOS,,
CUST001858,Arjun Reddy,Verma Enterprises Pvt Ltd,b2b,512000.0,58,52,6,2.8,3,3,Indore,iOS,,
CUST001859,Ananya Mehta,Chawla Traders Pvt Ltd,b2b,748200.0,64,52,12,12.7,2,1,Chennai,Android,,
CUST001860,Saanvi Sharma,Rao Retail Pvt Ltd,b2b,276200.0,40,37,3,13.0,2,1,Nagpur,Android,,
CUST001861,Ishaan Malhotra,,normal,19600.0,3,2,1,5.5,0,0,Mumbai,Android,,
CUST001862,Neha Iyer,,normal,22800.0,4,4,0,2.5,2,2,Hyderabad,iOS,,
CUST001863,Aditya Joshi,,normal,28300.0,6,6,0,1.8,0,0,Kolkata,Desktop,,
CUST001864,Aarav Reddy,,normal,9000.0,4,4,0,0.5,1,1,Nagpur,Android,,
CUST001865,Ananya Malhotra,,normal,5700.0,1,1,0,2.0,2,2,Indore,Android,,
CUST001866,Kabir Mehta,,normal,5800.0,1,1,0,2.3,1,1,Indore,Android,,
CUST001867,Ishaan Mehta,,normal,39600.0,3,2,1,0.5,0,0,Lucknow,Android,,
CUST001868,Simran Reddy,Rao Distributors Pvt Ltd,b2b,293800.0,41,37,4,15.2,1,1,Hyderabad,Android,,
CUST001869,Ishaan Chawla,,normal,8300.0,1,1,0,0.1,0,0,Delhi,Android,,
CUST001870,Ishaan Kapoor,,normal,45000.0,11,10,1,3.5,0,0,Lucknow,Android,,
CUST001871,Sanya Patel,Bose Logistics Pvt Ltd,b2b,213900.0,28,25,3,4.2,4,3,Delhi,iOS,,
CUST001872,Aarav Gupta,,normal,33600.0,5,5,0,0.7,0,0,Kolkata,Android,,
CUST001873,Rohan Verma,,normal,11900.0,1,1,0,2.6,0,0,Kolkata,iOS,,
CUST001874,Arjun Malhotra,,normal,6600.0,1,1,0,2.2,2,2,Ahmedabad,Android,,
CUST001875,Rohan Bose,,normal,20400.0,5,5,0,1.9,0,0,Nagpur,Android,,
CUST001876,Aman Rao,,normal,14900.0,2,2,0,2.8,0,0,Ahmedabad,iOS,,
CUST001877,Aman Malhotra,Malhotra Distributors Pvt Ltd,b2b,436800.0,60,56,4,5.2,5,5,Chennai,Desktop,,
CUST001878,Sanya Patel,Rao Exports Pvt Ltd,b2b,240300.0,43,37,6,11.1,3,2,Pune,iOS,,
CUST001879,Aman Reddy,,normal,37400.0,4,3,1,4.4,1,1,Nagpur,iOS,,
CUST001880,Ishaan Bose,,normal,22700.0,3,3,0,0.8,1,1,Ahmedabad,Android,,
CUST001881,Aman Sharma,,normal,19700.0,7,6,1,4.6,2,2,Hyderabad,iOS,,
CUST001882,Saanvi Mehta,,normal,17600.0,5,4,1,1.2,0,0,Nagpur,Android,,
CUST001883,Aarav Kapoor,,normal,28300.0,5,4,1,1.5,0,0,Ahmedabad,iOS,,
CUST001884,Myra Rao,,normal,18800.0,3,2,1,0.6,0,0,Lucknow,Android,,
CUST001885,Vivaan Iyer,Chawla Distributors Pvt Ltd,b2b,732600.0,56,48,8,5.3,4,4,Lucknow,Android,,
CUST001886,Kabir Rao,Gupta Exports Pvt Ltd,b2b,266200.0,38,34,4,11.6,1,1,Bangalore,Android,,
CUST001887,Saanvi Chawla,,group_d_broken_promise,18600.0,1,0,1,15.9,5,1,Delhi,iOS,,
CUST001888,Aman Chawla,,group_d_broken_promise,42000.0,1,0,1,25.4,10,2,Indore,Desktop,,
CUST001889,Aman Patel,,normal,49800.0,7,6,1,4.0,0,0,Lucknow,Android,,
CUST001890,Sanya Patel,,normal,8100.0,4,3,1,1.3,2,2,Chennai,iOS,,
CUST001891,Aman Verma,Joshi Traders Pvt Ltd,b2b,750400.0,56,47,9,6.0,2,2,Ahmedabad,Android,,
CUST001892,Ananya Joshi,,normal,16600.0,7,6,1,1.8,1,1,Hyderabad,Desktop,,
CUST001893,Karan Chawla,,normal,26200.0,6,6,0,1.0,0,0,Indore,iOS,,
CUST001894,Aditya Nair,,dormant_high_ltv,375000.0,56,49,7,1.6,1,1,Mumbai,Desktop,,
CUST001895,Ananya Singh,Malhotra Traders Pvt Ltd,b2b,131800.0,27,26,1,6.7,2,2,Mumbai,Desktop,,
CUST001896,Vivaan Reddy,,group_d_broken_promise,28000.0,5,3,2,49.5,11,3,Bangalore,Android,,
CUST001897,Kiara Kapoor,,normal,24400.0,3,3,0,4.1,2,1,Delhi,Android,,
CUST001898,Aarav Verma,Singh Exports Pvt Ltd,b2b,182200.0,23,20,3,7.1,5,4,Hyderabad,Android,,
CUST001899,Aman Kapoor,,dormant_high_ltv,335900.0,35,32,3,4.2,2,2,Delhi,iOS,,
CUST001900,Saanvi Malhotra,,dormant_high_ltv,440900.0,49,42,7,0.4,0,0,Chennai,Android,,
CUST001901,Aarav Nair,,normal,49700.0,10,9,1,3.9,0,0,Jaipur,iOS,,
CUST001902,Meera Verma,,dormant_high_ltv,468700.0,65,62,3,4.0,2,2,Mumbai,Desktop,,
CUST001903,Ananya Malhotra,,normal,13200.0,2,2,0,3.8,1,1,Jaipur,iOS,,
CUST001904,Myra Chawla,,group_d_broken_promise,11000.0,2,1,1,31.0,11,2,Nagpur,iOS,,
CUST001905,Ishaan Bose,,normal,4600.0,3,3,0,1.5,1,1,Bangalore,Android,,
CUST001906,Ishaan Chawla,,normal,32300.0,6,4,2,1.7,2,2,Kolkata,iOS,,
CUST001907,Simran Chawla,,normal,22100.0,4,3,1,5.6,1,1,Ahmedabad,iOS,,
CUST001908,Saanvi Singh,,dormant_high_ltv,333000.0,39,34,5,0.3,2,2,Indore,iOS,,
CUST001909,Simran Rao,,normal,32400.0,4,3,1,1.4,0,0,Hyderabad,iOS,,
CUST001910,Sanya Reddy,,normal,23800.0,4,3,1,2.2,0,0,Indore,Desktop,,
CUST001911,Simran Singh,,dormant_high_ltv,308200.0,39,36,3,0.5,2,2,Indore,Desktop,,
CUST001912,Aditya Malhotra,,group_d_broken_promise,28500.0,9,5,4,27.5,8,2,Jaipur,iOS,,
CUST001913,Arjun Sharma,,normal,5400.0,3,2,1,0.8,1,1,Lucknow,Desktop,,
CUST001914,Diya Iyer,,normal,24600.0,4,3,1,3.5,1,1,Pune,iOS,,
CUST001915,Ishaan Joshi,,group_d_broken_promise,35300.0,4,2,2,37.1,5,1,Pune,Android,,
CUST001916,Saanvi Bose,Joshi Solutions Pvt Ltd,b2b,237300.0,28,25,3,4.0,5,4,Chennai,iOS,,
CUST001917,Kiara Chawla,,normal,13200.0,3,3,0,1.6,2,1,Chennai,Android,,
CUST001918,Priya Gupta,,normal,16600.0,4,4,0,1.3,1,1,Pune,Android,,
CUST001919,Neha Mehta,,normal,18500.0,3,3,0,9.8,1,1,Bangalore,iOS,,
CUST001920,Priya Nair,,normal,10200.0,2,2,0,1.8,0,0,Pune,Desktop,,
CUST001921,Rohan Mehta,,normal,12900.0,2,1,1,1.6,0,0,Delhi,iOS,,
CUST001922,Myra Gupta,Malhotra Tech Pvt Ltd,b2b,398500.0,50,45,5,11.7,5,5,Delhi,Android,,
CUST001923,Aman Joshi,,normal,29300.0,4,3,1,0.6,2,1,Delhi,Desktop,,
CUST001924,Karan Iyer,,normal,29300.0,7,6,1,2.9,0,0,Jaipur,Android,,
CUST001925,Simran Nair,Nair Enterprises Pvt Ltd,b2b,348500.0,38,31,7,4.1,3,2,Nagpur,Android,,
CUST001926,Saanvi Bose,,dormant_high_ltv,314200.0,39,34,5,0.9,0,0,Ahmedabad,Desktop,,
CUST001927,Kabir Kapoor,,normal,7700.0,1,1,0,10.3,0,0,Hyderabad,Android,,
CUST001928,Arjun Singh,,normal,22200.0,4,3,1,3.1,2,2,Pune,Android,,
CUST001929,Vivaan Iyer,,dormant_high_ltv,564100.0,76,70,6,1.2,1,1,Hyderabad,Android,,
CUST001930,Arjun Gupta,,normal,31000.0,6,5,1,0.4,2,2,Nagpur,Android,,
CUST001931,Ananya Sharma,,normal,21100.0,3,2,1,4.4,2,2,Hyderabad,Android,,
CUST001932,Kabir Reddy,,normal,22900.0,5,4,1,16.1,0,0,Chennai,iOS,,
CUST001933,Meera Sharma,,normal,8000.0,3,2,1,3.8,1,1,Indore,iOS,,
CUST001934,Vivaan Verma,,normal,36700.0,7,5,2,6.9,0,0,Pune,Android,,
CUST001935,Kabir Patel,,normal,10700.0,1,1,0,0.8,0,0,Hyderabad,Desktop,,
CUST001936,Aman Mehta,,group_d_broken_promise,42900.0,6,3,3,12.9,4,1,Lucknow,Android,,
CUST001937,Myra Malhotra,,normal,16200.0,3,3,0,0.5,2,2,Indore,iOS,,
CUST001938,Neha Joshi,,normal,31200.0,1,1,0,0.8,2,2,Bangalore,Desktop,,
CUST001939,Meera Gupta,Joshi Retail Pvt Ltd,b2b,264300.0,30,25,5,5.0,2,2,Ahmedabad,Android,,
CUST001940,Kabir Kapoor,,dormant_high_ltv,462900.0,47,42,5,11.0,2,2,Hyderabad,Android,,
CUST001941,Meera Singh,Nair Logistics Pvt Ltd,b2b,342300.0,36,30,6,8.2,4,3,Ahmedabad,Android,,
CUST001942,Priya Singh,,normal,43600.0,7,6,1,2.3,1,1,Ahmedabad,Android,,
CUST001943,Aarav Bose,,normal,16900.0,2,1,1,5.7,2,1,Pune,Android,,
CUST001944,Kiara Nair,,group_d_broken_promise,29700.0,4,2,2,23.2,11,3,Nagpur,iOS,,
CUST001945,Ishaan Patel,,normal,56400.0,6,4,2,1.8,1,1,Lucknow,Desktop,,
CUST001946,Diya Verma,,normal,21400.0,3,3,0,0.1,2,2,Ahmedabad,iOS,,
CUST001947,Kabir Rao,Iyer Enterprises Pvt Ltd,b2b,289700.0,42,40,2,5.7,5,4,Lucknow,iOS,,
CUST001948,Priya Rao,,normal,20200.0,7,7,0,3.8,1,1,Pune,Android,,
CUST001949,Priya Nair,,dormant_high_ltv,368700.0,59,53,6,2.7,0,0,Ahmedabad,iOS,,
CUST001950,Diya Joshi,,normal,11500.0,5,4,1,1.2,0,0,Mumbai,iOS,,
CUST001951,Simran Rao,,normal,16300.0,6,5,1,7.9,0,0,Mumbai,Android,,
CUST001952,Arjun Patel,,dormant_high_ltv,535300.0,66,63,3,2.2,2,2,Jaipur,Android,,
CUST001953,Diya Malhotra,,normal,22400.0,4,4,0,7.8,1,1,Jaipur,Android,,
CUST001954,Arjun Malhotra,,normal,26400.0,7,6,1,0.6,1,1,Chennai,Android,,
CUST001955,Aman Gupta,,normal,25700.0,2,2,0,3.8,1,1,Kolkata,Android,,
CUST001956,Myra Chawla,,normal,15400.0,4,3,1,4.1,1,1,Jaipur,Android,,
CUST001957,Vivaan Iyer,,normal,39400.0,7,5,2,1.8,1,1,Hyderabad,Android,,
CUST001958,Arjun Patel,,dormant_high_ltv,332400.0,34,29,5,0.5,1,1,Hyderabad,Android,,
CUST001959,Ishaan Malhotra,,normal,20500.0,4,3,1,2.3,1,1,Lucknow,iOS,,
CUST001960,Aditya Iyer,,normal,19800.0,1,1,0,7.0,2,2,Mumbai,Android,,
CUST001961,Kabir Chawla,,normal,11100.0,1,1,0,3.0,2,2,Indore,iOS,,
CUST001962,Karan Joshi,,normal,27800.0,2,2,0,1.7,2,1,Lucknow,Android,,
CUST001963,Ishaan Nair,,normal,19200.0,2,2,0,3.8,2,2,Jaipur,Android,,
CUST001964,Myra Verma,,group_d_broken_promise,33000.0,8,3,5,28.2,7,1,Pune,iOS,,
CUST001965,Aman Reddy,,normal,17000.0,4,3,1,1.5,1,1,Kolkata,iOS,,
CUST001966,Simran Iyer,,dormant_high_ltv,394200.0,48,42,6,1.4,1,1,Hyderabad,Android,,
CUST001967,Rahul Mehta,,normal,9300.0,3,2,1,1.3,2,1,Pune,Android,,
CUST001968,Rahul Singh,,normal,9500.0,2,2,0,1.1,0,0,Indore,iOS,,
CUST001969,Vivaan Mehta,,normal,23700.0,3,3,0,4.6,0,0,Mumbai,Android,,
CUST001970,Myra Singh,,normal,42500.0,8,7,1,1.3,2,2,Nagpur,iOS,,
CUST001971,Sanya Nair,Nair Exports Pvt Ltd,b2b,432800.0,56,46,10,7.5,3,3,Bangalore,Android,,
CUST001972,Myra Joshi,,normal,17700.0,3,2,1,1.4,2,2,Mumbai,Android,,
CUST001973,Kiara Iyer,,normal,17600.0,4,4,0,1.6,1,1,Kolkata,Android,,
CUST001974,Neha Mehta,,normal,28000.0,4,3,1,6.7,0,0,Nagpur,Android,,
CUST001975,Rahul Malhotra,,group_d_broken_promise,55900.0,8,4,4,17.3,3,1,Bangalore,Android,,
CUST001976,Arjun Joshi,Chawla Solutions Pvt Ltd,b2b,243300.0,34,29,5,10.3,4,3,Lucknow,iOS,,
CUST001977,Aditya Singh,,normal,36000.0,6,6,0,2.2,2,2,Pune,iOS,,
CUST001978,Kabir Singh,,normal,14700.0,3,3,0,3.9,0,0,Pune,Android,,
CUST001979,Priya Gupta,,normal,11100.0,1,1,0,2.5,2,2,Chennai,Android,,
CUST001980,Neha Patel,Singh Industries Pvt Ltd,b2b,378100.0,54,49,5,3.8,4,4,Pune,iOS,,
CUST001981,Aditya Reddy,,normal,19000.0,3,2,1,1.0,0,0,Bangalore,Desktop,,
CUST001982,Rohan Kapoor,,normal,25500.0,3,2,1,4.2,1,1,Jaipur,Android,,
CUST001983,Ishaan Iyer,,normal,5800.0,3,3,0,0.9,2,1,Jaipur,iOS,,
CUST001984,Rohan Verma,Singh Distributors Pvt Ltd,b2b,383800.0,55,47,8,3.0,5,4,Jaipur,iOS,,
CUST001985,Ishaan Bose,,normal,15800.0,5,4,1,13.3,0,0,Hyderabad,Android,,
CUST001986,Diya Joshi,,normal,18000.0,4,4,0,1.0,1,1,Hyderabad,iOS,,
CUST001987,Karan Bose,Mehta Distributors Pvt Ltd,b2b,352300.0,63,53,10,11.2,3,3,Chennai,Desktop,,
CUST001988,Vivaan Gupta,,normal,16700.0,1,1,0,2.1,1,1,Lucknow,iOS,,
CUST001989,Saanvi Sharma,,normal,8900.0,1,1,0,2.4,0,0,Indore,Android,,
CUST001990,Kiara Chawla,,group_d_broken_promise,39900.0,7,4,3,23.4,8,2,Mumbai,Android,,
CUST001991,Rohan Joshi,,group_d_broken_promise,22400.0,3,1,2,20.5,7,2,Nagpur,Android,,
CUST001992,Kiara Reddy,,normal,15800.0,1,1,0,8.4,1,1,Lucknow,iOS,,
CUST001993,Simran Joshi,Iyer Distributors Pvt Ltd,b2b,414000.0,50,48,2,16.4,2,2,Delhi,Android,,
CUST001994,Myra Rao,,dormant_high_ltv,298300.0,40,37,3,0.7,2,1,Bangalore,iOS,,
CUST001995,Priya Sharma,,normal,18100.0,2,2,0,4.4,2,1,Jaipur,Android,,
CUST001996,Kiara Rao,,normal,12100.0,4,3,1,0.8,2,2,Ahmedabad,Desktop,,
CUST001997,Simran Joshi,Sharma Traders Pvt Ltd,b2b,341000.0,40,34,6,9.4,4,3,Mumbai,Android,,
CUST001998,Simran Kapoor,Chawla Foods Pvt Ltd,b2b,459500.0,59,53,6,6.1,5,4,Pune,Android,,
CUST001999,Simran Gupta,,normal,22500.0,4,3,1,1.2,1,1,Bangalore,Android,,
CUST002000,Ishaan Malhotra,,normal,30200.0,3,3,0,0.8,1,1,Indore,iOS,,
CUST002001,Priya Singh,,normal,30800.0,4,3,1,0.8,0,0,Jaipur,iOS,,
CUST002002,Myra Nair,,normal,13600.0,1,1,0,3.6,2,2,Mumbai,Android,,
CUST002003,Neha Kapoor,,normal,25300.0,3,2,1,8.2,0,0,Mumbai,iOS,,
CUST002004,Kabir Rao,,normal,24200.0,3,2,1,0.8,2,2,Pune,iOS,,
CUST002005,Arjun Bose,,group_d_broken_promise,23800.0,4,2,2,27.7,9,2,Ahmedabad,iOS,,
CUST002006,Myra Bose,,normal,47500.0,7,5,2,2.8,1,1,Kolkata,Desktop,,
CUST002007,Kiara Verma,,normal,25400.0,7,5,2,3.8,1,1,Chennai,Android,,
CUST002008,Neha Rao,,group_d_broken_promise,45200.0,7,4,3,28.1,11,3,Kolkata,Android,,
CUST002009,Meera Malhotra,,group_d_broken_promise,29400.0,4,2,2,20.8,7,1,Delhi,Android,,
CUST002010,Aman Joshi,,normal,26200.0,6,5,1,1.2,0,0,Bangalore,iOS,,
CUST002011,Aarav Rao,,dormant_high_ltv,528300.0,57,51,6,4.0,2,2,Delhi,Desktop,,
CUST002012,Rahul Nair,Singh Solutions Pvt Ltd,b2b,352200.0,44,39,5,8.3,5,4,Kolkata,Desktop,,
CUST002013,Rahul Mehta,,group_d_broken_promise,27300.0,3,2,1,28.4,7,2,Nagpur,Desktop,,
CUST002014,Diya Sharma,,normal,33400.0,6,6,0,2.5,1,1,Kolkata,iOS,,
CUST002015,Diya Iyer,,normal,10000.0,3,2,1,6.9,0,0,Indore,iOS,,
CUST002016,Saanvi Malhotra,,normal,20300.0,4,3,1,6.9,1,1,Jaipur,iOS,,
CUST002017,Priya Reddy,Verma Retail Pvt Ltd,b2b,546200.0,47,40,7,9.7,2,2,Bangalore,Android,,
CUST002018,Meera Rao,,dormant_high_ltv,326000.0,52,46,6,1.4,0,0,Nagpur,iOS,,
CUST002019,Neha Gupta,,normal,43900.0,2,2,0,5.2,1,1,Delhi,iOS,,
CUST002020,Rahul Reddy,,normal,44400.0,6,5,1,0.7,2,2,Ahmedabad,Android,,
CUST002021,Vivaan Reddy,,normal,15800.0,4,3,1,1.6,1,1,Ahmedabad,iOS,,
CUST002022,Meera Iyer,,group_d_broken_promise,22100.0,7,3,4,53.5,5,1,Hyderabad,Android,,
CUST002023,Karan Mehta,,dormant_high_ltv,327700.0,36,32,4,1.6,1,1,Pune,iOS,,
CUST002024,Ishaan Singh,Bose Industries Pvt Ltd,b2b,377400.0,50,48,2,11.5,3,2,Ahmedabad,Desktop,,
CUST002025,Priya Kapoor,,normal,43300.0,4,3,1,0.9,0,0,Indore,Android,,
CUST002026,Meera Bose,,normal,17000.0,1,1,0,0.4,1,1,Hyderabad,Desktop,,
CUST002027,Karan Bose,,normal,23000.0,8,7,1,8.7,2,2,Pune,iOS,,
CUST002028,Myra Rao,,normal,8200.0,1,1,0,4.0,0,0,Bangalore,Android,,
CUST002029,Ananya Verma,,normal,38400.0,4,3,1,0.4,0,0,Jaipur,Desktop,,
CUST002030,Myra Bose,,normal,16600.0,6,4,2,0.1,2,1,Kolkata,Android,,
CUST002031,Aarav Chawla,,dormant_high_ltv,443600.0,44,41,3,13.3,0,0,Lucknow,Android,,
CUST002032,Myra Mehta,,normal,9000.0,2,2,0,0.3,0,0,Hyderabad,Android,,
CUST002033,Rahul Bose,Sharma Distributors Pvt Ltd,b2b,533000.0,59,50,9,5.1,2,2,Jaipur,Android,,
CUST002034,Ananya Singh,,normal,18300.0,4,3,1,0.6,1,1,Hyderabad,iOS,,
CUST002035,Arjun Nair,,group_d_broken_promise,44300.0,5,3,2,20.1,3,1,Chennai,Android,,
CUST002036,Myra Joshi,,normal,5200.0,4,3,1,1.5,2,1,Jaipur,iOS,,
CUST002037,Aarav Gupta,,normal,27400.0,3,2,1,0.8,0,0,Mumbai,Android,,
CUST002038,Aditya Bose,,dormant_high_ltv,233900.0,33,29,4,0.7,2,2,Kolkata,Android,,
CUST002039,Aditya Malhotra,,normal,34700.0,4,4,0,1.1,2,1,Bangalore,iOS,,
CUST002040,Sanya Iyer,,normal,11300.0,1,1,0,3.3,0,0,Lucknow,Android,,
CUST002041,Aditya Nair,Kapoor Foods Pvt Ltd,b2b,291700.0,29,23,6,3.4,2,2,Jaipur,Android,,
CUST002042,Aman Kapoor,,normal,11100.0,1,1,0,4.2,1,1,Pune,iOS,,
CUST002043,Simran Kapoor,,normal,26300.0,3,3,0,1.6,0,0,Chennai,Android,,
CUST002044,Ishaan Mehta,,normal,28000.0,8,6,2,1.9,2,1,Pune,Desktop,,
CUST002045,Priya Joshi,,normal,14000.0,5,4,1,0.4,2,2,Hyderabad,Android,,
CUST002046,Arjun Sharma,,dormant_high_ltv,283800.0,33,30,3,6.0,0,0,Chennai,iOS,,
CUST002047,Neha Mehta,,normal,12100.0,2,2,0,0.4,0,0,Lucknow,Android,,
CUST002048,Saanvi Chawla,,normal,31500.0,6,5,1,0.2,0,0,Delhi,iOS,,
CUST002049,Ishaan Verma,,group_d_broken_promise,17100.0,5,3,2,21.8,6,2,Pune,Desktop,,
CUST002050,Priya Mehta,Bose Textiles Pvt Ltd,b2b,252500.0,33,27,6,13.6,2,2,Ahmedabad,iOS,,
CUST002051,Aarav Bose,,normal,8600.0,4,3,1,2.0,1,1,Kolkata,Android,,
CUST002052,Simran Reddy,,dormant_high_ltv,486200.0,57,54,3,5.1,1,1,Indore,Desktop,,
CUST002053,Diya Iyer,,normal,15300.0,1,1,0,3.1,1,1,Kolkata,Desktop,,
CUST002054,Vivaan Sharma,,normal,12000.0,3,2,1,1.0,2,1,Chennai,Android,,
CUST002055,Ishaan Joshi,Joshi Retail Pvt Ltd,b2b,458200.0,61,53,8,6.5,2,1,Bangalore,Android,,
CUST002056,Sanya Verma,,normal,26100.0,3,2,1,1.6,0,0,Chennai,Android,,
CUST002057,Simran Chawla,,normal,12500.0,1,1,0,1.1,1,1,Indore,Android,,
CUST002058,Myra Reddy,,normal,33700.0,4,4,0,1.7,2,2,Ahmedabad,Android,,
CUST002059,Diya Mehta,,group_d_broken_promise,20400.0,4,2,2,16.7,4,1,Indore,Android,,
CUST002060,Saanvi Sharma,,dormant_high_ltv,313100.0,44,39,5,0.8,2,2,Ahmedabad,Android,,
CUST002061,Priya Nair,,normal,15000.0,3,2,1,3.6,0,0,Kolkata,Android,,
CUST002062,Ishaan Kapoor,Nair Distributors Pvt Ltd,b2b,354500.0,48,45,3,13.9,5,5,Hyderabad,Desktop,,
CUST002063,Priya Iyer,,normal,23700.0,2,2,0,3.4,2,2,Indore,Desktop,,
CUST002064,Simran Joshi,,group_d_broken_promise,44200.0,5,3,2,35.2,8,1,Ahmedabad,Android,,
CUST002065,Myra Verma,,normal,12600.0,2,2,0,4.1,1,1,Lucknow,Desktop,,
CUST002066,Ishaan Iyer,,normal,21400.0,6,5,1,3.0,1,1,Nagpur,Android,,
CUST002067,Neha Joshi,,normal,13400.0,1,1,0,0.1,2,2,Kolkata,Android,,
CUST002068,Vivaan Kapoor,,normal,10800.0,3,3,0,0.6,1,1,Chennai,iOS,,
CUST002069,Aarav Verma,Malhotra Apparel Pvt Ltd,b2b,164700.0,13,13,0,8.1,3,3,Bangalore,Android,,
CUST002070,Aarav Singh,,normal,27900.0,5,4,1,1.9,0,0,Delhi,Desktop,,
CUST002071,Vivaan Rao,,normal,12400.0,1,1,0,2.0,2,2,Chennai,Android,,
CUST002072,Saanvi Malhotra,,normal,12500.0,2,2,0,1.3,2,2,Jaipur,Android,,
CUST002073,Arjun Iyer,Joshi Foods Pvt Ltd,b2b,274400.0,27,25,2,9.6,4,3,Indore,Desktop,,
CUST002074,Ishaan Chawla,,normal,20500.0,4,3,1,3.7,1,1,Nagpur,Android,,
CUST002075,Ishaan Verma,,normal,22300.0,5,4,1,1.8,1,1,Bangalore,Android,,
CUST002076,Sanya Sharma,,normal,10600.0,1,1,0,5.7,2,1,Nagpur,Android,,
CUST002077,Saanvi Singh,,normal,25000.0,7,7,0,0.9,0,0,Jaipur,iOS,,
CUST002078,Kiara Nair,,group_d_broken_promise,44000.0,12,5,7,27.8,3,1,Kolkata,Android,,
CUST002079,Kiara Mehta,Verma Traders Pvt Ltd,b2b,399200.0,58,51,7,6.9,2,1,Bangalore,iOS,,
CUST002080,Rahul Singh,,dormant_high_ltv,750100.0,55,50,5,0.3,1,1,Lucknow,iOS,,
CUST002081,Simran Malhotra,,normal,12900.0,3,2,1,1.5,1,1,Nagpur,Android,,
CUST002082,Rahul Mehta,Mehta Foods Pvt Ltd,b2b,343700.0,45,37,8,6.9,5,4,Pune,Android,,
CUST002083,Myra Rao,,normal,9300.0,3,2,1,1.1,0,0,Pune,Android,,
CUST002084,Rahul Gupta,,group_d_broken_promise,73400.0,10,4,6,40.3,4,1,Jaipur,Android,,
CUST002085,Vivaan Kapoor,,normal,16400.0,4,3,1,1.4,1,1,Pune,Android,,
CUST002086,Meera Iyer,Joshi Industries Pvt Ltd,b2b,270300.0,31,25,6,7.8,3,2,Indore,Android,,
CUST002087,Arjun Rao,,normal,16300.0,4,3,1,0.1,2,2,Mumbai,Android,,
CUST002088,Rahul Chawla,Kapoor Apparel Pvt Ltd,b2b,353400.0,54,45,9,3.7,4,3,Hyderabad,Android,,
CUST002089,Karan Bose,,normal,24000.0,6,4,2,0.8,2,2,Indore,Android,,
CUST002090,Ishaan Sharma,,normal,48500.0,8,6,2,1.2,2,1,Chennai,Desktop,,
CUST002091,Karan Chawla,,normal,20300.0,4,4,0,0.5,0,0,Kolkata,Desktop,,
CUST002092,Aman Singh,,normal,25700.0,5,5,0,1.0,1,1,Pune,iOS,,
CUST002093,Ishaan Reddy,,normal,8000.0,1,1,0,5.4,0,0,Lucknow,Android,,
CUST002094,Vivaan Bose,Chawla Distributors Pvt Ltd,b2b,373900.0,54,44,10,8.2,3,3,Chennai,iOS,,
CUST002095,Sanya Gupta,,normal,34600.0,7,6,1,1.1,1,1,Chennai,Android,,
CUST002096,Myra Kapoor,Sharma Textiles Pvt Ltd,b2b,195600.0,19,15,4,6.5,3,3,Mumbai,Android,,
CUST002097,Aditya Singh,,dormant_high_ltv,419900.0,51,47,4,0.5,2,2,Lucknow,Android,,
CUST002098,Diya Singh,,normal,17900.0,6,5,1,5.1,2,2,Indore,Desktop,,
CUST002099,Simran Chawla,,group_d_broken_promise,25100.0,3,1,2,45.3,6,2,Lucknow,iOS,,
CUST002100,Simran Chawla,Joshi Apparel Pvt Ltd,b2b,527400.0,62,53,9,5.4,2,2,Bangalore,Android,,
CUST002101,Aarav Kapoor,,normal,9600.0,2,2,0,1.3,0,0,Nagpur,Android,,
CUST002102,Kabir Rao,,group_d_broken_promise,22200.0,1,0,1,40.3,11,4,Nagpur,iOS,,
CUST002103,Kiara Singh,,normal,33900.0,7,6,1,0.9,2,2,Bangalore,iOS,,
CUST002104,Aarav Sharma,,normal,18300.0,2,2,0,0.1,1,1,Pune,Android,,
CUST002105,Karan Singh,,normal,31000.0,6,4,2,2.0,0,0,Delhi,Android,,
CUST002106,Priya Rao,,normal,51300.0,10,8,2,0.8,0,0,Bangalore,Desktop,,
CUST002107,Neha Bose,,normal,8500.0,3,2,1,4.3,2,2,Pune,Desktop,,
CUST002108,Kabir Rao,,normal,12700.0,1,1,0,4.4,1,1,Pune,iOS,,
CUST002109,Rahul Bose,Reddy Traders Pvt Ltd,b2b,572600.0,67,54,13,10.2,5,4,Indore,iOS,,
CUST002110,Aman Chawla,,group_d_broken_promise,23300.0,4,2,2,12.8,9,1,Jaipur,Desktop,,
CUST002111,Priya Malhotra,,normal,28200.0,7,5,2,5.0,2,2,Bangalore,Android,,
CUST002112,Kiara Chawla,,normal,18900.0,3,2,1,3.8,1,1,Bangalore,Android,,
CUST002113,Myra Nair,,group_d_broken_promise,11600.0,2,1,1,36.9,11,3,Mumbai,Android,,
CUST002114,Sanya Gupta,,normal,5400.0,2,1,1,1.7,0,0,Jaipur,Desktop,,
CUST002115,Aditya Patel,,dormant_high_ltv,259700.0,36,33,3,2.8,0,0,Mumbai,iOS,,
CUST002116,Rohan Rao,,normal,15500.0,2,2,0,0.4,0,0,Chennai,Android,,
CUST002117,Karan Verma,Joshi Retail Pvt Ltd,b2b,273900.0,26,24,2,4.1,1,1,Hyderabad,Android,,
CUST002118,Ishaan Nair,,dormant_high_ltv,219500.0,19,18,1,8.1,1,1,Hyderabad,Android,,
CUST002119,Ishaan Gupta,,group_d_broken_promise,9100.0,2,1,1,28.9,7,1,Nagpur,iOS,,
CUST002120,Rahul Sharma,Reddy Textiles Pvt Ltd,b2b,684600.0,74,69,5,7.0,3,3,Chennai,iOS,,
CUST002121,Ishaan Mehta,Gupta Foods Pvt Ltd,b2b,344800.0,39,32,7,2.6,2,2,Pune,Android,,
CUST002122,Aditya Gupta,,dormant_high_ltv,606100.0,60,54,6,1.6,1,1,Bangalore,Android,,
CUST002123,Ishaan Chawla,Kapoor Apparel Pvt Ltd,b2b,284300.0,31,27,4,5.6,5,4,Jaipur,Desktop,,
CUST002124,Vivaan Rao,,group_d_broken_promise,29700.0,3,2,1,60.8,7,2,Delhi,Android,,
CUST002125,Kiara Gupta,,normal,16800.0,1,1,0,2.8,1,1,Kolkata,iOS,,
CUST002126,Meera Joshi,,normal,18300.0,3,2,1,4.3,1,1,Nagpur,Desktop,,
CUST002127,Simran Gupta,Malhotra Enterprises Pvt Ltd,b2b,281400.0,41,33,8,5.7,4,3,Chennai,iOS,,
CUST002128,Rahul Chawla,Bose Traders Pvt Ltd,b2b,666300.0,52,48,4,4.0,5,5,Hyderabad,iOS,,
CUST002129,Ishaan Reddy,,group_d_broken_promise,21400.0,4,2,2,30.3,6,2,Mumbai,Android,,
CUST002130,Priya Verma,,dormant_high_ltv,419700.0,49,43,6,2.6,2,2,Chennai,Android,,
CUST002131,Kiara Nair,Iyer Textiles Pvt Ltd,b2b,244900.0,28,26,2,4.2,5,4,Lucknow,Android,,
CUST002132,Saanvi Chawla,,normal,12400.0,4,3,1,0.6,2,2,Hyderabad,Android,,
CUST002133,Kiara Gupta,,normal,39200.0,5,4,1,1.8,2,1,Nagpur,Desktop,,
CUST002134,Neha Chawla,,normal,8100.0,3,2,1,0.5,2,2,Jaipur,Android,,
CUST002135,Neha Verma,,normal,23100.0,2,2,0,1.6,0,0,Delhi,Desktop,,
CUST002136,Kabir Chawla,,normal,14000.0,3,3,0,0.1,0,0,Delhi,iOS,,
CUST002137,Kiara Nair,Kapoor Exports Pvt Ltd,b2b,376800.0,36,29,7,4.4,3,2,Lucknow,iOS,,
CUST002138,Ananya Rao,,normal,13500.0,1,1,0,2.1,2,1,Delhi,Android,,
CUST002139,Myra Malhotra,,normal,36500.0,11,8,3,0.3,2,2,Nagpur,Android,,
CUST002140,Ananya Nair,,normal,16400.0,2,1,1,1.1,0,0,Ahmedabad,Android,,
CUST002141,Kabir Patel,,normal,23100.0,3,3,0,2.0,1,1,Bangalore,Android,,
CUST002142,Arjun Patel,,normal,29200.0,3,2,1,0.4,1,1,Mumbai,iOS,,
CUST002143,Kabir Bose,,normal,19400.0,2,2,0,7.8,0,0,Chennai,Android,,
CUST002144,Kiara Reddy,,normal,36700.0,4,3,1,2.8,0,0,Lucknow,Desktop,,
CUST002145,Aditya Kapoor,Patel Retail Pvt Ltd,b2b,393200.0,51,46,5,10.3,2,2,Chennai,Android,,
CUST002146,Ishaan Patel,,normal,9200.0,2,2,0,1.1,1,1,Jaipur,iOS,,
CUST002147,Diya Reddy,,group_d_broken_promise,17600.0,4,2,2,32.2,3,0,Delhi,Desktop,,
CUST002148,Arjun Mehta,,normal,23900.0,4,3,1,4.2,1,1,Bangalore,iOS,,
CUST002149,Neha Mehta,,normal,48800.0,9,8,1,2.6,1,1,Mumbai,iOS,,
CUST002150,Aditya Joshi,,group_d_broken_promise,27100.0,6,4,2,26.3,4,1,Delhi,Android,,
CUST002151,Saanvi Malhotra,,normal,22800.0,6,5,1,6.0,2,2,Indore,Android,,
CUST002152,Ananya Kapoor,,dormant_high_ltv,382200.0,47,41,6,3.3,2,2,Mumbai,Android,,
CUST002153,Ananya Chawla,,normal,7200.0,1,1,0,1.5,2,2,Nagpur,Android,,
CUST002154,Arjun Rao,,normal,24300.0,6,4,2,1.4,0,0,Mumbai,iOS,,
CUST002155,Myra Bose,,normal,40100.0,6,5,1,6.7,0,0,Mumbai,Android,,
CUST002156,Myra Reddy,,normal,15600.0,2,2,0,1.0,2,2,Hyderabad,iOS,,
CUST002157,Aman Iyer,,group_d_broken_promise,30000.0,12,6,6,45.2,10,3,Delhi,Android,,
CUST002158,Aarav Bose,Mehta Textiles Pvt Ltd,b2b,459300.0,52,44,8,14.2,3,3,Delhi,Desktop,,
CUST002159,Saanvi Kapoor,,normal,15500.0,2,2,0,5.1,2,2,Indore,Android,,
CUST002160,Rohan Verma,,dormant_high_ltv,419300.0,46,44,2,6.2,0,0,Jaipur,Android,,
CUST002161,Simran Rao,,normal,27600.0,3,2,1,2.1,1,1,Ahmedabad,iOS,,
CUST002162,Karan Gupta,Singh Apparel Pvt Ltd,b2b,366000.0,38,31,7,9.3,5,5,Hyderabad,Android,,
CUST002163,Karan Mehta,,normal,25000.0,7,6,1,3.4,2,2,Bangalore,Desktop,,
CUST002164,Vivaan Reddy,,normal,19700.0,5,4,1,1.8,2,2,Hyderabad,Android,,
CUST002165,Kiara Nair,,normal,12900.0,4,3,1,1.3,0,0,Nagpur,Desktop,,
CUST002166,Aditya Chawla,Joshi Textiles Pvt Ltd,b2b,647000.0,65,61,4,10.7,3,3,Ahmedabad,iOS,,
CUST002167,Rohan Malhotra,,normal,14700.0,4,4,0,0.2,1,1,Hyderabad,Android,,
CUST002168,Sanya Kapoor,,normal,11000.0,3,3,0,7.5,2,2,Delhi,Android,,
CUST002169,Neha Mehta,Kapoor Exports Pvt Ltd,b2b,695400.0,62,59,3,9.9,1,1,Hyderabad,Desktop,,
CUST002170,Ishaan Chawla,,normal,6800.0,3,2,1,5.8,1,1,Ahmedabad,Android,,
CUST002171,Karan Verma,,normal,34600.0,7,5,2,7.6,2,2,Kolkata,iOS,,
CUST002172,Rohan Singh,Verma Textiles Pvt Ltd,b2b,588400.0,77,68,9,5.8,4,3,Ahmedabad,Android,,
CUST002173,Rohan Iyer,,normal,28400.0,3,3,0,1.3,2,2,Delhi,Android,,
CUST002174,Diya Verma,,group_d_broken_promise,24200.0,3,1,2,39.6,6,1,Jaipur,Android,,
CUST002175,Simran Mehta,,normal,26900.0,4,3,1,3.6,0,0,Jaipur,iOS,,
CUST002176,Sanya Bose,,normal,26600.0,7,6,1,3.9,1,1,Delhi,iOS,,
CUST002177,Aarav Malhotra,,normal,17100.0,4,3,1,3.1,1,1,Mumbai,Android,,
CUST002178,Aditya Chawla,,normal,15900.0,4,4,0,4.7,1,1,Lucknow,Android,,
CUST002179,Sanya Malhotra,Rao Exports Pvt Ltd,b2b,407200.0,62,50,12,2.9,2,2,Lucknow,Android,,
CUST002180,Diya Singh,,normal,9700.0,3,3,0,3.0,1,1,Hyderabad,Android,,
CUST002181,Arjun Nair,,normal,29600.0,7,6,1,2.8,0,0,Nagpur,iOS,,
CUST002182,Neha Mehta,,normal,64300.0,11,8,3,4.4,2,2,Bangalore,Android,,
CUST002183,Neha Bose,,normal,23800.0,4,3,1,2.6,2,2,Indore,iOS,,
CUST002184,Ananya Kapoor,,group_d_broken_promise,24500.0,1,0,1,24.6,8,1,Delhi,iOS,,
CUST002185,Ishaan Chawla,,normal,31900.0,7,6,1,0.9,0,0,Indore,Android,,
CUST002186,Vivaan Malhotra,,group_d_broken_promise,21300.0,6,3,3,23.0,5,1,Indore,Desktop,,
CUST002187,Priya Bose,,normal,31900.0,8,6,2,4.9,0,0,Jaipur,Android,,
CUST002188,Saanvi Patel,,normal,41400.0,4,3,1,1.5,0,0,Nagpur,Android,,
CUST002189,Rohan Reddy,Bose Distributors Pvt Ltd,b2b,494400.0,66,58,8,27.1,3,2,Mumbai,iOS,,
CUST002190,Aman Patel,,normal,12000.0,4,3,1,5.3,1,1,Mumbai,iOS,,
CUST002191,Simran Bose,,group_d_broken_promise,36600.0,4,2,2,32.8,11,4,Bangalore,Android,,
CUST002192,Arjun Sharma,,normal,8100.0,1,1,0,5.1,2,1,Delhi,iOS,,
CUST002193,Rahul Singh,,normal,21300.0,3,2,1,2.6,2,1,Pune,Android,,
CUST002194,Arjun Malhotra,,dormant_high_ltv,259200.0,28,24,4,1.1,1,1,Jaipur,Android,,
CUST002195,Kabir Malhotra,,normal,18000.0,3,2,1,1.9,2,2,Hyderabad,Desktop,,
CUST002196,Aman Gupta,,normal,61200.0,6,5,1,4.6,0,0,Ahmedabad,Android,,
CUST002197,Rahul Singh,,dormant_high_ltv,397600.0,53,50,3,1.3,0,0,Chennai,iOS,,
CUST002198,Kabir Joshi,,normal,11100.0,4,3,1,3.1,2,2,Lucknow,Android,,
CUST002199,Ananya Malhotra,Rao Logistics Pvt Ltd,b2b,319600.0,48,46,2,5.8,5,4,Ahmedabad,iOS,,
CUST002200,Aditya Nair,,normal,48400.0,5,4,1,1.7,0,0,Mumbai,Desktop,,
CUST002201,Ishaan Reddy,,group_d_broken_promise,19700.0,3,2,1,20.5,7,1,Mumbai,Desktop,,
CUST002202,Aditya Singh,,normal,18000.0,2,1,1,5.1,2,2,Lucknow,Android,,
CUST002203,Rohan Malhotra,,normal,10400.0,2,1,1,3.3,1,1,Delhi,Android,,
CUST002204,Ananya Mehta,,group_d_broken_promise,15900.0,2,1,1,18.5,8,2,Mumbai,iOS,,
CUST002205,Rohan Verma,Verma Tech Pvt Ltd,b2b,534900.0,54,48,6,7.4,5,4,Mumbai,Android,,
CUST002206,Saanvi Iyer,,normal,43600.0,11,9,2,11.1,2,2,Chennai,Android,,
CUST002207,Kiara Joshi,,normal,12100.0,1,1,0,6.7,0,0,Bangalore,iOS,,
CUST002208,Sanya Kapoor,,normal,32000.0,7,5,2,3.1,2,2,Delhi,Android,,
CUST002209,Arjun Nair,,group_d_broken_promise,20800.0,4,2,2,16.5,9,3,Hyderabad,Android,,
CUST002210,Sanya Bose,,group_d_broken_promise,29000.0,3,1,2,30.7,8,1,Lucknow,Android,,
CUST002211,Vivaan Nair,,normal,21600.0,2,2,0,0.3,1,1,Bangalore,Android,,
CUST002212,Vivaan Bose,,normal,48300.0,5,4,1,2.3,2,2,Ahmedabad,Android,,
CUST002213,Aditya Joshi,,normal,35700.0,5,4,1,14.0,1,1,Delhi,iOS,,
CUST002214,Kiara Nair,,normal,17800.0,3,2,1,2.8,0,0,Jaipur,iOS,,
CUST002215,Aman Iyer,,normal,43700.0,6,5,1,1.6,1,1,Chennai,Android,,
CUST002216,Karan Sharma,,group_d_broken_promise,37700.0,7,4,3,32.4,10,3,Delhi,Android,,
CUST002217,Aman Bose,,group_d_broken_promise,61600.0,9,4,5,67.7,3,1,Jaipur,Android,,
CUST002218,Saanvi Patel,,normal,25300.0,4,3,1,2.5,2,2,Lucknow,Android,,
CUST002219,Arjun Rao,,normal,20000.0,3,2,1,5.6,2,2,Indore,Android,,
CUST002220,Kabir Verma,Chawla Industries Pvt Ltd,b2b,290000.0,45,37,8,6.8,5,4,Delhi,Android,,
CUST002221,Saanvi Chawla,,normal,21400.0,4,4,0,2.5,1,1,Mumbai,iOS,,
CUST002222,Diya Verma,,normal,32700.0,7,5,2,2.7,2,1,Jaipur,Android,,
CUST002223,Arjun Nair,,normal,17300.0,2,2,0,3.3,0,0,Hyderabad,iOS,,
CUST002224,Kabir Verma,,group_d_broken_promise,27200.0,5,2,3,67.0,8,1,Delhi,iOS,,
CUST002225,Rahul Mehta,,normal,14800.0,2,2,0,0.4,0,0,Lucknow,Android,,
CUST002226,Ishaan Verma,Chawla Textiles Pvt Ltd,b2b,258400.0,42,35,7,6.0,4,3,Jaipur,iOS,,
CUST002227,Meera Rao,,normal,13000.0,1,1,0,0.9,1,1,Delhi,Desktop,,
CUST002228,Kiara Gupta,,dormant_high_ltv,318300.0,45,40,5,3.5,0,0,Hyderabad,Android,,
CUST002229,Diya Verma,,dormant_high_ltv,391100.0,38,35,3,6.7,1,1,Indore,Android,,
CUST002230,Arjun Gupta,,normal,23600.0,5,4,1,0.8,2,2,Mumbai,iOS,,
CUST002231,Sanya Bose,Gupta Textiles Pvt Ltd,b2b,256000.0,30,27,3,3.7,3,2,Kolkata,Android,,
CUST002232,Aarav Kapoor,,normal,13500.0,2,2,0,6.1,1,1,Kolkata,iOS,,
CUST002233,Vivaan Chawla,,group_d_broken_promise,53500.0,2,1,1,22.6,6,1,Chennai,iOS,,
CUST002234,Rahul Joshi,,normal,32900.0,9,8,1,1.7,0,0,Pune,Desktop,,
CUST002235,Rohan Nair,,normal,17100.0,4,3,1,4.4,0,0,Hyderabad,iOS,,
CUST002236,Rohan Iyer,,normal,26400.0,6,4,2,0.2,2,1,Hyderabad,Android,,
CUST002237,Rohan Verma,,group_d_broken_promise,18900.0,4,2,2,31.0,11,1,Jaipur,Android,,
CUST002238,Kabir Chawla,Nair Distributors Pvt Ltd,b2b,436900.0,65,61,4,3.3,5,4,Lucknow,Desktop,,
CUST002239,Ishaan Rao,,normal,36800.0,3,2,1,2.5,2,2,Kolkata,Android,,
CUST002240,Rahul Rao,,normal,42100.0,6,5,1,6.1,0,0,Lucknow,iOS,,
CUST002241,Sanya Bose,Kapoor Exports Pvt Ltd,b2b,615500.0,64,54,10,3.0,4,3,Hyderabad,Android,,
CUST002242,Priya Reddy,,dormant_high_ltv,354800.0,53,45,8,2.2,1,1,Ahmedabad,Android,,
CUST002243,Ishaan Patel,,normal,22300.0,2,2,0,4.7,0,0,Pune,iOS,,
CUST002244,Karan Verma,Bose Distributors Pvt Ltd,b2b,634900.0,67,64,3,4.8,3,3,Jaipur,Android,,
CUST002245,Myra Malhotra,,normal,6400.0,2,2,0,1.4,2,2,Chennai,Desktop,,
CUST002246,Saanvi Sharma,,group_d_broken_promise,17300.0,4,2,2,18.2,3,0,Indore,Desktop,,
CUST002247,Arjun Nair,Mehta Logistics Pvt Ltd,b2b,168100.0,21,20,1,5.3,5,4,Mumbai,iOS,,
CUST002248,Saanvi Mehta,,normal,6600.0,3,3,0,3.1,1,1,Bangalore,Android,,
CUST002249,Aditya Reddy,,normal,32400.0,3,2,1,5.1,2,2,Jaipur,Android,,
CUST002250,Vivaan Reddy,Malhotra Solutions Pvt Ltd,b2b,505900.0,52,44,8,4.5,1,1,Ahmedabad,Android,,
CUST002251,Ishaan Chawla,,normal,11700.0,3,3,0,3.3,1,1,Ahmedabad,Android,,
CUST002252,Aditya Kapoor,,normal,16700.0,2,1,1,4.6,0,0,Lucknow,Android,,
CUST002253,Sanya Patel,,normal,35000.0,7,6,1,2.7,0,0,Jaipur,iOS,,
CUST002254,Rohan Sharma,,normal,14900.0,2,2,0,0.7,1,1,Mumbai,Android,,
CUST002255,Saanvi Kapoor,,normal,9700.0,2,2,0,5.1,1,1,Mumbai,iOS,,
CUST002256,Rohan Iyer,,normal,17000.0,3,2,1,0.9,2,2,Hyderabad,iOS,,
CUST002257,Myra Chawla,,normal,29200.0,7,7,0,5.4,0,0,Pune,iOS,,
CUST002258,Saanvi Singh,,normal,14800.0,2,2,0,13.6,0,0,Delhi,Android,,
CUST002259,Neha Iyer,,dormant_high_ltv,413500.0,55,49,6,0.3,0,0,Jaipur,Desktop,,
CUST002260,Saanvi Mehta,,normal,27000.0,2,2,0,0.3,0,0,Kolkata,iOS,,
CUST002261,Aman Joshi,,normal,9900.0,1,1,0,6.9,1,1,Hyderabad,iOS,,
CUST002262,Aditya Nair,,normal,12800.0,4,4,0,1.5,0,0,Kolkata,Android,,
CUST002263,Neha Mehta,,normal,17100.0,5,4,1,1.6,2,2,Mumbai,iOS,,
CUST002264,Vivaan Bose,,group_d_broken_promise,32200.0,6,3,3,46.0,3,1,Lucknow,Android,,
CUST002265,Aditya Verma,,normal,37500.0,4,4,0,0.7,1,1,Mumbai,Android,,
CUST002266,Myra Nair,,group_d_broken_promise,34600.0,5,2,3,17.3,6,1,Kolkata,Android,,
CUST002267,Sanya Patel,,normal,15800.0,3,3,0,0.3,0,0,Ahmedabad,Desktop,,
CUST002268,Rahul Bose,,normal,14600.0,3,2,1,1.6,1,1,Chennai,iOS,,
CUST002269,Simran Rao,,normal,14600.0,1,1,0,7.3,2,1,Nagpur,Android,,
CUST002270,Kabir Chawla,,normal,27000.0,2,2,0,1.1,0,0,Ahmedabad,Android,,
CUST002271,Meera Joshi,,normal,30700.0,4,3,1,4.6,1,1,Kolkata,iOS,,
CUST002272,Diya Rao,,normal,36600.0,3,3,0,1.5,0,0,Kolkata,Desktop,,
CUST002273,Ananya Rao,,normal,52400.0,8,6,2,3.6,1,1,Hyderabad,iOS,,
CUST002274,Ananya Kapoor,,normal,23700.0,4,4,0,4.1,0,0,Nagpur,Android,,
CUST002275,Rohan Joshi,,normal,13600.0,2,2,0,4.0,1,1,Lucknow,Android,,
CUST002276,Rohan Mehta,,dormant_high_ltv,368600.0,38,37,1,1.7,0,0,Bangalore,Android,,
CUST002277,Simran Sharma,,normal,18400.0,5,4,1,2.8,2,2,Delhi,Android,,
CUST002278,Aman Verma,Reddy Industries Pvt Ltd,b2b,252600.0,25,23,2,7.5,2,2,Lucknow,iOS,,
CUST002279,Karan Bose,,normal,12000.0,1,1,0,1.5,2,2,Nagpur,iOS,,
CUST002280,Saanvi Bose,,normal,21400.0,2,2,0,6.1,2,2,Delhi,Desktop,,
CUST002281,Simran Iyer,,normal,13100.0,3,2,1,2.1,2,1,Nagpur,Android,,
CUST002282,Karan Singh,,group_d_broken_promise,28500.0,5,2,3,15.9,6,1,Pune,iOS,,
CUST002283,Ananya Kapoor,Sharma Retail Pvt Ltd,b2b,804300.0,62,50,12,9.1,5,4,Pune,iOS,,
CUST002284,Sanya Gupta,,normal,36500.0,5,4,1,10.8,2,1,Nagpur,Android,,
CUST002285,Simran Verma,Chawla Tech Pvt Ltd,b2b,226100.0,35,32,3,7.8,5,4,Nagpur,iOS,,
CUST002286,Neha Nair,,group_d_broken_promise,89800.0,10,5,5,18.1,5,2,Jaipur,Android,,
CUST002287,Rahul Singh,,normal,22700.0,5,4,1,3.1,0,0,Pune,Desktop,,
CUST002288,Ananya Bose,,normal,42700.0,4,4,0,1.8,2,2,Mumbai,iOS,,
CUST002289,Aditya Malhotra,,group_d_broken_promise,19500.0,6,3,3,16.7,7,1,Delhi,iOS,,
CUST002290,Kabir Sharma,Kapoor Industries Pvt Ltd,b2b,196800.0,23,20,3,9.0,5,4,Bangalore,Android,,
CUST002291,Neha Malhotra,,normal,30100.0,2,2,0,2.4,1,1,Bangalore,Android,,
CUST002292,Karan Nair,,normal,28700.0,5,4,1,1.2,2,1,Pune,Android,,
CUST002293,Saanvi Iyer,,normal,9700.0,5,4,1,7.4,0,0,Ahmedabad,iOS,,
CUST002294,Priya Reddy,Verma Traders Pvt Ltd,b2b,509800.0,68,56,12,7.1,2,2,Mumbai,Desktop,,
CUST002295,Meera Patel,Iyer Retail Pvt Ltd,b2b,312800.0,38,35,3,8.7,3,3,Hyderabad,Android,,
CUST002296,Diya Iyer,,dormant_high_ltv,349200.0,45,39,6,2.9,1,1,Hyderabad,Android,,
CUST002297,Karan Reddy,,normal,27000.0,6,5,1,2.2,2,2,Pune,Android,,
CUST002298,Neha Verma,,dormant_high_ltv,310100.0,33,31,2,5.6,1,1,Mumbai,Android,,
CUST002299,Rohan Mehta,,dormant_high_ltv,261600.0,43,38,5,2.8,2,2,Lucknow,Android,,
CUST002300,Ishaan Chawla,,normal,51800.0,6,6,0,1.1,1,1,Chennai,Android,,
CUST002301,Myra Joshi,,normal,16000.0,3,2,1,3.2,1,1,Lucknow,iOS,,
CUST002302,Vivaan Bose,,normal,33600.0,6,4,2,11.1,2,2,Ahmedabad,Android,,
CUST002303,Neha Chawla,,normal,8300.0,1,1,0,1.4,1,1,Ahmedabad,Android,,
CUST002304,Priya Kapoor,,normal,11100.0,4,3,1,2.7,0,0,Nagpur,Android,,
CUST002305,Aditya Reddy,,normal,19100.0,4,3,1,0.9,0,0,Bangalore,Android,,
CUST002306,Rahul Joshi,Chawla Logistics Pvt Ltd,b2b,306500.0,39,32,7,11.8,2,2,Lucknow,Android,,
CUST002307,Kiara Kapoor,,normal,14700.0,4,3,1,4.8,1,1,Nagpur,iOS,,
CUST002308,Ishaan Gupta,,normal,13000.0,3,3,0,8.8,1,1,Delhi,Desktop,,
CUST002309,Neha Iyer,,normal,14700.0,1,1,0,1.7,2,2,Delhi,iOS,,
CUST002310,Arjun Malhotra,,normal,25500.0,5,4,1,13.8,1,1,Indore,Android,,
CUST002311,Vivaan Chawla,,normal,33800.0,4,3,1,4.1,1,1,Ahmedabad,Desktop,,
CUST002312,Kabir Verma,,dormant_high_ltv,250500.0,33,31,2,2.9,1,1,Mumbai,iOS,,
CUST002313,Ishaan Malhotra,,normal,26600.0,2,1,1,3.5,2,1,Delhi,iOS,,
CUST002314,Myra Kapoor,,group_d_broken_promise,48300.0,10,4,6,28.3,4,0,Delhi,iOS,,
CUST002315,Simran Malhotra,,normal,27400.0,4,3,1,5.7,0,0,Mumbai,Android,,
CUST002316,Kabir Malhotra,Sharma Distributors Pvt Ltd,b2b,272400.0,37,30,7,4.6,1,1,Kolkata,Desktop,,
CUST002317,Sanya Chawla,,group_d_broken_promise,17600.0,2,1,1,35.0,7,2,Bangalore,Android,,
CUST002318,Ishaan Mehta,,normal,19500.0,4,3,1,4.6,0,0,Lucknow,iOS,,
CUST002319,Ananya Nair,,normal,10900.0,1,1,0,1.8,2,2,Kolkata,Android,,
CUST002320,Myra Gupta,,normal,18700.0,2,2,0,10.4,2,2,Delhi,iOS,,
CUST002321,Sanya Kapoor,,dormant_high_ltv,285900.0,37,33,4,2.6,0,0,Delhi,Android,,
CUST002322,Karan Nair,,dormant_high_ltv,475400.0,67,62,5,2.7,2,2,Jaipur,Android,,
CUST002323,Karan Singh,,normal,21700.0,2,2,0,3.1,2,2,Jaipur,Android,,
CUST002324,Rohan Malhotra,,group_d_broken_promise,36000.0,4,1,3,18.4,9,3,Ahmedabad,iOS,,
CUST002325,Aarav Sharma,Chawla Retail Pvt Ltd,b2b,288100.0,43,41,2,20.5,5,5,Nagpur,Android,,
CUST002326,Meera Malhotra,,normal,34600.0,5,4,1,3.5,1,1,Chennai,Android,,
CUST002327,Rohan Sharma,Iyer Tech Pvt Ltd,b2b,518300.0,50,42,8,10.5,5,5,Mumbai,iOS,,
CUST002328,Saanvi Reddy,,group_d_broken_promise,26600.0,4,2,2,27.6,8,2,Kolkata,Android,,
CUST002329,Aditya Verma,,normal,46300.0,13,11,2,2.4,1,1,Delhi,Desktop,,
CUST002330,Kiara Joshi,,normal,24400.0,3,3,0,0.9,0,0,Kolkata,Android,,
CUST002331,Simran Kapoor,,normal,32700.0,7,6,1,4.2,2,2,Ahmedabad,Desktop,,
CUST002332,Diya Mehta,,normal,5800.0,1,1,0,5.2,0,0,Mumbai,iOS,,
CUST002333,Ishaan Chawla,,normal,16900.0,2,2,0,0.6,1,1,Hyderabad,iOS,,
CUST002334,Priya Mehta,,group_d_broken_promise,29500.0,3,1,2,18.6,6,1,Chennai,iOS,,
CUST002335,Rohan Singh,,normal,19400.0,4,3,1,3.9,2,2,Ahmedabad,Android,,
CUST002336,Vivaan Singh,,normal,26200.0,2,1,1,1.6,1,1,Pune,iOS,,
CUST002337,Diya Nair,,normal,46900.0,8,6,2,2.9,2,2,Chennai,Android,,
CUST002338,Ishaan Iyer,,normal,23600.0,3,3,0,5.8,2,1,Chennai,Android,,
CUST002339,Ananya Iyer,,normal,7800.0,2,2,0,0.3,1,1,Pune,iOS,,
CUST002340,Priya Verma,,dormant_high_ltv,306100.0,38,35,3,2.1,1,1,Bangalore,Android,,
CUST002341,Arjun Joshi,,group_d_broken_promise,32400.0,5,2,3,26.7,5,2,Nagpur,Desktop,,
CUST002342,Meera Verma,,dormant_high_ltv,335100.0,44,41,3,3.6,0,0,Bangalore,Android,,
CUST002343,Diya Chawla,,normal,27600.0,3,3,0,1.5,0,0,Jaipur,iOS,,
CUST002344,Rahul Malhotra,Patel Tech Pvt Ltd,b2b,255700.0,20,19,1,6.2,2,1,Kolkata,Android,,
CUST002345,Neha Patel,,normal,16300.0,1,1,0,1.7,1,1,Nagpur,Android,,
CUST002346,Simran Rao,,dormant_high_ltv,335800.0,42,39,3,8.1,0,0,Kolkata,iOS,,
CUST002347,Rahul Gupta,,normal,26200.0,3,3,0,5.8,1,1,Mumbai,Desktop,,
CUST002348,Arjun Bose,,normal,28800.0,4,3,1,2.6,2,2,Bangalore,Desktop,,
CUST002349,Karan Reddy,,group_d_broken_promise,27100.0,5,2,3,25.5,9,3,Indore,Android,,
CUST002350,Diya Malhotra,,dormant_high_ltv,356200.0,42,37,5,6.2,2,2,Chennai,Android,,
CUST002351,Neha Sharma,,dormant_high_ltv,452200.0,66,63,3,3.8,1,1,Ahmedabad,Android,,
CUST002352,Neha Verma,,normal,7500.0,2,2,0,3.3,2,1,Pune,iOS,,
CUST002353,Kiara Reddy,Rao Foods Pvt Ltd,b2b,340100.0,49,42,7,6.9,2,1,Nagpur,Desktop,,
CUST002354,Simran Patel,,normal,18900.0,3,2,1,6.2,0,0,Indore,Android,,
CUST002355,Rahul Joshi,,normal,19300.0,2,2,0,2.6,1,1,Ahmedabad,iOS,,
CUST002356,Rahul Joshi,,normal,23400.0,5,4,1,3.0,0,0,Lucknow,iOS,,
CUST002357,Rohan Patel,,normal,13500.0,3,3,0,3.3,1,1,Delhi,Android,,
CUST002358,Aarav Mehta,,normal,11600.0,2,2,0,1.6,0,0,Delhi,Android,,
CUST002359,Sanya Sharma,,normal,46500.0,12,11,1,4.2,1,1,Jaipur,Android,,
CUST002360,Aditya Chawla,,group_d_broken_promise,24500.0,5,2,3,37.0,5,1,Jaipur,Desktop,,
CUST002361,Neha Reddy,,normal,22200.0,3,3,0,0.5,2,2,Jaipur,Android,,
CUST002362,Ishaan Sharma,,dormant_high_ltv,367700.0,64,61,3,4.6,0,0,Indore,Android,,
CUST002363,Rahul Bose,,normal,12200.0,1,1,0,0.5,1,1,Nagpur,iOS,,
CUST002364,Arjun Chawla,,normal,14900.0,5,4,1,12.9,2,2,Pune,Android,,
CUST002365,Ananya Malhotra,,normal,47700.0,8,7,1,2.0,0,0,Delhi,iOS,,
CUST002366,Myra Rao,,normal,38100.0,9,8,1,2.4,2,1,Kolkata,iOS,,
CUST002367,Simran Nair,Mehta Enterprises Pvt Ltd,b2b,246800.0,38,36,2,3.6,2,2,Indore,Android,,
CUST002368,Vivaan Kapoor,,normal,14100.0,2,2,0,0.4,1,1,Lucknow,Android,,
CUST002369,Rohan Sharma,,normal,11000.0,2,2,0,8.7,2,2,Chennai,Android,,
CUST002370,Aman Mehta,,normal,11400.0,5,4,1,0.6,1,1,Bangalore,Android,,
CUST002371,Aditya Gupta,,normal,36000.0,6,4,2,3.4,0,0,Indore,Android,,
CUST002372,Karan Mehta,Sharma Traders Pvt Ltd,b2b,371700.0,57,47,10,5.0,2,2,Hyderabad,Android,,
CUST002373,Vivaan Mehta,Reddy Enterprises Pvt Ltd,b2b,304700.0,42,40,2,9.2,2,2,Hyderabad,iOS,,
CUST002374,Aditya Reddy,Malhotra Retail Pvt Ltd,b2b,423100.0,52,46,6,5.6,4,3,Kolkata,Android,,
CUST002375,Simran Bose,,normal,15700.0,3,2,1,2.5,2,2,Pune,iOS,,
CUST002376,Aarav Joshi,,group_d_broken_promise,10500.0,1,0,1,21.0,5,1,Kolkata,Android,,
CUST002377,Aarav Nair,,normal,8800.0,1,1,0,0.9,2,2,Pune,iOS,,
CUST002378,Aarav Kapoor,,normal,15100.0,4,3,1,7.1,0,0,Mumbai,iOS,,
CUST002379,Rahul Nair,,group_d_broken_promise,40700.0,6,3,3,17.5,3,1,Indore,Android,,
CUST002380,Karan Reddy,,normal,23300.0,4,3,1,4.3,0,0,Jaipur,Android,,
CUST002381,Saanvi Patel,,normal,18700.0,2,2,0,7.3,2,1,Jaipur,Android,,
CUST002382,Diya Bose,Bose Foods Pvt Ltd,b2b,443600.0,70,65,5,7.7,5,4,Chennai,Desktop,,
CUST002383,Meera Singh,,group_d_broken_promise,13700.0,4,2,2,60.2,4,1,Hyderabad,iOS,,
CUST002384,Aarav Chawla,,dormant_high_ltv,500700.0,60,54,6,0.6,1,1,Jaipur,Android,,
CUST002385,Meera Malhotra,,dormant_high_ltv,286600.0,28,25,3,3.4,1,1,Kolkata,iOS,,
CUST002386,Saanvi Bose,,normal,38500.0,4,3,1,3.0,0,0,Delhi,Android,,
CUST002387,Kabir Kapoor,,normal,23500.0,4,4,0,0.2,1,1,Hyderabad,Android,,
CUST002388,Saanvi Verma,,dormant_high_ltv,485400.0,73,71,2,3.8,2,2,Mumbai,Android,,
CUST002389,Aditya Reddy,,normal,25200.0,5,4,1,2.7,2,2,Nagpur,Android,,
CUST002390,Ananya Kapoor,,dormant_high_ltv,583300.0,59,53,6,3.4,2,2,Jaipur,Desktop,,
CUST002391,Neha Nair,,normal,31700.0,5,5,0,2.5,2,2,Hyderabad,Android,,
CUST002392,Rahul Patel,,normal,30800.0,6,5,1,4.6,0,0,Hyderabad,iOS,,
CUST002393,Meera Malhotra,,normal,15100.0,5,5,0,1.3,0,0,Mumbai,Desktop,,
CUST002394,Vivaan Nair,,dormant_high_ltv,396200.0,49,48,1,1.7,0,0,Kolkata,Android,,
CUST002395,Ananya Nair,,normal,11100.0,2,1,1,2.6,1,1,Mumbai,Android,,
CUST002396,Saanvi Sharma,,normal,22500.0,4,4,0,7.1,2,2,Lucknow,Android,,
CUST002397,Ishaan Malhotra,Kapoor Exports Pvt Ltd,b2b,619700.0,65,58,7,10.5,1,1,Jaipur,iOS,,
CUST002398,Meera Rao,,group_d_broken_promise,21500.0,2,1,1,24.1,6,2,Jaipur,iOS,,
CUST002399,Rohan Malhotra,,group_d_broken_promise,30600.0,4,2,2,15.8,10,3,Kolkata,iOS,,
CUST002400,Priya Reddy,,normal,20900.0,2,2,0,2.1,0,0,Pune,Android,,
CUST002401,Arjun Nair,,normal,23600.0,4,4,0,2.0,1,1,Jaipur,iOS,,
CUST002402,Ananya Patel,,normal,24600.0,6,4,2,3.5,1,1,Nagpur,Android,,
CUST002403,Sanya Reddy,,normal,44600.0,6,5,1,1.0,1,1,Chennai,Android,,
CUST002404,Rohan Singh,,normal,17300.0,4,3,1,2.1,1,1,Lucknow,Desktop,,
CUST002405,Meera Patel,,normal,25100.0,5,5,0,4.5,2,2,Mumbai,Android,,
CUST002406,Neha Patel,Iyer Traders Pvt Ltd,b2b,782300.0,50,42,8,3.6,5,4,Chennai,Android,,
CUST002407,Ishaan Reddy,,normal,11100.0,2,2,0,0.3,0,0,Bangalore,iOS,,
CUST002408,Ananya Joshi,Reddy Traders Pvt Ltd,b2b,281900.0,36,34,2,8.8,4,4,Pune,Desktop,,
CUST002409,Ishaan Gupta,Sharma Foods Pvt Ltd,b2b,462500.0,57,50,7,19.7,4,3,Hyderabad,Desktop,,
CUST002410,Myra Rao,,normal,12900.0,3,3,0,1.0,2,1,Hyderabad,Android,,
CUST002411,Simran Singh,,normal,20200.0,6,6,0,0.8,0,0,Lucknow,Android,,
CUST002412,Meera Sharma,,normal,12000.0,2,2,0,1.9,1,1,Ahmedabad,Android,,
CUST002413,Aman Iyer,,normal,27900.0,4,3,1,5.9,2,2,Mumbai,Android,,
CUST002414,Priya Iyer,,normal,25700.0,3,3,0,3.6,1,1,Bangalore,Android,,
CUST002415,Rahul Patel,,normal,14200.0,4,4,0,1.0,1,1,Delhi,iOS,,
CUST002416,Ishaan Kapoor,,group_d_broken_promise,14900.0,2,1,1,52.0,3,0,Delhi,Android,,
CUST002417,Diya Kapoor,Bose Distributors Pvt Ltd,b2b,302800.0,38,33,5,2.6,2,1,Delhi,iOS,,
CUST002418,Ishaan Gupta,,normal,17900.0,6,5,1,1.0,2,2,Mumbai,Android,,
CUST002419,Vivaan Mehta,,dormant_high_ltv,301000.0,45,41,4,0.4,2,2,Pune,Android,,
CUST002420,Aarav Reddy,,normal,36200.0,4,4,0,3.0,1,1,Pune,iOS,,
CUST002421,Karan Iyer,,group_d_broken_promise,24500.0,4,2,2,26.7,10,3,Jaipur,iOS,,
CUST002422,Sanya Nair,,group_d_broken_promise,38400.0,4,2,2,39.3,8,2,Pune,Android,,
CUST002423,Ananya Verma,,normal,22300.0,2,1,1,9.0,2,2,Kolkata,Desktop,,
CUST002424,Karan Iyer,,group_d_broken_promise,21300.0,2,1,1,27.7,11,2,Ahmedabad,iOS,,
CUST002425,Karan Iyer,,normal,58600.0,13,10,3,3.1,1,1,Kolkata,Android,,
CUST002426,Ishaan Reddy,,normal,17900.0,2,2,0,1.6,2,2,Nagpur,Desktop,,
CUST002427,Ananya Rao,,dormant_high_ltv,454700.0,58,54,4,1.5,2,1,Chennai,iOS,,
CUST002428,Rahul Iyer,,normal,19100.0,1,1,0,1.5,0,0,Delhi,Desktop,,
CUST002429,Meera Mehta,,normal,20200.0,5,4,1,2.2,0,0,Kolkata,Desktop,,
CUST002430,Vivaan Verma,,normal,8200.0,1,1,0,0.0,2,2,Pune,iOS,,
CUST002431,Priya Verma,,normal,18600.0,2,2,0,2.0,1,1,Nagpur,iOS,,
CUST002432,Aarav Singh,,normal,18300.0,4,3,1,2.8,1,1,Indore,Android,,
CUST002433,Karan Nair,,normal,29200.0,8,6,2,2.8,0,0,Bangalore,iOS,,
CUST002434,Vivaan Chawla,Chawla Exports Pvt Ltd,b2b,438700.0,42,34,8,3.7,3,3,Jaipur,Android,,
CUST002435,Aarav Bose,,normal,36900.0,6,5,1,0.6,2,1,Chennai,Android,,
CUST002436,Aditya Malhotra,,normal,17100.0,4,4,0,6.7,0,0,Delhi,iOS,,
CUST002437,Rahul Rao,,normal,6400.0,1,1,0,4.1,2,2,Mumbai,iOS,,
CUST002438,Karan Gupta,,normal,21800.0,3,3,0,4.0,2,2,Lucknow,Android,,
CUST002439,Meera Kapoor,,normal,11900.0,2,1,1,0.2,2,2,Kolkata,Android,,
CUST002440,Diya Malhotra,,normal,22900.0,5,5,0,3.0,2,2,Lucknow,Android,,
CUST002441,Saanvi Chawla,,normal,22500.0,2,2,0,1.6,0,0,Bangalore,iOS,,
CUST002442,Vivaan Chawla,,group_d_broken_promise,24700.0,2,1,1,31.3,3,1,Indore,iOS,,
CUST002443,Aditya Malhotra,Joshi Enterprises Pvt Ltd,b2b,431800.0,60,51,9,7.1,5,4,Bangalore,Desktop,,
CUST002444,Kiara Kapoor,,normal,13600.0,4,4,0,5.4,0,0,Hyderabad,iOS,,
CUST002445,Ishaan Malhotra,,normal,21900.0,4,3,1,2.6,2,2,Indore,Android,,
CUST002446,Arjun Kapoor,,normal,8900.0,1,1,0,0.3,0,0,Indore,Android,,
CUST002447,Meera Bose,,dormant_high_ltv,398100.0,52,46,6,0.4,0,0,Kolkata,Android,,
CUST002448,Kiara Chawla,,normal,23600.0,3,2,1,1.0,2,1,Bangalore,Android,,
CUST002449,Rahul Chawla,,normal,30600.0,7,5,2,14.4,1,1,Delhi,Android,,
CUST002450,Simran Sharma,,normal,26300.0,6,5,1,4.0,0,0,Mumbai,Android,,
CUST002451,Ananya Bose,,normal,15300.0,3,2,1,3.1,0,0,Jaipur,iOS,,
CUST002452,Sanya Iyer,,normal,29400.0,5,4,1,10.8,1,1,Nagpur,Android,,
CUST002453,Kiara Kapoor,,normal,27700.0,2,2,0,3.4,1,1,Hyderabad,iOS,,
CUST002454,Aditya Sharma,,normal,28400.0,3,3,0,2.9,0,0,Indore,Android,,
CUST002455,Sanya Mehta,,normal,39300.0,10,9,1,1.9,1,1,Indore,Android,,
CUST002456,Simran Malhotra,,normal,24800.0,4,3,1,0.6,2,2,Nagpur,Desktop,,
CUST002457,Ishaan Iyer,,normal,11300.0,2,2,0,2.7,1,1,Lucknow,Desktop,,
CUST002458,Neha Mehta,,group_d_broken_promise,16300.0,3,1,2,32.0,6,2,Pune,Android,,
CUST002459,Neha Iyer,Malhotra Textiles Pvt Ltd,b2b,426900.0,52,42,10,14.7,4,4,Pune,Android,,
CUST002460,Rahul Mehta,,normal,12300.0,1,1,0,3.4,1,1,Jaipur,Android,,
CUST002461,Myra Rao,,normal,24800.0,10,7,3,0.5,2,1,Pune,Android,,
CUST002462,Kiara Sharma,,normal,7600.0,2,1,1,2.5,0,0,Mumbai,iOS,,
CUST002463,Diya Patel,,group_d_broken_promise,22500.0,2,1,1,36.8,4,1,Kolkata,Android,,
CUST002464,Diya Iyer,,normal,18400.0,4,3,1,7.7,2,2,Mumbai,iOS,,
CUST002465,Priya Iyer,Iyer Industries Pvt Ltd,b2b,475900.0,61,58,3,9.2,1,1,Delhi,Desktop,,
CUST002466,Saanvi Mehta,,normal,16700.0,2,2,0,1.1,0,0,Indore,Android,,
CUST002467,Simran Chawla,,normal,27300.0,7,6,1,4.0,1,1,Pune,Desktop,,
CUST002468,Aarav Verma,,normal,10200.0,1,1,0,6.8,2,1,Indore,iOS,,
CUST002469,Ananya Iyer,,normal,27600.0,5,5,0,4.3,2,2,Nagpur,Desktop,,
CUST002470,Aditya Iyer,Gupta Foods Pvt Ltd,b2b,380200.0,53,50,3,6.9,2,2,Hyderabad,Android,,
CUST002471,Rohan Chawla,,normal,17900.0,2,2,0,2.3,2,1,Chennai,Desktop,,
CUST002472,Rahul Bose,,normal,23900.0,5,4,1,1.2,0,0,Delhi,Android,,
CUST002473,Sanya Singh,,normal,10700.0,2,2,0,2.1,1,1,Chennai,iOS,,
CUST002474,Arjun Chawla,,normal,28100.0,3,3,0,0.4,1,1,Delhi,Android,,
CUST002475,Aman Gupta,,normal,33500.0,6,5,1,0.1,0,0,Delhi,Desktop,,
CUST002476,Kiara Iyer,,dormant_high_ltv,432500.0,64,62,2,2.9,0,0,Lucknow,Android,,
CUST002477,Saanvi Mehta,,group_d_broken_promise,13900.0,3,2,1,25.3,4,1,Lucknow,iOS,,
CUST002478,Rahul Iyer,,group_d_broken_promise,28800.0,5,2,3,19.4,6,1,Delhi,Android,,
CUST002479,Kiara Joshi,,normal,85300.0,10,8,2,1.5,0,0,Mumbai,Android,,
CUST002480,Rohan Chawla,,normal,23100.0,4,4,0,1.2,1,1,Lucknow,Android,,
CUST002481,Myra Malhotra,,normal,32900.0,5,5,0,5.1,1,1,Indore,Android,,
CUST002482,Kabir Patel,Iyer Tech Pvt Ltd,b2b,313300.0,40,34,6,6.8,5,4,Hyderabad,iOS,,
CUST002483,Rohan Patel,,group_d_broken_promise,12400.0,3,1,2,46.0,8,2,Lucknow,Android,,
CUST002484,Vivaan Gupta,Sharma Logistics Pvt Ltd,b2b,373200.0,52,50,2,4.7,2,2,Lucknow,Android,,
CUST002485,Rahul Mehta,,normal,12000.0,3,3,0,4.5,1,1,Kolkata,Android,,
CUST002486,Sanya Nair,,normal,38200.0,9,7,2,1.3,0,0,Nagpur,Android,,
CUST002487,Sanya Sharma,,normal,9300.0,5,4,1,9.1,1,1,Nagpur,iOS,,
CUST002488,Aman Malhotra,,normal,46200.0,8,7,1,7.4,2,2,Ahmedabad,iOS,,
CUST002489,Vivaan Sharma,,group_d_broken_promise,19100.0,3,1,2,15.5,7,2,Pune,Android,,
CUST002490,Kiara Bose,,normal,21900.0,2,2,0,2.7,0,0,Mumbai,Android,,
CUST002491,Kiara Kapoor,,normal,9700.0,2,2,0,2.6,1,1,Pune,Desktop,,
CUST002492,Vivaan Chawla,,normal,16900.0,3,2,1,2.3,0,0,Chennai,Android,,
CUST002493,Sanya Rao,,dormant_high_ltv,504900.0,68,59,9,5.6,0,0,Ahmedabad,iOS,,
CUST002494,Aman Bose,,normal,32700.0,3,3,0,4.2,1,1,Kolkata,Android,,
CUST002495,Kabir Joshi,,normal,18600.0,3,2,1,5.9,1,1,Mumbai,Android,,
CUST002496,Aman Verma,,normal,18500.0,5,4,1,3.9,2,2,Ahmedabad,Android,,
CUST002497,Arjun Patel,,normal,31100.0,8,7,1,3.0,1,1,Lucknow,Desktop,,
CUST002498,Saanvi Sharma,Chawla Logistics Pvt Ltd,b2b,758000.0,66,54,12,3.0,1,1,Jaipur,Desktop,,
CUST002499,Karan Chawla,,normal,19400.0,2,2,0,0.8,0,0,Chennai,iOS,,
CUST002500,Simran Verma,,normal,36900.0,3,3,0,2.2,0,0,Nagpur,iOS,,
CUST002501,Aarav Iyer,,dormant_high_ltv,360500.0,46,40,6,2.9,2,2,Indore,Android,,
CUST002502,Saanvi Iyer,,normal,15000.0,1,1,0,9.3,0,0,Pune,iOS,,
CUST002503,Aarav Gupta,,normal,7900.0,2,2,0,1.0,2,2,Nagpur,iOS,,
CUST002504,Simran Patel,,normal,20000.0,4,4,0,0.8,2,2,Nagpur,Android,,
CUST002505,Myra Bose,Patel Apparel Pvt Ltd,b2b,292700.0,41,36,5,5.1,1,1,Nagpur,Desktop,,
CUST002506,Neha Gupta,,dormant_high_ltv,346300.0,39,35,4,1.4,0,0,Jaipur,iOS,,
CUST002507,Arjun Rao,,normal,21300.0,3,3,0,4.3,0,0,Nagpur,iOS,,
CUST002508,Rohan Nair,,normal,14700.0,1,1,0,9.6,0,0,Jaipur,Android,,
CUST002509,Kabir Bose,,normal,23600.0,6,5,1,0.6,1,1,Mumbai,iOS,,
CUST002510,Vivaan Malhotra,,normal,8600.0,3,2,1,12.2,0,0,Nagpur,Android,,
CUST002511,Ishaan Joshi,,normal,23900.0,1,1,0,3.1,2,2,Mumbai,iOS,,
CUST002512,Saanvi Rao,,normal,11000.0,3,2,1,0.8,0,0,Mumbai,Desktop,,
CUST002513,Kiara Gupta,,group_d_broken_promise,26700.0,5,3,2,19.3,7,1,Mumbai,Android,,
CUST002514,Ishaan Iyer,,group_d_broken_promise,23700.0,2,1,1,40.3,8,3,Ahmedabad,Android,,
CUST002515,Sanya Kapoor,Joshi Exports Pvt Ltd,b2b,322000.0,44,38,6,15.6,1,1,Mumbai,iOS,,
CUST002516,Saanvi Singh,,normal,9700.0,3,2,1,2.1,0,0,Lucknow,Android,,
CUST002517,Neha Singh,,group_d_broken_promise,31400.0,2,1,1,27.1,5,1,Indore,Desktop,,
CUST002518,Ishaan Sharma,Sharma Logistics Pvt Ltd,b2b,274500.0,36,33,3,4.7,3,2,Kolkata,iOS,,
CUST002519,Karan Patel,,normal,21000.0,4,3,1,2.2,1,1,Indore,Android,,
CUST002520,Ananya Reddy,Mehta Tech Pvt Ltd,b2b,185500.0,19,18,1,13.9,3,2,Lucknow,iOS,,
CUST002521,Ishaan Sharma,,group_d_broken_promise,24700.0,5,3,2,30.7,10,2,Delhi,iOS,,
CUST002522,Aman Joshi,,normal,9300.0,2,2,0,3.7,0,0,Nagpur,Desktop,,
CUST002523,Kabir Bose,,normal,6700.0,2,2,0,7.8,1,1,Mumbai,Android,,
CUST002524,Aditya Patel,,normal,25600.0,3,3,0,2.5,1,1,Pune,Android,,
CUST002525,Kabir Iyer,,normal,11600.0,2,2,0,4.5,2,2,Pune,Android,,
CUST002526,Kiara Gupta,,group_d_broken_promise,10500.0,3,1,2,16.9,3,1,Mumbai,Android,,
CUST002527,Saanvi Verma,,normal,27000.0,5,4,1,2.7,0,0,Indore,Android,,
CUST002528,Aman Joshi,,normal,17500.0,3,2,1,2.3,1,1,Ahmedabad,Android,,
CUST002529,Rohan Sharma,,normal,21000.0,3,2,1,5.4,2,2,Ahmedabad,iOS,,
CUST002530,Neha Patel,,normal,32900.0,2,2,0,1.2,1,1,Bangalore,Android,,
CUST002531,Rahul Malhotra,,normal,24900.0,7,6,1,4.0,1,1,Mumbai,Android,,
CUST002532,Ishaan Kapoor,,normal,27300.0,6,5,1,4.2,2,2,Chennai,Android,,
CUST002533,Karan Singh,,normal,26800.0,2,1,1,6.5,1,1,Mumbai,Android,,
CUST002534,Aman Kapoor,,dormant_high_ltv,800900.0,61,54,7,4.4,2,1,Indore,Android,,
CUST002535,Sanya Reddy,,normal,14000.0,1,1,0,5.8,2,2,Jaipur,iOS,,
CUST002536,Aditya Nair,,normal,24300.0,2,2,0,5.2,0,0,Lucknow,iOS,,
CUST002537,Kabir Joshi,,normal,12400.0,3,2,1,1.0,2,2,Chennai,Android,,
CUST002538,Sanya Gupta,,normal,24300.0,7,6,1,4.3,2,2,Lucknow,Desktop,,
CUST002539,Priya Reddy,,dormant_high_ltv,456300.0,66,56,10,7.0,0,0,Nagpur,Desktop,,
CUST002540,Aditya Singh,,normal,17100.0,4,3,1,2.9,1,1,Chennai,iOS,,
CUST002541,Rahul Singh,,normal,18900.0,1,1,0,4.5,0,0,Mumbai,iOS,,
CUST002542,Priya Sharma,,normal,43400.0,3,3,0,2.0,1,1,Kolkata,iOS,,
CUST002543,Simran Mehta,Rao Logistics Pvt Ltd,b2b,351000.0,45,40,5,6.1,1,1,Pune,Android,,
CUST002544,Karan Kapoor,Nair Solutions Pvt Ltd,b2b,449800.0,56,49,7,15.0,5,4,Nagpur,iOS,,
CUST002545,Saanvi Singh,,normal,26200.0,3,3,0,5.9,0,0,Bangalore,Android,,
CUST002546,Ananya Sharma,,normal,14600.0,4,3,1,0.4,0,0,Pune,Android,,
CUST002547,Myra Rao,,normal,8500.0,1,1,0,6.9,1,1,Jaipur,Android,,
CUST002548,Ananya Malhotra,,group_d_broken_promise,14800.0,1,0,1,29.9,3,0,Kolkata,iOS,,
CUST002549,Rahul Iyer,Joshi Tech Pvt Ltd,b2b,259500.0,31,25,6,8.3,2,1,Lucknow,Android,,
CUST002550,Aditya Kapoor,Mehta Exports Pvt Ltd,b2b,581800.0,63,57,6,10.8,1,1,Ahmedabad,iOS,,
CUST002551,Aarav Iyer,,normal,21300.0,6,6,0,3.4,1,1,Hyderabad,Desktop,,
CUST002552,Karan Kapoor,,normal,9100.0,2,2,0,3.8,2,2,Nagpur,iOS,,
CUST002553,Aditya Kapoor,,normal,46400.0,4,3,1,3.3,0,0,Delhi,Android,,
CUST002554,Rahul Joshi,,normal,19200.0,1,1,0,0.3,2,2,Lucknow,iOS,,
CUST002555,Rahul Singh,Chawla Industries Pvt Ltd,b2b,418400.0,46,40,6,9.0,3,2,Bangalore,Android,,
CUST002556,Rohan Rao,,normal,31200.0,3,3,0,0.5,1,1,Lucknow,iOS,,
CUST002557,Karan Reddy,,dormant_high_ltv,530600.0,69,62,7,1.2,2,2,Nagpur,iOS,,
CUST002558,Simran Rao,Mehta Solutions Pvt Ltd,b2b,520100.0,62,58,4,4.8,2,1,Kolkata,iOS,,
CUST002559,Simran Sharma,,normal,10000.0,4,3,1,2.2,0,0,Delhi,Android,,
CUST002560,Kiara Verma,,dormant_high_ltv,496300.0,68,63,5,2.4,2,2,Ahmedabad,iOS,,
CUST002561,Priya Joshi,,normal,25800.0,5,4,1,0.6,2,2,Nagpur,Android,,
CUST002562,Aman Mehta,,normal,34600.0,7,6,1,1.4,0,0,Kolkata,Android,,
CUST002563,Sanya Kapoor,,normal,26900.0,2,2,0,2.3,1,1,Indore,Desktop,,
CUST002564,Kabir Mehta,,normal,30000.0,1,1,0,2.8,2,2,Ahmedabad,iOS,,
CUST002565,Aman Chawla,,normal,24600.0,5,4,1,1.8,2,2,Lucknow,Android,,
CUST002566,Myra Bose,,normal,16300.0,4,3,1,4.3,1,1,Delhi,iOS,,
CUST002567,Karan Kapoor,,dormant_high_ltv,532600.0,69,63,6,0.2,1,1,Delhi,Android,,
CUST002568,Ishaan Singh,,group_d_broken_promise,26100.0,5,2,3,22.0,6,1,Indore,Android,,
CUST002569,Ananya Rao,,normal,12700.0,2,1,1,7.2,2,2,Hyderabad,iOS,,
CUST002570,Aditya Joshi,,normal,13700.0,4,3,1,7.5,1,1,Nagpur,Android,,
CUST002571,Diya Kapoor,,dormant_high_ltv,436500.0,56,51,5,3.1,0,0,Nagpur,Android,,
CUST002572,Priya Sharma,,normal,46900.0,10,7,3,1.9,1,1,Delhi,Desktop,,
CUST002573,Rahul Mehta,,normal,22500.0,6,6,0,0.8,1,1,Chennai,Desktop,,
CUST002574,Sanya Malhotra,,normal,36300.0,3,3,0,0.5,2,2,Lucknow,iOS,,
CUST002575,Meera Singh,,normal,15000.0,4,3,1,1.4,1,1,Jaipur,Android,,
CUST002576,Kiara Gupta,,normal,29100.0,3,3,0,2.3,0,0,Delhi,Desktop,,
CUST002577,Ishaan Malhotra,,normal,12200.0,5,4,1,0.8,2,2,Ahmedabad,Desktop,,
CUST002578,Ishaan Rao,,normal,17800.0,3,2,1,2.0,1,1,Indore,iOS,,
CUST002579,Aman Malhotra,,group_d_broken_promise,43500.0,3,2,1,42.1,11,4,Chennai,Android,,
CUST002580,Kiara Reddy,,normal,15900.0,2,2,0,6.1,1,1,Kolkata,Android,,
CUST002581,Priya Verma,,dormant_high_ltv,513300.0,48,43,5,3.1,1,1,Nagpur,Android,,
CUST002582,Aman Malhotra,,normal,44100.0,6,4,2,3.6,2,2,Pune,iOS,,
CUST002583,Sanya Kapoor,,dormant_high_ltv,335600.0,45,43,2,2.4,0,0,Bangalore,iOS,,
CUST002584,Aman Malhotra,,group_d_broken_promise,39700.0,4,2,2,34.4,11,2,Lucknow,Android,,
CUST002585,Arjun Kapoor,,dormant_high_ltv,260300.0,27,23,4,9.1,2,2,Pune,Android,,
CUST002586,Myra Joshi,,normal,13300.0,3,3,0,4.8,0,0,Mumbai,Android,,
CUST002587,Vivaan Sharma,Bose Enterprises Pvt Ltd,b2b,404000.0,58,56,2,5.3,3,3,Nagpur,Android,,
CUST002588,Priya Mehta,,group_d_broken_promise,88600.0,13,7,6,31.1,4,1,Pune,Desktop,,
CUST002589,Arjun Kapoor,,normal,27500.0,4,3,1,5.0,1,1,Lucknow,iOS,,
CUST002590,Neha Singh,,normal,25000.0,6,5,1,11.4,0,0,Indore,iOS,,
CUST002591,Kabir Rao,,normal,10500.0,2,2,0,2.3,0,0,Delhi,iOS,,
CUST002592,Karan Nair,,normal,36500.0,8,7,1,3.1,1,1,Delhi,Android,,
CUST002593,Priya Bose,,normal,38800.0,1,1,0,4.3,0,0,Kolkata,Android,,
CUST002594,Saanvi Malhotra,,group_d_broken_promise,20200.0,4,2,2,26.6,8,2,Lucknow,Android,,
CUST002595,Aarav Joshi,Malhotra Solutions Pvt Ltd,b2b,339500.0,48,45,3,9.4,3,2,Delhi,Android,,
CUST002596,Karan Patel,,normal,22500.0,3,2,1,1.2,0,0,Mumbai,Android,,
CUST002597,Kabir Sharma,,group_d_broken_promise,37800.0,11,4,7,31.9,3,1,Nagpur,Android,,
CUST002598,Sanya Bose,,normal,20600.0,4,3,1,5.6,2,2,Kolkata,Android,,
CUST002599,Myra Mehta,,normal,7800.0,2,2,0,5.3,1,1,Delhi,iOS,,
CUST002600,Neha Rao,,normal,9700.0,1,1,0,1.3,0,0,Hyderabad,Android,,
CUST002601,Aman Verma,,normal,17500.0,1,1,0,3.9,2,2,Jaipur,iOS,,
CUST002602,Rohan Chawla,,normal,12400.0,3,2,1,0.4,2,1,Delhi,Desktop,,
CUST002603,Vivaan Rao,,normal,31300.0,4,3,1,1.3,0,0,Kolkata,Android,,
CUST002604,Kiara Chawla,,normal,9500.0,6,4,2,1.7,2,2,Pune,iOS,,
CUST002605,Aarav Singh,,dormant_high_ltv,315100.0,36,32,4,1.5,0,0,Chennai,Android,,
CUST002606,Diya Malhotra,,group_d_broken_promise,36400.0,7,3,4,19.5,10,2,Bangalore,Android,,
CUST002607,Karan Singh,,normal,9100.0,3,2,1,3.5,1,1,Kolkata,Desktop,,
CUST002608,Sanya Bose,Gupta Tech Pvt Ltd,b2b,315800.0,32,27,5,5.2,3,2,Ahmedabad,Desktop,,
CUST002609,Sanya Gupta,,normal,26200.0,3,2,1,1.9,2,1,Indore,Android,,
CUST002610,Ananya Joshi,,normal,24100.0,5,5,0,10.1,2,2,Ahmedabad,iOS,,
CUST002611,Diya Chawla,,normal,21700.0,6,5,1,1.1,0,0,Delhi,Android,,
CUST002612,Priya Rao,,normal,29200.0,9,9,0,1.6,2,2,Delhi,iOS,,
CUST002613,Sanya Gupta,,normal,14400.0,4,4,0,2.0,2,2,Bangalore,Android,,
CUST002614,Myra Patel,,normal,16300.0,1,1,0,4.1,0,0,Lucknow,Android,,
CUST002615,Aarav Joshi,Gupta Retail Pvt Ltd,b2b,397800.0,47,39,8,22.9,1,1,Pune,Android,,
CUST002616,Kiara Singh,,normal,23700.0,4,3,1,3.1,1,1,Indore,Desktop,,
CUST002617,Neha Bose,,group_d_broken_promise,54600.0,8,3,5,14.2,6,2,Ahmedabad,iOS,,
CUST002618,Sanya Iyer,,normal,22400.0,6,5,1,1.7,1,1,Pune,Android,,
CUST002619,Sanya Rao,,normal,12900.0,1,1,0,3.2,1,1,Ahmedabad,Android,,
CUST002620,Karan Sharma,,normal,33900.0,8,6,2,0.4,0,0,Kolkata,Desktop,,
CUST002621,Kiara Iyer,,normal,10600.0,4,3,1,2.1,1,1,Nagpur,iOS,,
CUST002622,Neha Nair,,normal,17000.0,4,4,0,4.9,2,2,Mumbai,Android,,
CUST002623,Rohan Reddy,Bose Tech Pvt Ltd,b2b,410900.0,61,54,7,8.8,4,4,Chennai,Android,,
CUST002624,Rahul Rao,,normal,11000.0,4,3,1,2.5,0,0,Mumbai,Desktop,,
CUST002625,Meera Joshi,,normal,57400.0,10,9,1,0.9,2,2,Lucknow,iOS,,
CUST002626,Neha Rao,,normal,20900.0,2,2,0,1.4,1,1,Pune,Android,,
CUST002627,Kabir Patel,,normal,12000.0,3,2,1,3.5,1,1,Ahmedabad,iOS,,
CUST002628,Ananya Joshi,Malhotra Traders Pvt Ltd,b2b,300000.0,39,35,4,11.2,5,4,Lucknow,Android,,
CUST002629,Kiara Malhotra,Kapoor Industries Pvt Ltd,b2b,336500.0,36,32,4,10.0,2,2,Nagpur,iOS,,
CUST002630,Ananya Verma,Mehta Textiles Pvt Ltd,b2b,697500.0,59,53,6,6.6,5,4,Mumbai,Desktop,,
CUST002631,Kabir Rao,,group_d_broken_promise,47100.0,8,4,4,15.8,4,1,Delhi,Android,,
CUST002632,Rohan Reddy,,normal,16000.0,3,3,0,5.4,0,0,Nagpur,iOS,,
CUST002633,Aarav Mehta,,normal,23500.0,2,2,0,0.3,0,0,Mumbai,Android,,
CUST002634,Meera Mehta,,normal,31200.0,6,5,1,4.2,2,2,Chennai,Android,,
CUST002635,Aman Rao,,normal,12600.0,2,2,0,1.2,2,2,Mumbai,Android,,
CUST002636,Rahul Malhotra,,normal,39800.0,7,7,0,0.6,1,1,Lucknow,Android,,
CUST002637,Aarav Bose,,normal,20500.0,7,6,1,0.8,2,2,Chennai,Desktop,,
CUST002638,Priya Nair,Sharma Textiles Pvt Ltd,b2b,375700.0,59,56,3,7.5,1,1,Indore,iOS,,
CUST002639,Simran Joshi,,normal,26300.0,4,3,1,2.7,2,2,Mumbai,iOS,,
CUST002640,Aditya Patel,,group_d_broken_promise,29900.0,7,4,3,25.8,5,1,Delhi,Android,,
CUST002641,Arjun Bose,,normal,15400.0,3,2,1,0.5,0,0,Ahmedabad,Android,,
CUST002642,Ananya Reddy,,normal,35900.0,2,1,1,2.5,1,1,Chennai,Android,,
CUST002643,Meera Rao,,normal,24400.0,2,2,0,1.0,2,2,Indore,Android,,
CUST002644,Neha Reddy,,normal,14800.0,3,2,1,5.5,0,0,Bangalore,Android,,
CUST002645,Kabir Joshi,Joshi Retail Pvt Ltd,b2b,389500.0,52,49,3,4.1,5,4,Jaipur,Android,,
CUST002646,Diya Mehta,,normal,16400.0,3,3,0,4.4,0,0,Bangalore,Android,,
CUST002647,Saanvi Reddy,,normal,31800.0,5,4,1,0.8,2,2,Mumbai,Desktop,,
CUST002648,Myra Patel,,normal,25600.0,6,5,1,2.0,2,2,Lucknow,Desktop,,
CUST002649,Aman Verma,,normal,17300.0,3,3,0,2.8,1,1,Chennai,Android,,
CUST002650,Meera Rao,,normal,30900.0,6,4,2,12.7,2,2,Indore,Desktop,,
CUST002651,Diya Reddy,,normal,23100.0,3,3,0,0.8,0,0,Ahmedabad,iOS,,
CUST002652,Myra Verma,,normal,7200.0,1,1,0,3.9,0,0,Pune,iOS,,
CUST002653,Rohan Kapoor,,normal,19000.0,2,2,0,0.5,1,1,Indore,Desktop,,
CUST002654,Karan Verma,,normal,31400.0,2,2,0,6.3,2,2,Lucknow,iOS,,
CUST002655,Neha Mehta,,normal,46200.0,9,6,3,6.6,2,2,Kolkata,Android,,
CUST002656,Ishaan Joshi,,normal,11400.0,1,1,0,0.6,1,1,Pune,Android,,
CUST002657,Kabir Malhotra,,normal,30300.0,7,5,2,2.3,1,1,Chennai,Android,,
CUST002658,Kabir Iyer,,normal,20400.0,3,3,0,0.3,1,1,Delhi,Android,,
CUST002659,Sanya Nair,,group_d_broken_promise,34700.0,7,2,5,20.6,5,1,Hyderabad,Android,,
CUST002660,Priya Sharma,Sharma Distributors Pvt Ltd,b2b,629000.0,54,46,8,7.5,4,3,Lucknow,iOS,,
CUST002661,Ananya Reddy,,normal,10500.0,3,3,0,8.7,1,1,Hyderabad,iOS,,
CUST002662,Myra Singh,,normal,10900.0,1,1,0,3.7,2,2,Indore,Android,,
CUST002663,Sanya Kapoor,,normal,11700.0,3,3,0,3.7,1,1,Kolkata,Android,,
CUST002664,Kiara Iyer,Malhotra Retail Pvt Ltd,b2b,412800.0,54,47,7,5.9,2,2,Nagpur,iOS,,
CUST002665,Aarav Nair,,normal,8900.0,1,1,0,0.7,1,1,Hyderabad,iOS,,
CUST002666,Aarav Kapoor,,normal,10000.0,6,6,0,1.8,2,2,Mumbai,Android,,
CUST002667,Arjun Singh,,normal,20800.0,6,4,2,3.7,1,1,Nagpur,iOS,,
CUST002668,Kiara Kapoor,,dormant_high_ltv,382800.0,43,41,2,0.0,0,0,Chennai,Android,,
CUST002669,Rahul Reddy,,normal,7200.0,2,2,0,3.2,1,1,Pune,iOS,,
CUST002670,Meera Reddy,,normal,12700.0,2,2,0,1.8,0,0,Indore,Android,,
CUST002671,Neha Rao,,normal,16500.0,2,2,0,2.6,1,1,Nagpur,iOS,,
CUST002672,Vivaan Nair,,normal,12800.0,2,2,0,1.4,1,1,Ahmedabad,Android,,
CUST002673,Meera Joshi,,normal,9400.0,3,2,1,4.6,2,2,Pune,Android,,
CUST002674,Aditya Iyer,,normal,20100.0,9,7,2,5.0,1,1,Chennai,Android,,
CUST002675,Ishaan Reddy,,normal,12600.0,2,2,0,2.1,0,0,Chennai,Desktop,,
CUST002676,Saanvi Gupta,,normal,13100.0,3,2,1,0.9,1,1,Jaipur,iOS,,
CUST002677,Kiara Sharma,,normal,18500.0,2,2,0,1.5,0,0,Ahmedabad,Android,,
CUST002678,Saanvi Singh,,normal,27400.0,5,4,1,1.0,0,0,Nagpur,iOS,,
CUST002679,Saanvi Reddy,,normal,14200.0,1,1,0,4.7,0,0,Jaipur,Desktop,,
CUST002680,Myra Singh,Sharma Retail Pvt Ltd,b2b,358800.0,40,34,6,7.6,1,1,Indore,Android,,
CUST002681,Vivaan Reddy,,normal,14600.0,2,1,1,1.2,1,1,Mumbai,Android,,
CUST002682,Simran Mehta,,normal,10300.0,1,1,0,14.4,1,1,Lucknow,Android,,
CUST002683,Saanvi Verma,,group_d_broken_promise,31500.0,5,2,3,23.9,11,3,Jaipur,iOS,,
CUST002684,Myra Nair,,normal,31200.0,7,5,2,0.9,1,1,Mumbai,iOS,,
CUST002685,Kiara Bose,Chawla Retail Pvt Ltd,b2b,514400.0,67,60,7,17.7,3,2,Nagpur,iOS,,
CUST002686,Rahul Nair,,normal,20300.0,4,4,0,3.8,0,0,Kolkata,Android,,
CUST002687,Ishaan Joshi,Mehta Foods Pvt Ltd,b2b,470700.0,60,49,11,7.4,5,4,Jaipur,Android,,
CUST002688,Saanvi Reddy,,normal,30200.0,3,2,1,0.5,0,0,Bangalore,Android,,
CUST002689,Sanya Mehta,Verma Logistics Pvt Ltd,b2b,393000.0,49,41,8,10.2,3,3,Indore,Desktop,,
CUST002690,Saanvi Singh,,normal,32700.0,3,2,1,1.1,1,1,Indore,iOS,,
CUST002691,Karan Kapoor,,normal,14100.0,3,3,0,1.1,1,1,Hyderabad,Android,,
CUST002692,Meera Verma,,normal,51200.0,9,7,2,4.6,2,2,Bangalore,Android,,
CUST002693,Aditya Sharma,,normal,29000.0,6,5,1,0.8,1,1,Chennai,Android,,
CUST002694,Myra Mehta,,normal,21300.0,6,6,0,1.3,0,0,Jaipur,Android,,
CUST002695,Vivaan Patel,,normal,14800.0,1,1,0,8.1,0,0,Nagpur,Desktop,,
CUST002696,Vivaan Singh,,group_d_broken_promise,25600.0,2,1,1,17.8,5,1,Nagpur,Android,,
CUST002697,Rohan Patel,,normal,13600.0,4,3,1,5.7,0,0,Chennai,Android,,
CUST002698,Neha Verma,,dormant_high_ltv,369900.0,50,44,6,0.3,2,2,Pune,Android,,
CUST002699,Myra Kapoor,,normal,20000.0,4,4,0,3.4,1,1,Lucknow,Android,,
CUST002700,Rahul Malhotra,,normal,22400.0,4,3,1,7.2,1,1,Lucknow,Desktop,,
CUST002701,Kabir Verma,,normal,6400.0,2,2,0,4.3,2,2,Bangalore,Android,,
CUST002702,Aarav Nair,,normal,15900.0,3,2,1,2.0,0,0,Ahmedabad,Android,,
CUST002703,Kiara Verma,,normal,22000.0,2,2,0,3.4,2,2,Kolkata,Desktop,,
CUST002704,Neha Mehta,,normal,24700.0,3,3,0,3.0,1,1,Hyderabad,iOS,,
CUST002705,Ananya Bose,,normal,18400.0,3,2,1,0.1,0,0,Pune,Android,,
CUST002706,Rahul Sharma,,normal,24300.0,5,4,1,1.6,1,1,Ahmedabad,Android,,
CUST002707,Aarav Gupta,,normal,13600.0,2,2,0,5.7,0,0,Kolkata,Android,,
CUST002708,Meera Malhotra,Bose Apparel Pvt Ltd,b2b,405300.0,49,46,3,10.9,3,2,Jaipur,Desktop,,
CUST002709,Meera Rao,,group_d_broken_promise,33500.0,2,1,1,24.5,8,3,Delhi,Android,,
CUST002710,Priya Joshi,,normal,24000.0,2,2,0,0.9,1,1,Mumbai,iOS,,
CUST002711,Vivaan Gupta,,normal,22300.0,2,1,1,6.3,1,1,Ahmedabad,iOS,,
CUST002712,Meera Singh,Patel Distributors Pvt Ltd,b2b,325400.0,49,41,8,2.7,1,1,Indore,iOS,,
CUST002713,Saanvi Singh,Verma Textiles Pvt Ltd,b2b,241000.0,31,28,3,6.1,2,2,Bangalore,Desktop,,
CUST002714,Rohan Iyer,,group_d_broken_promise,28400.0,5,2,3,22.4,8,2,Kolkata,Android,,
CUST002715,Rohan Rao,,normal,32500.0,5,4,1,3.5,1,1,Lucknow,iOS,,
CUST002716,Rahul Iyer,Malhotra Exports Pvt Ltd,b2b,445400.0,56,53,3,15.6,3,2,Bangalore,Android,,
CUST002717,Aarav Nair,,normal,40900.0,7,5,2,0.7,0,0,Lucknow,Android,,
CUST002718,Meera Gupta,,normal,32900.0,3,2,1,0.7,0,0,Hyderabad,Android,,
CUST002719,Diya Malhotra,,dormant_high_ltv,398700.0,65,60,5,0.8,0,0,Nagpur,Android,,
CUST002720,Aman Iyer,,normal,17300.0,3,3,0,0.4,0,0,Pune,Android,,
CUST002721,Ananya Kapoor,,normal,10500.0,2,2,0,0.9,0,0,Hyderabad,Desktop,,
CUST002722,Vivaan Malhotra,,normal,12700.0,1,1,0,3.8,1,1,Delhi,Android,,
CUST002723,Neha Nair,,normal,40300.0,5,5,0,7.0,0,0,Lucknow,iOS,,
CUST002724,Kabir Iyer,,normal,20500.0,4,3,1,2.0,1,1,Nagpur,Desktop,,
CUST002725,Ishaan Kapoor,,group_d_broken_promise,27800.0,3,1,2,48.1,10,2,Nagpur,Android,,
CUST002726,Vivaan Reddy,,normal,22800.0,6,6,0,0.3,1,1,Delhi,Android,,
CUST002727,Ananya Nair,,normal,30200.0,5,4,1,1.1,2,2,Chennai,Desktop,,
CUST002728,Myra Bose,,group_d_broken_promise,55900.0,5,3,2,28.8,7,1,Ahmedabad,Android,,
CUST002729,Neha Gupta,,normal,19900.0,6,5,1,2.4,0,0,Lucknow,Desktop,,
CUST002730,Rahul Singh,,normal,35500.0,5,4,1,0.3,0,0,Nagpur,iOS,,
CUST002731,Rahul Bose,,dormant_high_ltv,330800.0,41,39,2,5.6,2,2,Mumbai,Android,,
CUST002732,Vivaan Singh,Singh Tech Pvt Ltd,b2b,210700.0,25,20,5,4.6,2,2,Indore,iOS,,
CUST002733,Vivaan Sharma,,normal,9900.0,4,4,0,4.6,1,1,Chennai,Desktop,,
CUST002734,Rahul Bose,Malhotra Distributors Pvt Ltd,b2b,244400.0,28,27,1,9.6,4,3,Ahmedabad,Desktop,,
CUST002735,Aman Bose,Joshi Retail Pvt Ltd,b2b,334900.0,52,49,3,9.2,5,4,Chennai,iOS,,
CUST002736,Ananya Malhotra,,normal,25200.0,4,3,1,2.1,0,0,Chennai,Android,,
CUST002737,Rohan Rao,,group_d_broken_promise,30200.0,2,1,1,39.5,10,2,Indore,Android,,
CUST002738,Rahul Singh,,normal,46900.0,6,5,1,2.1,1,1,Pune,iOS,,
CUST002739,Diya Kapoor,,normal,36900.0,5,5,0,2.1,2,1,Lucknow,iOS,,
CUST002740,Vivaan Mehta,,normal,38100.0,5,5,0,0.8,2,2,Bangalore,iOS,,
CUST002741,Saanvi Singh,,group_d_broken_promise,27200.0,3,1,2,22.4,7,2,Indore,Desktop,,
CUST002742,Saanvi Mehta,,normal,9400.0,5,5,0,3.4,2,2,Lucknow,iOS,,
CUST002743,Rahul Verma,,group_d_broken_promise,24000.0,4,2,2,34.6,4,0,Ahmedabad,Desktop,,
CUST002744,Sanya Mehta,,normal,22100.0,4,4,0,3.2,2,2,Indore,Android,,
CUST002745,Diya Bose,,normal,18600.0,1,1,0,3.7,0,0,Jaipur,Android,,
CUST002746,Diya Bose,,normal,12700.0,2,2,0,3.3,1,1,Ahmedabad,Android,,
CUST002747,Kabir Sharma,Verma Apparel Pvt Ltd,b2b,323200.0,39,35,4,8.5,1,1,Ahmedabad,Desktop,,
CUST002748,Meera Reddy,,group_d_broken_promise,23000.0,6,3,3,46.3,3,1,Indore,iOS,,
CUST002749,Diya Iyer,,normal,22300.0,3,3,0,4.7,1,1,Hyderabad,Android,,
CUST002750,Kabir Gupta,,dormant_high_ltv,239500.0,24,23,1,1.3,0,0,Delhi,Desktop,,
CUST002751,Myra Mehta,Bose Retail Pvt Ltd,b2b,463200.0,63,51,12,4.3,3,2,Indore,Android,,
CUST002752,Rahul Chawla,,normal,10600.0,2,2,0,3.5,1,1,Mumbai,Desktop,,
CUST002753,Aditya Iyer,,normal,24200.0,2,2,0,2.6,0,0,Jaipur,Android,,
CUST002754,Neha Verma,,group_d_broken_promise,14600.0,2,1,1,51.5,3,0,Bangalore,iOS,,
CUST002755,Neha Singh,,normal,12200.0,2,1,1,1.7,2,1,Kolkata,Android,,
CUST002756,Meera Patel,,normal,23600.0,3,3,0,4.6,1,1,Pune,Android,,
CUST002757,Priya Iyer,,normal,13000.0,1,1,0,3.8,0,0,Indore,Android,,
CUST002758,Kiara Rao,,normal,16800.0,3,3,0,1.3,1,1,Bangalore,Android,,
CUST002759,Simran Sharma,,normal,16000.0,3,2,1,0.8,2,2,Jaipur,iOS,,
CUST002760,Rohan Joshi,,normal,18400.0,2,1,1,5.1,1,1,Jaipur,iOS,,
CUST002761,Neha Iyer,,normal,19400.0,5,4,1,1.3,0,0,Mumbai,iOS,,
CUST002762,Vivaan Chawla,,normal,16000.0,4,4,0,3.0,0,0,Hyderabad,Android,,
CUST002763,Meera Bose,,group_d_broken_promise,25600.0,2,1,1,37.0,6,1,Indore,iOS,,
CUST002764,Saanvi Verma,Nair Industries Pvt Ltd,b2b,507800.0,70,66,4,9.9,4,4,Delhi,Desktop,,
CUST002765,Saanvi Patel,,dormant_high_ltv,358000.0,47,40,7,3.0,2,2,Bangalore,Android,,
CUST002766,Arjun Bose,,normal,11600.0,1,1,0,8.4,1,1,Delhi,iOS,,
CUST002767,Kiara Singh,,normal,33600.0,13,10,3,1.7,1,1,Ahmedabad,Android,,
CUST002768,Karan Sharma,,normal,19800.0,3,3,0,0.8,2,2,Kolkata,Android,,
CUST002769,Diya Patel,,normal,22600.0,2,1,1,1.3,1,1,Ahmedabad,Desktop,,
CUST002770,Aditya Chawla,,normal,16000.0,4,3,1,0.7,1,1,Nagpur,Android,,
CUST002771,Ananya Mehta,,group_d_broken_promise,44700.0,6,3,3,29.3,4,1,Indore,Android,,
CUST002772,Rahul Chawla,,normal,58400.0,14,13,1,4.9,2,2,Pune,Desktop,,
CUST002773,Simran Joshi,,normal,20700.0,2,2,0,6.6,2,2,Pune,Desktop,,
CUST002774,Sanya Reddy,,dormant_high_ltv,278800.0,38,35,3,2.8,1,1,Lucknow,Android,,
CUST002775,Aarav Singh,,normal,34500.0,8,7,1,10.4,2,2,Hyderabad,iOS,,
CUST002776,Rohan Bose,,normal,16900.0,2,2,0,3.2,1,1,Mumbai,Android,,
CUST002777,Aditya Patel,,normal,25800.0,3,3,0,0.6,0,0,Indore,Android,,
CUST002778,Karan Singh,,normal,18100.0,3,2,1,0.8,1,1,Indore,Android,,
CUST002779,Aarav Singh,Mehta Exports Pvt Ltd,b2b,737500.0,58,54,4,14.8,5,4,Indore,Android,,
CUST002780,Rohan Rao,,group_d_broken_promise,19900.0,2,1,1,51.5,6,1,Mumbai,Desktop,,
CUST002781,Diya Chawla,,group_d_broken_promise,68400.0,8,4,4,28.0,8,3,Nagpur,Desktop,,
CUST002782,Priya Joshi,,group_d_broken_promise,8700.0,3,2,1,25.1,5,1,Bangalore,Android,,
CUST002783,Karan Mehta,,normal,31600.0,4,4,0,0.2,1,1,Ahmedabad,Android,,
CUST002784,Aarav Sharma,,normal,15200.0,3,3,0,2.5,0,0,Ahmedabad,iOS,,
CUST002785,Meera Kapoor,Mehta Industries Pvt Ltd,b2b,200700.0,19,18,1,5.0,5,4,Pune,Desktop,,
CUST002786,Diya Gupta,,normal,10900.0,4,3,1,0.6,1,1,Indore,Android,,
CUST002787,Saanvi Iyer,,normal,22500.0,3,3,0,9.9,1,1,Hyderabad,iOS,,
CUST002788,Diya Mehta,,normal,32700.0,6,4,2,0.8,0,0,Pune,Desktop,,
CUST002789,Simran Gupta,,normal,18300.0,3,3,0,1.0,0,0,Jaipur,Android,,
CUST002790,Meera Bose,,normal,15000.0,3,2,1,4.1,1,1,Lucknow,Android,,
CUST002791,Aarav Bose,,normal,9900.0,6,5,1,4.3,0,0,Delhi,iOS,,
CUST002792,Karan Nair,,dormant_high_ltv,394200.0,56,48,8,4.2,1,1,Chennai,Android,,
CUST002793,Sanya Chawla,,normal,33000.0,3,3,0,13.7,0,0,Pune,iOS,,
CUST002794,Kiara Chawla,,normal,12400.0,2,2,0,2.5,1,1,Bangalore,Desktop,,
CUST002795,Kabir Sharma,,normal,15900.0,1,1,0,1.5,2,2,Hyderabad,Android,,
CUST002796,Rohan Sharma,,normal,15700.0,2,1,1,0.4,0,0,Kolkata,Android,,
CUST002797,Meera Nair,,normal,19100.0,6,5,1,1.1,2,2,Delhi,Android,,
CUST002798,Rahul Malhotra,,normal,25700.0,4,4,0,2.6,2,2,Jaipur,Android,,
CUST002799,Saanvi Nair,,normal,49400.0,7,7,0,3.1,0,0,Nagpur,Android,,
CUST002800,Myra Verma,,normal,23000.0,2,2,0,0.1,1,1,Bangalore,Android,,
CUST002801,Kiara Reddy,,normal,9900.0,4,3,1,4.3,2,1,Indore,Desktop,,
CUST002802,Arjun Kapoor,,normal,18600.0,2,1,1,0.9,2,1,Kolkata,iOS,,
CUST002803,Arjun Gupta,,dormant_high_ltv,442300.0,64,62,2,0.9,2,2,Pune,Android,,
CUST002804,Aditya Gupta,,normal,23200.0,5,4,1,0.2,0,0,Pune,Android,,
CUST002805,Saanvi Iyer,,group_d_broken_promise,32900.0,5,2,3,19.1,8,1,Mumbai,Android,,
CUST002806,Arjun Iyer,Iyer Tech Pvt Ltd,b2b,426000.0,49,41,8,8.4,1,1,Mumbai,iOS,,
CUST002807,Kiara Malhotra,Patel Traders Pvt Ltd,b2b,419700.0,57,52,5,11.2,4,4,Mumbai,iOS,,
CUST002808,Priya Gupta,,normal,35800.0,4,3,1,2.5,2,2,Delhi,Android,,
CUST002809,Aditya Joshi,,group_d_broken_promise,28900.0,3,1,2,25.9,11,3,Indore,iOS,,
CUST002810,Myra Reddy,,group_d_broken_promise,55400.0,7,4,3,29.0,5,1,Lucknow,Android,,
CUST002811,Aarav Iyer,,dormant_high_ltv,356300.0,46,44,2,1.2,1,1,Mumbai,Android,,
CUST002812,Aman Mehta,,normal,33600.0,7,5,2,0.3,1,1,Mumbai,iOS,,
CUST002813,Aarav Nair,,normal,18200.0,5,4,1,0.9,0,0,Lucknow,Android,,
CUST002814,Ananya Sharma,,dormant_high_ltv,296800.0,37,33,4,5.9,2,2,Jaipur,iOS,,
CUST002815,Aman Gupta,,dormant_high_ltv,404000.0,42,36,6,1.4,1,1,Pune,Android,,
CUST002816,Sanya Verma,,normal,20400.0,3,3,0,7.5,0,0,Lucknow,Android,,
CUST002817,Rahul Kapoor,Malhotra Distributors Pvt Ltd,b2b,400700.0,48,46,2,8.1,1,1,Bangalore,Android,,
CUST002818,Vivaan Iyer,,normal,21900.0,7,6,1,4.5,0,0,Indore,Android,,
CUST002819,Diya Nair,,normal,20500.0,5,5,0,11.9,0,0,Nagpur,iOS,,
CUST002820,Vivaan Singh,,normal,18600.0,2,1,1,4.4,1,1,Pune,iOS,,
CUST002821,Kiara Reddy,Nair Exports Pvt Ltd,b2b,445400.0,57,55,2,11.4,3,2,Kolkata,Android,,
CUST002822,Karan Malhotra,,normal,41400.0,2,1,1,1.2,0,0,Jaipur,Android,,
CUST002823,Aman Iyer,,dormant_high_ltv,816500.0,73,71,2,1.4,0,0,Indore,Android,,
CUST002824,Ishaan Rao,,normal,13700.0,2,2,0,4.2,2,2,Kolkata,Android,,
CUST002825,Meera Kapoor,,normal,30600.0,4,3,1,0.6,1,1,Bangalore,Android,,
CUST002826,Kabir Chawla,,normal,27800.0,2,1,1,4.0,2,1,Pune,iOS,,
CUST002827,Aarav Mehta,,normal,18200.0,2,2,0,0.4,1,1,Pune,iOS,,
CUST002828,Simran Rao,Malhotra Exports Pvt Ltd,b2b,480000.0,70,56,14,11.7,2,2,Nagpur,Android,,
CUST002829,Priya Bose,,normal,13200.0,2,1,1,4.8,1,1,Hyderabad,iOS,,
CUST002830,Rohan Malhotra,,normal,19800.0,5,4,1,3.2,1,1,Bangalore,Android,,
CUST002831,Ananya Gupta,Iyer Distributors Pvt Ltd,b2b,589000.0,60,54,6,7.8,3,2,Lucknow,Desktop,,
CUST002832,Aarav Mehta,,normal,26200.0,5,5,0,2.1,0,0,Kolkata,Desktop,,
CUST002833,Ishaan Nair,,normal,4800.0,1,1,0,1.6,2,2,Kolkata,Desktop,,
CUST002834,Sanya Reddy,,normal,10600.0,1,1,0,0.9,2,2,Mumbai,iOS,,
CUST002835,Saanvi Malhotra,,normal,5700.0,3,2,1,0.4,0,0,Chennai,Desktop,,
CUST002836,Myra Nair,,normal,22700.0,4,3,1,6.7,2,1,Nagpur,Android,,
CUST002837,Neha Reddy,,normal,22200.0,6,6,0,0.7,2,2,Ahmedabad,Android,,
CUST002838,Priya Bose,Sharma Tech Pvt Ltd,b2b,405100.0,41,35,6,8.1,4,4,Lucknow,iOS,,
CUST002839,Rahul Singh,,normal,11200.0,2,2,0,3.4,0,0,Indore,iOS,,
CUST002840,Aman Verma,,dormant_high_ltv,456300.0,61,58,3,2.8,1,1,Indore,Android,,
CUST002841,Ishaan Singh,,normal,12700.0,1,1,0,4.4,2,2,Jaipur,Android,,
CUST002842,Sanya Reddy,,normal,21500.0,5,4,1,1.6,2,2,Jaipur,Desktop,,
CUST002843,Meera Reddy,,normal,8400.0,3,3,0,3.0,2,2,Chennai,iOS,,
CUST002844,Neha Gupta,Rao Enterprises Pvt Ltd,b2b,658300.0,58,51,7,6.1,3,3,Chennai,iOS,,
CUST002845,Kiara Joshi,Kapoor Industries Pvt Ltd,b2b,406100.0,45,39,6,3.6,1,1,Hyderabad,Android,,
CUST002846,Ananya Kapoor,,normal,27000.0,5,5,0,2.9,2,2,Hyderabad,iOS,,
CUST002847,Rahul Sharma,Gupta Apparel Pvt Ltd,b2b,307800.0,40,36,4,2.8,1,1,Chennai,Android,,
CUST002848,Simran Gupta,,dormant_high_ltv,465800.0,64,56,8,7.1,1,1,Delhi,iOS,,
CUST002849,Sanya Nair,,normal,17200.0,4,3,1,5.7,1,1,Bangalore,Android,,
CUST002850,Vivaan Nair,,normal,19100.0,5,4,1,1.0,2,2,Delhi,Android,,
CUST002851,Aditya Sharma,,normal,19900.0,2,2,0,3.7,1,1,Hyderabad,Android,,
CUST002852,Saanvi Rao,,normal,10000.0,2,2,0,0.6,0,0,Indore,iOS,,
CUST002853,Karan Chawla,,normal,20000.0,7,5,2,5.3,2,2,Bangalore,iOS,,
CUST002854,Rohan Joshi,Reddy Enterprises Pvt Ltd,b2b,392900.0,57,48,9,2.3,4,4,Ahmedabad,Android,,
CUST002855,Vivaan Verma,,normal,25400.0,3,3,0,2.1,0,0,Lucknow,Android,,
CUST002856,Saanvi Kapoor,,normal,13400.0,4,3,1,1.3,1,1,Bangalore,Android,,
CUST002857,Simran Rao,,normal,12600.0,4,3,1,7.9,0,0,Delhi,iOS,,
CUST002858,Myra Verma,,normal,47800.0,4,3,1,2.8,2,2,Chennai,Android,,
CUST002859,Neha Malhotra,,normal,12000.0,3,3,0,2.5,0,0,Pune,iOS,,
CUST002860,Myra Mehta,,normal,15500.0,4,4,0,0.7,1,1,Indore,iOS,,
CUST002861,Diya Iyer,,normal,37600.0,6,5,1,9.1,1,1,Bangalore,iOS,,
CUST002862,Kabir Singh,,normal,8200.0,1,1,0,1.4,1,1,Indore,Android,,
CUST002863,Sanya Malhotra,Singh Tech Pvt Ltd,b2b,267000.0,45,43,2,14.4,2,2,Jaipur,iOS,,
CUST002864,Meera Bose,,group_d_broken_promise,18800.0,4,1,3,50.4,10,1,Hyderabad,Android,,
CUST002865,Aarav Sharma,,normal,18000.0,6,4,2,0.9,2,2,Mumbai,iOS,,
CUST002866,Sanya Verma,,group_d_broken_promise,13800.0,3,1,2,17.7,3,1,Hyderabad,iOS,,
CUST002867,Kabir Verma,,normal,25100.0,5,4,1,2.1,1,1,Lucknow,Android,,
CUST002868,Meera Sharma,,normal,18500.0,4,3,1,2.7,1,1,Nagpur,Desktop,,
CUST002869,Sanya Iyer,,normal,7600.0,3,2,1,1.9,1,1,Indore,Desktop,,
CUST002870,Neha Chawla,,dormant_high_ltv,347100.0,32,27,5,0.8,1,1,Nagpur,Android,,
CUST002871,Rohan Bose,,normal,10600.0,3,3,0,3.0,0,0,Mumbai,iOS,,
CUST002872,Arjun Rao,,normal,7100.0,2,2,0,0.9,2,2,Jaipur,Android,,
CUST002873,Priya Chawla,,dormant_high_ltv,320600.0,44,37,7,1.1,0,0,Ahmedabad,Android,,
CUST002874,Sanya Sharma,Reddy Tech Pvt Ltd,b2b,271600.0,42,35,7,7.6,3,2,Mumbai,iOS,,
CUST002875,Neha Chawla,,group_d_broken_promise,23400.0,5,2,3,20.3,6,1,Mumbai,iOS,,
CUST002876,Priya Gupta,Kapoor Textiles Pvt Ltd,b2b,344900.0,39,32,7,2.9,5,4,Lucknow,Desktop,,
CUST002877,Saanvi Malhotra,Rao Tech Pvt Ltd,b2b,327700.0,38,32,6,3.9,1,1,Mumbai,iOS,,
CUST002878,Aarav Sharma,,normal,17400.0,1,1,0,6.7,2,2,Bangalore,Android,,
CUST002879,Vivaan Malhotra,,normal,23200.0,5,4,1,4.3,0,0,Mumbai,Android,,
CUST002880,Rohan Rao,,dormant_high_ltv,533000.0,65,62,3,0.6,0,0,Nagpur,iOS,,
CUST002881,Sanya Iyer,,group_d_broken_promise,21700.0,5,2,3,39.2,6,2,Mumbai,Android,,
CUST002882,Simran Verma,,group_d_broken_promise,11500.0,3,1,2,17.5,5,1,Chennai,Android,,
CUST002883,Diya Joshi,,normal,13300.0,2,2,0,0.7,2,2,Kolkata,Android,,
CUST002884,Rohan Chawla,Verma Apparel Pvt Ltd,b2b,582500.0,66,55,11,7.7,2,2,Pune,Android,,
CUST002885,Rohan Verma,,normal,16100.0,2,2,0,2.8,0,0,Pune,iOS,,
CUST002886,Kabir Kapoor,Nair Apparel Pvt Ltd,b2b,343400.0,40,37,3,4.2,1,1,Bangalore,Android,,
CUST002887,Arjun Mehta,,dormant_high_ltv,224000.0,23,20,3,6.3,0,0,Nagpur,Android,,
CUST002888,Sanya Mehta,,normal,16000.0,1,1,0,3.9,0,0,Bangalore,Android,,
CUST002889,Ishaan Bose,,group_d_broken_promise,27300.0,4,2,2,32.2,6,1,Indore,Desktop,,
CUST002890,Kiara Chawla,,group_d_broken_promise,20800.0,3,1,2,21.1,11,4,Nagpur,Android,,
CUST002891,Sanya Rao,,group_d_broken_promise,50100.0,8,3,5,19.3,9,2,Lucknow,iOS,,
CUST002892,Priya Gupta,,normal,34500.0,4,4,0,3.4,1,1,Delhi,iOS,,
CUST002893,Meera Nair,,normal,21400.0,4,3,1,0.4,1,1,Delhi,Android,,
CUST002894,Ananya Sharma,,normal,20000.0,4,3,1,2.6,1,1,Chennai,iOS,,
CUST002895,Karan Mehta,,normal,31600.0,4,3,1,4.4,1,1,Jaipur,Desktop,,
CUST002896,Myra Singh,,group_d_broken_promise,27500.0,4,2,2,21.3,7,1,Delhi,iOS,,
CUST002897,Neha Rao,,normal,9100.0,3,2,1,2.4,0,0,Delhi,Android,,
CUST002898,Ishaan Bose,Singh Tech Pvt Ltd,b2b,254300.0,29,25,4,5.7,3,2,Nagpur,Desktop,,
CUST002899,Rohan Reddy,,normal,21200.0,5,4,1,3.1,2,2,Ahmedabad,iOS,,
CUST002900,Kiara Sharma,,normal,14400.0,1,1,0,1.8,0,0,Pune,Android,,
CUST002901,Rohan Sharma,,normal,36900.0,7,5,2,8.5,1,1,Jaipur,Android,,
CUST002902,Rahul Rao,,normal,31800.0,3,3,0,2.0,0,0,Mumbai,iOS,,
CUST002903,Rohan Joshi,,group_d_broken_promise,17700.0,3,1,2,22.9,7,1,Jaipur,Android,,
CUST002904,Sanya Joshi,,normal,14400.0,2,2,0,2.2,0,0,Mumbai,Android,,
CUST002905,Aman Nair,,normal,16600.0,5,4,1,2.8,2,2,Bangalore,iOS,,
CUST002906,Kabir Patel,,normal,11600.0,4,4,0,4.0,0,0,Lucknow,Android,,
CUST002907,Kiara Verma,,normal,29200.0,4,3,1,2.4,2,2,Nagpur,Android,,
CUST002908,Simran Sharma,,dormant_high_ltv,328400.0,33,28,5,0.8,2,1,Kolkata,Android,,
CUST002909,Aditya Nair,,normal,26000.0,7,6,1,2.8,2,2,Indore,Android,,
CUST002910,Kiara Malhotra,,normal,17000.0,3,2,1,7.0,1,1,Jaipur,iOS,,
CUST002911,Vivaan Kapoor,,normal,16900.0,1,1,0,0.8,0,0,Hyderabad,Android,,
CUST002912,Aarav Rao,,group_d_broken_promise,25800.0,2,1,1,21.7,7,2,Jaipur,Android,,
CUST002913,Ananya Singh,,normal,15000.0,5,4,1,0.9,2,2,Pune,Android,,
CUST002914,Kabir Patel,,normal,35700.0,5,5,0,1.7,2,2,Jaipur,Android,,
CUST002915,Ishaan Verma,,normal,17800.0,3,3,0,0.8,0,0,Ahmedabad,iOS,,
CUST002916,Meera Joshi,,group_d_broken_promise,28600.0,8,4,4,18.5,8,2,Lucknow,Android,,
CUST002917,Meera Bose,Verma Enterprises Pvt Ltd,b2b,366800.0,58,54,4,6.1,1,1,Pune,Android,,
CUST002918,Kiara Nair,,normal,15300.0,2,2,0,10.1,0,0,Ahmedabad,Desktop,,
CUST002919,Sanya Singh,,dormant_high_ltv,624300.0,57,49,8,2.3,0,0,Chennai,Android,,
CUST002920,Kabir Reddy,,normal,27700.0,2,2,0,2.5,1,1,Indore,Android,,
CUST002921,Kiara Sharma,,normal,5500.0,1,1,0,0.4,0,0,Bangalore,Desktop,,
CUST002922,Aditya Rao,,dormant_high_ltv,387900.0,62,58,4,0.6,1,1,Jaipur,Android,,
CUST002923,Aman Sharma,,group_d_broken_promise,34400.0,6,2,4,22.9,5,1,Ahmedabad,iOS,,
CUST002924,Neha Singh,,normal,16400.0,3,3,0,2.8,0,0,Mumbai,iOS,,
CUST002925,Diya Malhotra,,dormant_high_ltv,266900.0,31,30,1,2.6,2,2,Jaipur,Desktop,,
CUST002926,Ananya Kapoor,,normal,29700.0,8,7,1,2.9,0,0,Indore,iOS,,
CUST002927,Diya Chawla,,normal,39900.0,4,3,1,11.9,0,0,Hyderabad,Android,,
CUST002928,Aman Iyer,,normal,13600.0,4,4,0,1.4,0,0,Mumbai,Desktop,,
CUST002929,Simran Reddy,,normal,24500.0,5,4,1,2.3,1,1,Lucknow,Desktop,,
CUST002930,Simran Mehta,,normal,13600.0,2,2,0,2.6,2,2,Nagpur,Android,,
CUST002931,Aarav Nair,,normal,49900.0,4,4,0,1.3,0,0,Ahmedabad,Android,,
CUST002932,Myra Chawla,Mehta Solutions Pvt Ltd,b2b,404700.0,55,50,5,8.4,2,2,Hyderabad,Android,,
CUST002933,Simran Sharma,,normal,20600.0,1,1,0,5.8,2,2,Hyderabad,Android,,
CUST002934,Kiara Iyer,,normal,25900.0,4,3,1,2.2,2,2,Indore,Android,,
CUST002935,Neha Verma,,normal,6000.0,1,1,0,0.0,0,0,Pune,Desktop,,
CUST002936,Aman Singh,,normal,14900.0,2,2,0,0.9,1,1,Hyderabad,Desktop,,
CUST002937,Kiara Rao,Sharma Enterprises Pvt Ltd,b2b,380800.0,63,52,11,15.8,3,3,Bangalore,iOS,,
CUST002938,Kabir Nair,,group_d_broken_promise,26500.0,6,3,3,17.7,10,2,Hyderabad,iOS,,
CUST002939,Rahul Verma,Kapoor Retail Pvt Ltd,b2b,250200.0,38,30,8,7.4,5,4,Hyderabad,Android,,
CUST002940,Kiara Iyer,,dormant_high_ltv,445900.0,66,60,6,2.8,2,2,Bangalore,iOS,,
CUST002941,Aditya Rao,,normal,27800.0,4,4,0,5.7,1,1,Lucknow,Android,,
CUST002942,Rohan Iyer,Verma Solutions Pvt Ltd,b2b,607200.0,67,60,7,3.4,4,3,Jaipur,Desktop,,
CUST002943,Vivaan Reddy,,normal,9100.0,1,1,0,1.4,2,1,Pune,Android,,
CUST002944,Kabir Nair,,group_d_broken_promise,66600.0,12,5,7,24.5,8,2,Jaipur,iOS,,
CUST002945,Kabir Patel,Singh Traders Pvt Ltd,b2b,193900.0,24,20,4,3.5,2,2,Indore,iOS,,
CUST002946,Simran Kapoor,,normal,20600.0,6,4,2,4.4,1,1,Delhi,iOS,,
CUST002947,Neha Kapoor,Malhotra Textiles Pvt Ltd,b2b,378700.0,47,42,5,16.1,5,4,Jaipur,Desktop,,
CUST002948,Karan Patel,,normal,40900.0,10,8,2,3.6,1,1,Ahmedabad,Desktop,,
CUST002949,Simran Mehta,,normal,28600.0,4,3,1,2.8,0,0,Chennai,Desktop,,
CUST002950,Priya Iyer,,normal,24900.0,1,1,0,2.7,2,2,Bangalore,iOS,,
CUST002951,Vivaan Nair,,group_d_broken_promise,14400.0,5,3,2,15.7,9,3,Chennai,Android,,
CUST002952,Aarav Iyer,,normal,15400.0,4,3,1,1.1,1,1,Kolkata,Desktop,,
CUST002953,Sanya Gupta,,group_d_broken_promise,20600.0,4,2,2,18.5,10,3,Jaipur,Android,,
CUST002954,Rohan Rao,,normal,10300.0,2,2,0,7.6,0,0,Indore,iOS,,
CUST002955,Neha Sharma,,normal,18500.0,1,1,0,4.4,2,2,Pune,Android,,
CUST002956,Priya Joshi,Gupta Apparel Pvt Ltd,b2b,247500.0,32,27,5,10.3,3,3,Hyderabad,Android,,
CUST002957,Kabir Chawla,,group_d_broken_promise,17800.0,6,3,3,23.0,10,2,Nagpur,Android,,
CUST002958,Aditya Bose,,dormant_high_ltv,356800.0,39,34,5,2.1,2,2,Indore,Android,,
CUST002959,Sanya Verma,Iyer Exports Pvt Ltd,b2b,525800.0,87,72,15,4.2,2,2,Delhi,Desktop,,
CUST002960,Rahul Malhotra,,normal,26400.0,5,5,0,1.2,1,1,Hyderabad,Android,,
CUST002961,Priya Bose,,normal,11600.0,3,2,1,4.3,1,1,Chennai,Android,,
CUST002962,Diya Singh,,normal,28500.0,4,3,1,1.2,1,1,Hyderabad,iOS,,
CUST002963,Aman Bose,,group_d_broken_promise,22100.0,6,2,4,34.3,5,2,Delhi,Android,,
CUST002964,Diya Nair,,normal,21100.0,5,4,1,3.7,2,2,Indore,Desktop,,
CUST002965,Rahul Rao,Singh Solutions Pvt Ltd,b2b,426700.0,51,49,2,3.5,2,2,Nagpur,Desktop,,
CUST002966,Meera Iyer,,normal,12600.0,3,2,1,0.2,1,1,Nagpur,Android,,
CUST002967,Ishaan Kapoor,Singh Enterprises Pvt Ltd,b2b,404700.0,63,51,12,7.4,3,2,Nagpur,Desktop,,
CUST002968,Aditya Sharma,Chawla Logistics Pvt Ltd,b2b,334200.0,57,49,8,8.8,3,3,Chennai,Android,,
CUST002969,Karan Mehta,,normal,8000.0,3,3,0,0.4,0,0,Hyderabad,Android,,
CUST002970,Priya Singh,,group_d_broken_promise,30300.0,5,3,2,13.3,3,1,Indore,Android,,
CUST002971,Arjun Rao,,normal,9000.0,4,3,1,0.1,0,0,Jaipur,Android,,
CUST002972,Arjun Malhotra,,normal,18100.0,3,2,1,4.2,0,0,Mumbai,Android,,
CUST002973,Ishaan Kapoor,,group_d_broken_promise,29300.0,5,2,3,37.0,9,1,Hyderabad,Android,,
CUST002974,Aman Joshi,,normal,33300.0,8,7,1,1.7,1,1,Jaipur,Android,,
CUST002975,Kiara Nair,,normal,12700.0,4,3,1,3.0,2,1,Delhi,iOS,,
CUST002976,Ishaan Verma,,normal,35600.0,9,7,2,2.3,2,2,Delhi,Android,,
CUST002977,Saanvi Rao,,normal,7600.0,1,1,0,2.2,0,0,Pune,Android,,
CUST002978,Kabir Sharma,,normal,19700.0,3,3,0,0.3,2,2,Delhi,Desktop,,
CUST002979,Arjun Patel,,normal,18700.0,6,4,2,2.4,1,1,Jaipur,Android,,
CUST002980,Myra Singh,,normal,23300.0,1,1,0,5.2,2,2,Indore,Desktop,,
CUST002981,Simran Singh,,normal,21000.0,4,4,0,4.8,1,1,Bangalore,iOS,,
CUST002982,Ishaan Mehta,Reddy Distributors Pvt Ltd,b2b,586300.0,50,41,9,4.2,5,4,Mumbai,Android,,
CUST002983,Aditya Kapoor,,group_d_broken_promise,34000.0,7,4,3,28.4,11,3,Pune,Android,,
CUST002984,Saanvi Bose,,normal,15300.0,1,1,0,2.4,2,2,Mumbai,iOS,,
CUST002985,Aman Iyer,,dormant_high_ltv,254500.0,34,32,2,1.7,2,2,Pune,Android,,
CUST002986,Aditya Singh,Mehta Enterprises Pvt Ltd,b2b,333900.0,48,40,8,5.5,4,3,Mumbai,Android,,
CUST002987,Simran Bose,,dormant_high_ltv,422700.0,50,47,3,6.8,2,1,Jaipur,iOS,,
CUST002988,Myra Nair,,normal,15400.0,2,2,0,2.6,2,2,Indore,Desktop,,
CUST002989,Aman Gupta,,group_d_broken_promise,27400.0,6,2,4,19.1,6,2,Hyderabad,Desktop,,
CUST002990,Ishaan Iyer,,normal,30100.0,2,2,0,0.9,1,1,Ahmedabad,Android,,
CUST002991,Aditya Joshi,,normal,20200.0,2,1,1,1.1,2,1,Indore,Desktop,,
CUST002992,Aarav Bose,,normal,5900.0,1,1,0,1.9,0,0,Indore,Android,,
CUST002993,Diya Nair,Nair Tech Pvt Ltd,b2b,681600.0,71,67,4,2.9,3,2,Nagpur,Android,,
CUST002994,Vivaan Bose,,normal,16100.0,1,1,0,2.5,0,0,Hyderabad,Android,,
CUST002995,Aarav Malhotra,,normal,16800.0,1,1,0,1.0,1,1,Hyderabad,Android,,
CUST002996,Priya Kapoor,,normal,16800.0,3,3,0,1.1,0,0,Lucknow,Android,,
CUST002997,Meera Malhotra,,normal,27900.0,5,4,1,0.5,0,0,Ahmedabad,Android,,
CUST002998,Myra Singh,Kapoor Industries Pvt Ltd,b2b,269000.0,32,30,2,5.9,5,4,Nagpur,Desktop,,
CUST002999,Saanvi Verma,,normal,14200.0,2,2,0,1.0,0,0,Mumbai,Android,,
CUST003000,Diya Nair,,group_d_broken_promise,28200.0,6,3,3,36.2,7,1,Delhi,iOS,,
CUST003001,Aman Nair,,normal,21900.0,3,3,0,3.6,0,0,Mumbai,Desktop,,
CUST003002,Saanvi Verma,,normal,41300.0,4,3,1,7.7,1,1,Hyderabad,Android,,
CUST003003,Karan Joshi,Rao Textiles Pvt Ltd,b2b,367700.0,43,35,8,15.8,2,2,Indore,iOS,,
CUST003004,Simran Malhotra,,normal,33400.0,6,4,2,3.7,1,1,Ahmedabad,Desktop,,
CUST003005,Aditya Mehta,,group_d_broken_promise,27700.0,4,2,2,34.8,11,3,Jaipur,iOS,,
CUST003006,Kabir Chawla,,normal,13500.0,1,1,0,2.7,0,0,Hyderabad,Android,,
CUST003007,Ishaan Kapoor,,normal,20500.0,3,2,1,2.4,0,0,Bangalore,Android,,
CUST003008,Diya Iyer,,group_d_broken_promise,21100.0,6,3,3,19.6,8,2,Chennai,Android,,
CUST003009,Aman Iyer,,dormant_high_ltv,405800.0,47,43,4,4.5,1,1,Chennai,Desktop,,
CUST003010,Rahul Patel,,normal,4800.0,2,2,0,5.3,0,0,Indore,iOS,,
CUST003011,Meera Sharma,Nair Distributors Pvt Ltd,b2b,475100.0,60,55,5,4.1,2,2,Ahmedabad,Android,,
CUST003012,Sanya Joshi,,normal,25700.0,4,3,1,5.6,1,1,Kolkata,Android,,
CUST003013,Aditya Chawla,,normal,9900.0,2,2,0,5.7,0,0,Bangalore,iOS,,
CUST003014,Diya Nair,,normal,19100.0,3,3,0,0.7,2,2,Indore,Android,,
CUST003015,Ishaan Malhotra,Chawla Enterprises Pvt Ltd,b2b,437500.0,58,55,3,8.8,5,4,Ahmedabad,iOS,,
CUST003016,Vivaan Reddy,,normal,17800.0,2,1,1,0.3,2,2,Ahmedabad,Android,,
CUST003017,Aarav Patel,,normal,32500.0,4,3,1,5.3,0,0,Lucknow,iOS,,
CUST003018,Aditya Singh,,group_d_broken_promise,20400.0,5,2,3,28.1,10,3,Mumbai,Android,,
CUST003019,Karan Singh,Mehta Foods Pvt Ltd,b2b,357400.0,37,31,6,4.3,5,4,Mumbai,iOS,,
CUST003020,Arjun Chawla,Nair Foods Pvt Ltd,b2b,201700.0,42,39,3,8.6,4,3,Pune,Android,,
CUST003021,Saanvi Reddy,,normal,21900.0,2,1,1,2.5,1,1,Mumbai,Android,,
CUST003022,Kiara Patel,,normal,17700.0,4,4,0,2.5,0,0,Delhi,Android,,
CUST003023,Arjun Reddy,,normal,26600.0,6,5,1,3.4,2,2,Lucknow,Android,,
CUST003024,Myra Sharma,,normal,35200.0,8,7,1,5.7,1,1,Bangalore,Desktop,,
CUST003025,Neha Kapoor,Verma Tech Pvt Ltd,b2b,387900.0,53,49,4,10.5,4,4,Bangalore,Android,,
CUST003026,Arjun Bose,,group_d_broken_promise,17600.0,3,1,2,19.1,6,1,Ahmedabad,iOS,,
CUST003027,Meera Iyer,Kapoor Distributors Pvt Ltd,b2b,319900.0,27,22,5,5.9,4,3,Hyderabad,Android,,
CUST003028,Rahul Sharma,,normal,5300.0,1,1,0,4.9,1,1,Ahmedabad,iOS,,
CUST003029,Rahul Malhotra,,normal,13900.0,1,1,0,1.8,2,2,Nagpur,Desktop,,
CUST003030,Ishaan Rao,,normal,41900.0,4,4,0,6.7,0,0,Hyderabad,Android,,
CUST003031,Neha Sharma,,normal,52600.0,5,4,1,5.9,1,1,Jaipur,Desktop,,
CUST003032,Rohan Reddy,,dormant_high_ltv,399600.0,53,49,4,1.0,2,2,Delhi,Android,,
CUST003033,Simran Gupta,Rao Logistics Pvt Ltd,b2b,293700.0,40,36,4,3.7,2,2,Indore,iOS,,
CUST003034,Aditya Sharma,Patel Industries Pvt Ltd,b2b,485600.0,55,49,6,3.7,5,4,Ahmedabad,Android,,
CUST003035,Aarav Verma,,normal,12600.0,3,2,1,1.7,2,2,Delhi,Android,,
CUST003036,Priya Sharma,,normal,29900.0,3,2,1,3.5,2,2,Chennai,Android,,
CUST003037,Meera Mehta,,normal,12600.0,1,1,0,1.0,1,1,Kolkata,Android,,
CUST003038,Rohan Malhotra,,dormant_high_ltv,454500.0,45,44,1,3.0,1,1,Ahmedabad,iOS,,
CUST003039,Aarav Gupta,,group_d_broken_promise,34900.0,2,1,1,23.4,7,2,Delhi,Desktop,,
CUST003040,Aman Iyer,,normal,10900.0,4,3,1,1.6,1,1,Indore,iOS,,
CUST003041,Arjun Rao,,normal,18100.0,4,4,0,1.7,2,2,Lucknow,Desktop,,
CUST003042,Aditya Verma,,normal,31700.0,2,2,0,0.5,0,0,Delhi,Android,,
CUST003043,Aarav Bose,,normal,16900.0,2,2,0,1.2,2,2,Bangalore,Android,,
CUST003044,Aditya Bose,,normal,31500.0,3,2,1,2.5,1,1,Bangalore,Android,,
CUST003045,Karan Chawla,,normal,33000.0,6,5,1,5.0,1,1,Bangalore,Android,,
CUST003046,Ananya Verma,,normal,15000.0,1,1,0,1.3,0,0,Pune,Desktop,,
CUST003047,Rahul Gupta,,normal,14800.0,2,2,0,3.7,0,0,Bangalore,iOS,,
CUST003048,Aditya Mehta,,normal,17200.0,3,2,1,1.6,2,2,Nagpur,Android,,
CUST003049,Priya Iyer,,normal,19500.0,3,3,0,0.7,0,0,Chennai,iOS,,
CUST003050,Vivaan Nair,Rao Foods Pvt Ltd,b2b,188900.0,30,26,4,4.3,3,2,Hyderabad,Android,,
CUST003051,Aarav Chawla,,normal,18300.0,4,3,1,3.9,2,2,Lucknow,iOS,,
CUST003052,Ishaan Kapoor,,group_d_broken_promise,9400.0,1,0,1,22.6,6,2,Bangalore,iOS,,
CUST003053,Ananya Chawla,,normal,20400.0,3,2,1,5.8,2,1,Bangalore,Android,,
CUST003054,Ishaan Verma,,normal,15600.0,2,2,0,0.7,2,1,Indore,Android,,
CUST003055,Sanya Patel,,normal,10400.0,1,1,0,2.4,2,2,Hyderabad,Android,,
CUST003056,Aditya Joshi,,normal,47000.0,7,6,1,9.4,0,0,Kolkata,iOS,,
CUST003057,Aman Joshi,,normal,13900.0,3,2,1,4.0,0,0,Pune,Android,,
CUST003058,Kabir Singh,,group_d_broken_promise,27900.0,2,1,1,38.9,9,2,Bangalore,iOS,,
CUST003059,Aarav Rao,Sharma Distributors Pvt Ltd,b2b,362100.0,42,37,5,5.8,3,2,Delhi,iOS,,
CUST003060,Rahul Malhotra,Patel Distributors Pvt Ltd,b2b,146900.0,17,14,3,9.3,2,2,Delhi,Android,,
CUST003061,Neha Rao,,normal,7900.0,4,3,1,0.2,1,1,Ahmedabad,Android,,
CUST003062,Aditya Nair,,normal,27700.0,8,7,1,1.2,1,1,Mumbai,Android,,
CUST003063,Rohan Sharma,Mehta Enterprises Pvt Ltd,b2b,438700.0,66,64,2,3.1,4,4,Mumbai,iOS,,
CUST003064,Simran Kapoor,,normal,11300.0,4,4,0,0.2,0,0,Delhi,Desktop,,
CUST003065,Ishaan Sharma,,normal,26200.0,3,2,1,7.2,0,0,Ahmedabad,iOS,,
CUST003066,Meera Chawla,,normal,13600.0,5,4,1,7.3,2,2,Kolkata,Android,,
CUST003067,Kiara Joshi,,normal,51800.0,10,9,1,2.8,0,0,Jaipur,Android,,
CUST003068,Meera Mehta,,group_d_broken_promise,38100.0,4,2,2,45.2,10,2,Jaipur,Android,,
CUST003069,Aditya Joshi,,normal,38100.0,4,4,0,1.4,0,0,Hyderabad,Desktop,,
CUST003070,Aditya Patel,,normal,17600.0,3,2,1,3.8,0,0,Mumbai,iOS,,
CUST003071,Ishaan Gupta,,dormant_high_ltv,292400.0,41,36,5,3.0,2,2,Bangalore,iOS,,
CUST003072,Ishaan Verma,,normal,24900.0,1,1,0,0.6,2,2,Bangalore,Android,,
CUST003073,Sanya Nair,,normal,22400.0,3,2,1,5.2,1,1,Pune,Android,,
CUST003074,Arjun Mehta,,normal,13400.0,5,4,1,1.1,1,1,Indore,Android,,
CUST003075,Sanya Rao,,normal,27100.0,6,5,1,0.9,1,1,Kolkata,Android,,
CUST003076,Simran Kapoor,,normal,20300.0,1,1,0,0.4,2,1,Kolkata,iOS,,
CUST003077,Aman Nair,Reddy Enterprises Pvt Ltd,b2b,487500.0,68,59,9,6.8,2,2,Nagpur,Android,,
CUST003078,Aman Gupta,,normal,21800.0,5,4,1,3.6,1,1,Nagpur,Android,,
CUST003079,Ishaan Verma,,normal,26000.0,5,4,1,1.3,2,2,Mumbai,Android,,
CUST003080,Neha Bose,Rao Tech Pvt Ltd,b2b,386000.0,45,39,6,14.2,2,2,Mumbai,Android,,
CUST003081,Aditya Mehta,Verma Solutions Pvt Ltd,b2b,309300.0,39,32,7,26.4,4,3,Jaipur,Desktop,,
CUST003082,Sanya Mehta,,group_d_broken_promise,43100.0,6,3,3,51.5,11,3,Jaipur,Android,,
CUST003083,Aman Sharma,,normal,18500.0,3,2,1,1.9,1,1,Lucknow,iOS,,
CUST003084,Ananya Gupta,,normal,12500.0,3,2,1,1.2,0,0,Delhi,Android,,
CUST003085,Kiara Joshi,,normal,24900.0,3,2,1,7.1,0,0,Pune,Android,,
CUST003086,Aarav Rao,Joshi Enterprises Pvt Ltd,b2b,582900.0,63,55,8,10.8,1,1,Mumbai,iOS,,
CUST003087,Kabir Mehta,Verma Tech Pvt Ltd,b2b,598300.0,71,58,13,6.5,2,1,Indore,Android,,
CUST003088,Rohan Patel,,normal,28400.0,2,2,0,2.3,1,1,Jaipur,Android,,
CUST003089,Karan Malhotra,,normal,28400.0,2,2,0,3.0,2,2,Chennai,iOS,,
CUST003090,Simran Joshi,,normal,28800.0,9,7,2,3.9,0,0,Indore,iOS,,
CUST003091,Myra Mehta,,normal,23400.0,6,5,1,0.4,1,1,Bangalore,Android,,
CUST003092,Aman Kapoor,,normal,8100.0,2,2,0,1.1,2,2,Chennai,iOS,,
CUST003093,Rahul Sharma,,normal,53100.0,11,9,2,1.9,0,0,Delhi,Android,,
CUST003094,Myra Malhotra,,normal,28300.0,2,2,0,1.0,2,2,Lucknow,Android,,
CUST003095,Arjun Mehta,,normal,16000.0,3,3,0,0.2,2,2,Mumbai,Android,,
CUST003096,Rohan Rao,,dormant_high_ltv,434200.0,67,62,5,4.6,0,0,Indore,Android,,
CUST003097,Priya Malhotra,,group_d_broken_promise,8300.0,4,2,2,23.2,10,3,Delhi,Desktop,,
CUST003098,Sanya Sharma,,normal,30400.0,4,3,1,6.2,0,0,Ahmedabad,iOS,,
CUST003099,Vivaan Reddy,Bose Enterprises Pvt Ltd,b2b,412300.0,44,40,4,6.3,3,2,Kolkata,iOS,,
CUST003100,Vivaan Nair,,group_d_broken_promise,21500.0,4,2,2,28.3,4,1,Indore,Android,,
CUST003101,Rahul Singh,,normal,10700.0,3,3,0,0.8,1,1,Pune,iOS,,
CUST003102,Aman Joshi,,group_d_broken_promise,18100.0,1,1,0,27.6,5,1,Nagpur,Android,,
CUST003103,Neha Chawla,,normal,26300.0,4,3,1,2.3,1,1,Bangalore,iOS,,
CUST003104,Myra Verma,,normal,16900.0,2,2,0,0.6,0,0,Chennai,Android,,
CUST003105,Vivaan Sharma,,normal,11000.0,2,2,0,2.5,0,0,Hyderabad,Desktop,,
CUST003106,Kiara Sharma,,normal,10900.0,2,2,0,5.6,1,1,Bangalore,iOS,,
CUST003107,Ananya Verma,Kapoor Traders Pvt Ltd,b2b,633500.0,61,57,4,4.8,5,5,Jaipur,Android,,
CUST003108,Neha Chawla,,normal,24300.0,7,6,1,1.3,1,1,Pune,iOS,,
CUST003109,Vivaan Gupta,,group_d_broken_promise,20600.0,6,3,3,34.2,7,1,Ahmedabad,Android,,
CUST003110,Diya Patel,,normal,25700.0,8,6,2,1.9,0,0,Chennai,iOS,,
CUST003111,Aditya Rao,Sharma Textiles Pvt Ltd,b2b,268800.0,42,34,8,3.4,5,5,Hyderabad,Desktop,,
CUST003112,Simran Chawla,Joshi Apparel Pvt Ltd,b2b,349500.0,51,44,7,5.0,4,3,Indore,iOS,,
CUST003113,Saanvi Nair,,normal,12100.0,4,3,1,3.4,0,0,Kolkata,iOS,,
CUST003114,Ananya Reddy,,normal,17000.0,4,3,1,1.5,0,0,Indore,Android,,
CUST003115,Ishaan Rao,,normal,23000.0,8,6,2,1.5,0,0,Hyderabad,Android,,
CUST003116,Sanya Mehta,,normal,14900.0,5,4,1,1.9,1,1,Mumbai,Android,,
CUST003117,Simran Rao,,group_d_broken_promise,47600.0,7,3,4,27.7,8,3,Pune,Android,,
CUST003118,Diya Malhotra,,normal,48400.0,7,6,1,3.6,0,0,Mumbai,Desktop,,
CUST003119,Kabir Chawla,Singh Exports Pvt Ltd,b2b,163000.0,27,23,4,10.3,1,1,Kolkata,Android,,
CUST003120,Ananya Kapoor,Rao Traders Pvt Ltd,b2b,241700.0,26,25,1,18.5,5,4,Indore,Android,,
CUST003121,Diya Sharma,,group_d_broken_promise,18100.0,3,1,2,32.0,7,2,Hyderabad,Android,,
CUST003122,Kiara Verma,Reddy Exports Pvt Ltd,b2b,234800.0,34,30,4,8.0,5,4,Indore,Android,,
CUST003123,Aditya Verma,Verma Solutions Pvt Ltd,b2b,437700.0,48,45,3,4.2,5,5,Nagpur,Desktop,,
CUST003124,Meera Sharma,,normal,24400.0,5,4,1,4.3,2,2,Mumbai,iOS,,
CUST003125,Priya Patel,,group_d_broken_promise,38100.0,8,4,4,23.2,6,2,Pune,Android,,
CUST003126,Sanya Nair,,group_d_broken_promise,28100.0,6,3,3,27.6,9,1,Nagpur,iOS,,
CUST003127,Aditya Mehta,,normal,18500.0,2,2,0,2.0,2,2,Jaipur,iOS,,
CUST003128,Kiara Rao,,group_d_broken_promise,20200.0,6,3,3,35.3,3,1,Kolkata,Android,,
CUST003129,Simran Malhotra,,normal,32800.0,3,3,0,8.4,0,0,Pune,Android,,
CUST003130,Rahul Sharma,,normal,25500.0,4,3,1,2.7,1,1,Chennai,Android,,
CUST003131,Kabir Gupta,,normal,23100.0,2,2,0,0.7,1,1,Kolkata,Android,,
CUST003132,Kiara Mehta,,normal,24600.0,1,1,0,2.3,0,0,Nagpur,Android,,
CUST003133,Ananya Reddy,,group_d_broken_promise,19200.0,5,3,2,25.1,9,3,Chennai,Android,,
CUST003134,Arjun Sharma,,dormant_high_ltv,413600.0,56,54,2,1.4,1,1,Pune,iOS,,
CUST003135,Aarav Gupta,,normal,28600.0,3,2,1,9.5,0,0,Pune,iOS,,
CUST003136,Rahul Bose,,normal,14200.0,1,1,0,0.8,1,1,Lucknow,Desktop,,
CUST003137,Saanvi Gupta,,normal,7200.0,4,4,0,0.3,0,0,Kolkata,Android,,
CUST003138,Saanvi Sharma,,dormant_high_ltv,529600.0,67,61,6,0.2,2,2,Delhi,iOS,,
CUST003139,Kabir Patel,,normal,34200.0,6,4,2,1.2,0,0,Mumbai,iOS,,
CUST003140,Aman Iyer,,normal,20300.0,3,3,0,1.5,2,2,Bangalore,Android,,
CUST003141,Karan Kapoor,Singh Textiles Pvt Ltd,b2b,247200.0,31,30,1,10.2,5,5,Indore,iOS,,
CUST003142,Diya Joshi,,group_d_broken_promise,29600.0,2,1,1,24.0,6,1,Delhi,Android,,
CUST003143,Neha Reddy,,normal,15500.0,3,3,0,2.0,0,0,Bangalore,Android,,
CUST003144,Aarav Patel,,dormant_high_ltv,327300.0,36,34,2,6.0,0,0,Pune,Android,,
CUST003145,Myra Malhotra,,normal,12500.0,2,2,0,1.6,1,1,Mumbai,iOS,,
CUST003146,Neha Sharma,,normal,11700.0,2,2,0,0.9,2,2,Mumbai,Android,,
CUST003147,Ishaan Malhotra,,normal,21500.0,1,1,0,6.8,2,2,Indore,Desktop,,
CUST003148,Saanvi Joshi,,normal,19400.0,4,3,1,4.0,0,0,Kolkata,Android,,
CUST003149,Rahul Reddy,,normal,33000.0,6,5,1,6.9,1,1,Ahmedabad,Desktop,,
CUST003150,Saanvi Malhotra,,group_d_broken_promise,25200.0,2,1,1,34.2,4,1,Indore,iOS,,
CUST003151,Aarav Mehta,,dormant_high_ltv,557400.0,55,54,1,1.1,2,2,Kolkata,Desktop,,
CUST003152,Kabir Iyer,,normal,26100.0,6,4,2,3.5,0,0,Mumbai,Android,,
CUST003153,Kiara Gupta,,normal,28400.0,5,5,0,4.3,1,1,Kolkata,Android,,
CUST003154,Sanya Rao,,group_d_broken_promise,11200.0,3,1,2,20.9,8,2,Chennai,Desktop,,
CUST003155,Karan Malhotra,,group_d_broken_promise,16200.0,2,1,1,19.0,3,1,Pune,Desktop,,
CUST003156,Ishaan Patel,Patel Solutions Pvt Ltd,b2b,185300.0,21,20,1,6.8,2,2,Pune,iOS,,
CUST003157,Aman Singh,,dormant_high_ltv,493800.0,62,60,2,7.2,1,1,Jaipur,Android,,
CUST003158,Saanvi Patel,,dormant_high_ltv,383900.0,47,40,7,1.0,1,1,Mumbai,Android,,
CUST003159,Ishaan Patel,,normal,32200.0,7,6,1,1.0,0,0,Kolkata,Android,,
CUST003160,Arjun Verma,Chawla Traders Pvt Ltd,b2b,285900.0,42,40,2,8.4,3,3,Pune,Android,,
CUST003161,Rohan Rao,,normal,22000.0,4,3,1,1.1,1,1,Jaipur,Android,,
CUST003162,Aditya Joshi,,normal,40800.0,7,5,2,2.5,0,0,Pune,iOS,,
CUST003163,Neha Singh,,group_d_broken_promise,29900.0,3,1,2,21.5,3,0,Bangalore,Android,,
CUST003164,Aarav Mehta,,normal,13800.0,2,2,0,5.6,1,1,Lucknow,Android,,
CUST003165,Meera Bose,,normal,31800.0,4,3,1,0.8,0,0,Nagpur,iOS,,
CUST003166,Meera Chawla,,normal,7100.0,1,1,0,1.1,2,2,Delhi,iOS,,
CUST003167,Rahul Verma,,group_d_broken_promise,14100.0,2,1,1,17.1,10,2,Kolkata,Android,,
CUST003168,Sanya Chawla,,group_d_broken_promise,40800.0,7,4,3,30.3,4,1,Nagpur,Android,,
CUST003169,Priya Singh,,dormant_high_ltv,399500.0,55,51,4,1.1,2,2,Hyderabad,Android,,
CUST003170,Saanvi Joshi,,normal,7300.0,1,1,0,1.1,0,0,Ahmedabad,Android,,
CUST003171,Diya Rao,,normal,10600.0,4,4,0,0.4,2,2,Pune,iOS,,
CUST003172,Priya Rao,,normal,18600.0,2,2,0,6.3,1,1,Jaipur,iOS,,
CUST003173,Simran Sharma,,normal,6800.0,2,2,0,4.6,2,2,Kolkata,iOS,,
CUST003174,Kabir Verma,,normal,18300.0,5,4,1,1.5,1,1,Indore,Android,,
CUST003175,Ishaan Joshi,,normal,16000.0,4,3,1,3.4,2,2,Mumbai,Android,,
CUST003176,Vivaan Patel,,dormant_high_ltv,227200.0,27,26,1,2.6,1,1,Kolkata,Android,,
CUST003177,Aarav Singh,,normal,50600.0,7,5,2,3.2,1,1,Mumbai,Android,,
CUST003178,Sanya Verma,,normal,9200.0,4,3,1,1.7,2,1,Hyderabad,Android,,
CUST003179,Rohan Malhotra,,dormant_high_ltv,396600.0,55,47,8,9.7,0,0,Indore,Android,,
CUST003180,Rahul Nair,,normal,21000.0,3,3,0,3.9,0,0,Lucknow,iOS,,
CUST003181,Diya Chawla,,normal,25800.0,2,2,0,5.3,2,2,Chennai,iOS,,
CUST003182,Myra Singh,Mehta Industries Pvt Ltd,b2b,298200.0,43,40,3,3.1,1,1,Indore,Desktop,,
CUST003183,Ananya Iyer,,normal,7400.0,2,1,1,1.3,0,0,Ahmedabad,iOS,,
CUST003184,Priya Reddy,,group_d_broken_promise,12300.0,6,3,3,32.9,11,2,Bangalore,Android,,
CUST003185,Kiara Nair,,dormant_high_ltv,483900.0,71,61,10,3.7,1,1,Kolkata,Android,,
CUST003186,Rohan Singh,,group_d_broken_promise,22800.0,3,1,2,21.7,11,2,Mumbai,Android,,
CUST003187,Aditya Reddy,,normal,39300.0,5,4,1,2.6,0,0,Ahmedabad,Android,,
CUST003188,Neha Joshi,,normal,28000.0,6,5,1,5.2,0,0,Chennai,iOS,,
CUST003189,Diya Nair,,group_d_broken_promise,35400.0,3,2,1,30.1,7,2,Bangalore,Android,,
CUST003190,Diya Malhotra,Joshi Solutions Pvt Ltd,b2b,226400.0,30,25,5,11.0,5,4,Bangalore,iOS,,
CUST003191,Ishaan Rao,,group_d_broken_promise,15600.0,1,1,0,21.5,4,1,Ahmedabad,Desktop,,
CUST003192,Kabir Sharma,,dormant_high_ltv,368600.0,56,51,5,5.1,1,1,Jaipur,Android,,
CUST003193,Aarav Rao,,normal,34400.0,6,5,1,3.1,1,1,Ahmedabad,Desktop,,
CUST003194,Arjun Chawla,,normal,22500.0,4,3,1,8.3,1,1,Mumbai,Android,,
CUST003195,Simran Bose,,normal,13100.0,6,5,1,5.4,2,2,Nagpur,iOS,,
CUST003196,Diya Joshi,,normal,8800.0,2,2,0,2.6,0,0,Bangalore,iOS,,
CUST003197,Aarav Rao,,normal,29400.0,8,6,2,7.4,0,0,Chennai,iOS,,
CUST003198,Kiara Verma,,group_d_broken_promise,13600.0,1,0,1,31.9,6,1,Nagpur,iOS,,
CUST003199,Rohan Nair,,group_d_broken_promise,32300.0,9,4,5,21.0,10,3,Ahmedabad,Android,,
CUST003200,Arjun Mehta,,normal,15600.0,3,2,1,5.6,2,2,Mumbai,iOS,,
CUST003201,Diya Gupta,,normal,6300.0,3,2,1,2.4,0,0,Mumbai,Desktop,,
CUST003202,Aditya Nair,,normal,16400.0,1,1,0,1.9,0,0,Nagpur,iOS,,
CUST003203,Saanvi Gupta,,normal,19300.0,4,4,0,8.0,0,0,Bangalore,iOS,,
CUST003204,Meera Bose,,normal,37100.0,9,8,1,4.4,1,1,Bangalore,iOS,,
CUST003205,Myra Malhotra,,normal,17100.0,2,2,0,2.1,2,2,Jaipur,iOS,,
CUST003206,Aman Reddy,,normal,19400.0,5,4,1,4.2,0,0,Ahmedabad,iOS,,
CUST003207,Priya Nair,,dormant_high_ltv,529200.0,55,52,3,2.6,0,0,Kolkata,Android,,
CUST003208,Myra Joshi,,dormant_high_ltv,448000.0,65,60,5,12.6,2,2,Jaipur,iOS,,
CUST003209,Kiara Malhotra,,group_d_broken_promise,38700.0,6,3,3,26.8,3,1,Bangalore,iOS,,
CUST003210,Sanya Patel,,group_d_broken_promise,23600.0,3,1,2,45.4,9,2,Pune,iOS,,
CUST003211,Sanya Rao,,normal,19500.0,2,2,0,0.7,1,1,Lucknow,iOS,,
CUST003212,Rahul Chawla,,normal,31400.0,4,3,1,7.0,1,1,Delhi,Android,,
CUST003213,Aarav Reddy,,normal,13300.0,3,2,1,4.3,0,0,Delhi,iOS,,
CUST003214,Kabir Kapoor,,normal,24000.0,3,2,1,7.4,2,2,Mumbai,iOS,,
CUST003215,Arjun Rao,,group_d_broken_promise,21200.0,2,1,1,46.3,11,3,Mumbai,iOS,,
CUST003216,Aarav Sharma,,normal,14900.0,3,3,0,2.4,0,0,Nagpur,iOS,,
CUST003217,Meera Nair,,normal,36600.0,8,6,2,2.9,1,1,Mumbai,iOS,,
CUST003218,Ananya Patel,,dormant_high_ltv,684700.0,64,56,8,5.4,2,1,Hyderabad,Android,,
CUST003219,Simran Bose,Kapoor Distributors Pvt Ltd,b2b,375300.0,38,36,2,14.7,2,2,Jaipur,iOS,,
CUST003220,Kiara Mehta,Malhotra Exports Pvt Ltd,b2b,400100.0,54,52,2,4.7,5,4,Ahmedabad,iOS,,
CUST003221,Aarav Bose,Iyer Industries Pvt Ltd,b2b,208800.0,22,19,3,4.5,5,4,Nagpur,Desktop,,
CUST003222,Aarav Sharma,,normal,41000.0,11,10,1,6.5,2,2,Chennai,Android,,
CUST003223,Ananya Mehta,,normal,21000.0,2,2,0,11.2,0,0,Kolkata,iOS,,
CUST003224,Kiara Chawla,,normal,23100.0,5,4,1,0.5,1,1,Nagpur,Desktop,,
CUST003225,Ishaan Malhotra,,group_d_broken_promise,12100.0,4,2,2,19.8,10,2,Nagpur,Android,,
CUST003226,Simran Sharma,,normal,17300.0,3,2,1,2.8,1,1,Ahmedabad,Android,,
CUST003227,Rohan Malhotra,,normal,7300.0,1,1,0,1.7,1,1,Pune,Android,,
CUST003228,Rohan Malhotra,,group_d_broken_promise,26900.0,3,2,1,27.5,5,2,Mumbai,Desktop,,
CUST003229,Aman Reddy,,normal,19600.0,6,5,1,3.6,2,2,Mumbai,iOS,,
CUST003230,Ananya Iyer,,normal,18700.0,1,1,0,10.5,2,2,Jaipur,Android,,
CUST003231,Meera Mehta,,normal,16200.0,3,2,1,3.4,2,2,Nagpur,Android,,
CUST003232,Kiara Malhotra,,group_d_broken_promise,10400.0,4,2,2,21.9,6,1,Mumbai,Android,,
CUST003233,Rohan Bose,,normal,17100.0,4,4,0,2.7,0,0,Jaipur,iOS,,
CUST003234,Karan Reddy,,group_d_broken_promise,48000.0,4,2,2,35.7,5,1,Hyderabad,iOS,,
CUST003235,Aarav Iyer,,group_d_broken_promise,24200.0,2,1,1,25.0,4,1,Indore,Android,,
CUST003236,Rahul Gupta,,group_d_broken_promise,16300.0,1,0,1,40.9,8,1,Mumbai,Android,,
CUST003237,Saanvi Gupta,,normal,24200.0,3,2,1,4.1,0,0,Nagpur,iOS,,
CUST003238,Simran Reddy,Patel Retail Pvt Ltd,b2b,462600.0,62,55,7,3.6,2,2,Ahmedabad,iOS,,
CUST003239,Kiara Nair,,normal,23200.0,7,6,1,0.6,1,1,Kolkata,Desktop,,
CUST003240,Ishaan Gupta,Kapoor Industries Pvt Ltd,b2b,262600.0,26,25,1,14.9,3,3,Mumbai,Android,,
CUST003241,Neha Gupta,,normal,17400.0,2,1,1,2.4,0,0,Bangalore,Android,,
CUST003242,Neha Joshi,,normal,38400.0,11,10,1,1.6,0,0,Lucknow,Android,,
CUST003243,Arjun Rao,,normal,6800.0,1,1,0,4.6,1,1,Pune,Android,,
CUST003244,Kiara Iyer,Gupta Distributors Pvt Ltd,b2b,296600.0,44,41,3,12.6,2,2,Ahmedabad,Android,,
CUST003245,Aarav Mehta,,group_d_broken_promise,19100.0,4,2,2,19.9,6,1,Indore,Android,,
CUST003246,Rahul Singh,,normal,13600.0,3,3,0,1.5,1,1,Mumbai,Android,,
CUST003247,Rahul Malhotra,Bose Traders Pvt Ltd,b2b,428000.0,58,48,10,13.9,5,4,Nagpur,Android,,
CUST003248,Myra Bose,,normal,29300.0,10,7,3,0.6,0,0,Indore,Android,,
CUST003249,Simran Patel,,normal,7800.0,2,2,0,0.3,0,0,Indore,Android,,
CUST003250,Arjun Patel,,normal,6700.0,2,2,0,1.5,2,2,Chennai,Android,,
CUST003251,Aditya Bose,,normal,13500.0,1,1,0,1.3,0,0,Chennai,Desktop,,
CUST003252,Aman Kapoor,,normal,18800.0,7,5,2,1.0,2,2,Bangalore,Desktop,,
CUST003253,Kiara Malhotra,Reddy Apparel Pvt Ltd,b2b,297500.0,29,26,3,6.8,3,2,Hyderabad,Desktop,,
CUST003254,Kiara Chawla,,normal,15100.0,3,3,0,0.2,1,1,Ahmedabad,Android,,
CUST003255,Aditya Mehta,,dormant_high_ltv,332800.0,47,43,4,5.2,2,1,Delhi,Android,,
CUST003256,Sanya Kapoor,,normal,21400.0,5,4,1,2.7,1,1,Kolkata,Android,,
CUST003257,Simran Mehta,,group_d_broken_promise,27900.0,3,1,2,20.0,7,1,Chennai,Android,,
CUST003258,Ishaan Patel,Gupta Retail Pvt Ltd,b2b,243000.0,24,20,4,3.1,3,2,Pune,Android,,
CUST003259,Diya Malhotra,,normal,7000.0,3,3,0,0.2,0,0,Indore,iOS,,
CUST003260,Neha Verma,,dormant_high_ltv,470700.0,56,49,7,1.5,2,2,Bangalore,Desktop,,
CUST003261,Ananya Joshi,,dormant_high_ltv,280500.0,33,31,2,0.8,0,0,Mumbai,Android,,
CUST003262,Kiara Patel,,normal,12800.0,3,2,1,0.8,0,0,Delhi,iOS,,
CUST003263,Meera Mehta,,dormant_high_ltv,377300.0,51,45,6,2.2,0,0,Chennai,Android,,
CUST003264,Rahul Sharma,,normal,27000.0,1,1,0,6.2,0,0,Chennai,Android,,
CUST003265,Simran Nair,Rao Distributors Pvt Ltd,b2b,367400.0,51,47,4,5.6,4,3,Chennai,iOS,,
CUST003266,Sanya Mehta,Rao Tech Pvt Ltd,b2b,528100.0,53,45,8,5.7,1,1,Chennai,iOS,,
CUST003267,Arjun Gupta,,group_d_broken_promise,20700.0,6,2,4,26.1,4,1,Indore,Desktop,,
CUST003268,Diya Verma,,normal,24100.0,5,4,1,1.4,1,1,Ahmedabad,Android,,
CUST003269,Simran Verma,,normal,14100.0,3,3,0,0.9,2,1,Kolkata,Android,,
CUST003270,Simran Gupta,,group_d_broken_promise,25700.0,5,3,2,31.7,3,0,Indore,Desktop,,
CUST003271,Ishaan Kapoor,,normal,20700.0,5,4,1,5.2,0,0,Jaipur,iOS,,
CUST003272,Aman Malhotra,,normal,18600.0,3,3,0,7.3,1,1,Jaipur,Android,,
CUST003273,Rahul Chawla,,normal,18900.0,3,2,1,3.0,1,1,Ahmedabad,Android,,
CUST003274,Sanya Malhotra,,normal,22300.0,2,2,0,2.9,1,1,Bangalore,Desktop,,
CUST003275,Meera Sharma,,normal,42300.0,2,2,0,2.9,1,1,Bangalore,iOS,,
CUST003276,Kabir Iyer,,normal,42800.0,5,4,1,8.6,1,1,Bangalore,iOS,,
CUST003277,Simran Nair,,normal,7900.0,2,1,1,0.6,0,0,Bangalore,Android,,
CUST003278,Neha Verma,,normal,16900.0,3,3,0,2.0,0,0,Bangalore,Android,,
CUST003279,Simran Kapoor,Sharma Solutions Pvt Ltd,b2b,503500.0,65,62,3,5.6,2,2,Bangalore,Android,,
CUST003280,Arjun Patel,,group_d_broken_promise,15300.0,4,2,2,33.2,8,1,Chennai,Android,,
CUST003281,Aditya Bose,,normal,10300.0,2,2,0,1.8,2,2,Bangalore,Android,,
CUST003282,Aarav Singh,,dormant_high_ltv,455300.0,60,55,5,4.5,0,0,Delhi,Desktop,,
CUST003283,Sanya Mehta,Chawla Traders Pvt Ltd,b2b,287900.0,36,29,7,10.2,5,5,Delhi,iOS,,
CUST003284,Arjun Singh,,group_d_broken_promise,43500.0,9,4,5,20.6,5,2,Nagpur,Desktop,,
CUST003285,Rahul Gupta,,group_d_broken_promise,19300.0,5,2,3,30.2,7,2,Nagpur,iOS,,
CUST003286,Arjun Sharma,,normal,23300.0,4,3,1,2.0,2,2,Jaipur,Android,,
CUST003287,Sanya Patel,,normal,17400.0,3,3,0,2.5,0,0,Ahmedabad,iOS,,
CUST003288,Priya Iyer,,normal,32100.0,5,4,1,1.9,0,0,Kolkata,Android,,
CUST003289,Ananya Gupta,,group_d_broken_promise,9200.0,2,1,1,17.0,4,1,Mumbai,Android,,
CUST003290,Karan Bose,,normal,19300.0,5,5,0,9.4,0,0,Ahmedabad,Android,,
CUST003291,Saanvi Verma,,normal,39200.0,8,7,1,5.0,1,1,Hyderabad,Desktop,,
CUST003292,Arjun Iyer,,normal,43700.0,4,3,1,1.2,2,2,Pune,Desktop,,
CUST003293,Ananya Bose,,normal,38500.0,8,7,1,2.3,0,0,Chennai,Android,,
CUST003294,Neha Verma,,normal,5900.0,2,2,0,0.6,1,1,Pune,Android,,
CUST003295,Karan Joshi,,normal,22200.0,5,4,1,2.1,0,0,Lucknow,iOS,,
CUST003296,Aman Nair,,normal,16100.0,3,2,1,7.7,0,0,Lucknow,Android,,
CUST003297,Arjun Rao,,normal,17400.0,2,2,0,4.9,2,2,Pune,Android,,
CUST003298,Myra Verma,,normal,29300.0,3,3,0,1.1,2,2,Delhi,Android,,
CUST003299,Saanvi Malhotra,,normal,16700.0,6,6,0,1.4,2,2,Indore,Desktop,,
CUST003300,Priya Nair,,dormant_high_ltv,479000.0,66,62,4,4.7,0,0,Jaipur,Desktop,,
CUST003301,Kabir Reddy,,normal,19900.0,4,3,1,1.1,1,1,Pune,Android,,
CUST003302,Myra Reddy,Joshi Foods Pvt Ltd,b2b,256200.0,43,42,1,15.5,4,3,Kolkata,Desktop,,
CUST003303,Aarav Nair,Patel Distributors Pvt Ltd,b2b,273700.0,31,28,3,4.1,3,2,Indore,Desktop,,
CUST003304,Simran Patel,,normal,20500.0,2,2,0,0.6,1,1,Lucknow,Android,,
CUST003305,Saanvi Kapoor,,normal,6800.0,1,1,0,1.8,1,1,Mumbai,Android,,
CUST003306,Saanvi Chawla,,dormant_high_ltv,361400.0,53,50,3,2.8,0,0,Mumbai,Android,,
CUST003307,Sanya Nair,,dormant_high_ltv,546400.0,61,52,9,0.8,0,0,Hyderabad,Android,,
CUST003308,Karan Chawla,,dormant_high_ltv,582100.0,54,48,6,2.0,0,0,Chennai,iOS,,
CUST003309,Aarav Singh,,normal,15400.0,2,2,0,1.4,2,1,Kolkata,Android,,
CUST003310,Diya Rao,,dormant_high_ltv,333800.0,45,42,3,7.1,0,0,Indore,iOS,,
CUST003311,Arjun Bose,,normal,33200.0,5,4,1,1.0,2,2,Chennai,Android,,
CUST003312,Aman Mehta,,normal,6300.0,4,3,1,4.7,1,1,Kolkata,Android,,
CUST003313,Vivaan Verma,,normal,25600.0,4,3,1,1.7,2,2,Nagpur,Android,,
CUST003314,Neha Iyer,,normal,12100.0,2,2,0,0.9,1,1,Ahmedabad,Android,,
CUST003315,Aman Singh,Patel Tech Pvt Ltd,b2b,505600.0,55,52,3,7.3,2,2,Nagpur,Android,,
CUST003316,Kabir Nair,,dormant_high_ltv,380300.0,44,40,4,2.6,0,0,Chennai,Android,,
CUST003317,Aditya Reddy,,normal,15900.0,3,3,0,6.0,0,0,Indore,Android,,
CUST003318,Simran Gupta,,group_d_broken_promise,21500.0,4,2,2,24.7,6,1,Mumbai,Desktop,,
CUST003319,Aarav Sharma,,group_d_broken_promise,17900.0,3,1,2,20.0,11,4,Indore,iOS,,
CUST003320,Aarav Nair,Joshi Tech Pvt Ltd,b2b,272200.0,29,25,4,4.2,5,4,Kolkata,iOS,,
CUST003321,Ananya Reddy,,dormant_high_ltv,370100.0,40,37,3,0.2,2,2,Indore,iOS,,
CUST003322,Aman Malhotra,,normal,28100.0,5,4,1,1.9,2,2,Mumbai,Android,,
CUST003323,Rahul Reddy,,normal,10700.0,4,3,1,6.2,2,2,Mumbai,Android,,
CUST003324,Ishaan Bose,,normal,16600.0,2,1,1,2.9,2,2,Delhi,iOS,,
CUST003325,Priya Malhotra,,normal,7900.0,1,1,0,3.7,0,0,Chennai,Android,,
CUST003326,Ishaan Sharma,,normal,23800.0,1,1,0,2.7,0,0,Lucknow,iOS,,
CUST003327,Aman Sharma,,normal,12900.0,1,1,0,1.0,1,1,Pune,Desktop,,
CUST003328,Meera Reddy,,normal,9000.0,2,1,1,2.7,2,2,Delhi,iOS,,
CUST003329,Kabir Iyer,,normal,19300.0,4,4,0,1.5,1,1,Nagpur,Android,,
CUST003330,Simran Malhotra,Gupta Retail Pvt Ltd,b2b,621000.0,67,57,10,4.0,1,1,Lucknow,Android,,
CUST003331,Kiara Iyer,,normal,7800.0,4,3,1,1.8,2,1,Jaipur,Desktop,,
CUST003332,Aman Nair,Bose Retail Pvt Ltd,b2b,426000.0,51,46,5,15.8,3,3,Chennai,iOS,,
CUST003333,Ishaan Verma,,dormant_high_ltv,347000.0,57,54,3,4.5,0,0,Lucknow,Desktop,,
CUST003334,Rohan Rao,Verma Solutions Pvt Ltd,b2b,352400.0,41,34,7,4.7,3,3,Chennai,Desktop,,
CUST003335,Saanvi Verma,,normal,15700.0,5,5,0,1.7,2,2,Pune,iOS,,
CUST003336,Myra Patel,,normal,12300.0,2,1,1,0.5,2,2,Bangalore,Android,,
CUST003337,Aditya Singh,,normal,21500.0,4,3,1,4.9,1,1,Bangalore,Android,,
CUST003338,Rohan Patel,,normal,21800.0,5,4,1,3.4,2,2,Pune,Android,,
CUST003339,Karan Rao,Kapoor Enterprises Pvt Ltd,b2b,286300.0,39,33,6,3.8,1,1,Nagpur,Desktop,,
CUST003340,Aman Verma,,normal,13400.0,1,1,0,3.0,2,1,Mumbai,Desktop,,
CUST003341,Diya Malhotra,Nair Textiles Pvt Ltd,b2b,369200.0,47,42,5,3.8,1,1,Chennai,iOS,,
CUST003342,Arjun Chawla,,normal,38700.0,7,5,2,3.7,2,2,Chennai,iOS,,
CUST003343,Rahul Singh,,group_d_broken_promise,42100.0,8,4,4,41.5,6,1,Ahmedabad,Android,,
CUST003344,Simran Rao,,group_d_broken_promise,16400.0,4,2,2,34.7,9,2,Pune,iOS,,
CUST003345,Vivaan Singh,,normal,32400.0,3,2,1,3.0,2,2,Lucknow,Desktop,,
CUST003346,Myra Singh,,normal,11400.0,3,3,0,0.2,0,0,Hyderabad,Android,,
CUST003347,Ananya Bose,,normal,56300.0,9,8,1,5.0,1,1,Nagpur,Android,,
CUST003348,Myra Bose,,normal,27500.0,4,3,1,0.9,1,1,Chennai,Android,,
CUST003349,Priya Bose,,normal,22700.0,3,2,1,3.9,2,1,Bangalore,iOS,,
CUST003350,Meera Gupta,,normal,23500.0,6,5,1,0.3,0,0,Kolkata,Desktop,,
CUST003351,Karan Iyer,,dormant_high_ltv,570700.0,59,57,2,5.4,1,1,Jaipur,Android,,
CUST003352,Aditya Nair,,group_d_broken_promise,20500.0,3,1,2,42.6,10,2,Pune,Android,,
CUST003353,Diya Reddy,,dormant_high_ltv,568700.0,51,47,4,0.7,2,2,Delhi,Android,,
CUST003354,Meera Nair,Reddy Retail Pvt Ltd,b2b,242500.0,37,32,5,10.1,5,4,Nagpur,Android,,
CUST003355,Rahul Sharma,,normal,9900.0,1,1,0,0.8,0,0,Delhi,Android,,
CUST003356,Priya Reddy,,normal,35100.0,8,7,1,8.1,2,2,Jaipur,Android,,
CUST003357,Aditya Reddy,,normal,6800.0,1,1,0,2.7,0,0,Nagpur,Android,,
CUST003358,Kiara Nair,,normal,23500.0,4,3,1,1.1,0,0,Delhi,Android,,
CUST003359,Rahul Nair,,normal,32600.0,3,3,0,2.2,1,1,Mumbai,Android,,
CUST003360,Priya Kapoor,,normal,11900.0,4,3,1,6.5,1,1,Indore,Android,,
CUST003361,Aman Rao,Rao Tech Pvt Ltd,b2b,210900.0,24,20,4,4.6,4,3,Ahmedabad,Android,,
CUST003362,Karan Singh,Chawla Solutions Pvt Ltd,b2b,427500.0,56,45,11,4.2,5,4,Indore,Android,,
CUST003363,Saanvi Kapoor,,normal,28500.0,2,1,1,1.5,2,2,Hyderabad,Android,,
CUST003364,Ananya Bose,,normal,20300.0,2,2,0,0.3,1,1,Lucknow,Desktop,,
CUST003365,Sanya Joshi,Sharma Tech Pvt Ltd,b2b,351900.0,49,42,7,6.2,1,1,Pune,iOS,,
CUST003366,Myra Verma,Rao Industries Pvt Ltd,b2b,468900.0,62,53,9,8.3,3,3,Pune,iOS,,
CUST003367,Aditya Bose,,normal,29400.0,1,1,0,2.9,0,0,Indore,Android,,
CUST003368,Kabir Verma,,normal,31800.0,2,2,0,8.0,0,0,Delhi,Android,,
CUST003369,Sanya Rao,,group_d_broken_promise,28300.0,4,2,2,14.6,3,1,Pune,Android,,
CUST003370,Rohan Sharma,,normal,40600.0,4,3,1,4.5,1,1,Kolkata,Android,,
CUST003371,Ishaan Joshi,,normal,36000.0,4,4,0,3.5,2,1,Bangalore,iOS,,
CUST003372,Meera Nair,,dormant_high_ltv,373300.0,54,48,6,0.6,2,1,Chennai,Desktop,,
CUST003373,Neha Singh,,normal,7200.0,2,2,0,1.0,0,0,Hyderabad,Android,,
CUST003374,Kabir Rao,,group_d_broken_promise,34100.0,3,1,2,21.4,7,1,Indore,Android,,
CUST003375,Aarav Malhotra,,normal,11500.0,1,1,0,0.3,0,0,Bangalore,Android,,
CUST003376,Aman Sharma,,normal,24700.0,4,3,1,0.7,2,2,Chennai,Android,,
CUST003377,Myra Kapoor,,dormant_high_ltv,470000.0,55,48,7,2.7,0,0,Bangalore,Android,,
CUST003378,Myra Sharma,,normal,32100.0,6,5,1,2.6,2,2,Pune,iOS,,
CUST003379,Rahul Mehta,,normal,10700.0,3,2,1,0.2,2,1,Nagpur,Android,,
CUST003380,Karan Joshi,,normal,27200.0,7,5,2,2.8,0,0,Indore,Android,,
CUST003381,Neha Iyer,Gupta Apparel Pvt Ltd,b2b,395300.0,36,30,6,23.5,2,2,Bangalore,Android,,
CUST003382,Meera Mehta,,normal,37300.0,2,2,0,5.0,1,1,Kolkata,iOS,,
CUST003383,Rohan Malhotra,,normal,31400.0,3,2,1,1.1,2,2,Lucknow,Android,,
CUST003384,Neha Iyer,,normal,27000.0,4,3,1,2.7,2,2,Lucknow,Android,,
CUST003385,Priya Iyer,Chawla Exports Pvt Ltd,b2b,284700.0,42,40,2,6.5,5,5,Hyderabad,Android,,
CUST003386,Kabir Mehta,,normal,18600.0,2,2,0,4.8,2,2,Kolkata,Android,,
CUST003387,Meera Malhotra,,normal,18200.0,4,3,1,0.9,2,2,Indore,iOS,,
CUST003388,Saanvi Singh,,normal,51400.0,13,12,1,0.5,1,1,Mumbai,iOS,,
CUST003389,Karan Gupta,,normal,3700.0,3,2,1,2.1,0,0,Delhi,Android,,
CUST003390,Meera Reddy,Sharma Retail Pvt Ltd,b2b,503300.0,55,48,7,20.8,3,3,Pune,iOS,,
CUST003391,Rahul Sharma,,group_d_broken_promise,49600.0,9,5,4,18.0,3,1,Lucknow,Android,,
CUST003392,Diya Chawla,,normal,14700.0,3,3,0,4.6,1,1,Nagpur,iOS,,
CUST003393,Diya Joshi,,normal,11500.0,1,1,0,5.1,1,1,Kolkata,Android,,
CUST003394,Kiara Bose,,dormant_high_ltv,527400.0,57,54,3,0.7,1,1,Jaipur,iOS,,
CUST003395,Myra Bose,,normal,8900.0,1,1,0,0.3,1,1,Jaipur,iOS,,
CUST003396,Diya Nair,,normal,26100.0,5,5,0,0.7,1,1,Kolkata,Android,,
CUST003397,Ananya Sharma,,dormant_high_ltv,424200.0,53,48,5,1.5,1,1,Nagpur,Desktop,,
CUST003398,Kiara Patel,,group_d_broken_promise,17000.0,4,2,2,16.8,6,1,Bangalore,Android,,
CUST003399,Myra Sharma,,normal,24300.0,7,7,0,3.7,2,2,Jaipur,Android,,
CUST003400,Rohan Bose,,normal,19500.0,1,1,0,1.3,0,0,Kolkata,iOS,,
CUST003401,Kiara Singh,,dormant_high_ltv,366000.0,50,46,4,2.5,0,0,Mumbai,Desktop,,
CUST003402,Rahul Patel,,normal,24300.0,2,2,0,7.6,1,1,Chennai,iOS,,
CUST003403,Ananya Rao,,normal,29400.0,2,2,0,8.5,1,1,Lucknow,iOS,,
CUST003404,Simran Bose,,normal,17300.0,3,2,1,3.5,2,1,Kolkata,Desktop,,
CUST003405,Saanvi Bose,,normal,25100.0,2,2,0,1.9,2,1,Hyderabad,iOS,,
CUST003406,Aman Verma,,normal,16500.0,2,2,0,3.9,2,1,Bangalore,Android,,
CUST003407,Aditya Mehta,,normal,25600.0,8,6,2,1.7,0,0,Kolkata,Android,,
CUST003408,Arjun Verma,Singh Industries Pvt Ltd,b2b,296200.0,39,36,3,16.2,1,1,Chennai,Android,,
CUST003409,Sanya Patel,,normal,37400.0,7,6,1,0.6,0,0,Kolkata,iOS,,
CUST003410,Vivaan Chawla,,group_d_broken_promise,46800.0,4,2,2,21.5,5,1,Hyderabad,iOS,,
CUST003411,Simran Nair,,normal,30900.0,5,4,1,8.7,1,1,Jaipur,Desktop,,
CUST003412,Ishaan Kapoor,,group_d_broken_promise,41300.0,5,2,3,22.2,4,1,Pune,Android,,
CUST003413,Saanvi Malhotra,,normal,44400.0,4,3,1,5.0,0,0,Nagpur,Desktop,,
CUST003414,Aman Reddy,,dormant_high_ltv,328000.0,37,32,5,2.2,0,0,Nagpur,Android,,
CUST003415,Ishaan Malhotra,Iyer Apparel Pvt Ltd,b2b,556700.0,54,51,3,18.7,5,5,Mumbai,Desktop,,
CUST003416,Ishaan Iyer,Singh Apparel Pvt Ltd,b2b,293000.0,38,33,5,2.8,5,5,Delhi,Android,,
CUST003417,Aditya Verma,,normal,14700.0,4,4,0,4.6,2,2,Pune,Android,,
CUST003418,Saanvi Rao,,normal,13000.0,1,1,0,5.7,1,1,Pune,Android,,
CUST003419,Kabir Bose,,dormant_high_ltv,482700.0,62,61,1,2.8,1,1,Bangalore,Desktop,,
CUST003420,Aditya Singh,,normal,24000.0,6,4,2,8.2,1,1,Lucknow,Android,,
CUST003421,Aditya Patel,,normal,15000.0,1,1,0,2.7,0,0,Chennai,iOS,,
CUST003422,Myra Reddy,Reddy Solutions Pvt Ltd,b2b,221600.0,19,15,4,6.2,5,5,Jaipur,Android,,
CUST003423,Sanya Iyer,,normal,26200.0,9,6,3,2.1,1,1,Indore,iOS,,
CUST003424,Saanvi Joshi,,normal,21500.0,5,5,0,7.5,2,2,Mumbai,Desktop,,
CUST003425,Ananya Patel,,group_d_broken_promise,17800.0,1,0,1,19.7,7,1,Chennai,Android,,
CUST003426,Meera Malhotra,,normal,11600.0,2,2,0,2.2,2,2,Delhi,Desktop,,
CUST003427,Sanya Chawla,,group_d_broken_promise,16800.0,1,0,1,28.9,6,2,Pune,Android,,
CUST003428,Neha Bose,,normal,24500.0,6,5,1,1.3,2,2,Kolkata,Android,,
CUST003429,Rohan Patel,,normal,12000.0,2,2,0,5.5,2,1,Delhi,Android,,
CUST003430,Kabir Reddy,,normal,38900.0,11,9,2,0.1,2,2,Kolkata,Android,,
CUST003431,Rohan Kapoor,,normal,17500.0,5,4,1,0.8,0,0,Lucknow,Android,,
CUST003432,Arjun Chawla,,normal,13000.0,3,3,0,4.2,1,1,Lucknow,iOS,,
CUST003433,Meera Iyer,,normal,21900.0,4,3,1,1.0,0,0,Mumbai,iOS,,
CUST003434,Aarav Nair,Singh Distributors Pvt Ltd,b2b,595500.0,61,55,6,8.7,2,1,Nagpur,Android,,
CUST003435,Arjun Bose,,dormant_high_ltv,285600.0,41,40,1,2.1,1,1,Nagpur,iOS,,
CUST003436,Rahul Reddy,,normal,23100.0,4,3,1,1.8,0,0,Pune,Android,,
CUST003437,Neha Gupta,Joshi Apparel Pvt Ltd,b2b,289600.0,41,39,2,5.2,4,4,Mumbai,Desktop,,
CUST003438,Kiara Reddy,Joshi Retail Pvt Ltd,b2b,296600.0,32,29,3,6.6,2,1,Chennai,Android,,
CUST003439,Neha Reddy,,dormant_high_ltv,368600.0,53,46,7,1.4,1,1,Indore,Android,,
CUST003440,Myra Kapoor,,normal,14500.0,2,2,0,2.8,0,0,Delhi,Android,,
CUST003441,Kiara Reddy,Reddy Retail Pvt Ltd,b2b,224700.0,20,19,1,4.7,3,3,Mumbai,Desktop,,
CUST003442,Saanvi Patel,,group_d_broken_promise,31300.0,3,2,1,16.1,4,1,Lucknow,Android,,
CUST003443,Rahul Chawla,,dormant_high_ltv,352500.0,41,35,6,0.9,0,0,Ahmedabad,Desktop,,
CUST003444,Aditya Malhotra,,normal,14100.0,4,3,1,1.8,1,1,Hyderabad,Android,,
CUST003445,Kiara Reddy,,normal,7700.0,1,1,0,2.2,2,2,Chennai,iOS,,
CUST003446,Aarav Patel,Iyer Retail Pvt Ltd,b2b,341600.0,35,31,4,6.2,2,2,Chennai,Desktop,,
CUST003447,Ishaan Rao,,normal,30100.0,6,6,0,0.7,0,0,Lucknow,Android,,
CUST003448,Kabir Malhotra,,normal,38300.0,3,3,0,1.3,0,0,Lucknow,Android,,
CUST003449,Diya Iyer,Rao Foods Pvt Ltd,b2b,233800.0,30,27,3,10.4,4,4,Lucknow,Android,,
CUST003450,Priya Singh,,normal,32500.0,3,2,1,0.5,0,0,Nagpur,iOS,,
CUST003451,Neha Reddy,,normal,12800.0,4,4,0,2.1,1,1,Lucknow,Desktop,,
CUST003452,Aditya Kapoor,,normal,24200.0,3,2,1,7.4,1,1,Ahmedabad,Android,,
CUST003453,Karan Singh,,dormant_high_ltv,281700.0,39,35,4,0.7,0,0,Pune,Android,,
CUST003454,Ananya Nair,,dormant_high_ltv,388100.0,45,44,1,1.4,0,0,Ahmedabad,Android,,
CUST003455,Vivaan Sharma,,normal,22000.0,4,4,0,1.1,0,0,Bangalore,iOS,,
CUST003456,Simran Iyer,,normal,8700.0,3,3,0,0.7,1,1,Nagpur,Android,,
CUST003457,Aditya Chawla,,normal,14400.0,3,2,1,1.8,0,0,Jaipur,Android,,
CUST003458,Rohan Nair,,normal,23300.0,2,2,0,0.1,0,0,Jaipur,Android,,
CUST003459,Rohan Malhotra,,dormant_high_ltv,378200.0,57,51,6,1.0,2,2,Ahmedabad,Android,,
CUST003460,Aman Malhotra,,normal,6300.0,4,3,1,5.7,0,0,Nagpur,iOS,,
CUST003461,Aarav Reddy,,normal,10700.0,1,1,0,0.8,1,1,Jaipur,iOS,,
CUST003462,Aman Rao,,normal,28300.0,7,5,2,2.4,1,1,Nagpur,Android,,
CUST003463,Ishaan Patel,,dormant_high_ltv,311800.0,40,36,4,4.6,2,2,Kolkata,Android,,
CUST003464,Priya Nair,Malhotra Enterprises Pvt Ltd,b2b,581800.0,60,53,7,8.9,4,3,Ahmedabad,Desktop,,
CUST003465,Arjun Nair,,normal,12500.0,4,4,0,1.4,0,0,Bangalore,iOS,,
CUST003466,Rohan Patel,,normal,8800.0,2,2,0,3.4,0,0,Jaipur,iOS,,
CUST003467,Myra Kapoor,,normal,31600.0,7,5,2,2.5,0,0,Mumbai,Android,,
CUST003468,Rohan Nair,Joshi Logistics Pvt Ltd,b2b,311900.0,38,36,2,13.4,3,2,Pune,Android,,
CUST003469,Myra Iyer,Bose Foods Pvt Ltd,b2b,257900.0,21,18,3,9.1,3,3,Jaipur,Desktop,,
CUST003470,Sanya Kapoor,,normal,12600.0,3,2,1,4.3,0,0,Hyderabad,iOS,,
CUST003471,Rohan Gupta,,normal,28400.0,3,3,0,2.5,1,1,Hyderabad,Android,,
CUST003472,Rahul Sharma,,normal,43800.0,4,3,1,3.8,2,2,Hyderabad,Desktop,,
CUST003473,Arjun Reddy,,normal,10500.0,3,3,0,12.8,2,1,Ahmedabad,iOS,,
CUST003474,Myra Malhotra,,normal,17800.0,3,2,1,2.2,2,2,Hyderabad,Android,,
CUST003475,Simran Verma,,normal,22200.0,6,4,2,2.7,1,1,Chennai,Android,,
CUST003476,Karan Iyer,,normal,31300.0,8,8,0,5.2,0,0,Lucknow,Desktop,,
CUST003477,Arjun Singh,,normal,14400.0,3,3,0,3.3,0,0,Bangalore,Desktop,,
CUST003478,Saanvi Singh,,normal,4900.0,2,2,0,2.9,1,1,Nagpur,iOS,,
CUST003479,Priya Joshi,,normal,10500.0,2,1,1,2.4,0,0,Chennai,iOS,,
CUST003480,Meera Iyer,,normal,15900.0,2,2,0,1.8,1,1,Ahmedabad,iOS,,
CUST003481,Rahul Sharma,,normal,28300.0,4,3,1,4.0,0,0,Delhi,Android,,
CUST003482,Kiara Iyer,,normal,17900.0,3,3,0,2.2,1,1,Kolkata,iOS,,
CUST003483,Simran Kapoor,,normal,27400.0,4,3,1,3.3,1,1,Ahmedabad,Android,,
CUST003484,Aman Malhotra,,normal,15600.0,3,2,1,0.7,2,2,Lucknow,Android,,
CUST003485,Neha Kapoor,,normal,21100.0,5,4,1,3.3,2,1,Lucknow,Android,,
CUST003486,Priya Kapoor,,normal,29500.0,3,2,1,6.8,1,1,Pune,iOS,,
CUST003487,Rohan Mehta,,normal,33600.0,2,2,0,0.3,1,1,Mumbai,Android,,
CUST003488,Sanya Nair,,normal,49000.0,5,5,0,2.0,1,1,Kolkata,Android,,
CUST003489,Diya Iyer,Iyer Apparel Pvt Ltd,b2b,362700.0,57,50,7,20.7,2,1,Mumbai,Android,,
CUST003490,Ananya Joshi,,normal,22600.0,6,5,1,1.9,2,2,Kolkata,Android,,
CUST003491,Ishaan Iyer,,normal,6900.0,3,2,1,1.8,0,0,Chennai,Desktop,,
CUST003492,Sanya Joshi,,dormant_high_ltv,564000.0,72,64,8,1.0,1,1,Pune,Android,,
CUST003493,Saanvi Joshi,,normal,24600.0,5,4,1,1.8,2,2,Indore,iOS,,
CUST003494,Ishaan Joshi,,normal,6700.0,4,3,1,6.9,2,2,Kolkata,Android,,
CUST003495,Aman Malhotra,,group_d_broken_promise,25400.0,2,1,1,13.6,9,1,Lucknow,iOS,,
CUST003496,Ananya Sharma,,normal,26200.0,2,2,0,7.2,0,0,Hyderabad,iOS,,
CUST003497,Karan Rao,,normal,20700.0,3,3,0,1.3,1,1,Chennai,iOS,,
CUST003498,Kiara Malhotra,,normal,32600.0,2,2,0,4.6,2,2,Ahmedabad,Desktop,,
CUST003499,Sanya Chawla,,normal,15600.0,2,2,0,1.9,0,0,Indore,Android,,
CUST003500,Sanya Iyer,,normal,21200.0,7,6,1,4.3,0,0,Indore,Android,,
CUST003501,Meera Patel,,normal,24900.0,4,3,1,0.0,1,1,Pune,iOS,,
CUST003502,Rahul Reddy,,normal,5300.0,3,2,1,2.6,0,0,Mumbai,Desktop,,
CUST003503,Karan Joshi,,dormant_high_ltv,483700.0,59,53,6,3.3,2,2,Indore,Android,,
CUST003504,Kabir Singh,,normal,24300.0,2,2,0,1.8,1,1,Pune,Android,,
CUST003505,Vivaan Reddy,,normal,5500.0,2,2,0,1.5,2,2,Mumbai,Android,,
CUST003506,Karan Kapoor,,normal,13000.0,1,1,0,2.0,2,1,Lucknow,iOS,,
CUST003507,Myra Sharma,,normal,23000.0,3,3,0,1.1,2,1,Jaipur,Android,,
CUST003508,Kiara Kapoor,,normal,6100.0,3,3,0,0.7,0,0,Indore,Desktop,,
CUST003509,Aditya Bose,,normal,26800.0,7,5,2,6.2,1,1,Delhi,Desktop,,
CUST003510,Aarav Kapoor,Sharma Retail Pvt Ltd,b2b,774900.0,68,63,5,12.3,2,2,Indore,iOS,,
CUST003511,Ishaan Reddy,,normal,25700.0,4,4,0,6.0,0,0,Lucknow,Android,,
CUST003512,Aditya Verma,,normal,31900.0,4,3,1,0.1,0,0,Jaipur,iOS,,
CUST003513,Vivaan Reddy,,normal,7700.0,1,1,0,1.3,2,2,Hyderabad,Android,,
CUST003514,Saanvi Iyer,,normal,48300.0,5,4,1,4.5,1,1,Hyderabad,iOS,,
CUST003515,Aditya Nair,,normal,9500.0,1,1,0,1.0,0,0,Ahmedabad,Android,,
CUST003516,Myra Reddy,,normal,21100.0,6,6,0,5.0,2,2,Jaipur,Desktop,,
CUST003517,Ishaan Malhotra,,normal,16100.0,2,2,0,1.3,2,2,Lucknow,Android,,
CUST003518,Simran Malhotra,,group_d_broken_promise,31200.0,10,5,5,19.9,7,2,Mumbai,Android,,
CUST003519,Myra Gupta,,normal,18100.0,1,1,0,1.0,1,1,Chennai,Android,,
CUST003520,Rohan Patel,,normal,44600.0,7,6,1,7.9,1,1,Bangalore,iOS,,
CUST003521,Aditya Gupta,,normal,10300.0,1,1,0,3.4,2,2,Chennai,Desktop,,
CUST003522,Priya Mehta,,normal,40900.0,3,3,0,1.6,2,2,Bangalore,Android,,
CUST003523,Simran Nair,,group_d_broken_promise,21800.0,1,1,0,47.4,7,1,Lucknow,Android,,
CUST003524,Aarav Nair,,normal,28900.0,3,3,0,1.5,2,2,Pune,iOS,,
CUST003525,Saanvi Malhotra,,normal,19200.0,5,4,1,2.2,0,0,Delhi,iOS,,
CUST003526,Meera Gupta,,normal,19100.0,7,6,1,5.0,2,2,Hyderabad,Android,,
CUST003527,Kabir Verma,,group_d_broken_promise,26700.0,2,1,1,28.8,7,2,Lucknow,Android,,
CUST003528,Myra Sharma,,group_d_broken_promise,24200.0,4,2,2,29.5,10,1,Nagpur,iOS,,
CUST003529,Rohan Kapoor,,normal,25700.0,5,4,1,0.7,2,2,Delhi,Android,,
CUST003530,Aman Sharma,,normal,15500.0,3,2,1,1.7,2,2,Indore,iOS,,
CUST003531,Kabir Verma,,dormant_high_ltv,401200.0,64,57,7,0.3,1,1,Ahmedabad,Android,,
CUST003532,Ananya Mehta,,dormant_high_ltv,504900.0,70,60,10,6.4,2,2,Bangalore,Android,,
CUST003533,Saanvi Gupta,,normal,17100.0,3,2,1,0.4,0,0,Bangalore,Android,,
CUST003534,Sanya Malhotra,,group_d_broken_promise,31000.0,5,2,3,18.5,7,1,Delhi,Android,,
CUST003535,Vivaan Reddy,,normal,21100.0,2,2,0,4.5,2,2,Kolkata,Android,,
CUST003536,Ishaan Bose,,normal,38500.0,5,5,0,1.0,0,0,Hyderabad,Android,,
CUST003537,Neha Nair,Chawla Solutions Pvt Ltd,b2b,368600.0,41,34,7,14.1,1,1,Mumbai,Android,,
CUST003538,Ananya Mehta,,normal,18000.0,2,1,1,8.4,2,2,Chennai,Android,,
CUST003539,Priya Patel,,group_d_broken_promise,16600.0,2,1,1,31.5,3,1,Hyderabad,iOS,,
CUST003540,Sanya Nair,Verma Industries Pvt Ltd,b2b,326800.0,40,35,5,11.1,3,3,Pune,Android,,
CUST003541,Neha Iyer,,normal,7300.0,3,3,0,1.7,0,0,Delhi,Android,,
CUST003542,Karan Mehta,,normal,21500.0,4,3,1,3.8,0,0,Chennai,Desktop,,
CUST003543,Aman Nair,,normal,18600.0,3,3,0,3.7,1,1,Kolkata,Android,,
CUST003544,Ishaan Singh,Malhotra Apparel Pvt Ltd,b2b,359600.0,42,37,5,7.9,5,4,Kolkata,Android,,
CUST003545,Meera Rao,Gupta Distributors Pvt Ltd,b2b,477800.0,56,49,7,3.1,5,5,Kolkata,Desktop,,
CUST003546,Ananya Sharma,,normal,13600.0,1,1,0,3.8,1,1,Nagpur,iOS,,
CUST003547,Sanya Mehta,,normal,23300.0,2,1,1,1.2,2,2,Hyderabad,Desktop,,
CUST003548,Kabir Reddy,,normal,13900.0,2,2,0,0.4,1,1,Mumbai,Android,,
CUST003549,Simran Verma,,group_d_broken_promise,27700.0,1,0,1,26.6,7,1,Nagpur,iOS,,
CUST003550,Simran Gupta,,normal,17800.0,3,3,0,3.9,0,0,Mumbai,iOS,,
CUST003551,Priya Reddy,,normal,21100.0,1,1,0,2.7,0,0,Indore,Desktop,,
CUST003552,Aarav Rao,,normal,22200.0,3,2,1,7.4,0,0,Kolkata,iOS,,
CUST003553,Vivaan Malhotra,Malhotra Solutions Pvt Ltd,b2b,461600.0,70,67,3,7.3,2,2,Indore,Android,,
CUST003554,Ishaan Gupta,,normal,24300.0,4,3,1,7.2,1,1,Pune,iOS,,
CUST003555,Priya Malhotra,Rao Industries Pvt Ltd,b2b,391100.0,63,55,8,8.4,2,2,Ahmedabad,Android,,
CUST003556,Arjun Sharma,,normal,26100.0,6,5,1,4.6,0,0,Kolkata,Android,,
CUST003557,Ishaan Iyer,,normal,20900.0,4,3,1,4.9,1,1,Kolkata,Android,,
CUST003558,Saanvi Iyer,,normal,8100.0,3,2,1,5.0,0,0,Kolkata,Android,,
CUST003559,Ananya Kapoor,,normal,22600.0,1,1,0,1.8,1,1,Kolkata,Android,,
CUST003560,Aarav Singh,,normal,31400.0,6,5,1,0.5,2,2,Ahmedabad,iOS,,
CUST003561,Sanya Reddy,,normal,7200.0,1,1,0,1.9,2,2,Hyderabad,iOS,,
CUST003562,Vivaan Kapoor,,normal,8200.0,1,1,0,2.4,0,0,Lucknow,iOS,,
CUST003563,Saanvi Nair,,normal,12700.0,5,4,1,1.5,2,2,Delhi,Android,,
CUST003564,Priya Sharma,,group_d_broken_promise,49100.0,10,5,5,15.5,9,2,Nagpur,iOS,,
CUST003565,Rohan Sharma,,normal,30400.0,7,5,2,1.1,1,1,Mumbai,Android,,
CUST003566,Sanya Verma,,normal,12300.0,4,4,0,0.8,0,0,Nagpur,iOS,,
CUST003567,Aman Verma,,normal,30600.0,2,2,0,4.0,2,1,Hyderabad,Desktop,,
CUST003568,Karan Bose,,normal,21900.0,4,3,1,0.1,0,0,Bangalore,Android,,
CUST003569,Neha Rao,,normal,14200.0,5,4,1,0.8,1,1,Lucknow,iOS,,
CUST003570,Ananya Verma,Kapoor Solutions Pvt Ltd,b2b,511200.0,70,58,12,5.2,4,4,Hyderabad,Android,,
CUST003571,Karan Chawla,,normal,70300.0,9,8,1,1.8,0,0,Kolkata,iOS,,
CUST003572,Ishaan Verma,,group_d_broken_promise,47700.0,2,1,1,34.3,5,2,Delhi,iOS,,
CUST003573,Ishaan Verma,Nair Retail Pvt Ltd,b2b,366800.0,45,42,3,14.5,1,1,Nagpur,Android,,
CUST003574,Rahul Kapoor,,normal,9600.0,4,3,1,3.0,1,1,Mumbai,Android,,
CUST003575,Kiara Bose,Malhotra Distributors Pvt Ltd,b2b,336300.0,47,40,7,14.2,1,1,Pune,iOS,,
CUST003576,Sanya Singh,,normal,19700.0,5,4,1,5.9,0,0,Indore,Desktop,,
CUST003577,Saanvi Bose,,normal,11500.0,2,2,0,2.9,1,1,Chennai,Android,,
CUST003578,Kabir Malhotra,Mehta Exports Pvt Ltd,b2b,364000.0,45,43,2,9.3,1,1,Bangalore,iOS,,
CUST003579,Ananya Bose,,normal,23200.0,4,3,1,12.2,0,0,Hyderabad,iOS,,
CUST003580,Simran Verma,,dormant_high_ltv,539700.0,57,53,4,5.5,2,2,Jaipur,iOS,,
CUST003581,Aman Joshi,,normal,11800.0,3,3,0,6.6,2,2,Pune,Android,,
CUST003582,Kabir Gupta,,normal,15300.0,3,2,1,2.8,0,0,Nagpur,Android,,
CUST003583,Kiara Chawla,,normal,13000.0,3,3,0,2.2,0,0,Hyderabad,Desktop,,
CUST003584,Aman Mehta,,normal,16800.0,2,1,1,2.3,1,1,Ahmedabad,Android,,
CUST003585,Vivaan Verma,,normal,31300.0,4,3,1,0.4,1,1,Pune,iOS,,
CUST003586,Priya Mehta,,normal,8900.0,3,2,1,1.2,1,1,Mumbai,Android,,
CUST003587,Aarav Bose,,normal,12400.0,2,1,1,1.4,0,0,Mumbai,Android,,
CUST003588,Karan Verma,,normal,15600.0,3,2,1,1.0,0,0,Bangalore,Android,,
CUST003589,Simran Sharma,,normal,17200.0,3,2,1,0.4,1,1,Indore,iOS,,
CUST003590,Rahul Mehta,Sharma Retail Pvt Ltd,b2b,293600.0,35,28,7,9.0,3,2,Kolkata,iOS,,
CUST003591,Arjun Singh,,normal,37100.0,4,3,1,1.3,0,0,Hyderabad,iOS,,
CUST003592,Aman Kapoor,Gupta Logistics Pvt Ltd,b2b,481600.0,67,55,12,4.9,2,2,Hyderabad,Android,,
CUST003593,Rahul Mehta,,normal,12700.0,3,2,1,2.1,0,0,Pune,iOS,,
CUST003594,Diya Iyer,,group_d_broken_promise,29200.0,5,2,3,34.7,11,2,Ahmedabad,Android,,
CUST003595,Rohan Verma,,dormant_high_ltv,571900.0,51,49,2,2.3,2,2,Bangalore,iOS,,
CUST003596,Myra Chawla,,normal,30600.0,4,4,0,2.4,1,1,Pune,Android,,
CUST003597,Simran Sharma,,normal,39600.0,5,4,1,1.9,0,0,Hyderabad,Android,,
CUST003598,Priya Kapoor,,normal,17800.0,1,1,0,4.1,0,0,Delhi,iOS,,
CUST003599,Priya Gupta,,normal,11100.0,3,3,0,6.4,1,1,Bangalore,iOS,,
CUST003600,Kabir Gupta,,normal,34600.0,3,3,0,1.3,2,2,Chennai,Android,,
CUST003601,Priya Nair,Kapoor Traders Pvt Ltd,b2b,288800.0,43,35,8,5.4,5,5,Nagpur,iOS,,
CUST003602,Karan Iyer,,group_d_broken_promise,16400.0,3,1,2,17.7,8,2,Indore,Android,,
CUST003603,Rohan Joshi,,normal,29200.0,2,2,0,3.4,2,2,Nagpur,Android,,
CUST003604,Sanya Iyer,Sharma Exports Pvt Ltd,b2b,178300.0,26,23,3,12.6,4,4,Kolkata,Desktop,,
CUST003605,Aarav Mehta,,normal,10600.0,1,1,0,5.5,2,2,Chennai,Android,,
CUST003606,Neha Reddy,,dormant_high_ltv,332400.0,38,36,2,3.0,2,2,Chennai,Android,,
CUST003607,Rohan Reddy,,group_d_broken_promise,60900.0,12,7,5,18.6,10,1,Bangalore,Desktop,,
CUST003608,Vivaan Kapoor,Bose Apparel Pvt Ltd,b2b,210500.0,31,28,3,18.6,2,2,Ahmedabad,iOS,,
CUST003609,Saanvi Singh,,group_d_broken_promise,31000.0,5,2,3,17.7,10,3,Nagpur,Android,,
CUST003610,Kabir Iyer,Rao Textiles Pvt Ltd,b2b,405300.0,58,48,10,4.6,4,3,Lucknow,iOS,,
CUST003611,Aman Gupta,,normal,42900.0,8,6,2,4.8,1,1,Nagpur,Android,,
CUST003612,Aarav Verma,Sharma Textiles Pvt Ltd,b2b,272800.0,35,34,1,10.9,4,4,Pune,Android,,
CUST003613,Aarav Bose,,normal,13400.0,2,2,0,1.0,2,1,Jaipur,Android,,
CUST003614,Kabir Verma,,normal,17700.0,1,1,0,1.3,2,2,Kolkata,Android,,
CUST003615,Vivaan Kapoor,,normal,26700.0,5,5,0,0.8,0,0,Kolkata,Android,,
CUST003616,Meera Bose,,normal,40200.0,4,3,1,0.8,0,0,Pune,Android,,
CUST003617,Sanya Gupta,,normal,22500.0,3,2,1,1.4,2,2,Kolkata,Android,,
CUST003618,Rahul Joshi,,group_d_broken_promise,57900.0,4,2,2,26.5,9,2,Chennai,Android,,
CUST003619,Vivaan Gupta,Bose Textiles Pvt Ltd,b2b,465600.0,51,45,6,19.7,4,3,Bangalore,iOS,,
CUST003620,Diya Iyer,,normal,16700.0,4,4,0,2.1,1,1,Jaipur,Desktop,,
CUST003621,Rahul Kapoor,,normal,15500.0,2,2,0,3.0,2,2,Chennai,Android,,
CUST003622,Saanvi Singh,Nair Foods Pvt Ltd,b2b,353000.0,35,30,5,13.5,3,2,Hyderabad,Desktop,,
CUST003623,Aman Chawla,,normal,16700.0,2,2,0,1.3,1,1,Kolkata,Android,,
CUST003624,Meera Joshi,,normal,55700.0,10,9,1,0.8,1,1,Chennai,Android,,
CUST003625,Saanvi Verma,,normal,24100.0,4,3,1,1.5,1,1,Mumbai,Android,,
CUST003626,Neha Nair,,normal,20900.0,1,1,0,0.8,1,1,Jaipur,iOS,,
CUST003627,Myra Chawla,,normal,29400.0,6,6,0,4.2,0,0,Nagpur,iOS,,
CUST003628,Myra Nair,,normal,17300.0,7,6,1,5.0,2,1,Indore,Android,,
CUST003629,Neha Reddy,,normal,39000.0,8,7,1,8.3,2,2,Ahmedabad,iOS,,
CUST003630,Simran Bose,,group_d_broken_promise,31600.0,4,2,2,22.2,8,3,Hyderabad,Android,,
CUST003631,Kabir Kapoor,,group_d_broken_promise,8000.0,1,1,0,21.2,3,0,Hyderabad,iOS,,
CUST003632,Sanya Chawla,,normal,25200.0,5,4,1,5.1,2,2,Chennai,Android,,
CUST003633,Kiara Gupta,,normal,16500.0,6,4,2,1.4,0,0,Kolkata,Android,,
CUST003634,Priya Singh,,normal,14800.0,3,2,1,0.1,1,1,Hyderabad,Android,,
CUST003635,Myra Gupta,,normal,7600.0,1,1,0,5.0,0,0,Mumbai,Android,,
CUST003636,Aarav Nair,,dormant_high_ltv,504800.0,55,48,7,2.4,2,1,Bangalore,iOS,,
CUST003637,Meera Sharma,,normal,31200.0,2,2,0,1.2,0,0,Nagpur,Android,,
CUST003638,Rahul Chawla,Mehta Traders Pvt Ltd,b2b,480300.0,59,52,7,4.6,4,3,Nagpur,Android,,
CUST003639,Priya Kapoor,,normal,8900.0,2,2,0,1.2,0,0,Indore,Android,,
CUST003640,Ishaan Rao,,normal,37900.0,8,6,2,6.5,1,1,Nagpur,Android,,
CUST003641,Arjun Joshi,Nair Solutions Pvt Ltd,b2b,183100.0,33,28,5,9.8,1,1,Indore,iOS,,
CUST003642,Rohan Bose,,dormant_high_ltv,378600.0,47,44,3,0.6,1,1,Nagpur,Android,,
CUST003643,Arjun Singh,,normal,12300.0,6,5,1,3.5,0,0,Jaipur,Android,,
CUST003644,Arjun Gupta,,group_d_broken_promise,60700.0,8,4,4,44.5,10,1,Delhi,Android,,
CUST003645,Karan Singh,,dormant_high_ltv,420300.0,54,50,4,1.5,1,1,Kolkata,iOS,,
CUST003646,Rahul Rao,,normal,13100.0,6,5,1,1.8,1,1,Lucknow,Android,,
CUST003647,Karan Chawla,,normal,48300.0,4,4,0,2.3,1,1,Pune,iOS,,
CUST003648,Aman Bose,,normal,30000.0,4,3,1,6.4,1,1,Hyderabad,Android,,
CUST003649,Simran Chawla,Chawla Enterprises Pvt Ltd,b2b,288100.0,34,28,6,2.9,4,3,Delhi,Android,,
CUST003650,Kiara Verma,,normal,20600.0,2,2,0,2.6,2,2,Mumbai,Android,,
CUST003651,Rohan Patel,Verma Tech Pvt Ltd,b2b,255100.0,35,30,5,9.3,4,3,Hyderabad,iOS,,
CUST003652,Simran Reddy,Reddy Distributors Pvt Ltd,b2b,838000.0,59,50,9,5.0,5,4,Pune,iOS,,
CUST003653,Kabir Singh,Nair Tech Pvt Ltd,b2b,304500.0,42,38,4,10.0,4,4,Delhi,Android,,
CUST003654,Myra Rao,Chawla Foods Pvt Ltd,b2b,209500.0,21,19,2,8.3,2,2,Jaipur,Desktop,,
CUST003655,Aman Joshi,Chawla Logistics Pvt Ltd,b2b,402500.0,43,38,5,10.5,4,3,Ahmedabad,Android,,
CUST003656,Meera Reddy,,group_d_broken_promise,38400.0,8,3,5,20.3,8,1,Jaipur,iOS,,
CUST003657,Arjun Mehta,,group_d_broken_promise,26200.0,2,1,1,19.6,11,3,Delhi,Android,,
CUST003658,Diya Gupta,,normal,45900.0,4,3,1,3.1,1,1,Delhi,Android,,
CUST003659,Saanvi Bose,,normal,18700.0,5,5,0,2.7,2,1,Kolkata,Desktop,,
CUST003660,Rahul Singh,,dormant_high_ltv,336400.0,38,34,4,4.5,2,2,Chennai,Android,,
CUST003661,Kabir Verma,Patel Exports Pvt Ltd,b2b,247800.0,23,22,1,5.4,1,1,Lucknow,Desktop,,
CUST003662,Rahul Bose,,normal,15200.0,3,3,0,0.2,2,2,Lucknow,iOS,,
CUST003663,Aditya Bose,,normal,21700.0,5,4,1,0.7,2,1,Indore,Android,,
CUST003664,Aarav Bose,,normal,32400.0,4,3,1,0.8,1,1,Jaipur,Android,,
CUST003665,Aman Reddy,Rao Retail Pvt Ltd,b2b,499000.0,63,51,12,9.7,4,4,Ahmedabad,iOS,,
CUST003666,Arjun Verma,,normal,9900.0,2,2,0,0.8,1,1,Hyderabad,Desktop,,
CUST003667,Ishaan Reddy,Verma Traders Pvt Ltd,b2b,530500.0,63,54,9,4.9,3,2,Bangalore,Android,,
CUST003668,Kiara Gupta,,group_d_broken_promise,10800.0,4,2,2,20.2,7,2,Kolkata,Android,,
CUST003669,Priya Patel,,normal,12900.0,3,2,1,4.8,1,1,Pune,Desktop,,
CUST003670,Meera Sharma,,normal,11300.0,2,1,1,0.3,1,1,Pune,Android,,
CUST003671,Kabir Singh,,normal,10300.0,1,1,0,5.5,0,0,Delhi,Android,,
CUST003672,Aman Sharma,,normal,17600.0,4,4,0,0.3,2,2,Indore,Android,,
CUST003673,Aman Chawla,Malhotra Distributors Pvt Ltd,b2b,255900.0,36,31,5,2.5,2,2,Ahmedabad,iOS,,
CUST003674,Simran Joshi,Sharma Exports Pvt Ltd,b2b,653300.0,69,63,6,2.5,1,1,Nagpur,Desktop,,
CUST003675,Rohan Verma,,normal,10200.0,3,3,0,1.7,1,1,Lucknow,Android,,
CUST003676,Myra Mehta,,normal,7200.0,1,1,0,5.2,0,0,Lucknow,Android,,
CUST003677,Arjun Singh,Malhotra Exports Pvt Ltd,b2b,275400.0,33,28,5,3.3,4,3,Pune,Android,,
CUST003678,Kiara Kapoor,,normal,12900.0,1,1,0,2.9,0,0,Kolkata,Desktop,,
CUST003679,Kiara Joshi,Gupta Apparel Pvt Ltd,b2b,389000.0,47,43,4,5.6,1,1,Hyderabad,Android,,
CUST003680,Saanvi Gupta,,dormant_high_ltv,396300.0,52,51,1,1.1,0,0,Indore,Android,,
CUST003681,Meera Nair,,normal,12400.0,2,1,1,4.6,2,2,Indore,Android,,
CUST003682,Myra Sharma,,group_d_broken_promise,40500.0,3,1,2,27.4,6,2,Hyderabad,Desktop,,
CUST003683,Rahul Patel,,normal,24500.0,6,4,2,3.4,1,1,Ahmedabad,Android,,
CUST003684,Ananya Reddy,,normal,30900.0,7,6,1,2.1,0,0,Pune,iOS,,
CUST003685,Kiara Iyer,,group_d_broken_promise,31500.0,9,5,4,14.9,3,0,Mumbai,iOS,,
CUST003686,Rahul Singh,,group_d_broken_promise,69700.0,5,3,2,19.6,6,1,Hyderabad,Android,,
CUST003687,Neha Verma,Nair Logistics Pvt Ltd,b2b,504600.0,53,46,7,8.4,1,1,Jaipur,iOS,,
CUST003688,Neha Nair,,normal,13900.0,2,2,0,0.8,0,0,Lucknow,Android,,
CUST003689,Aditya Malhotra,,normal,13000.0,5,4,1,0.1,1,1,Delhi,Desktop,,
CUST003690,Simran Rao,,normal,46900.0,5,4,1,0.9,0,0,Nagpur,iOS,,
CUST003691,Kiara Joshi,,dormant_high_ltv,506900.0,53,48,5,4.7,1,1,Indore,Desktop,,
CUST003692,Diya Kapoor,,normal,30300.0,3,3,0,3.4,0,0,Kolkata,iOS,,
CUST003693,Arjun Sharma,,group_d_broken_promise,54900.0,7,4,3,20.5,5,1,Mumbai,iOS,,
CUST003694,Aarav Verma,,normal,23100.0,3,3,0,1.8,2,2,Mumbai,Android,,
CUST003695,Myra Patel,,normal,16200.0,4,3,1,0.5,1,1,Bangalore,Desktop,,
CUST003696,Aarav Patel,,normal,30000.0,4,3,1,1.1,0,0,Indore,Desktop,,
CUST003697,Rohan Sharma,Singh Exports Pvt Ltd,b2b,405200.0,47,42,5,11.1,2,2,Lucknow,iOS,,
CUST003698,Priya Bose,,dormant_high_ltv,616400.0,59,50,9,0.3,2,1,Mumbai,iOS,,
CUST003699,Kiara Patel,,dormant_high_ltv,386100.0,47,45,2,0.9,0,0,Jaipur,Android,,
CUST003700,Arjun Chawla,,normal,10800.0,2,2,0,0.9,2,2,Chennai,Android,,
CUST003701,Rohan Kapoor,,normal,30700.0,5,5,0,1.2,0,0,Pune,Android,,
CUST003702,Ananya Sharma,Bose Exports Pvt Ltd,b2b,304700.0,42,34,8,16.7,2,1,Delhi,Android,,
CUST003703,Arjun Reddy,,normal,25100.0,3,2,1,2.3,1,1,Ahmedabad,Desktop,,
CUST003704,Myra Gupta,,normal,27600.0,5,4,1,2.6,0,0,Pune,Android,,
CUST003705,Rohan Malhotra,,dormant_high_ltv,314100.0,38,35,3,2.3,0,0,Hyderabad,Android,,
CUST003706,Rahul Patel,,group_d_broken_promise,57000.0,9,4,5,24.5,11,1,Pune,Android,,
CUST003707,Meera Rao,Chawla Enterprises Pvt Ltd,b2b,222100.0,22,18,4,7.8,1,1,Indore,iOS,,
CUST003708,Simran Patel,,normal,20800.0,2,1,1,9.3,1,1,Hyderabad,Desktop,,
CUST003709,Rohan Nair,,normal,9200.0,2,2,0,1.8,0,0,Ahmedabad,Android,,
CUST003710,Diya Patel,,normal,10900.0,3,2,1,3.3,1,1,Indore,iOS,,
CUST003711,Sanya Bose,,normal,25800.0,5,4,1,11.7,1,1,Kolkata,iOS,,
CUST003712,Meera Joshi,,normal,24400.0,3,3,0,1.3,2,2,Delhi,Android,,
CUST003713,Vivaan Bose,,normal,14700.0,3,3,0,2.9,2,2,Kolkata,Android,,
CUST003714,Ishaan Nair,,normal,14500.0,2,2,0,1.9,0,0,Nagpur,iOS,,
CUST003715,Arjun Malhotra,,normal,35000.0,3,2,1,3.2,2,2,Jaipur,Android,,
CUST003716,Simran Patel,,normal,19400.0,3,2,1,2.4,2,2,Nagpur,Android,,
CUST003717,Kiara Verma,,normal,12500.0,3,2,1,6.1,2,2,Pune,Android,,
CUST003718,Neha Iyer,,normal,38000.0,9,6,3,6.8,0,0,Lucknow,Android,,
CUST003719,Diya Reddy,,normal,36200.0,3,2,1,1.6,0,0,Pune,Android,,
CUST003720,Priya Joshi,,normal,19400.0,6,5,1,3.1,1,1,Mumbai,Desktop,,
CUST003721,Simran Patel,,normal,21500.0,4,3,1,3.6,2,2,Hyderabad,Android,,
CUST003722,Ananya Patel,,normal,30400.0,7,7,0,1.6,1,1,Hyderabad,Android,,
CUST003723,Aditya Kapoor,,normal,26700.0,8,7,1,3.5,0,0,Lucknow,Android,,
CUST003724,Ishaan Kapoor,,normal,9100.0,2,2,0,5.5,0,0,Nagpur,Android,,
CUST003725,Kiara Sharma,,normal,38700.0,6,4,2,3.5,2,2,Pune,Android,,
CUST003726,Vivaan Iyer,,normal,8200.0,1,1,0,2.7,0,0,Mumbai,Android,,
CUST003727,Ananya Bose,,normal,24300.0,4,3,1,2.4,0,0,Delhi,Desktop,,
CUST003728,Aman Kapoor,Reddy Traders Pvt Ltd,b2b,643200.0,61,55,6,5.7,1,1,Chennai,iOS,,
CUST003729,Aarav Singh,,normal,10100.0,1,1,0,2.1,1,1,Bangalore,Android,,
CUST003730,Arjun Sharma,,normal,26700.0,3,2,1,4.3,0,0,Chennai,iOS,,
CUST003731,Simran Mehta,,normal,13200.0,3,3,0,1.5,1,1,Mumbai,Android,,
CUST003732,Aditya Joshi,,normal,13700.0,2,2,0,0.1,0,0,Bangalore,iOS,,
CUST003733,Vivaan Mehta,,normal,29500.0,6,5,1,1.3,0,0,Bangalore,Android,,
CUST003734,Neha Bose,,normal,10100.0,2,1,1,2.0,2,1,Pune,Android,,
CUST003735,Vivaan Gupta,,group_d_broken_promise,28800.0,5,3,2,29.0,7,1,Ahmedabad,Android,,
CUST003736,Saanvi Verma,,normal,14600.0,2,2,0,7.2,0,0,Mumbai,Desktop,,
CUST003737,Rahul Chawla,Mehta Textiles Pvt Ltd,b2b,408700.0,44,41,3,9.1,3,2,Mumbai,Android,,
CUST003738,Rahul Sharma,,normal,10300.0,2,2,0,3.1,2,2,Lucknow,Android,,
CUST003739,Aman Joshi,,normal,20600.0,9,7,2,5.5,1,1,Hyderabad,Android,,
CUST003740,Simran Joshi,,normal,10200.0,2,1,1,5.2,1,1,Delhi,Android,,
CUST003741,Neha Verma,Bose Enterprises Pvt Ltd,b2b,697600.0,59,57,2,3.8,4,4,Delhi,iOS,,
CUST003742,Ananya Joshi,,group_d_broken_promise,28200.0,1,1,0,19.3,11,3,Chennai,iOS,,
CUST003743,Priya Chawla,,normal,23200.0,3,2,1,3.2,2,2,Lucknow,iOS,,
CUST003744,Ananya Reddy,,normal,35900.0,6,5,1,4.7,2,2,Jaipur,Android,,
CUST003745,Diya Iyer,,group_d_broken_promise,31700.0,5,2,3,46.6,8,2,Ahmedabad,Desktop,,
CUST003746,Saanvi Patel,,normal,6400.0,1,1,0,2.3,0,0,Delhi,Android,,
CUST003747,Neha Kapoor,Rao Apparel Pvt Ltd,b2b,430000.0,51,49,2,4.5,3,2,Chennai,iOS,,
CUST003748,Ananya Chawla,,normal,13300.0,2,1,1,0.6,0,0,Indore,Android,,
CUST003749,Aman Rao,Chawla Logistics Pvt Ltd,b2b,660500.0,45,39,6,9.4,1,1,Mumbai,iOS,,
CUST003750,Meera Iyer,Verma Textiles Pvt Ltd,b2b,267000.0,41,35,6,8.7,4,3,Lucknow,Android,,
CUST003751,Neha Joshi,,group_d_broken_promise,18700.0,4,2,2,41.9,10,1,Mumbai,Android,,
CUST003752,Simran Chawla,,normal,10700.0,1,1,0,0.8,2,2,Indore,iOS,,
CUST003753,Saanvi Iyer,,normal,9200.0,4,3,1,2.2,2,2,Hyderabad,Android,,
CUST003754,Neha Reddy,,normal,22900.0,3,3,0,0.1,1,1,Indore,iOS,,
CUST003755,Ishaan Joshi,,normal,21500.0,3,3,0,5.9,2,2,Indore,Android,,
CUST003756,Simran Verma,Chawla Tech Pvt Ltd,b2b,273700.0,30,25,5,14.0,5,4,Ahmedabad,iOS,,
CUST003757,Rohan Reddy,Mehta Apparel Pvt Ltd,b2b,331800.0,38,30,8,12.0,1,1,Hyderabad,Android,,
CUST003758,Arjun Chawla,Nair Foods Pvt Ltd,b2b,259900.0,30,24,6,7.7,4,3,Lucknow,Desktop,,
CUST003759,Aman Gupta,,normal,38500.0,6,5,1,2.3,2,2,Jaipur,Desktop,,
CUST003760,Ananya Singh,,group_d_broken_promise,26500.0,4,2,2,21.4,8,2,Chennai,iOS,,
CUST003761,Saanvi Singh,,normal,27800.0,6,6,0,3.1,0,0,Ahmedabad,Android,,
CUST003762,Kabir Joshi,Bose Traders Pvt Ltd,b2b,199300.0,23,22,1,5.5,3,2,Nagpur,Android,,
CUST003763,Neha Chawla,,group_d_broken_promise,24000.0,4,2,2,22.0,6,1,Pune,Android,,
CUST003764,Karan Rao,Rao Tech Pvt Ltd,b2b,283300.0,26,23,3,5.4,4,4,Hyderabad,iOS,,
CUST003765,Diya Singh,,dormant_high_ltv,645600.0,48,47,1,1.7,1,1,Chennai,iOS,,
CUST003766,Arjun Patel,,normal,19900.0,6,5,1,5.2,1,1,Kolkata,Desktop,,
CUST003767,Meera Joshi,,normal,22400.0,2,2,0,3.3,1,1,Chennai,Android,,
CUST003768,Saanvi Rao,Bose Tech Pvt Ltd,b2b,427800.0,61,58,3,3.9,4,3,Kolkata,Android,,
CUST003769,Neha Sharma,,normal,14600.0,2,2,0,5.9,1,1,Jaipur,iOS,,
CUST003770,Sanya Verma,,normal,22800.0,3,3,0,1.2,2,2,Indore,Android,,
CUST003771,Saanvi Rao,,normal,8300.0,3,3,0,0.7,0,0,Indore,iOS,,
CUST003772,Aman Gupta,,normal,18000.0,5,4,1,1.6,0,0,Indore,Android,,
CUST003773,Diya Iyer,,normal,24700.0,6,4,2,1.5,1,1,Chennai,iOS,,
CUST003774,Myra Iyer,,normal,17500.0,1,1,0,7.0,0,0,Mumbai,Android,,
CUST003775,Simran Bose,,normal,13500.0,2,2,0,2.7,0,0,Jaipur,Desktop,,
CUST003776,Meera Iyer,,normal,20400.0,5,4,1,0.2,0,0,Hyderabad,Android,,
CUST003777,Rahul Singh,,normal,12500.0,3,3,0,4.2,2,1,Bangalore,Android,,
CUST003778,Diya Sharma,,dormant_high_ltv,329200.0,38,34,4,2.9,1,1,Delhi,Android,,
CUST003779,Kiara Patel,,normal,16900.0,2,1,1,0.9,1,1,Kolkata,Desktop,,
CUST003780,Diya Singh,,normal,29300.0,4,3,1,0.4,0,0,Nagpur,Android,,
CUST003781,Sanya Malhotra,,group_d_broken_promise,46100.0,3,2,1,48.3,3,1,Delhi,Android,,
CUST003782,Kiara Kapoor,,normal,30200.0,5,4,1,1.0,1,1,Lucknow,iOS,,
CUST003783,Ananya Bose,,normal,21800.0,5,4,1,4.6,1,1,Chennai,iOS,,
CUST003784,Vivaan Rao,Bose Logistics Pvt Ltd,b2b,230500.0,35,29,6,8.2,1,1,Chennai,iOS,,
CUST003785,Ananya Singh,,normal,11200.0,1,1,0,0.4,2,2,Pune,Desktop,,
CUST003786,Neha Verma,,normal,16100.0,2,1,1,4.5,1,1,Delhi,Android,,
CUST003787,Kiara Verma,,normal,20600.0,8,7,1,2.6,2,2,Jaipur,Android,,
CUST003788,Kabir Singh,,group_d_broken_promise,50900.0,12,4,8,54.3,8,2,Pune,Android,,
CUST003789,Kabir Gupta,Rao Tech Pvt Ltd,b2b,238900.0,40,33,7,5.3,1,1,Indore,Android,,
CUST003790,Aman Iyer,,normal,13200.0,2,2,0,0.4,0,0,Bangalore,Android,,
CUST003791,Saanvi Rao,Joshi Retail Pvt Ltd,b2b,289500.0,28,24,4,4.5,5,4,Mumbai,Android,,
CUST003792,Ananya Malhotra,Gupta Exports Pvt Ltd,b2b,250300.0,25,24,1,14.6,5,5,Lucknow,Android,,
CUST003793,Vivaan Kapoor,,dormant_high_ltv,261500.0,24,22,2,0.8,1,1,Kolkata,iOS,,
CUST003794,Kabir Nair,,group_d_broken_promise,36000.0,2,1,1,20.9,9,2,Delhi,Android,,
CUST003795,Vivaan Bose,,normal,44100.0,8,6,2,2.1,1,1,Bangalore,iOS,,
CUST003796,Saanvi Verma,,normal,13300.0,5,4,1,1.9,2,2,Nagpur,Android,,
CUST003797,Arjun Nair,,normal,19900.0,3,3,0,3.1,1,1,Ahmedabad,iOS,,
CUST003798,Aditya Verma,,normal,7300.0,1,1,0,0.9,0,0,Bangalore,iOS,,
CUST003799,Aditya Bose,,normal,31200.0,5,5,0,1.2,2,2,Chennai,iOS,,
CUST003800,Myra Kapoor,Iyer Textiles Pvt Ltd,b2b,295100.0,34,30,4,5.7,2,2,Delhi,Android,,
CUST003801,Vivaan Chawla,,dormant_high_ltv,343000.0,44,38,6,3.3,2,2,Jaipur,Android,,
CUST003802,Aditya Malhotra,Rao Exports Pvt Ltd,b2b,340500.0,42,39,3,7.1,3,3,Hyderabad,Android,,
CUST003803,Sanya Reddy,Rao Apparel Pvt Ltd,b2b,235600.0,31,27,4,4.3,5,5,Ahmedabad,Desktop,,
CUST003804,Neha Verma,,group_d_broken_promise,17300.0,2,1,1,26.6,9,1,Kolkata,Android,,
CUST003805,Aditya Nair,,dormant_high_ltv,230800.0,31,27,4,0.3,1,1,Chennai,Android,,
CUST003806,Simran Iyer,,group_d_broken_promise,62700.0,5,2,3,26.9,9,2,Bangalore,Desktop,,
CUST003807,Ishaan Reddy,,normal,40400.0,6,6,0,2.6,0,0,Jaipur,Android,,
CUST003808,Priya Joshi,,normal,11100.0,1,1,0,2.7,0,0,Ahmedabad,Android,,
CUST003809,Meera Patel,,normal,8400.0,3,3,0,5.0,2,2,Bangalore,Android,,
CUST003810,Priya Mehta,,normal,21600.0,3,3,0,2.9,2,2,Ahmedabad,Android,,
CUST003811,Aditya Reddy,,normal,46900.0,5,4,1,11.7,1,1,Pune,Android,,
CUST003812,Neha Singh,,group_d_broken_promise,40400.0,1,0,1,22.9,7,2,Indore,Android,,
CUST003813,Aarav Bose,,normal,9000.0,2,2,0,1.0,2,2,Jaipur,iOS,,
CUST003814,Ananya Patel,,dormant_high_ltv,531700.0,75,69,6,3.5,2,1,Chennai,Android,,
CUST003815,Arjun Patel,,normal,16400.0,3,3,0,4.7,1,1,Pune,iOS,,
CUST003816,Priya Chawla,,normal,22600.0,5,4,1,1.5,2,2,Kolkata,iOS,,
CUST003817,Sanya Singh,,normal,20300.0,6,5,1,5.8,0,0,Ahmedabad,Android,,
CUST003818,Arjun Joshi,Verma Industries Pvt Ltd,b2b,291800.0,32,26,6,9.3,4,4,Lucknow,Android,,
CUST003819,Priya Kapoor,,normal,24500.0,5,4,1,0.0,0,0,Bangalore,Android,,
CUST003820,Meera Patel,,normal,37300.0,6,5,1,3.2,2,2,Kolkata,Android,,
CUST003821,Neha Singh,,normal,31600.0,3,3,0,0.6,1,1,Kolkata,Android,,
CUST003822,Neha Rao,,normal,16200.0,6,4,2,0.1,0,0,Nagpur,Android,,
CUST003823,Aarav Patel,,normal,9000.0,2,2,0,1.8,1,1,Nagpur,iOS,,
CUST003824,Kabir Chawla,,dormant_high_ltv,251100.0,36,34,2,2.1,2,2,Delhi,Android,,
CUST003825,Neha Reddy,,normal,32800.0,6,4,2,3.8,0,0,Kolkata,iOS,,
CUST003826,Ishaan Malhotra,,normal,16400.0,1,1,0,1.5,2,2,Nagpur,iOS,,
CUST003827,Rohan Patel,Mehta Tech Pvt Ltd,b2b,351300.0,43,41,2,8.7,1,1,Lucknow,Desktop,,
CUST003828,Neha Iyer,Sharma Retail Pvt Ltd,b2b,263400.0,37,31,6,7.9,4,3,Lucknow,iOS,,
CUST003829,Priya Patel,,normal,20200.0,4,3,1,2.4,0,0,Chennai,iOS,,
CUST003830,Sanya Malhotra,,normal,29900.0,5,4,1,0.5,0,0,Bangalore,Desktop,,
CUST003831,Aman Verma,,normal,32300.0,2,2,0,0.5,0,0,Jaipur,iOS,,
CUST003832,Kiara Nair,,normal,29000.0,4,3,1,2.0,1,1,Indore,Android,,
CUST003833,Simran Nair,,normal,42800.0,6,5,1,3.9,0,0,Kolkata,iOS,,
CUST003834,Neha Singh,,normal,19000.0,4,3,1,5.0,2,2,Indore,Android,,
CUST003835,Saanvi Rao,Patel Solutions Pvt Ltd,b2b,222000.0,25,21,4,12.7,4,4,Lucknow,Android,,
CUST003836,Kiara Nair,,normal,13800.0,5,4,1,4.8,1,1,Delhi,Android,,
CUST003837,Aman Joshi,,normal,11800.0,3,2,1,1.3,2,2,Jaipur,iOS,,
CUST003838,Ishaan Singh,,dormant_high_ltv,324000.0,46,42,4,0.1,0,0,Indore,Android,,
CUST003839,Simran Kapoor,,normal,14200.0,4,3,1,1.6,1,1,Bangalore,iOS,,
CUST003840,Kabir Rao,Rao Industries Pvt Ltd,b2b,269900.0,40,38,2,7.5,1,1,Mumbai,Android,,
CUST003841,Kiara Mehta,,normal,14500.0,1,1,0,0.8,2,2,Mumbai,Desktop,,
CUST003842,Simran Patel,,normal,21800.0,2,2,0,2.1,2,2,Mumbai,iOS,,
CUST003843,Vivaan Mehta,,normal,25800.0,3,3,0,0.4,1,1,Nagpur,iOS,,
CUST003844,Kiara Reddy,,normal,10900.0,2,2,0,1.7,0,0,Lucknow,Desktop,,
CUST003845,Rahul Rao,,normal,29900.0,8,8,0,4.4,1,1,Delhi,Desktop,,
CUST003846,Meera Joshi,,normal,31400.0,4,3,1,1.1,2,2,Delhi,Android,,
CUST003847,Saanvi Patel,,normal,5300.0,2,2,0,0.6,1,1,Lucknow,Android,,
CUST003848,Rahul Joshi,,normal,26100.0,10,9,1,2.4,2,2,Lucknow,iOS,,
CUST003849,Rahul Sharma,Mehta Textiles Pvt Ltd,b2b,310700.0,32,29,3,6.2,2,2,Chennai,Android,,
CUST003850,Kabir Singh,Nair Solutions Pvt Ltd,b2b,196100.0,31,28,3,9.2,5,4,Indore,Desktop,,
CUST003851,Kabir Verma,,normal,15200.0,5,5,0,0.8,1,1,Ahmedabad,iOS,,
CUST003852,Priya Sharma,Sharma Apparel Pvt Ltd,b2b,430200.0,46,44,2,6.8,4,3,Jaipur,Android,,
CUST003853,Simran Kapoor,,normal,36600.0,3,2,1,2.0,1,1,Hyderabad,Desktop,,
CUST003854,Diya Malhotra,,normal,18900.0,2,2,0,1.8,2,2,Kolkata,iOS,,
CUST003855,Simran Joshi,,normal,12900.0,1,1,0,0.2,1,1,Jaipur,iOS,,
CUST003856,Myra Reddy,Reddy Solutions Pvt Ltd,b2b,316400.0,49,47,2,8.6,4,3,Pune,iOS,,
CUST003857,Kiara Kapoor,,normal,10900.0,1,1,0,3.6,0,0,Jaipur,Android,,
CUST003858,Rohan Rao,,normal,20900.0,4,4,0,0.7,2,2,Chennai,Android,,
CUST003859,Aarav Reddy,,normal,15400.0,4,3,1,7.5,1,1,Mumbai,Android,,
CUST003860,Rahul Malhotra,,group_d_broken_promise,30600.0,4,2,2,75.4,8,2,Pune,Desktop,,
CUST003861,Simran Bose,,normal,9500.0,1,1,0,1.8,2,2,Pune,Android,,
CUST003862,Aditya Joshi,,dormant_high_ltv,295400.0,29,26,3,1.2,1,1,Pune,Android,,
CUST003863,Sanya Reddy,,normal,8200.0,3,2,1,4.9,0,0,Chennai,iOS,,
CUST003864,Priya Mehta,Kapoor Tech Pvt Ltd,b2b,270400.0,35,29,6,5.4,4,4,Chennai,Android,,
CUST003865,Rohan Mehta,,normal,22500.0,3,3,0,0.7,0,0,Mumbai,Android,,
CUST003866,Sanya Iyer,Malhotra Retail Pvt Ltd,b2b,205500.0,33,31,2,13.8,1,1,Nagpur,iOS,,
CUST003867,Meera Rao,,normal,8800.0,2,1,1,2.3,2,2,Lucknow,Desktop,,
CUST003868,Vivaan Nair,Mehta Distributors Pvt Ltd,b2b,410100.0,51,42,9,6.7,3,3,Hyderabad,iOS,,
CUST003869,Ananya Chawla,,normal,5600.0,1,1,0,3.2,0,0,Kolkata,Android,,
CUST003870,Kabir Patel,,normal,31700.0,5,4,1,1.7,1,1,Lucknow,Android,,
CUST003871,Neha Sharma,,normal,11600.0,1,1,0,1.6,1,1,Chennai,Android,,
CUST003872,Ananya Kapoor,Singh Tech Pvt Ltd,b2b,532600.0,78,75,3,4.7,3,3,Pune,iOS,,
CUST003873,Kiara Singh,,group_d_broken_promise,34300.0,5,2,3,24.1,10,3,Delhi,iOS,,
CUST003874,Kabir Verma,,group_d_broken_promise,13100.0,1,0,1,17.2,8,1,Chennai,iOS,,
CUST003875,Meera Chawla,,normal,24400.0,2,2,0,1.6,1,1,Kolkata,iOS,,
CUST003876,Kabir Nair,,normal,20700.0,6,4,2,6.2,2,2,Nagpur,Android,,
CUST003877,Simran Malhotra,,dormant_high_ltv,409700.0,44,41,3,1.0,0,0,Mumbai,iOS,,
CUST003878,Vivaan Iyer,,normal,13600.0,3,3,0,8.4,1,1,Delhi,Android,,
CUST003879,Priya Bose,,dormant_high_ltv,616500.0,58,52,6,0.3,2,2,Hyderabad,Android,,
CUST003880,Saanvi Kapoor,,normal,38800.0,9,6,3,0.7,2,2,Chennai,Android,,
CUST003881,Ishaan Malhotra,,normal,26400.0,5,4,1,1.1,1,1,Delhi,Android,,
CUST003882,Neha Nair,,normal,18300.0,1,1,0,0.3,2,2,Indore,iOS,,
CUST003883,Aarav Patel,,normal,12100.0,3,3,0,1.7,0,0,Indore,iOS,,
CUST003884,Priya Gupta,,normal,25300.0,4,3,1,9.1,0,0,Kolkata,Desktop,,
CUST003885,Aarav Sharma,,normal,27400.0,3,3,0,3.9,2,2,Jaipur,Android,,
CUST003886,Priya Kapoor,,dormant_high_ltv,450300.0,56,48,8,1.7,0,0,Bangalore,Android,,
CUST003887,Aman Sharma,,normal,19700.0,1,1,0,1.2,0,0,Chennai,Android,,
CUST003888,Neha Chawla,,normal,18500.0,4,3,1,5.0,1,1,Delhi,iOS,,
CUST003889,Aman Gupta,,normal,26300.0,5,4,1,4.4,2,2,Hyderabad,Android,,
CUST003890,Aarav Bose,Chawla Exports Pvt Ltd,b2b,287300.0,27,25,2,13.2,2,2,Indore,Android,,
CUST003891,Ananya Gupta,,group_d_broken_promise,24000.0,3,2,1,18.3,7,2,Indore,iOS,,
CUST003892,Myra Sharma,,normal,18100.0,4,3,1,1.0,1,1,Pune,Desktop,,
CUST003893,Diya Iyer,,normal,12800.0,1,1,0,1.4,1,1,Kolkata,Android,,
CUST003894,Aman Joshi,,normal,9100.0,2,2,0,1.7,0,0,Pune,Desktop,,
CUST003895,Aarav Mehta,,normal,18100.0,1,1,0,2.7,1,1,Ahmedabad,Android,,
CUST003896,Aditya Malhotra,,normal,9000.0,1,1,0,5.5,2,2,Nagpur,Android,,
CUST003897,Meera Reddy,Singh Enterprises Pvt Ltd,b2b,672800.0,70,67,3,4.7,3,3,Bangalore,Android,,
CUST003898,Kiara Chawla,,normal,27500.0,4,4,0,1.1,2,2,Kolkata,iOS,,
CUST003899,Sanya Verma,,group_d_broken_promise,48100.0,7,3,4,26.4,8,3,Ahmedabad,Desktop,,
CUST003900,Aman Sharma,,group_d_broken_promise,12800.0,5,2,3,42.9,3,1,Hyderabad,Android,,
CUST003901,Aditya Reddy,,group_d_broken_promise,12600.0,2,1,1,17.9,9,3,Bangalore,Android,,
CUST003902,Aditya Reddy,,normal,18100.0,3,2,1,2.1,1,1,Kolkata,iOS,,
CUST003903,Myra Sharma,,normal,29700.0,5,4,1,1.1,0,0,Kolkata,iOS,,
CUST003904,Ananya Patel,,normal,21500.0,2,1,1,0.4,1,1,Ahmedabad,iOS,,
CUST003905,Neha Reddy,,normal,24400.0,6,5,1,2.0,0,0,Pune,Android,,
CUST003906,Kabir Verma,,normal,13400.0,2,2,0,4.9,0,0,Chennai,Android,,
CUST003907,Kabir Malhotra,,normal,17500.0,5,4,1,2.8,0,0,Lucknow,iOS,,
CUST003908,Kiara Malhotra,,normal,21300.0,4,3,1,1.1,2,2,Lucknow,Android,,
CUST003909,Aman Reddy,,normal,20100.0,3,3,0,2.0,2,2,Pune,Android,,
CUST003910,Karan Gupta,,normal,19700.0,2,2,0,2.4,1,1,Kolkata,Desktop,,
CUST003911,Saanvi Verma,,normal,10800.0,5,4,1,1.2,1,1,Delhi,Android,,
CUST003912,Myra Joshi,,normal,7200.0,3,3,0,3.4,1,1,Chennai,Android,,
CUST003913,Aditya Bose,,normal,10400.0,1,1,0,1.4,0,0,Mumbai,Android,,
CUST003914,Diya Gupta,,normal,5000.0,2,2,0,6.0,0,0,Chennai,Android,,
CUST003915,Saanvi Rao,,normal,7700.0,1,1,0,2.9,0,0,Ahmedabad,Desktop,,
CUST003916,Kiara Iyer,Singh Foods Pvt Ltd,b2b,345500.0,44,41,3,3.0,3,3,Indore,Android,,
CUST003917,Aman Chawla,,normal,22100.0,6,6,0,1.6,1,1,Hyderabad,iOS,,
CUST003918,Saanvi Rao,,normal,16400.0,3,2,1,0.7,0,0,Ahmedabad,iOS,,
CUST003919,Diya Gupta,,normal,12400.0,3,3,0,4.3,1,1,Nagpur,iOS,,
CUST003920,Sanya Reddy,,normal,16200.0,5,4,1,0.9,1,1,Delhi,Android,,
CUST003921,Neha Singh,Sharma Logistics Pvt Ltd,b2b,350000.0,40,37,3,7.4,5,4,Indore,iOS,,
CUST003922,Rohan Chawla,,normal,6500.0,2,2,0,1.4,0,0,Ahmedabad,iOS,,
CUST003923,Kiara Mehta,Bose Traders Pvt Ltd,b2b,473800.0,65,59,6,7.4,4,4,Kolkata,Desktop,,
CUST003924,Arjun Reddy,,normal,17900.0,2,1,1,1.3,0,0,Kolkata,Android,,
CUST003925,Diya Bose,Sharma Traders Pvt Ltd,b2b,417900.0,60,54,6,9.2,4,4,Kolkata,Android,,
CUST003926,Vivaan Verma,,normal,9400.0,3,2,1,3.9,0,0,Delhi,iOS,,
CUST003927,Meera Rao,,normal,33900.0,3,2,1,2.9,1,1,Indore,Android,,
CUST003928,Ishaan Iyer,,normal,25000.0,6,5,1,1.6,2,1,Kolkata,Android,,
CUST003929,Aditya Joshi,,group_d_broken_promise,40500.0,6,3,3,43.2,8,2,Bangalore,iOS,,
CUST003930,Kabir Nair,,normal,23900.0,8,7,1,0.5,1,1,Pune,Android,,
CUST003931,Diya Sharma,,normal,19900.0,4,3,1,0.9,0,0,Nagpur,iOS,,
CUST003932,Aditya Nair,,normal,26100.0,5,4,1,0.5,1,1,Pune,Android,,
CUST003933,Ishaan Malhotra,,normal,17900.0,3,3,0,0.7,1,1,Pune,Android,,
CUST003934,Sanya Gupta,,dormant_high_ltv,284600.0,34,30,4,2.7,1,1,Pune,iOS,,
CUST003935,Saanvi Joshi,,normal,12200.0,2,1,1,1.0,0,0,Pune,Android,,
CUST003936,Kiara Singh,Singh Tech Pvt Ltd,b2b,230000.0,31,29,2,12.8,5,5,Mumbai,Desktop,,
CUST003937,Aman Gupta,Reddy Enterprises Pvt Ltd,b2b,283700.0,36,30,6,4.7,1,1,Hyderabad,iOS,,
CUST003938,Ananya Chawla,,normal,24100.0,2,2,0,5.1,1,1,Hyderabad,Android,,
CUST003939,Neha Reddy,,normal,30600.0,3,2,1,0.3,0,0,Bangalore,iOS,,
CUST003940,Neha Nair,,group_d_broken_promise,33100.0,8,3,5,23.9,5,1,Mumbai,Android,,
CUST003941,Aditya Bose,,dormant_high_ltv,718300.0,59,57,2,0.4,1,1,Nagpur,iOS,,
CUST003942,Neha Bose,,group_d_broken_promise,12900.0,3,1,2,49.3,4,1,Kolkata,Android,,
CUST003943,Aditya Singh,,group_d_broken_promise,23000.0,3,2,1,14.5,6,1,Hyderabad,Android,,
CUST003944,Vivaan Iyer,,normal,11100.0,3,2,1,1.7,1,1,Delhi,iOS,,
CUST003945,Aman Gupta,,group_d_broken_promise,30600.0,8,3,5,20.3,6,2,Chennai,Desktop,,
CUST003946,Arjun Reddy,,normal,8200.0,1,1,0,0.2,1,1,Jaipur,Android,,
CUST003947,Simran Sharma,Patel Apparel Pvt Ltd,b2b,504000.0,44,36,8,9.2,2,2,Ahmedabad,iOS,,
CUST003948,Aditya Rao,,group_d_broken_promise,28800.0,4,2,2,23.2,10,3,Pune,iOS,,
CUST003949,Arjun Joshi,,normal,44900.0,4,3,1,3.9,1,1,Bangalore,iOS,,
CUST003950,Rahul Sharma,Reddy Distributors Pvt Ltd,b2b,421000.0,50,46,4,3.7,1,1,Lucknow,Android,,
CUST003951,Rohan Chawla,,normal,36200.0,8,7,1,1.5,0,0,Bangalore,Android,,
CUST003952,Vivaan Gupta,,normal,18900.0,8,6,2,7.7,2,2,Nagpur,Android,,
CUST003953,Ananya Joshi,,normal,5900.0,2,2,0,5.5,1,1,Indore,Android,,
CUST003954,Diya Reddy,,normal,21400.0,4,3,1,4.2,1,1,Pune,iOS,,
CUST003955,Ishaan Patel,,dormant_high_ltv,435600.0,48,44,4,2.1,0,0,Ahmedabad,iOS,,
CUST003956,Sanya Kapoor,,normal,57400.0,9,8,1,4.5,1,1,Kolkata,iOS,,
CUST003957,Ananya Joshi,,normal,26000.0,4,3,1,0.9,1,1,Nagpur,Android,,
CUST003958,Meera Iyer,,normal,24900.0,3,2,1,4.2,1,1,Pune,Android,,
CUST003959,Sanya Patel,,group_d_broken_promise,31800.0,4,2,2,19.3,5,1,Jaipur,iOS,,
CUST003960,Ishaan Iyer,,normal,18200.0,5,4,1,0.9,0,0,Kolkata,Android,,
CUST003961,Kabir Mehta,Verma Retail Pvt Ltd,b2b,675300.0,61,56,5,12.0,1,1,Bangalore,iOS,,
CUST003962,Aman Gupta,,group_d_broken_promise,22100.0,2,1,1,29.5,8,1,Chennai,Android,,
CUST003963,Simran Iyer,,normal,23800.0,5,4,1,0.6,1,1,Bangalore,Android,,
CUST003964,Saanvi Chawla,Kapoor Enterprises Pvt Ltd,b2b,397500.0,54,47,7,9.5,3,2,Nagpur,Android,,
CUST003965,Rohan Rao,Iyer Exports Pvt Ltd,b2b,426200.0,49,43,6,11.4,1,1,Delhi,iOS,,
CUST003966,Ananya Bose,,group_d_broken_promise,29600.0,7,3,4,36.7,7,2,Chennai,Desktop,,
CUST003967,Diya Gupta,,normal,25900.0,2,2,0,5.1,2,2,Ahmedabad,iOS,,
CUST003968,Diya Chawla,,group_d_broken_promise,35900.0,5,2,3,26.8,4,1,Bangalore,Android,,
CUST003969,Neha Kapoor,,normal,20500.0,5,5,0,1.3,2,2,Delhi,Android,,
CUST003970,Saanvi Bose,,group_d_broken_promise,34600.0,7,3,4,36.7,3,1,Kolkata,iOS,,
CUST003971,Saanvi Patel,,normal,16900.0,2,2,0,0.3,1,1,Delhi,Android,,
CUST003972,Kiara Sharma,,group_d_broken_promise,22500.0,4,2,2,29.7,4,1,Jaipur,Android,,
CUST003973,Meera Mehta,,normal,20700.0,4,3,1,1.1,2,2,Indore,Android,,
CUST003974,Meera Nair,,group_d_broken_promise,37600.0,5,2,3,40.9,9,3,Chennai,iOS,,
CUST003975,Rohan Reddy,,dormant_high_ltv,515600.0,49,45,4,3.1,2,2,Indore,Android,,
CUST003976,Myra Verma,Verma Foods Pvt Ltd,b2b,269600.0,39,36,3,7.1,5,4,Bangalore,iOS,,
CUST003977,Diya Verma,,dormant_high_ltv,271300.0,32,29,3,2.4,1,1,Chennai,Desktop,,
CUST003978,Karan Bose,,group_d_broken_promise,16400.0,1,1,0,20.5,5,1,Chennai,iOS,,
CUST003979,Kabir Bose,,normal,20200.0,7,6,1,1.9,2,2,Jaipur,Android,,
CUST003980,Simran Bose,,normal,6400.0,1,1,0,8.1,0,0,Pune,Desktop,,
CUST003981,Aarav Sharma,,group_d_broken_promise,19100.0,2,1,1,19.0,7,2,Hyderabad,Android,,
CUST003982,Aditya Malhotra,,normal,51500.0,6,5,1,3.9,0,0,Bangalore,Android,,
CUST003983,Aditya Verma,,normal,24900.0,2,2,0,1.5,0,0,Delhi,Android,,
CUST003984,Aarav Iyer,Kapoor Traders Pvt Ltd,b2b,529400.0,64,60,4,14.6,5,5,Indore,iOS,,
CUST003985,Karan Malhotra,,normal,33200.0,3,3,0,3.3,1,1,Ahmedabad,Android,,
CUST003986,Myra Reddy,,dormant_high_ltv,676900.0,55,51,4,3.2,0,0,Nagpur,Android,,
CUST003987,Meera Chawla,Singh Textiles Pvt Ltd,b2b,162500.0,22,20,2,4.9,3,2,Chennai,Android,,
CUST003988,Rohan Verma,,normal,21800.0,4,3,1,0.9,0,0,Jaipur,iOS,,
CUST003989,Arjun Nair,,normal,14400.0,3,2,1,2.6,2,2,Kolkata,Desktop,,
CUST003990,Ananya Reddy,,normal,29600.0,5,5,0,2.2,2,2,Pune,Desktop,,
CUST003991,Simran Singh,,normal,8000.0,2,2,0,0.3,1,1,Pune,Android,,
CUST003992,Sanya Verma,,normal,25400.0,5,4,1,3.7,1,1,Kolkata,Android,,
CUST003993,Priya Kapoor,,group_d_broken_promise,40500.0,9,5,4,23.5,9,3,Hyderabad,Android,,
CUST003994,Karan Gupta,Verma Enterprises Pvt Ltd,b2b,371400.0,47,41,6,9.7,5,4,Bangalore,iOS,,
CUST003995,Priya Gupta,Gupta Enterprises Pvt Ltd,b2b,430900.0,57,55,2,8.6,4,4,Bangalore,Android,,
CUST003996,Aman Malhotra,,dormant_high_ltv,359700.0,54,51,3,1.5,2,1,Nagpur,Android,,
CUST003997,Saanvi Chawla,,group_d_broken_promise,37200.0,7,3,4,23.1,5,2,Bangalore,Android,,
CUST003998,Saanvi Chawla,,normal,29500.0,1,1,0,3.0,0,0,Indore,Desktop,,
CUST003999,Kiara Reddy,Singh Textiles Pvt Ltd,b2b,388100.0,50,41,9,7.4,5,4,Bangalore,iOS,,
CUST004000,Myra Joshi,,group_d_broken_promise,23400.0,3,2,1,26.8,9,3,Indore,Android,,
CUST004001,Simran Reddy,,normal,18100.0,4,3,1,1.7,0,0,Jaipur,iOS,,
CUST004002,Saanvi Gupta,,normal,24200.0,4,3,1,6.2,2,2,Kolkata,Android,,
CUST004003,Ishaan Iyer,,normal,6400.0,3,2,1,4.3,1,1,Chennai,Android,,
CUST004004,Arjun Chawla,Sharma Exports Pvt Ltd,b2b,346500.0,46,40,6,16.8,3,2,Jaipur,Android,,
CUST004005,Simran Singh,,normal,24700.0,2,2,0,1.5,2,2,Mumbai,Desktop,,
CUST004006,Ananya Nair,,group_d_broken_promise,18900.0,3,1,2,17.6,10,2,Chennai,Android,,
CUST004007,Vivaan Patel,,normal,15700.0,2,2,0,1.0,1,1,Kolkata,iOS,,
CUST004008,Karan Joshi,,group_d_broken_promise,20200.0,3,1,2,52.6,10,3,Ahmedabad,iOS,,
CUST004009,Diya Bose,,group_d_broken_promise,35200.0,5,2,3,22.2,3,1,Bangalore,Android,,
CUST004010,Meera Iyer,,normal,24200.0,3,2,1,11.1,2,2,Nagpur,Android,,
CUST004011,Kiara Singh,Kapoor Exports Pvt Ltd,b2b,332900.0,44,35,9,5.4,4,3,Bangalore,Android,,
CUST004012,Kiara Rao,,group_d_broken_promise,32000.0,3,2,1,23.2,6,1,Pune,Desktop,,
CUST004013,Sanya Patel,,normal,18500.0,5,4,1,2.7,1,1,Nagpur,iOS,,
CUST004014,Neha Singh,,dormant_high_ltv,266600.0,39,36,3,2.5,1,1,Ahmedabad,iOS,,
CUST004015,Neha Joshi,,normal,18300.0,3,2,1,0.1,2,1,Hyderabad,Desktop,,
CUST004016,Karan Rao,,normal,24600.0,6,5,1,1.7,1,1,Delhi,Desktop,,
CUST004017,Neha Verma,Singh Apparel Pvt Ltd,b2b,351600.0,42,35,7,21.1,1,1,Lucknow,Android,,
CUST004018,Sanya Rao,,normal,16100.0,4,3,1,1.2,1,1,Pune,Android,,
CUST004019,Neha Singh,,group_d_broken_promise,18400.0,1,0,1,29.9,10,2,Chennai,Android,,
CUST004020,Aarav Joshi,,normal,18000.0,4,4,0,6.7,1,1,Indore,Android,,
CUST004021,Aman Joshi,Mehta Exports Pvt Ltd,b2b,241500.0,34,28,6,5.5,4,3,Chennai,iOS,,
CUST004022,Aditya Verma,,group_d_broken_promise,37100.0,5,2,3,37.6,7,1,Kolkata,Android,,
CUST004023,Rohan Reddy,Chawla Foods Pvt Ltd,b2b,387400.0,49,39,10,4.8,1,1,Indore,iOS,,
CUST004024,Rahul Kapoor,,normal,45900.0,13,11,2,2.8,2,2,Ahmedabad,iOS,,
CUST004025,Meera Sharma,,normal,34400.0,7,7,0,1.7,2,2,Lucknow,Desktop,,
CUST004026,Vivaan Gupta,,normal,16900.0,2,2,0,1.5,0,0,Pune,Android,,
CUST004027,Diya Singh,,normal,18600.0,5,4,1,1.3,2,2,Lucknow,Android,,
CUST004028,Neha Iyer,,normal,13900.0,4,3,1,3.4,1,1,Indore,Desktop,,
CUST004029,Simran Iyer,,normal,15800.0,3,2,1,0.6,2,2,Hyderabad,Desktop,,
CUST004030,Rahul Reddy,,normal,16100.0,1,1,0,0.4,0,0,Nagpur,iOS,,
CUST004031,Kiara Verma,,normal,20000.0,1,1,0,7.4,0,0,Delhi,iOS,,
CUST004032,Vivaan Nair,,normal,6800.0,3,2,1,0.6,1,1,Pune,Android,,
CUST004033,Vivaan Sharma,,normal,15600.0,6,6,0,14.5,0,0,Chennai,iOS,,
CUST004034,Sanya Bose,,normal,14300.0,4,4,0,3.0,2,2,Delhi,Android,,
CUST004035,Aman Nair,,group_d_broken_promise,23000.0,1,1,0,32.4,9,2,Delhi,iOS,,
CUST004036,Aarav Nair,,normal,36700.0,7,5,2,3.5,0,0,Mumbai,Android,,
CUST004037,Kabir Gupta,Singh Foods Pvt Ltd,b2b,270600.0,33,30,3,6.1,2,2,Chennai,iOS,,
CUST004038,Kiara Bose,,normal,18500.0,2,2,0,0.6,0,0,Hyderabad,Android,,
CUST004039,Ananya Joshi,,normal,21300.0,3,3,0,1.2,0,0,Indore,Android,,
CUST004040,Arjun Verma,,normal,15300.0,6,5,1,5.6,0,0,Nagpur,iOS,,
CUST004041,Rahul Bose,,normal,18600.0,4,3,1,1.7,0,0,Bangalore,Android,,
CUST004042,Arjun Mehta,,normal,15800.0,3,3,0,3.5,1,1,Kolkata,Android,,
CUST004043,Aman Iyer,,group_d_broken_promise,16600.0,3,2,1,23.9,10,3,Mumbai,Android,,
CUST004044,Neha Gupta,,normal,20100.0,4,4,0,0.1,2,2,Bangalore,Desktop,,
CUST004045,Priya Malhotra,,normal,24200.0,5,5,0,2.3,1,1,Delhi,iOS,,
CUST004046,Aman Mehta,Kapoor Distributors Pvt Ltd,b2b,287400.0,36,33,3,6.9,4,4,Mumbai,iOS,,
CUST004047,Rohan Verma,Malhotra Apparel Pvt Ltd,b2b,232700.0,42,38,4,4.7,1,1,Delhi,iOS,,
CUST004048,Karan Kapoor,Bose Textiles Pvt Ltd,b2b,915300.0,61,55,6,2.5,3,2,Nagpur,Android,,
CUST004049,Kiara Bose,,normal,9600.0,1,1,0,4.0,2,2,Kolkata,Desktop,,
CUST004050,Myra Kapoor,,normal,25900.0,6,4,2,0.4,0,0,Pune,Desktop,,
CUST004051,Simran Bose,,normal,11700.0,2,2,0,3.5,2,2,Pune,iOS,,
CUST004052,Aditya Reddy,,normal,46700.0,8,8,0,3.4,1,1,Bangalore,iOS,,
CUST004053,Rahul Rao,,normal,19900.0,3,3,0,2.8,2,2,Nagpur,iOS,,
CUST004054,Arjun Patel,,normal,21200.0,2,2,0,3.2,1,1,Hyderabad,iOS,,
CUST004055,Simran Rao,,normal,21600.0,3,2,1,8.4,2,2,Pune,Android,,
CUST004056,Ananya Joshi,,normal,19300.0,2,1,1,1.1,0,0,Chennai,Android,,
CUST004057,Aarav Iyer,Rao Enterprises Pvt Ltd,b2b,377700.0,51,45,6,6.3,3,2,Ahmedabad,Android,,
CUST004058,Meera Kapoor,,normal,13200.0,2,2,0,0.3,1,1,Bangalore,iOS,,
CUST004059,Kabir Kapoor,,normal,21200.0,6,6,0,0.5,0,0,Mumbai,Android,,
CUST004060,Ananya Reddy,,normal,20600.0,3,3,0,2.4,0,0,Nagpur,iOS,,
CUST004061,Vivaan Malhotra,,normal,12400.0,6,5,1,5.9,1,1,Mumbai,Android,,
CUST004062,Priya Gupta,,normal,9700.0,4,4,0,5.9,1,1,Nagpur,Android,,
CUST004063,Meera Kapoor,,group_d_broken_promise,21100.0,5,2,3,26.5,4,0,Nagpur,Android,,
CUST004064,Neha Malhotra,,normal,29500.0,3,2,1,9.5,0,0,Ahmedabad,Android,,
CUST004065,Kiara Mehta,,group_d_broken_promise,27500.0,4,1,3,35.6,4,1,Hyderabad,Android,,
CUST004066,Karan Bose,,normal,15500.0,6,5,1,4.2,2,2,Bangalore,iOS,,
CUST004067,Neha Verma,Patel Textiles Pvt Ltd,b2b,217300.0,30,26,4,8.0,4,3,Indore,Desktop,,
CUST004068,Ishaan Chawla,,normal,17400.0,5,4,1,1.2,2,2,Delhi,Android,,
CUST004069,Kiara Reddy,,normal,20700.0,4,3,1,1.8,2,2,Hyderabad,iOS,,
CUST004070,Simran Singh,,group_d_broken_promise,36500.0,5,2,3,19.1,4,1,Pune,Android,,
CUST004071,Vivaan Nair,,normal,13000.0,4,3,1,4.6,1,1,Mumbai,Desktop,,
CUST004072,Aarav Reddy,,normal,22100.0,2,1,1,4.6,1,1,Bangalore,Android,,
CUST004073,Meera Mehta,,normal,17800.0,4,3,1,3.8,2,2,Pune,iOS,,
CUST004074,Saanvi Kapoor,,group_d_broken_promise,35300.0,5,2,3,44.2,7,2,Indore,Android,,
CUST004075,Vivaan Verma,,dormant_high_ltv,422800.0,52,46,6,4.3,1,1,Nagpur,iOS,,
CUST004076,Kiara Patel,,normal,18600.0,2,2,0,6.9,1,1,Ahmedabad,Android,,
CUST004077,Saanvi Joshi,,normal,32500.0,5,4,1,1.0,1,1,Delhi,Android,,
CUST004078,Vivaan Patel,,normal,20300.0,4,3,1,3.4,1,1,Indore,Desktop,,
CUST004079,Myra Iyer,,group_d_broken_promise,25100.0,6,3,3,40.5,3,1,Bangalore,iOS,,
CUST004080,Sanya Rao,,normal,17000.0,5,5,0,2.5,1,1,Indore,iOS,,
CUST004081,Myra Malhotra,,normal,11200.0,3,2,1,1.8,2,2,Nagpur,Android,,
CUST004082,Kabir Malhotra,Kapoor Enterprises Pvt Ltd,b2b,363700.0,36,33,3,4.5,2,2,Pune,Android,,
CUST004083,Rohan Chawla,,normal,21600.0,3,2,1,3.4,1,1,Ahmedabad,Desktop,,
CUST004084,Neha Iyer,Joshi Foods Pvt Ltd,b2b,527200.0,55,46,9,7.1,2,2,Bangalore,Desktop,,
CUST004085,Rahul Singh,,normal,28900.0,3,3,0,2.0,0,0,Nagpur,Android,,
CUST004086,Rahul Sharma,,normal,17100.0,4,3,1,4.7,0,0,Ahmedabad,iOS,,
CUST004087,Arjun Iyer,,normal,28800.0,8,6,2,4.2,2,2,Bangalore,iOS,,
CUST004088,Aditya Kapoor,,normal,21700.0,7,6,1,0.2,1,1,Indore,iOS,,
CUST004089,Arjun Rao,,dormant_high_ltv,515500.0,55,52,3,7.0,1,1,Kolkata,Android,,
CUST004090,Diya Iyer,,group_d_broken_promise,29100.0,4,2,2,39.8,5,1,Bangalore,iOS,,
CUST004091,Aditya Mehta,,group_d_broken_promise,24000.0,4,2,2,28.9,7,2,Hyderabad,Desktop,,
CUST004092,Myra Verma,,normal,19500.0,4,4,0,2.0,1,1,Pune,iOS,,
CUST004093,Saanvi Kapoor,,normal,23000.0,1,1,0,4.4,0,0,Nagpur,Android,,
CUST004094,Ananya Chawla,,group_d_broken_promise,18400.0,3,2,1,24.0,4,1,Ahmedabad,iOS,,
CUST004095,Myra Malhotra,Iyer Traders Pvt Ltd,b2b,385800.0,45,40,5,2.1,4,4,Lucknow,Android,,
CUST004096,Simran Iyer,Gupta Exports Pvt Ltd,b2b,343300.0,48,39,9,13.7,3,3,Nagpur,iOS,,
CUST004097,Rohan Joshi,,normal,9900.0,3,3,0,2.5,0,0,Nagpur,iOS,,
CUST004098,Kiara Kapoor,,normal,15700.0,3,3,0,3.9,0,0,Ahmedabad,Desktop,,
CUST004099,Rohan Singh,,normal,16000.0,6,6,0,1.8,1,1,Jaipur,Desktop,,
CUST004100,Neha Nair,,normal,17500.0,2,2,0,3.5,1,1,Hyderabad,Android,,
CUST004101,Priya Nair,Bose Textiles Pvt Ltd,b2b,263200.0,25,21,4,4.0,4,3,Indore,iOS,,
CUST004102,Diya Gupta,,normal,42800.0,8,7,1,1.4,2,2,Jaipur,Android,,
CUST004103,Rohan Rao,,normal,19800.0,1,1,0,4.9,0,0,Pune,Desktop,,
CUST004104,Rahul Iyer,Rao Apparel Pvt Ltd,b2b,386000.0,65,61,4,4.7,3,2,Chennai,Android,,
CUST004105,Rohan Chawla,,normal,9200.0,3,2,1,2.5,0,0,Nagpur,Android,,
CUST004106,Rohan Nair,,group_d_broken_promise,25500.0,2,1,1,34.4,6,2,Jaipur,Android,,
CUST004107,Meera Bose,,normal,13900.0,1,1,0,1.5,0,0,Pune,Android,,
CUST004108,Kiara Mehta,,normal,18700.0,8,7,1,0.1,2,2,Indore,Desktop,,
CUST004109,Rohan Gupta,,normal,20300.0,3,2,1,9.3,2,2,Jaipur,Desktop,,
CUST004110,Ishaan Chawla,,normal,4900.0,4,3,1,1.0,2,2,Kolkata,Android,,
CUST004111,Arjun Chawla,Patel Solutions Pvt Ltd,b2b,455500.0,70,62,8,5.5,5,4,Delhi,Android,,
CUST004112,Ananya Iyer,,normal,24000.0,7,5,2,6.4,1,1,Indore,iOS,,
CUST004113,Ananya Singh,,normal,24600.0,4,3,1,1.8,0,0,Kolkata,Android,,
CUST004114,Diya Joshi,,normal,11000.0,2,2,0,1.2,2,2,Nagpur,Android,,
CUST004115,Myra Sharma,,normal,28500.0,4,3,1,6.9,2,1,Chennai,Android,,
CUST004116,Meera Malhotra,Chawla Traders Pvt Ltd,b2b,457300.0,50,48,2,2.3,1,1,Nagpur,Desktop,,
CUST004117,Priya Kapoor,,normal,17100.0,2,1,1,1.1,0,0,Hyderabad,Desktop,,
CUST004118,Simran Joshi,,normal,12000.0,4,3,1,2.8,2,2,Chennai,Android,,
CUST004119,Rohan Kapoor,Rao Retail Pvt Ltd,b2b,373100.0,46,40,6,5.3,2,1,Hyderabad,Android,,
CUST004120,Meera Singh,,normal,10600.0,4,3,1,0.4,0,0,Bangalore,Desktop,,
CUST004121,Aditya Nair,,normal,23800.0,4,3,1,0.7,2,2,Hyderabad,Android,,
CUST004122,Myra Malhotra,,normal,14300.0,3,3,0,4.7,0,0,Chennai,Android,,
CUST004123,Ananya Verma,,normal,21300.0,6,5,1,8.6,0,0,Indore,Android,,
CUST004124,Myra Patel,,normal,10400.0,2,2,0,3.2,0,0,Mumbai,Android,,
CUST004125,Sanya Malhotra,,normal,16000.0,1,1,0,1.7,1,1,Ahmedabad,iOS,,
CUST004126,Aman Gupta,,group_d_broken_promise,10800.0,1,0,1,14.9,6,2,Jaipur,Android,,
CUST004127,Meera Bose,,normal,23000.0,4,3,1,2.0,0,0,Ahmedabad,Android,,
CUST004128,Myra Gupta,,normal,32000.0,3,2,1,0.8,2,2,Lucknow,Android,,
CUST004129,Rahul Verma,,normal,33700.0,4,3,1,0.8,2,2,Indore,Android,,
CUST004130,Rahul Kapoor,,normal,31700.0,6,5,1,1.4,0,0,Indore,iOS,,
CUST004131,Rahul Malhotra,,normal,59200.0,7,6,1,4.7,1,1,Ahmedabad,Android,,
CUST004132,Aditya Kapoor,,normal,21500.0,1,1,0,5.0,1,1,Hyderabad,iOS,,
CUST004133,Priya Nair,,normal,10300.0,1,1,0,3.2,1,1,Nagpur,Android,,
CUST004134,Ananya Nair,,normal,14000.0,3,3,0,1.0,1,1,Hyderabad,iOS,,
CUST004135,Ananya Reddy,,normal,33300.0,5,4,1,3.0,2,2,Lucknow,iOS,,
CUST004136,Simran Verma,,dormant_high_ltv,469300.0,67,64,3,1.4,1,1,Nagpur,Android,,
CUST004137,Ananya Rao,,normal,13100.0,4,4,0,5.0,1,1,Jaipur,Android,,
CUST004138,Ishaan Sharma,,normal,4500.0,2,2,0,2.1,1,1,Mumbai,Android,,
CUST004139,Rahul Iyer,,normal,16300.0,4,3,1,1.5,0,0,Lucknow,iOS,,
CUST004140,Vivaan Gupta,,normal,28200.0,5,4,1,3.7,0,0,Nagpur,Desktop,,
CUST004141,Kiara Verma,,normal,13900.0,2,1,1,1.4,2,2,Delhi,Android,,
CUST004142,Vivaan Iyer,,normal,34100.0,4,4,0,0.3,2,2,Jaipur,Android,,
CUST004143,Saanvi Kapoor,,dormant_high_ltv,467000.0,51,46,5,0.3,0,0,Mumbai,Android,,
CUST004144,Myra Nair,,normal,45000.0,8,6,2,4.9,1,1,Lucknow,iOS,,
CUST004145,Rahul Singh,,normal,21200.0,7,6,1,1.3,0,0,Bangalore,Android,,
CUST004146,Rohan Patel,Mehta Industries Pvt Ltd,b2b,372700.0,38,31,7,8.6,5,5,Kolkata,Android,,
CUST004147,Ishaan Kapoor,,dormant_high_ltv,457500.0,58,56,2,0.2,2,2,Bangalore,Android,,
CUST004148,Arjun Bose,,normal,49100.0,8,8,0,2.0,2,2,Lucknow,Desktop,,
CUST004149,Neha Kapoor,,normal,39100.0,6,5,1,3.5,0,0,Indore,Desktop,,
CUST004150,Karan Verma,,normal,28700.0,3,2,1,2.5,1,1,Jaipur,Android,,
CUST004151,Aarav Mehta,Joshi Textiles Pvt Ltd,b2b,560300.0,60,53,7,5.2,1,1,Ahmedabad,Android,,
CUST004152,Arjun Verma,,normal,22700.0,4,3,1,8.5,2,2,Bangalore,Desktop,,
CUST004153,Saanvi Chawla,,normal,21700.0,5,4,1,6.6,1,1,Mumbai,iOS,,
CUST004154,Aarav Reddy,,normal,18100.0,4,4,0,3.3,1,1,Indore,Android,,
CUST004155,Aman Bose,,normal,25000.0,4,3,1,1.1,2,2,Lucknow,Android,,
CUST004156,Rohan Chawla,,dormant_high_ltv,412400.0,43,38,5,8.6,1,1,Ahmedabad,iOS,,
CUST004157,Aditya Iyer,,normal,6700.0,1,1,0,0.5,1,1,Nagpur,iOS,,
CUST004158,Kabir Sharma,,dormant_high_ltv,271100.0,44,39,5,0.4,1,1,Hyderabad,Android,,
CUST004159,Karan Joshi,,normal,40000.0,2,2,0,1.4,1,1,Jaipur,iOS,,
CUST004160,Neha Nair,Joshi Foods Pvt Ltd,b2b,537600.0,70,60,10,3.3,2,2,Pune,Desktop,,
CUST004161,Arjun Joshi,,normal,49600.0,7,6,1,2.6,2,2,Indore,Android,,
CUST004162,Priya Patel,Iyer Industries Pvt Ltd,b2b,326400.0,53,46,7,2.4,3,3,Pune,iOS,,
CUST004163,Neha Iyer,,normal,6500.0,4,3,1,2.5,0,0,Lucknow,Android,,
CUST004164,Aman Rao,,normal,27800.0,1,1,0,3.0,1,1,Mumbai,iOS,,
CUST004165,Ananya Rao,,normal,38400.0,7,6,1,1.8,1,1,Indore,Android,,
CUST004166,Kabir Reddy,Rao Textiles Pvt Ltd,b2b,651900.0,64,60,4,3.8,5,5,Pune,Android,,
CUST004167,Ananya Iyer,,dormant_high_ltv,377200.0,38,35,3,1.2,2,2,Chennai,iOS,,
CUST004168,Saanvi Bose,,normal,20200.0,3,2,1,1.8,0,0,Bangalore,iOS,,
CUST004169,Kabir Bose,,normal,17600.0,2,2,0,3.0,2,2,Delhi,Android,,
CUST004170,Simran Nair,,normal,15700.0,2,2,0,0.8,0,0,Nagpur,Android,,
CUST004171,Karan Patel,,normal,14200.0,3,2,1,2.9,2,2,Chennai,Android,,
CUST004172,Neha Chawla,,normal,22200.0,4,3,1,3.6,0,0,Mumbai,Android,,
CUST004173,Karan Kapoor,,normal,34000.0,2,1,1,1.0,0,0,Ahmedabad,iOS,,
CUST004174,Priya Sharma,Verma Exports Pvt Ltd,b2b,218600.0,41,34,7,19.4,2,2,Kolkata,iOS,,
CUST004175,Aditya Gupta,,normal,7000.0,4,4,0,9.4,1,1,Hyderabad,Desktop,,
CUST004176,Kabir Kapoor,,normal,11400.0,2,2,0,1.8,0,0,Indore,Android,,
CUST004177,Aman Gupta,,normal,13700.0,3,2,1,2.6,1,1,Lucknow,iOS,,
CUST004178,Vivaan Verma,,normal,8500.0,2,2,0,0.9,1,1,Mumbai,Android,,
CUST004179,Meera Gupta,,normal,26200.0,3,3,0,4.1,1,1,Pune,Android,,
CUST004180,Saanvi Kapoor,,normal,24500.0,4,4,0,2.3,2,1,Bangalore,Android,,
CUST004181,Ishaan Sharma,,normal,29600.0,6,5,1,3.4,2,1,Kolkata,iOS,,
CUST004182,Simran Reddy,,group_d_broken_promise,51400.0,9,5,4,12.7,7,2,Delhi,iOS,,
CUST004183,Sanya Sharma,,normal,6000.0,3,3,0,3.1,1,1,Nagpur,Desktop,,
CUST004184,Myra Kapoor,,normal,27800.0,3,2,1,3.2,2,2,Nagpur,Desktop,,
CUST004185,Rahul Rao,,normal,33900.0,6,5,1,1.7,2,2,Lucknow,Android,,
CUST004186,Kiara Chawla,,normal,26500.0,3,2,1,0.4,0,0,Ahmedabad,Android,,
CUST004187,Priya Patel,,group_d_broken_promise,28800.0,5,2,3,12.3,11,2,Bangalore,Android,,
CUST004188,Sanya Singh,,group_d_broken_promise,32600.0,5,3,2,40.0,9,2,Bangalore,Android,,
CUST004189,Kiara Gupta,,dormant_high_ltv,363900.0,41,36,5,1.4,0,0,Pune,iOS,,
CUST004190,Ishaan Nair,,normal,19400.0,3,2,1,2.9,2,2,Pune,iOS,,
CUST004191,Saanvi Singh,,group_d_broken_promise,18800.0,3,2,1,32.5,11,3,Chennai,Android,,
CUST004192,Meera Rao,,normal,18000.0,4,3,1,1.5,2,2,Hyderabad,Android,,
CUST004193,Meera Iyer,,normal,23300.0,4,3,1,4.1,1,1,Hyderabad,iOS,,
CUST004194,Rahul Verma,,normal,21900.0,1,1,0,1.7,1,1,Lucknow,Android,,
CUST004195,Diya Kapoor,Reddy Tech Pvt Ltd,b2b,379100.0,53,50,3,10.7,4,4,Pune,Android,,
CUST004196,Myra Gupta,,normal,13900.0,4,3,1,0.5,0,0,Lucknow,iOS,,
CUST004197,Aarav Malhotra,,group_d_broken_promise,28600.0,4,2,2,16.0,9,1,Hyderabad,iOS,,
CUST004198,Myra Gupta,,normal,6200.0,3,3,0,2.0,1,1,Delhi,Android,,
CUST004199,Aditya Sharma,,group_d_broken_promise,31000.0,5,2,3,30.6,6,2,Indore,Android,,
CUST004200,Arjun Iyer,,group_d_broken_promise,23500.0,3,2,1,38.3,7,1,Mumbai,Desktop,,
CUST004201,Rohan Patel,Patel Foods Pvt Ltd,b2b,392700.0,57,49,8,11.7,2,2,Indore,iOS,,
CUST004202,Saanvi Kapoor,,normal,15000.0,2,2,0,0.8,1,1,Hyderabad,iOS,,
CUST004203,Aman Bose,,group_d_broken_promise,24100.0,1,0,1,27.8,3,1,Indore,iOS,,
CUST004204,Kiara Iyer,,normal,46600.0,9,8,1,0.9,2,2,Hyderabad,Android,,
CUST004205,Kiara Nair,,normal,6600.0,3,2,1,5.0,0,0,Nagpur,iOS,,
CUST004206,Meera Malhotra,,normal,21700.0,4,3,1,0.7,2,2,Ahmedabad,iOS,,
CUST004207,Sanya Patel,,group_d_broken_promise,14000.0,3,1,2,23.5,8,2,Nagpur,iOS,,
CUST004208,Karan Reddy,,dormant_high_ltv,572600.0,64,60,4,6.1,1,1,Nagpur,Android,,
CUST004209,Meera Bose,,normal,40800.0,7,6,1,1.4,0,0,Ahmedabad,Android,,
CUST004210,Sanya Mehta,Sharma Exports Pvt Ltd,b2b,258100.0,29,28,1,3.3,1,1,Indore,Android,,
CUST004211,Karan Nair,,normal,30000.0,4,3,1,0.5,2,2,Chennai,Android,,
CUST004212,Karan Rao,,normal,32400.0,3,2,1,7.1,2,2,Pune,Desktop,,
CUST004213,Aarav Iyer,,normal,30500.0,2,2,0,0.3,2,1,Jaipur,iOS,,
CUST004214,Meera Nair,,group_d_broken_promise,59800.0,10,4,6,30.9,6,1,Nagpur,iOS,,
CUST004215,Arjun Bose,,normal,8600.0,1,1,0,6.6,0,0,Nagpur,Android,,
CUST004216,Saanvi Chawla,,group_d_broken_promise,18600.0,4,2,2,31.4,9,3,Pune,Desktop,,
CUST004217,Diya Patel,,normal,37000.0,6,5,1,2.6,1,1,Delhi,Android,,
CUST004218,Neha Sharma,,dormant_high_ltv,531900.0,55,48,7,0.9,2,2,Chennai,iOS,,
CUST004219,Vivaan Mehta,,normal,39700.0,7,6,1,1.4,2,2,Hyderabad,iOS,,
CUST004220,Arjun Singh,,normal,9900.0,2,2,0,2.2,2,2,Delhi,Android,,
CUST004221,Arjun Gupta,,group_d_broken_promise,19800.0,3,1,2,27.9,10,3,Jaipur,Android,,
CUST004222,Simran Nair,,dormant_high_ltv,351800.0,45,39,6,2.5,2,2,Indore,iOS,,
CUST004223,Karan Mehta,Mehta Solutions Pvt Ltd,b2b,204200.0,18,15,3,4.8,4,3,Nagpur,iOS,,
CUST004224,Simran Chawla,,group_d_broken_promise,53100.0,10,5,5,44.8,4,1,Bangalore,Desktop,,
CUST004225,Kiara Iyer,Singh Exports Pvt Ltd,b2b,260000.0,48,40,8,5.4,5,5,Pune,Android,,
CUST004226,Aarav Iyer,,normal,15600.0,3,2,1,5.0,2,2,Bangalore,Desktop,,
CUST004227,Aman Malhotra,,normal,20300.0,7,5,2,2.9,2,2,Bangalore,iOS,,
CUST004228,Meera Singh,,group_d_broken_promise,33300.0,4,2,2,25.9,11,2,Nagpur,Android,,
CUST004229,Sanya Patel,,normal,15700.0,2,1,1,5.9,0,0,Nagpur,iOS,,
CUST004230,Kiara Iyer,Reddy Enterprises Pvt Ltd,b2b,489100.0,65,58,7,7.3,3,2,Mumbai,Android,,
CUST004231,Karan Mehta,,normal,13300.0,3,2,1,1.6,2,2,Lucknow,Desktop,,
CUST004232,Simran Reddy,,dormant_high_ltv,491400.0,56,48,8,2.4,2,2,Lucknow,Android,,
CUST004233,Karan Gupta,,normal,13500.0,2,2,0,3.3,0,0,Hyderabad,iOS,,
CUST004234,Priya Sharma,,normal,27700.0,2,2,0,6.9,0,0,Lucknow,iOS,,
CUST004235,Meera Singh,,dormant_high_ltv,391100.0,48,42,6,1.1,2,2,Ahmedabad,Android,,
CUST004236,Kabir Joshi,,group_d_broken_promise,36600.0,9,4,5,18.1,11,2,Indore,iOS,,
CUST004237,Simran Chawla,,normal,31900.0,3,3,0,0.6,2,1,Hyderabad,Desktop,,
CUST004238,Saanvi Verma,,normal,13500.0,1,1,0,4.7,2,1,Nagpur,Desktop,,
CUST004239,Kiara Malhotra,,normal,31800.0,9,6,3,2.2,1,1,Nagpur,Android,,
CUST004240,Myra Patel,,normal,15700.0,4,3,1,3.5,0,0,Lucknow,Android,,
CUST004241,Aman Bose,,normal,10200.0,1,1,0,5.3,0,0,Delhi,iOS,,
CUST004242,Myra Gupta,,normal,23000.0,2,2,0,0.9,2,1,Nagpur,Android,,
CUST004243,Ishaan Iyer,,normal,19900.0,2,2,0,3.2,1,1,Indore,iOS,,
CUST004244,Sanya Chawla,,normal,23400.0,4,3,1,3.4,0,0,Lucknow,iOS,,
CUST004245,Ishaan Kapoor,,normal,23200.0,3,2,1,1.7,1,1,Mumbai,Android,,
CUST004246,Sanya Verma,Malhotra Exports Pvt Ltd,b2b,494500.0,62,53,9,7.1,2,2,Kolkata,Android,,
CUST004247,Aman Kapoor,,normal,22000.0,2,2,0,8.3,0,0,Indore,Android,,
CUST004248,Priya Mehta,,dormant_high_ltv,261700.0,28,27,1,4.4,0,0,Pune,Android,,
CUST004249,Ananya Gupta,,group_d_broken_promise,13600.0,2,1,1,22.3,3,0,Bangalore,iOS,,
CUST004250,Aman Sharma,,normal,18700.0,4,3,1,2.6,0,0,Hyderabad,Desktop,,
CUST004251,Aman Joshi,Rao Textiles Pvt Ltd,b2b,446300.0,56,49,7,5.7,1,1,Indore,iOS,,
CUST004252,Sanya Singh,,group_d_broken_promise,28500.0,3,1,2,28.0,10,2,Mumbai,iOS,,
CUST004253,Sanya Mehta,,group_d_broken_promise,13700.0,2,1,1,13.5,6,1,Mumbai,iOS,,
CUST004254,Aman Malhotra,,normal,31400.0,6,6,0,2.2,1,1,Hyderabad,Desktop,,
CUST004255,Arjun Bose,,normal,26600.0,6,6,0,3.6,2,2,Pune,Desktop,,
CUST004256,Myra Malhotra,,dormant_high_ltv,227600.0,29,27,2,1.4,2,2,Mumbai,Android,,
CUST004257,Karan Gupta,,dormant_high_ltv,474400.0,63,60,3,2.8,1,1,Hyderabad,Android,,
CUST004258,Arjun Chawla,,normal,16000.0,1,1,0,3.6,0,0,Indore,iOS,,
CUST004259,Aarav Mehta,,normal,15800.0,4,4,0,3.8,2,2,Ahmedabad,Android,,
CUST004260,Priya Malhotra,Malhotra Tech Pvt Ltd,b2b,272200.0,30,29,1,4.7,2,2,Kolkata,iOS,,
CUST004261,Simran Rao,,normal,8200.0,1,1,0,3.6,1,1,Indore,iOS,,
CUST004262,Myra Bose,,normal,8900.0,2,2,0,2.3,1,1,Jaipur,Android,,
CUST004263,Karan Joshi,Sharma Industries Pvt Ltd,b2b,496800.0,66,60,6,6.4,1,1,Indore,Android,,
CUST004264,Kiara Patel,,normal,18000.0,1,1,0,1.7,1,1,Kolkata,Android,,
CUST004265,Simran Gupta,,normal,29300.0,2,2,0,5.3,2,2,Ahmedabad,Android,,
CUST004266,Ishaan Sharma,,normal,12400.0,2,2,0,1.7,2,2,Indore,Android,,
CUST004267,Rohan Kapoor,,normal,27300.0,5,4,1,3.8,2,2,Mumbai,Android,,
CUST004268,Sanya Malhotra,,normal,21600.0,4,3,1,4.7,2,2,Hyderabad,Android,,
CUST004269,Ishaan Iyer,,normal,12800.0,3,3,0,4.2,2,2,Jaipur,Android,,
CUST004270,Priya Joshi,,normal,20200.0,3,2,1,6.8,2,2,Hyderabad,iOS,,
CUST004271,Aman Joshi,,normal,19800.0,1,1,0,2.4,1,1,Ahmedabad,iOS,,
CUST004272,Aman Kapoor,,normal,13100.0,2,2,0,0.9,1,1,Pune,Android,,
CUST004273,Sanya Sharma,,normal,26300.0,5,4,1,4.1,1,1,Delhi,Desktop,,
CUST004274,Neha Reddy,,normal,30800.0,6,6,0,1.1,1,1,Pune,iOS,,
CUST004275,Saanvi Joshi,Reddy Apparel Pvt Ltd,b2b,278500.0,46,42,4,8.6,3,3,Nagpur,Android,,
CUST004276,Vivaan Bose,,dormant_high_ltv,303600.0,38,35,3,2.6,1,1,Mumbai,Android,,
CUST004277,Kabir Chawla,,normal,16700.0,5,5,0,5.7,1,1,Mumbai,Desktop,,
CUST004278,Sanya Joshi,,normal,10700.0,3,2,1,3.3,2,1,Lucknow,Android,,
CUST004279,Aditya Nair,Mehta Retail Pvt Ltd,b2b,387300.0,43,42,1,2.9,3,2,Indore,Android,,
CUST004280,Karan Nair,,normal,31600.0,7,6,1,0.6,0,0,Nagpur,Android,,
CUST004281,Ishaan Chawla,,dormant_high_ltv,303300.0,40,36,4,0.1,0,0,Mumbai,Android,,
CUST004282,Meera Nair,,normal,8600.0,2,2,0,0.9,0,0,Delhi,Android,,
CUST004283,Simran Iyer,,normal,22600.0,6,5,1,1.6,1,1,Lucknow,Android,,
CUST004284,Aditya Singh,,group_d_broken_promise,17400.0,4,2,2,42.7,6,2,Kolkata,Android,,
CUST004285,Aarav Joshi,,normal,12400.0,2,2,0,0.7,2,2,Kolkata,Android,,
CUST004286,Ananya Iyer,,group_d_broken_promise,64200.0,10,4,6,53.4,4,1,Nagpur,Desktop,,
CUST004287,Aarav Nair,,normal,10300.0,1,1,0,0.3,1,1,Chennai,Android,,
CUST004288,Aditya Rao,Singh Distributors Pvt Ltd,b2b,350800.0,40,38,2,4.8,5,4,Indore,iOS,,
CUST004289,Aarav Singh,,normal,14800.0,2,2,0,0.7,0,0,Kolkata,Android,,
CUST004290,Simran Rao,,normal,19800.0,2,2,0,11.3,0,0,Kolkata,Desktop,,
CUST004291,Karan Kapoor,,group_d_broken_promise,15900.0,1,0,1,20.9,6,1,Lucknow,Desktop,,
CUST004292,Arjun Joshi,,dormant_high_ltv,331400.0,38,34,4,1.3,0,0,Bangalore,Android,,
CUST004293,Neha Joshi,,dormant_high_ltv,477400.0,53,51,2,0.6,0,0,Bangalore,iOS,,
CUST004294,Aarav Bose,,normal,11400.0,2,2,0,2.4,0,0,Mumbai,iOS,,
CUST004295,Rohan Iyer,,normal,9500.0,2,2,0,1.1,2,2,Kolkata,Android,,
CUST004296,Myra Sharma,,normal,7400.0,3,2,1,3.2,1,1,Lucknow,Android,,
CUST004297,Vivaan Joshi,,normal,40800.0,4,3,1,1.3,1,1,Ahmedabad,iOS,,
CUST004298,Priya Singh,,normal,23500.0,2,2,0,3.8,2,2,Mumbai,Desktop,,
CUST004299,Simran Verma,,normal,12800.0,4,3,1,3.0,0,0,Indore,Desktop,,
CUST004300,Neha Reddy,,normal,24100.0,8,7,1,0.3,0,0,Pune,iOS,,
CUST004301,Karan Singh,,normal,19700.0,1,1,0,0.9,2,2,Indore,Android,,
CUST004302,Aman Reddy,,normal,27700.0,1,1,0,3.4,0,0,Mumbai,Android,,
CUST004303,Aditya Patel,,normal,17400.0,5,5,0,3.9,2,2,Indore,Android,,
CUST004304,Kiara Malhotra,,normal,30300.0,5,4,1,0.8,2,2,Indore,Android,,
CUST004305,Ananya Rao,,dormant_high_ltv,534100.0,72,69,3,3.4,2,2,Mumbai,Android,,
CUST004306,Saanvi Malhotra,,group_d_broken_promise,35800.0,5,2,3,26.4,4,1,Pune,iOS,,
CUST004307,Ananya Iyer,,normal,13800.0,2,2,0,4.0,1,1,Nagpur,Desktop,,
CUST004308,Arjun Chawla,Sharma Apparel Pvt Ltd,b2b,306300.0,37,34,3,6.2,4,3,Chennai,Android,,
CUST004309,Simran Verma,,normal,21500.0,2,2,0,1.8,1,1,Delhi,Android,,
CUST004310,Myra Bose,,normal,29300.0,5,5,0,1.5,1,1,Delhi,Android,,
CUST004311,Simran Chawla,,normal,22100.0,2,2,0,4.5,1,1,Kolkata,Desktop,,
CUST004312,Diya Iyer,,normal,47400.0,7,6,1,1.2,0,0,Hyderabad,Android,,
CUST004313,Aditya Gupta,Nair Enterprises Pvt Ltd,b2b,438200.0,60,55,5,6.7,1,1,Kolkata,Android,,
CUST004314,Kiara Iyer,,normal,27500.0,2,2,0,0.4,2,2,Ahmedabad,Desktop,,
CUST004315,Aman Verma,,dormant_high_ltv,530700.0,52,49,3,1.1,0,0,Delhi,Desktop,,
CUST004316,Sanya Sharma,,normal,23900.0,3,3,0,2.0,2,2,Indore,iOS,,
CUST004317,Arjun Iyer,,normal,16100.0,2,2,0,3.4,2,2,Nagpur,iOS,,
CUST004318,Aman Verma,,normal,21700.0,4,3,1,0.6,0,0,Jaipur,Desktop,,
CUST004319,Priya Mehta,,normal,34800.0,5,5,0,4.9,2,2,Mumbai,Android,,
CUST004320,Ishaan Joshi,,normal,15100.0,5,4,1,1.6,0,0,Lucknow,Desktop,,
CUST004321,Priya Iyer,,normal,12200.0,1,1,0,0.7,1,1,Nagpur,Android,,
CUST004322,Rahul Singh,,normal,15200.0,2,2,0,3.8,2,2,Chennai,iOS,,
CUST004323,Priya Patel,,normal,14700.0,3,2,1,1.6,0,0,Nagpur,Android,,
CUST004324,Kiara Bose,,dormant_high_ltv,255500.0,28,25,3,0.9,0,0,Pune,Android,,
CUST004325,Kabir Reddy,Kapoor Traders Pvt Ltd,b2b,470200.0,72,60,12,9.1,2,2,Delhi,Android,,
CUST004326,Priya Gupta,,normal,25600.0,7,5,2,3.0,0,0,Kolkata,Android,,
CUST004327,Aarav Iyer,,dormant_high_ltv,328000.0,50,48,2,2.2,1,1,Ahmedabad,Android,,
CUST004328,Rahul Mehta,,normal,44500.0,4,3,1,0.6,0,0,Hyderabad,Android,,
CUST004329,Aarav Singh,,normal,8800.0,3,2,1,0.6,0,0,Jaipur,Android,,
CUST004330,Kiara Reddy,,normal,5800.0,2,1,1,9.0,0,0,Bangalore,Android,,
CUST004331,Ishaan Joshi,,group_d_broken_promise,16600.0,1,0,1,32.0,3,1,Delhi,Android,,
CUST004332,Vivaan Iyer,,normal,20000.0,4,3,1,1.2,2,2,Indore,Desktop,,
CUST004333,Ananya Kapoor,,dormant_high_ltv,315400.0,42,36,6,2.0,2,2,Pune,Android,,
CUST004334,Aarav Joshi,,normal,11400.0,1,1,0,3.4,2,2,Lucknow,iOS,,
CUST004335,Sanya Patel,,normal,23100.0,2,1,1,6.2,2,1,Lucknow,Android,,
CUST004336,Aman Gupta,,dormant_high_ltv,477400.0,60,55,5,6.7,2,2,Kolkata,Android,,
CUST004337,Rahul Malhotra,,dormant_high_ltv,329300.0,45,41,4,1.3,2,2,Ahmedabad,iOS,,
CUST004338,Myra Nair,,dormant_high_ltv,383700.0,46,40,6,14.7,2,1,Pune,Android,,
CUST004339,Diya Sharma,,normal,24400.0,3,3,0,2.5,1,1,Delhi,Android,,
CUST004340,Rahul Iyer,,normal,14800.0,3,3,0,3.3,0,0,Bangalore,Android,,
CUST004341,Rohan Sharma,,group_d_broken_promise,17600.0,3,1,2,24.1,8,2,Mumbai,Android,,
CUST004342,Arjun Patel,,group_d_broken_promise,84100.0,12,4,8,23.1,3,1,Mumbai,Android,,
CUST004343,Ishaan Rao,,normal,25900.0,2,2,0,0.9,0,0,Kolkata,Android,,
CUST004344,Kiara Kapoor,Bose Traders Pvt Ltd,b2b,266700.0,36,30,6,3.2,4,3,Kolkata,Android,,
CUST004345,Rohan Iyer,,normal,13600.0,3,2,1,3.1,1,1,Delhi,Android,,
CUST004346,Aarav Joshi,,normal,13500.0,3,3,0,5.0,2,2,Kolkata,iOS,,
CUST004347,Kabir Verma,,normal,12500.0,2,2,0,3.3,1,1,Lucknow,Android,,
CUST004348,Simran Patel,,normal,15200.0,1,1,0,0.7,0,0,Hyderabad,iOS,,
CUST004349,Vivaan Malhotra,,normal,19000.0,4,3,1,14.1,0,0,Ahmedabad,Android,,
CUST004350,Saanvi Mehta,,normal,18000.0,1,1,0,0.6,2,2,Pune,Android,,
CUST004351,Ananya Malhotra,,group_d_broken_promise,25100.0,5,2,3,24.6,7,1,Pune,Android,,
CUST004352,Vivaan Mehta,,dormant_high_ltv,489700.0,68,58,10,1.8,2,2,Lucknow,Android,,
CUST004353,Ishaan Rao,,normal,20900.0,8,7,1,1.4,2,1,Nagpur,Android,,
CUST004354,Arjun Singh,,dormant_high_ltv,403000.0,56,54,2,2.8,1,1,Kolkata,Android,,
CUST004355,Aman Sharma,,normal,25200.0,3,3,0,2.5,2,2,Ahmedabad,iOS,,
CUST004356,Aditya Joshi,,normal,21100.0,3,3,0,1.7,0,0,Mumbai,Android,,
CUST004357,Diya Chawla,,normal,40400.0,5,4,1,0.7,2,1,Jaipur,Android,,
CUST004358,Simran Bose,Kapoor Exports Pvt Ltd,b2b,358100.0,53,46,7,8.9,1,1,Bangalore,Android,,
CUST004359,Rahul Reddy,,normal,19700.0,3,3,0,1.9,0,0,Indore,Android,,
CUST004360,Aarav Joshi,,normal,28200.0,3,3,0,4.7,0,0,Pune,Android,,
CUST004361,Simran Iyer,Kapoor Exports Pvt Ltd,b2b,461100.0,55,48,7,8.7,5,5,Indore,Android,,
CUST004362,Aman Sharma,,normal,8200.0,1,1,0,0.3,0,0,Hyderabad,Desktop,,
CUST004363,Myra Bose,,normal,21000.0,7,6,1,4.0,0,0,Bangalore,Desktop,,
CUST004364,Karan Gupta,,normal,17900.0,2,2,0,4.1,0,0,Ahmedabad,Desktop,,
CUST004365,Myra Patel,,normal,17100.0,2,2,0,6.7,0,0,Nagpur,Android,,
CUST004366,Aditya Chawla,,group_d_broken_promise,13200.0,2,1,1,20.7,6,1,Hyderabad,iOS,,
CUST004367,Neha Chawla,,normal,34400.0,6,5,1,3.0,1,1,Ahmedabad,iOS,,
CUST004368,Meera Singh,,normal,48300.0,5,4,1,8.8,1,1,Delhi,Android,,
CUST004369,Priya Joshi,,group_d_broken_promise,36500.0,5,2,3,14.4,9,3,Jaipur,Desktop,,
CUST004370,Kabir Mehta,,normal,25400.0,1,1,0,3.4,2,2,Indore,Android,,
CUST004371,Arjun Patel,Verma Traders Pvt Ltd,b2b,143100.0,19,18,1,13.1,2,1,Ahmedabad,Desktop,,
CUST004372,Myra Malhotra,,group_d_broken_promise,46400.0,7,3,4,21.7,4,0,Indore,iOS,,
CUST004373,Ishaan Chawla,,normal,7300.0,2,2,0,1.2,0,0,Delhi,iOS,,
CUST004374,Priya Malhotra,,group_d_broken_promise,38100.0,6,2,4,23.8,3,1,Ahmedabad,iOS,,
CUST004375,Meera Mehta,,normal,14400.0,2,2,0,4.9,0,0,Ahmedabad,Android,,
CUST004376,Ananya Chawla,,group_d_broken_promise,24100.0,4,1,3,31.4,11,2,Jaipur,iOS,,
CUST004377,Arjun Bose,,normal,8900.0,1,1,0,0.3,2,2,Kolkata,iOS,,
CUST004378,Myra Malhotra,,group_d_broken_promise,24500.0,6,2,4,37.4,4,1,Nagpur,Desktop,,
CUST004379,Aarav Rao,,normal,20700.0,4,3,1,1.4,2,2,Lucknow,Android,,
CUST004380,Vivaan Patel,,dormant_high_ltv,435100.0,60,54,6,4.6,1,1,Delhi,Android,,
CUST004381,Diya Joshi,,normal,23700.0,2,2,0,7.9,1,1,Pune,iOS,,
CUST004382,Ananya Malhotra,Patel Apparel Pvt Ltd,b2b,405800.0,58,51,7,5.8,5,4,Chennai,iOS,,
CUST004383,Aarav Joshi,Nair Distributors Pvt Ltd,b2b,464600.0,56,52,4,4.7,1,1,Nagpur,Android,,
CUST004384,Meera Iyer,,normal,7900.0,2,2,0,2.5,0,0,Indore,Android,,
CUST004385,Arjun Bose,,normal,37500.0,7,6,1,4.1,2,2,Kolkata,Android,,
CUST004386,Sanya Iyer,,normal,10200.0,2,2,0,0.5,0,0,Indore,iOS,,
CUST004387,Rahul Sharma,Malhotra Tech Pvt Ltd,b2b,412400.0,60,50,10,2.3,1,1,Bangalore,Android,,
CUST004388,Sanya Mehta,,group_d_broken_promise,20400.0,3,1,2,35.4,3,1,Bangalore,iOS,,
CUST004389,Priya Joshi,,normal,23200.0,5,5,0,2.3,0,0,Ahmedabad,Desktop,,
CUST004390,Vivaan Iyer,,normal,37100.0,7,5,2,1.4,2,2,Kolkata,Android,,
CUST004391,Vivaan Verma,Reddy Textiles Pvt Ltd,b2b,419600.0,59,49,10,6.2,2,1,Pune,Android,,
CUST004392,Simran Verma,,normal,20900.0,3,3,0,1.0,2,1,Bangalore,iOS,,
CUST004393,Simran Sharma,,normal,13100.0,2,2,0,0.8,2,2,Chennai,Android,,
CUST004394,Priya Joshi,,normal,12700.0,2,2,0,5.4,1,1,Delhi,Desktop,,
CUST004395,Meera Joshi,,normal,21200.0,5,5,0,8.2,0,0,Lucknow,Desktop,,
CUST004396,Arjun Nair,,normal,28200.0,7,5,2,5.0,2,2,Ahmedabad,Desktop,,
CUST004397,Neha Iyer,,group_d_broken_promise,15100.0,2,1,1,21.1,5,1,Jaipur,Android,,
CUST004398,Aarav Iyer,,normal,22800.0,4,3,1,1.8,2,2,Indore,iOS,,
CUST004399,Priya Kapoor,,group_d_broken_promise,30700.0,4,2,2,35.2,6,1,Nagpur,iOS,,
CUST004400,Simran Malhotra,,normal,12600.0,2,2,0,1.4,0,0,Delhi,Android,,
CUST004401,Arjun Reddy,,normal,17700.0,5,4,1,4.1,1,1,Jaipur,Android,,
CUST004402,Vivaan Kapoor,,normal,11700.0,1,1,0,1.2,2,2,Hyderabad,Desktop,,
CUST004403,Neha Gupta,,dormant_high_ltv,380000.0,59,57,2,1.2,2,2,Indore,Android,,
CUST004404,Kabir Joshi,Gupta Exports Pvt Ltd,b2b,341900.0,39,32,7,18.6,1,1,Mumbai,iOS,,
CUST004405,Aman Rao,,normal,11700.0,3,2,1,3.6,2,2,Chennai,iOS,,
CUST004406,Vivaan Nair,,normal,11400.0,1,1,0,0.3,1,1,Delhi,Desktop,,
CUST004407,Arjun Mehta,,normal,15700.0,3,3,0,1.4,2,2,Lucknow,Android,,
CUST004408,Priya Mehta,,normal,18600.0,5,5,0,0.6,2,2,Nagpur,Android,,
CUST004409,Saanvi Kapoor,,normal,19700.0,3,3,0,2.7,0,0,Chennai,Android,,
CUST004410,Priya Iyer,,group_d_broken_promise,23500.0,5,3,2,44.9,10,3,Pune,iOS,,
CUST004411,Sanya Iyer,,normal,22200.0,3,3,0,1.0,1,1,Delhi,iOS,,
CUST004412,Ananya Mehta,,dormant_high_ltv,517500.0,67,62,5,4.1,1,1,Mumbai,Android,,
CUST004413,Arjun Patel,,normal,13000.0,4,3,1,2.6,1,1,Nagpur,Android,,
CUST004414,Diya Nair,,group_d_broken_promise,13800.0,4,2,2,18.0,3,0,Pune,iOS,,
CUST004415,Rahul Gupta,Rao Textiles Pvt Ltd,b2b,452800.0,65,62,3,5.6,1,1,Hyderabad,iOS,,
CUST004416,Aditya Mehta,,normal,18800.0,4,3,1,5.3,2,2,Bangalore,iOS,,
CUST004417,Diya Gupta,,normal,20000.0,3,3,0,1.2,2,2,Jaipur,Android,,
CUST004418,Vivaan Verma,,dormant_high_ltv,532800.0,53,47,6,3.7,1,1,Chennai,Android,,
CUST004419,Ishaan Sharma,,dormant_high_ltv,457400.0,65,58,7,6.1,0,0,Pune,iOS,,
CUST004420,Kabir Verma,,normal,32800.0,4,3,1,1.5,1,1,Indore,Android,,
CUST004421,Rahul Malhotra,Kapoor Exports Pvt Ltd,b2b,227900.0,29,27,2,18.6,3,2,Hyderabad,Android,,
CUST004422,Kabir Verma,,group_d_broken_promise,25400.0,4,2,2,19.3,4,1,Mumbai,Android,,
CUST004423,Meera Bose,,normal,8000.0,3,2,1,1.8,2,2,Lucknow,Android,,
CUST004424,Karan Verma,Malhotra Industries Pvt Ltd,b2b,260500.0,36,30,6,11.1,5,4,Pune,iOS,,
CUST004425,Priya Iyer,,normal,9100.0,2,2,0,1.7,0,0,Lucknow,Android,,
CUST004426,Simran Malhotra,,normal,24700.0,2,2,0,5.4,2,2,Lucknow,iOS,,
CUST004427,Sanya Reddy,,group_d_broken_promise,18700.0,2,1,1,34.9,6,2,Hyderabad,Android,,
CUST004428,Karan Reddy,,group_d_broken_promise,29900.0,4,2,2,17.3,9,3,Delhi,Desktop,,
CUST004429,Vivaan Singh,Iyer Exports Pvt Ltd,b2b,416900.0,59,49,10,11.5,3,2,Jaipur,iOS,,
CUST004430,Karan Mehta,,dormant_high_ltv,533500.0,65,62,3,5.1,0,0,Lucknow,Desktop,,
CUST004431,Aarav Singh,Verma Exports Pvt Ltd,b2b,453400.0,64,54,10,6.1,1,1,Nagpur,Android,,
CUST004432,Simran Kapoor,,normal,26100.0,4,4,0,0.8,2,2,Lucknow,Android,,
CUST004433,Vivaan Rao,,normal,24800.0,6,4,2,8.6,0,0,Kolkata,iOS,,
CUST004434,Simran Rao,,normal,24700.0,3,3,0,1.2,2,2,Bangalore,Android,,
CUST004435,Aman Nair,,normal,8400.0,4,3,1,2.4,0,0,Ahmedabad,Android,,
CUST004436,Priya Rao,,normal,44500.0,11,10,1,0.5,1,1,Chennai,Android,,
CUST004437,Meera Reddy,,normal,30900.0,6,5,1,0.4,1,1,Pune,Android,,
CUST004438,Rohan Rao,Reddy Logistics Pvt Ltd,b2b,528500.0,68,60,8,10.9,5,5,Pune,Desktop,,
CUST004439,Aditya Bose,Singh Industries Pvt Ltd,b2b,613300.0,65,56,9,11.7,4,4,Chennai,iOS,,
CUST004440,Meera Rao,Patel Retail Pvt Ltd,b2b,273400.0,37,32,5,5.5,1,1,Chennai,iOS,,
CUST004441,Karan Gupta,,dormant_high_ltv,797900.0,44,39,5,0.8,2,2,Kolkata,iOS,,
CUST004442,Simran Mehta,Verma Apparel Pvt Ltd,b2b,240100.0,36,30,6,4.0,3,2,Nagpur,Android,,
CUST004443,Ishaan Bose,,normal,8500.0,1,1,0,1.8,2,1,Pune,Android,,
CUST004444,Simran Nair,,normal,16500.0,3,3,0,6.2,0,0,Indore,Android,,
CUST004445,Aditya Sharma,,group_d_broken_promise,28500.0,3,1,2,29.2,8,1,Ahmedabad,iOS,,
CUST004446,Neha Sharma,,normal,16000.0,2,2,0,1.3,1,1,Lucknow,Android,,
CUST004447,Rohan Nair,,normal,17900.0,2,2,0,0.7,1,1,Chennai,Desktop,,
CUST004448,Diya Rao,,normal,15000.0,5,4,1,3.4,1,1,Indore,Android,,
CUST004449,Diya Reddy,,normal,10600.0,2,2,0,0.6,1,1,Kolkata,Android,,
CUST004450,Karan Iyer,,dormant_high_ltv,487300.0,61,55,6,2.1,1,1,Kolkata,Desktop,,
CUST004451,Rohan Verma,,normal,20200.0,11,8,3,7.3,0,0,Hyderabad,iOS,,
CUST004452,Rohan Bose,,normal,33900.0,5,4,1,1.4,0,0,Indore,Android,,
CUST004453,Rohan Reddy,,normal,14800.0,2,1,1,0.4,0,0,Delhi,Android,,
CUST004454,Rahul Chawla,,normal,22100.0,4,3,1,2.1,1,1,Ahmedabad,Android,,
CUST004455,Aman Kapoor,,normal,18200.0,1,1,0,6.5,0,0,Bangalore,iOS,,
CUST004456,Arjun Chawla,Nair Traders Pvt Ltd,b2b,484900.0,55,46,9,3.7,2,1,Jaipur,Android,,
CUST004457,Diya Gupta,,group_d_broken_promise,22000.0,3,1,2,17.1,5,1,Jaipur,Desktop,,
CUST004458,Aditya Mehta,,normal,24600.0,6,6,0,4.7,1,1,Jaipur,Android,,
CUST004459,Kiara Nair,,dormant_high_ltv,394500.0,49,44,5,3.1,2,1,Delhi,iOS,,
CUST004460,Arjun Reddy,,normal,17400.0,2,2,0,2.9,1,1,Pune,Android,,
CUST004461,Ananya Malhotra,,normal,13700.0,6,5,1,10.0,2,2,Chennai,Android,,
CUST004462,Sanya Mehta,,normal,15200.0,3,2,1,7.2,0,0,Jaipur,Android,,
CUST004463,Neha Rao,Nair Logistics Pvt Ltd,b2b,301700.0,35,33,2,4.4,2,2,Lucknow,Android,,
CUST004464,Priya Nair,,normal,33300.0,6,5,1,4.1,0,0,Lucknow,Desktop,,
CUST004465,Sanya Singh,,group_d_broken_promise,26000.0,5,2,3,22.9,11,2,Chennai,Android,,
CUST004466,Rohan Iyer,,group_d_broken_promise,27100.0,3,2,1,24.0,5,1,Hyderabad,iOS,,
CUST004467,Aarav Chawla,,group_d_broken_promise,40500.0,8,3,5,23.9,6,1,Pune,Android,,
CUST004468,Saanvi Kapoor,,normal,19300.0,4,3,1,2.2,0,0,Mumbai,Android,,
CUST004469,Aarav Mehta,,normal,19000.0,4,4,0,2.8,0,0,Bangalore,Android,,
CUST004470,Rahul Reddy,Bose Solutions Pvt Ltd,b2b,346700.0,43,38,5,12.5,1,1,Pune,Desktop,,
CUST004471,Myra Chawla,,normal,32700.0,3,3,0,2.1,1,1,Kolkata,Android,,
CUST004472,Neha Joshi,Verma Tech Pvt Ltd,b2b,466600.0,68,63,5,6.9,4,4,Hyderabad,Desktop,,
CUST004473,Priya Mehta,,normal,35800.0,6,5,1,1.2,2,1,Ahmedabad,Desktop,,
CUST004474,Kiara Reddy,,dormant_high_ltv,437800.0,63,60,3,0.4,0,0,Indore,iOS,,
CUST004475,Rohan Sharma,,normal,5900.0,3,2,1,0.4,0,0,Jaipur,Android,,
CUST004476,Ananya Singh,,normal,9200.0,2,2,0,2.8,0,0,Bangalore,Android,,
CUST004477,Sanya Verma,,normal,27900.0,6,6,0,1.9,2,1,Delhi,Android,,
CUST004478,Sanya Patel,Chawla Distributors Pvt Ltd,b2b,378800.0,35,28,7,3.8,5,5,Ahmedabad,Desktop,,
CUST004479,Priya Bose,,normal,19800.0,3,2,1,0.5,0,0,Delhi,Android,,
CUST004480,Kiara Patel,,normal,35900.0,12,9,3,2.0,2,1,Pune,Android,,
CUST004481,Arjun Kapoor,,normal,8000.0,2,2,0,2.4,2,1,Mumbai,iOS,,
CUST004482,Meera Gupta,,normal,21200.0,5,4,1,1.9,0,0,Lucknow,iOS,,
CUST004483,Rohan Rao,,normal,25300.0,2,2,0,1.1,1,1,Hyderabad,Android,,
CUST004484,Kiara Reddy,Chawla Apparel Pvt Ltd,b2b,447600.0,49,42,7,2.7,2,2,Nagpur,Android,,
CUST004485,Myra Chawla,,normal,16200.0,6,5,1,2.2,0,0,Nagpur,Android,,
CUST004486,Aditya Patel,Patel Logistics Pvt Ltd,b2b,264800.0,29,24,5,6.3,5,5,Pune,Android,,
CUST004487,Rohan Iyer,,normal,27100.0,2,2,0,4.8,1,1,Jaipur,Android,,
CUST004488,Aman Chawla,,group_d_broken_promise,25600.0,5,3,2,20.5,9,2,Indore,iOS,,
CUST004489,Rohan Iyer,Kapoor Distributors Pvt Ltd,b2b,394400.0,39,34,5,2.5,4,3,Chennai,Desktop,,
CUST004490,Priya Chawla,,normal,28200.0,4,3,1,3.1,2,2,Jaipur,Android,,
CUST004491,Myra Gupta,,normal,18300.0,2,2,0,6.6,0,0,Kolkata,iOS,,
CUST004492,Arjun Verma,,normal,17700.0,1,1,0,3.4,2,2,Hyderabad,Android,,
CUST004493,Diya Bose,,normal,29600.0,6,6,0,2.8,0,0,Lucknow,iOS,,
CUST004494,Myra Joshi,,group_d_broken_promise,20600.0,9,5,4,39.2,7,2,Pune,Android,,
CUST004495,Rahul Patel,Sharma Solutions Pvt Ltd,b2b,391500.0,41,36,5,4.0,2,2,Pune,iOS,,
CUST004496,Karan Gupta,,normal,21000.0,4,3,1,4.2,2,2,Delhi,iOS,,
CUST004497,Karan Iyer,,normal,24400.0,2,2,0,6.4,2,2,Chennai,Android,,
CUST004498,Aman Chawla,,normal,21000.0,4,4,0,0.7,0,0,Kolkata,iOS,,
CUST004499,Priya Joshi,,normal,20500.0,3,2,1,2.0,0,0,Jaipur,Android,,
CUST004500,Arjun Iyer,,normal,17700.0,2,2,0,2.0,0,0,Indore,Android,,
CUST004501,Myra Iyer,,dormant_high_ltv,549700.0,57,50,7,0.6,0,0,Chennai,Android,,
CUST004502,Neha Nair,,normal,25200.0,4,3,1,4.5,1,1,Lucknow,iOS,,
CUST004503,Arjun Iyer,,normal,12400.0,4,4,0,4.5,2,2,Indore,Android,,
CUST004504,Neha Iyer,,normal,8200.0,1,1,0,3.7,0,0,Chennai,iOS,,
CUST004505,Aarav Malhotra,,group_d_broken_promise,23000.0,5,2,3,34.7,10,2,Bangalore,Android,,
CUST004506,Karan Chawla,,normal,19000.0,3,2,1,5.7,2,2,Chennai,Android,,
CUST004507,Arjun Nair,,normal,36200.0,12,11,1,7.5,1,1,Mumbai,Android,,
CUST004508,Vivaan Malhotra,,group_d_broken_promise,57500.0,10,5,5,24.5,7,2,Bangalore,iOS,,
CUST004509,Aarav Verma,,normal,21100.0,4,4,0,3.9,0,0,Nagpur,Desktop,,
CUST004510,Karan Joshi,Rao Industries Pvt Ltd,b2b,524900.0,47,42,5,6.6,2,2,Indore,Android,,
CUST004511,Sanya Sharma,,normal,16800.0,1,1,0,1.4,0,0,Hyderabad,Android,,
CUST004512,Kiara Bose,,normal,15800.0,4,3,1,3.3,2,2,Lucknow,Android,,
CUST004513,Kabir Bose,,normal,15300.0,6,4,2,0.5,1,1,Indore,Android,,
CUST004514,Meera Gupta,,group_d_broken_promise,16900.0,2,1,1,20.7,6,1,Lucknow,Android,,
CUST004515,Priya Nair,,group_d_broken_promise,23700.0,5,2,3,16.3,4,1,Hyderabad,Android,,
CUST004516,Neha Iyer,Bose Apparel Pvt Ltd,b2b,569200.0,65,61,4,9.4,4,4,Kolkata,Android,,
CUST004517,Rahul Nair,,normal,4800.0,3,2,1,2.6,2,2,Chennai,Android,,
CUST004518,Karan Joshi,Gupta Logistics Pvt Ltd,b2b,299400.0,41,34,7,3.3,2,1,Kolkata,Android,,
CUST004519,Aarav Kapoor,,normal,33600.0,6,5,1,2.2,0,0,Indore,Desktop,,
CUST004520,Kiara Rao,Gupta Foods Pvt Ltd,b2b,249200.0,28,27,1,9.9,2,2,Delhi,Android,,
CUST004521,Karan Kapoor,,group_d_broken_promise,23600.0,4,2,2,26.4,8,1,Bangalore,Android,,
CUST004522,Priya Iyer,,normal,14500.0,4,3,1,2.8,1,1,Pune,iOS,,
CUST004523,Arjun Rao,,normal,19200.0,5,5,0,2.9,0,0,Delhi,Android,,
CUST004524,Ishaan Verma,,normal,16300.0,6,5,1,0.4,2,2,Indore,iOS,,
CUST004525,Karan Bose,,normal,13300.0,4,3,1,5.7,0,0,Delhi,Android,,
CUST004526,Karan Patel,,normal,34500.0,3,2,1,3.4,2,2,Chennai,Android,,
CUST004527,Karan Kapoor,,normal,10800.0,2,2,0,2.0,0,0,Pune,iOS,,
CUST004528,Aditya Verma,,normal,25700.0,7,6,1,3.2,1,1,Chennai,Desktop,,
CUST004529,Arjun Mehta,Kapoor Retail Pvt Ltd,b2b,457300.0,53,47,6,3.3,1,1,Delhi,iOS,,
CUST004530,Simran Kapoor,,normal,8800.0,2,2,0,2.0,2,2,Kolkata,Android,,
CUST004531,Arjun Kapoor,,normal,17700.0,3,3,0,11.7,1,1,Jaipur,iOS,,
CUST004532,Kabir Joshi,Sharma Solutions Pvt Ltd,b2b,198300.0,34,30,4,3.5,3,3,Kolkata,iOS,,
CUST004533,Aarav Malhotra,,normal,32100.0,5,4,1,2.2,1,1,Delhi,Desktop,,
CUST004534,Aditya Sharma,,normal,14900.0,3,3,0,12.3,1,1,Indore,Desktop,,
CUST004535,Rohan Rao,,normal,24500.0,2,1,1,7.3,1,1,Lucknow,Android,,
CUST004536,Ishaan Joshi,,group_d_broken_promise,24100.0,1,0,1,26.4,8,2,Hyderabad,Android,,
CUST004537,Ishaan Mehta,,normal,14600.0,2,2,0,2.8,1,1,Mumbai,Android,,
CUST004538,Rohan Rao,,normal,16100.0,5,4,1,4.8,0,0,Pune,iOS,,
CUST004539,Simran Malhotra,,group_d_broken_promise,11500.0,1,0,1,34.5,9,2,Nagpur,Android,,
CUST004540,Vivaan Malhotra,,normal,27400.0,4,4,0,5.5,0,0,Indore,Android,,
CUST004541,Ananya Bose,,dormant_high_ltv,358600.0,41,37,4,0.6,0,0,Lucknow,Android,,
CUST004542,Myra Kapoor,,dormant_high_ltv,351300.0,53,51,2,1.3,0,0,Bangalore,iOS,,
CUST004543,Kabir Nair,,normal,24800.0,5,4,1,1.3,0,0,Bangalore,Android,,
CUST004544,Kiara Sharma,,normal,36400.0,4,3,1,5.2,2,2,Jaipur,iOS,,
CUST004545,Diya Patel,,normal,14900.0,1,1,0,1.3,2,1,Indore,iOS,,
CUST004546,Simran Mehta,Sharma Exports Pvt Ltd,b2b,469200.0,53,51,2,8.7,3,2,Lucknow,Android,,
CUST004547,Sanya Patel,,normal,22500.0,2,2,0,0.7,2,1,Indore,Android,,
CUST004548,Rahul Kapoor,Sharma Enterprises Pvt Ltd,b2b,482700.0,57,50,7,5.5,3,3,Jaipur,iOS,,
CUST004549,Ananya Reddy,,normal,19700.0,4,3,1,0.5,2,2,Chennai,Desktop,,
CUST004550,Karan Kapoor,Patel Enterprises Pvt Ltd,b2b,291300.0,45,43,2,12.0,4,4,Bangalore,iOS,,
CUST004551,Rohan Singh,,dormant_high_ltv,435800.0,46,39,7,2.4,0,0,Pune,Android,,
CUST004552,Simran Malhotra,,normal,22800.0,3,2,1,1.0,0,0,Jaipur,iOS,,
CUST004553,Ananya Joshi,,dormant_high_ltv,392600.0,57,49,8,0.7,0,0,Ahmedabad,Android,,
CUST004554,Arjun Sharma,,normal,30800.0,3,2,1,1.0,2,2,Delhi,Android,,
CUST004555,Diya Chawla,Patel Foods Pvt Ltd,b2b,150800.0,21,18,3,4.9,4,3,Ahmedabad,iOS,,
CUST004556,Vivaan Joshi,,normal,13600.0,4,3,1,3.4,2,1,Kolkata,Android,,
CUST004557,Kiara Patel,,normal,22100.0,1,1,0,4.5,0,0,Kolkata,iOS,,
CUST004558,Aarav Chawla,,normal,34300.0,7,6,1,3.5,1,1,Pune,Android,,
CUST004559,Kiara Gupta,,dormant_high_ltv,314700.0,39,38,1,4.6,1,1,Kolkata,Android,,
CUST004560,Rahul Kapoor,,normal,19800.0,2,2,0,0.3,1,1,Ahmedabad,Android,,
CUST004561,Rahul Patel,,normal,27300.0,4,4,0,1.0,2,2,Indore,Desktop,,
CUST004562,Priya Nair,Rao Retail Pvt Ltd,b2b,501800.0,54,48,6,9.1,2,2,Chennai,iOS,,
CUST004563,Myra Kapoor,Kapoor Enterprises Pvt Ltd,b2b,584700.0,63,57,6,11.4,4,3,Delhi,Android,,
CUST004564,Aman Patel,,normal,7000.0,2,2,0,1.3,2,2,Indore,iOS,,
CUST004565,Rahul Singh,,group_d_broken_promise,14900.0,2,1,1,15.7,6,1,Pune,Desktop,,
CUST004566,Ishaan Mehta,,normal,20200.0,1,1,0,10.1,1,1,Ahmedabad,Android,,
CUST004567,Karan Joshi,,normal,15300.0,2,2,0,2.8,1,1,Mumbai,Android,,
CUST004568,Meera Chawla,,dormant_high_ltv,417400.0,46,39,7,5.4,0,0,Indore,Android,,
CUST004569,Ananya Verma,,normal,5400.0,1,1,0,2.6,2,2,Indore,Desktop,,
CUST004570,Neha Iyer,,normal,24600.0,8,6,2,5.5,0,0,Jaipur,iOS,,
CUST004571,Diya Nair,Joshi Apparel Pvt Ltd,b2b,157600.0,21,18,3,10.9,2,1,Jaipur,Android,,
CUST004572,Aditya Joshi,,normal,22100.0,5,4,1,3.6,0,0,Indore,Desktop,,
CUST004573,Kiara Verma,,group_d_broken_promise,23000.0,2,1,1,37.2,5,1,Lucknow,Android,,
CUST004574,Vivaan Mehta,,normal,12500.0,1,1,0,2.2,2,2,Lucknow,Android,,
CUST004575,Aman Singh,,normal,9300.0,3,2,1,7.2,0,0,Nagpur,Desktop,,
CUST004576,Aditya Chawla,,group_d_broken_promise,20100.0,8,4,4,20.7,8,2,Bangalore,Desktop,,
CUST004577,Saanvi Singh,,normal,45300.0,12,11,1,2.6,1,1,Delhi,Android,,
CUST004578,Sanya Nair,,dormant_high_ltv,584000.0,53,50,3,1.4,2,1,Mumbai,iOS,,
CUST004579,Neha Kapoor,,normal,23000.0,4,3,1,5.1,1,1,Indore,iOS,,
CUST004580,Aditya Kapoor,,dormant_high_ltv,453100.0,57,55,2,7.0,2,1,Mumbai,Android,,
CUST004581,Simran Mehta,,normal,22800.0,3,3,0,8.4,1,1,Jaipur,Android,,
CUST004582,Ishaan Chawla,,normal,13400.0,4,3,1,3.1,2,1,Jaipur,Android,,
CUST004583,Ananya Sharma,,normal,16400.0,3,2,1,4.4,1,1,Jaipur,iOS,,
CUST004584,Vivaan Kapoor,,normal,34500.0,3,2,1,4.6,0,0,Chennai,Android,,
CUST004585,Rohan Kapoor,,normal,20000.0,4,4,0,0.4,0,0,Bangalore,Android,,
CUST004586,Sanya Patel,,normal,35100.0,4,3,1,1.9,0,0,Delhi,Android,,
CUST004587,Ananya Nair,,normal,23100.0,3,3,0,3.3,0,0,Hyderabad,Desktop,,
CUST004588,Kabir Patel,,normal,31300.0,6,4,2,1.4,0,0,Ahmedabad,Android,,
CUST004589,Saanvi Kapoor,,normal,6800.0,2,2,0,3.1,1,1,Lucknow,Android,,
CUST004590,Kabir Bose,,normal,13100.0,1,1,0,4.1,2,2,Indore,Android,,
CUST004591,Aditya Nair,Malhotra Retail Pvt Ltd,b2b,569200.0,50,47,3,8.6,5,5,Nagpur,iOS,,
CUST004592,Myra Iyer,,normal,19800.0,2,2,0,0.8,1,1,Delhi,Android,,
CUST004593,Meera Singh,,normal,17100.0,3,3,0,2.3,0,0,Pune,Android,,
CUST004594,Aman Rao,Mehta Distributors Pvt Ltd,b2b,576400.0,68,58,10,3.6,3,2,Kolkata,Android,,
CUST004595,Ishaan Patel,Singh Distributors Pvt Ltd,b2b,222500.0,31,28,3,2.6,3,3,Bangalore,Android,,
CUST004596,Rohan Sharma,,normal,24700.0,3,2,1,0.0,1,1,Nagpur,Android,,
CUST004597,Arjun Chawla,,normal,9300.0,2,1,1,3.5,0,0,Delhi,Android,,
CUST004598,Myra Iyer,,group_d_broken_promise,29800.0,8,4,4,22.6,7,1,Lucknow,iOS,,
CUST004599,Kiara Sharma,Iyer Solutions Pvt Ltd,b2b,361900.0,52,47,5,6.8,5,4,Pune,Android,,
CUST004600,Vivaan Malhotra,,normal,9400.0,2,2,0,6.7,0,0,Pune,Android,,
CUST004601,Ishaan Chawla,,normal,24200.0,5,4,1,0.7,1,1,Nagpur,Android,,
CUST004602,Aman Bose,,normal,30600.0,5,4,1,10.0,1,1,Indore,Android,,
CUST004603,Vivaan Gupta,,normal,16300.0,2,2,0,2.3,1,1,Kolkata,Android,,
CUST004604,Ananya Joshi,,normal,36900.0,9,6,3,5.2,2,2,Bangalore,Android,,
CUST004605,Rohan Reddy,,normal,41300.0,6,5,1,3.9,0,0,Nagpur,Android,,
CUST004606,Rohan Sharma,Gupta Retail Pvt Ltd,b2b,390600.0,70,62,8,8.9,5,4,Bangalore,iOS,,
CUST004607,Rahul Iyer,,normal,18800.0,1,1,0,21.1,0,0,Chennai,iOS,,
CUST004608,Aarav Reddy,Sharma Tech Pvt Ltd,b2b,369600.0,45,43,2,9.2,3,3,Ahmedabad,Android,,
CUST004609,Rohan Iyer,,group_d_broken_promise,43400.0,5,2,3,26.4,8,2,Lucknow,Desktop,,
CUST004610,Karan Reddy,,normal,16000.0,2,2,0,4.3,1,1,Bangalore,Desktop,,
CUST004611,Karan Singh,,normal,14300.0,3,3,0,0.3,0,0,Ahmedabad,Android,,
CUST004612,Ananya Mehta,Reddy Traders Pvt Ltd,b2b,449300.0,55,51,4,4.2,2,2,Hyderabad,Android,,
CUST004613,Saanvi Patel,,normal,13000.0,1,1,0,2.0,1,1,Kolkata,iOS,,
CUST004614,Rohan Rao,,normal,26600.0,5,4,1,1.5,2,2,Nagpur,iOS,,
CUST004615,Neha Bose,Nair Apparel Pvt Ltd,b2b,244100.0,30,27,3,5.2,4,3,Nagpur,iOS,,
CUST004616,Aman Bose,Verma Exports Pvt Ltd,b2b,196600.0,26,25,1,8.2,5,4,Mumbai,Desktop,,
CUST004617,Karan Malhotra,,group_d_broken_promise,31000.0,9,5,4,29.4,6,1,Chennai,iOS,,
CUST004618,Diya Iyer,,normal,12200.0,3,2,1,3.7,2,2,Chennai,Android,,
CUST004619,Sanya Singh,,normal,11200.0,3,2,1,17.8,1,1,Mumbai,Android,,
CUST004620,Priya Nair,,normal,12700.0,2,2,0,1.4,2,1,Lucknow,Desktop,,
CUST004621,Simran Iyer,Singh Retail Pvt Ltd,b2b,178200.0,24,23,1,13.9,5,4,Hyderabad,Android,,
CUST004622,Aditya Iyer,,normal,18900.0,5,4,1,2.4,1,1,Nagpur,Android,,
CUST004623,Simran Bose,,normal,19500.0,3,2,1,2.0,1,1,Kolkata,Android,,
CUST004624,Aarav Malhotra,,normal,25900.0,5,4,1,9.5,0,0,Chennai,Android,,
CUST004625,Karan Kapoor,,group_d_broken_promise,27600.0,6,3,3,31.2,4,1,Indore,Desktop,,
CUST004626,Diya Singh,,normal,18000.0,1,1,0,5.0,1,1,Pune,Android,,
CUST004627,Kiara Malhotra,,normal,9000.0,2,2,0,0.6,1,1,Indore,Desktop,,
CUST004628,Diya Iyer,Mehta Tech Pvt Ltd,b2b,505800.0,52,49,3,5.9,4,4,Delhi,Android,,
CUST004629,Kiara Iyer,,group_d_broken_promise,32400.0,6,3,3,33.5,3,1,Kolkata,Android,,
CUST004630,Kiara Joshi,Sharma Traders Pvt Ltd,b2b,221700.0,20,19,1,5.2,4,4,Indore,Android,,
CUST004631,Ananya Verma,Singh Enterprises Pvt Ltd,b2b,368800.0,52,43,9,5.6,5,5,Bangalore,Android,,
CUST004632,Simran Rao,,normal,15700.0,4,3,1,6.7,2,2,Lucknow,iOS,,
CUST004633,Kiara Verma,Joshi Foods Pvt Ltd,b2b,286700.0,39,36,3,7.4,5,4,Ahmedabad,Android,,
CUST004634,Kiara Iyer,Verma Textiles Pvt Ltd,b2b,291100.0,42,37,5,14.0,5,4,Indore,Desktop,,
CUST004635,Diya Kapoor,,normal,19100.0,6,5,1,4.7,1,1,Ahmedabad,Android,,
CUST004636,Sanya Mehta,,dormant_high_ltv,300000.0,37,33,4,3.8,1,1,Delhi,Desktop,,
CUST004637,Aditya Patel,Bose Textiles Pvt Ltd,b2b,330000.0,34,32,2,5.6,5,5,Lucknow,Android,,
CUST004638,Simran Malhotra,,normal,13800.0,1,1,0,2.6,0,0,Lucknow,Android,,
CUST004639,Saanvi Sharma,,group_d_broken_promise,28800.0,4,2,2,22.6,6,2,Ahmedabad,Android,,
CUST004640,Ishaan Patel,Verma Apparel Pvt Ltd,b2b,295500.0,42,38,4,8.0,2,2,Bangalore,Android,,
CUST004641,Aarav Joshi,Iyer Retail Pvt Ltd,b2b,196800.0,30,27,3,8.3,2,2,Mumbai,Android,,
CUST004642,Simran Nair,,dormant_high_ltv,473300.0,65,61,4,1.3,1,1,Ahmedabad,Android,,
CUST004643,Sanya Iyer,,normal,22100.0,4,4,0,5.6,0,0,Lucknow,iOS,,
CUST004644,Sanya Gupta,,dormant_high_ltv,371800.0,42,39,3,0.3,2,2,Bangalore,iOS,,
CUST004645,Kiara Kapoor,Verma Retail Pvt Ltd,b2b,330100.0,41,33,8,11.5,4,3,Ahmedabad,iOS,,
CUST004646,Rahul Singh,,normal,5600.0,2,2,0,1.1,2,2,Bangalore,iOS,,
CUST004647,Aditya Verma,,normal,17900.0,5,4,1,0.6,2,2,Pune,Android,,
CUST004648,Priya Singh,Verma Distributors Pvt Ltd,b2b,266700.0,44,40,4,5.2,4,4,Nagpur,Android,,
CUST004649,Aman Iyer,Iyer Distributors Pvt Ltd,b2b,262200.0,27,25,2,14.8,5,4,Bangalore,Android,,
CUST004650,Saanvi Nair,,normal,33700.0,7,6,1,1.3,2,2,Mumbai,Android,,
CUST004651,Neha Reddy,,normal,30200.0,4,3,1,4.7,1,1,Bangalore,Android,,
CUST004652,Meera Reddy,,normal,20300.0,1,1,0,2.9,2,2,Jaipur,Android,,
CUST004653,Vivaan Patel,,group_d_broken_promise,25900.0,2,1,1,15.3,8,2,Indore,Android,,
CUST004654,Aman Verma,,group_d_broken_promise,39800.0,5,2,3,20.6,8,1,Nagpur,Desktop,,
CUST004655,Aditya Reddy,,normal,19500.0,5,4,1,0.8,1,1,Ahmedabad,iOS,,
CUST004656,Kabir Bose,,normal,23700.0,2,2,0,2.2,1,1,Mumbai,iOS,,
CUST004657,Aman Iyer,,normal,11200.0,4,3,1,4.5,2,1,Chennai,iOS,,
CUST004658,Rahul Patel,,group_d_broken_promise,6400.0,1,0,1,22.6,10,2,Delhi,Android,,
CUST004659,Saanvi Gupta,,normal,28900.0,3,3,0,6.2,2,2,Hyderabad,Android,,
CUST004660,Neha Kapoor,,group_d_broken_promise,22700.0,3,1,2,18.4,4,0,Delhi,Android,,
CUST004661,Aarav Bose,,normal,36400.0,3,3,0,0.8,2,1,Hyderabad,Desktop,,
CUST004662,Priya Reddy,,normal,17900.0,3,2,1,6.8,2,2,Kolkata,Android,,
CUST004663,Aarav Nair,,normal,20300.0,2,1,1,1.2,0,0,Ahmedabad,Android,,
CUST004664,Vivaan Gupta,,group_d_broken_promise,14800.0,2,1,1,30.3,5,1,Kolkata,iOS,,
CUST004665,Myra Kapoor,,normal,26100.0,6,5,1,8.1,1,1,Delhi,iOS,,
CUST004666,Ishaan Rao,,normal,13200.0,5,4,1,2.4,0,0,Lucknow,Android,,
CUST004667,Vivaan Reddy,,normal,37000.0,8,6,2,2.2,2,2,Jaipur,Android,,
CUST004668,Sanya Mehta,Patel Enterprises Pvt Ltd,b2b,649200.0,56,47,9,8.6,4,4,Lucknow,Android,,
CUST004669,Priya Iyer,,normal,44800.0,4,3,1,4.2,0,0,Kolkata,Android,,
CUST004670,Priya Malhotra,Rao Industries Pvt Ltd,b2b,210700.0,25,21,4,4.9,4,3,Hyderabad,iOS,,
CUST004671,Aman Iyer,,group_d_broken_promise,19800.0,6,3,3,29.3,8,1,Nagpur,Android,,
CUST004672,Kabir Bose,Verma Industries Pvt Ltd,b2b,324600.0,47,45,2,5.6,4,3,Delhi,iOS,,
CUST004673,Myra Verma,,dormant_high_ltv,704700.0,74,67,7,2.9,0,0,Kolkata,iOS,,
CUST004674,Rohan Singh,Patel Textiles Pvt Ltd,b2b,380200.0,60,53,7,3.5,1,1,Chennai,Android,,
CUST004675,Ishaan Joshi,,normal,24600.0,7,5,2,4.0,2,2,Delhi,Android,,
CUST004676,Arjun Kapoor,,group_d_broken_promise,18600.0,4,2,2,23.6,7,2,Indore,Android,,
CUST004677,Diya Chawla,,group_d_broken_promise,65400.0,8,3,5,25.4,11,3,Kolkata,Android,,
CUST004678,Meera Joshi,,group_d_broken_promise,44600.0,10,6,4,34.9,9,1,Bangalore,iOS,,
CUST004679,Sanya Nair,,dormant_high_ltv,462600.0,68,61,7,0.2,0,0,Hyderabad,Android,,
CUST004680,Kiara Chawla,,normal,38500.0,8,8,0,13.2,1,1,Jaipur,iOS,,
CUST004681,Rahul Joshi,,normal,10600.0,2,2,0,1.8,1,1,Hyderabad,iOS,,
CUST004682,Meera Chawla,,dormant_high_ltv,342300.0,43,42,1,5.1,1,1,Pune,Android,,
CUST004683,Kabir Joshi,,normal,21700.0,3,3,0,3.3,2,2,Ahmedabad,iOS,,
CUST004684,Saanvi Chawla,,normal,7200.0,1,1,0,2.9,2,2,Lucknow,Android,,
CUST004685,Kiara Kapoor,,normal,15700.0,5,5,0,2.1,2,2,Jaipur,Desktop,,
CUST004686,Meera Bose,Reddy Solutions Pvt Ltd,b2b,649500.0,55,44,11,9.9,1,1,Pune,Desktop,,
CUST004687,Ishaan Reddy,Bose Tech Pvt Ltd,b2b,235600.0,23,20,3,7.6,4,3,Pune,iOS,,
CUST004688,Kabir Chawla,,normal,15900.0,4,3,1,1.5,0,0,Hyderabad,iOS,,
CUST004689,Rohan Singh,,normal,14000.0,4,3,1,3.0,0,0,Nagpur,Android,,
CUST004690,Kiara Patel,,normal,10600.0,5,4,1,0.4,2,2,Mumbai,iOS,,
CUST004691,Ishaan Malhotra,,normal,24500.0,1,1,0,0.9,0,0,Delhi,Desktop,,
CUST004692,Aditya Bose,Joshi Textiles Pvt Ltd,b2b,557700.0,60,56,4,4.5,1,1,Delhi,Android,,
CUST004693,Meera Singh,,normal,12700.0,1,1,0,0.8,0,0,Bangalore,Android,,
CUST004694,Diya Chawla,,normal,24500.0,5,5,0,1.0,2,2,Lucknow,iOS,,
CUST004695,Saanvi Joshi,,normal,18500.0,4,4,0,1.8,0,0,Mumbai,iOS,,
CUST004696,Aditya Sharma,,normal,22400.0,2,2,0,0.9,0,0,Bangalore,iOS,,
CUST004697,Priya Patel,,normal,14600.0,2,2,0,0.4,0,0,Mumbai,Android,,
CUST004698,Priya Joshi,,normal,18400.0,2,2,0,2.0,1,1,Delhi,Desktop,,
CUST004699,Meera Iyer,,normal,48900.0,12,10,2,2.5,2,2,Lucknow,iOS,,
CUST004700,Aarav Patel,,normal,22000.0,2,2,0,2.6,2,2,Kolkata,Android,,
CUST004701,Kabir Joshi,,normal,37000.0,8,7,1,7.0,1,1,Bangalore,iOS,,
CUST004702,Ananya Verma,,normal,36000.0,7,5,2,2.5,2,2,Bangalore,Android,,
CUST004703,Myra Rao,Chawla Solutions Pvt Ltd,b2b,329300.0,36,31,5,6.8,1,1,Nagpur,Android,,
CUST004704,Kabir Reddy,,normal,58200.0,8,6,2,1.0,2,2,Kolkata,iOS,,
CUST004705,Saanvi Mehta,,group_d_broken_promise,27700.0,2,1,1,21.5,4,1,Kolkata,iOS,,
CUST004706,Diya Singh,Reddy Retail Pvt Ltd,b2b,333500.0,55,51,4,16.4,1,1,Hyderabad,iOS,,
CUST004707,Myra Chawla,,group_d_broken_promise,18800.0,3,1,2,26.2,8,3,Pune,iOS,,
CUST004708,Rahul Kapoor,,normal,9700.0,1,1,0,9.8,0,0,Jaipur,Android,,
CUST004709,Vivaan Nair,,group_d_broken_promise,39600.0,5,2,3,37.6,3,0,Ahmedabad,iOS,,
CUST004710,Priya Singh,Sharma Foods Pvt Ltd,b2b,439600.0,60,53,7,3.0,3,3,Pune,Android,,
CUST004711,Sanya Kapoor,,normal,36000.0,8,7,1,5.9,2,2,Bangalore,Desktop,,
CUST004712,Kiara Verma,Verma Textiles Pvt Ltd,b2b,591400.0,58,49,9,4.1,1,1,Hyderabad,Android,,
CUST004713,Aarav Sharma,,normal,18400.0,1,1,0,4.2,0,0,Jaipur,Android,,
CUST004714,Arjun Reddy,,normal,15900.0,9,7,2,7.6,1,1,Delhi,iOS,,
CUST004715,Ishaan Iyer,,normal,11400.0,4,3,1,0.8,0,0,Pune,Android,,
CUST004716,Myra Patel,,group_d_broken_promise,27200.0,4,2,2,32.3,11,3,Pune,iOS,,
CUST004717,Kiara Singh,Bose Exports Pvt Ltd,b2b,294700.0,40,37,3,17.8,1,1,Chennai,Android,,
CUST004718,Simran Kapoor,,normal,9800.0,1,1,0,6.8,1,1,Nagpur,Android,,
CUST004719,Sanya Verma,,normal,24200.0,3,2,1,4.6,0,0,Kolkata,Desktop,,
CUST004720,Aman Kapoor,,group_d_broken_promise,22700.0,2,1,1,28.9,3,1,Chennai,Android,,
CUST004721,Neha Chawla,,normal,9600.0,1,1,0,1.1,1,1,Nagpur,Android,,
CUST004722,Aman Chawla,,normal,24700.0,4,4,0,0.6,0,0,Hyderabad,iOS,,
CUST004723,Kabir Mehta,Kapoor Exports Pvt Ltd,b2b,390300.0,56,54,2,10.6,4,3,Indore,Android,,
CUST004724,Priya Malhotra,,normal,6100.0,2,2,0,0.7,0,0,Bangalore,iOS,,
CUST004725,Aarav Patel,,dormant_high_ltv,483400.0,45,39,6,0.1,1,1,Bangalore,Android,,
CUST004726,Vivaan Nair,Kapoor Distributors Pvt Ltd,b2b,371200.0,48,40,8,8.8,4,3,Pune,iOS,,
CUST004727,Aman Nair,,normal,11900.0,3,2,1,1.5,0,0,Delhi,Android,,
CUST004728,Myra Malhotra,Sharma Solutions Pvt Ltd,b2b,364800.0,41,35,6,7.2,4,3,Pune,Android,,
CUST004729,Arjun Joshi,,normal,17100.0,4,3,1,4.2,1,1,Ahmedabad,Android,,
CUST004730,Aarav Kapoor,,normal,19500.0,3,2,1,0.8,2,2,Indore,Android,,
CUST004731,Kiara Rao,Sharma Traders Pvt Ltd,b2b,467400.0,62,53,9,4.9,2,2,Lucknow,Android,,
CUST004732,Simran Kapoor,,normal,12200.0,1,1,0,8.9,1,1,Pune,iOS,,
CUST004733,Kabir Malhotra,Reddy Logistics Pvt Ltd,b2b,273000.0,39,37,2,8.3,5,5,Lucknow,Desktop,,
CUST004734,Ishaan Kapoor,Bose Tech Pvt Ltd,b2b,308700.0,40,33,7,7.0,1,1,Ahmedabad,Desktop,,
CUST004735,Simran Nair,,normal,10200.0,2,2,0,0.5,1,1,Bangalore,iOS,,
CUST004736,Simran Chawla,,normal,16200.0,4,3,1,3.3,0,0,Hyderabad,Android,,
CUST004737,Kabir Verma,,normal,14100.0,4,3,1,0.9,2,2,Ahmedabad,iOS,,
CUST004738,Rahul Patel,,dormant_high_ltv,425400.0,44,38,6,0.2,0,0,Pune,Android,,
CUST004739,Rohan Nair,,group_d_broken_promise,27300.0,2,1,1,38.0,10,2,Indore,iOS,,
CUST004740,Aditya Rao,,normal,15000.0,2,2,0,1.3,2,1,Ahmedabad,Android,,
CUST004741,Ananya Patel,Chawla Foods Pvt Ltd,b2b,198400.0,24,22,2,7.4,4,3,Ahmedabad,Desktop,,
CUST004742,Ishaan Reddy,Sharma Textiles Pvt Ltd,b2b,426800.0,43,35,8,4.5,5,4,Ahmedabad,iOS,,
CUST004743,Arjun Joshi,,normal,25300.0,6,5,1,3.4,0,0,Kolkata,Android,,
CUST004744,Neha Sharma,Verma Apparel Pvt Ltd,b2b,358800.0,46,37,9,3.0,4,3,Indore,Android,,
CUST004745,Sanya Malhotra,,dormant_high_ltv,566500.0,68,62,6,2.1,2,2,Mumbai,Android,,
CUST004746,Aditya Kapoor,,dormant_high_ltv,350900.0,43,38,5,1.9,0,0,Chennai,iOS,,
CUST004747,Ishaan Nair,,normal,33100.0,3,3,0,1.2,2,2,Lucknow,iOS,,
CUST004748,Vivaan Chawla,,normal,15700.0,1,1,0,3.0,0,0,Pune,Android,,
CUST004749,Aditya Bose,,normal,25300.0,4,3,1,1.7,1,1,Hyderabad,Android,,
CUST004750,Aman Reddy,,group_d_broken_promise,23000.0,3,2,1,31.8,10,2,Pune,iOS,,
CUST004751,Diya Reddy,,group_d_broken_promise,32300.0,7,3,4,25.8,7,2,Nagpur,Android,,
CUST004752,Rohan Bose,,normal,14300.0,1,1,0,2.8,2,2,Bangalore,iOS,,
CUST004753,Priya Kapoor,,normal,13800.0,2,1,1,0.7,1,1,Delhi,iOS,,
CUST004754,Priya Mehta,,normal,16100.0,2,2,0,0.6,1,1,Nagpur,iOS,,
CUST004755,Vivaan Sharma,,normal,30700.0,5,5,0,1.8,2,1,Mumbai,iOS,,
CUST004756,Saanvi Sharma,,normal,8600.0,1,1,0,1.4,1,1,Indore,iOS,,
CUST004757,Ananya Gupta,,normal,8000.0,2,2,0,1.9,0,0,Nagpur,iOS,,
CUST004758,Ananya Patel,,normal,40600.0,4,3,1,3.4,1,1,Bangalore,Desktop,,
CUST004759,Neha Reddy,,dormant_high_ltv,462300.0,46,45,1,3.2,2,2,Chennai,iOS,,
CUST004760,Priya Singh,,normal,12000.0,1,1,0,2.4,0,0,Mumbai,iOS,,
CUST004761,Saanvi Kapoor,,normal,17200.0,4,3,1,0.1,2,2,Ahmedabad,iOS,,
CUST004762,Aarav Iyer,,normal,15000.0,3,3,0,0.2,1,1,Ahmedabad,iOS,,
CUST004763,Kabir Malhotra,,normal,36500.0,6,4,2,1.6,0,0,Chennai,iOS,,
CUST004764,Aman Kapoor,,normal,30500.0,6,5,1,0.7,2,2,Jaipur,Android,,
CUST004765,Vivaan Patel,,normal,10100.0,2,2,0,0.1,2,2,Pune,Desktop,,
CUST004766,Karan Mehta,Nair Industries Pvt Ltd,b2b,585600.0,72,59,13,11.4,2,1,Ahmedabad,iOS,,
CUST004767,Neha Gupta,,normal,19600.0,2,2,0,0.6,0,0,Nagpur,Desktop,,
CUST004768,Myra Nair,,normal,22200.0,4,4,0,3.4,0,0,Chennai,iOS,,
CUST004769,Ishaan Iyer,Nair Logistics Pvt Ltd,b2b,233900.0,27,23,4,5.3,4,3,Hyderabad,iOS,,
CUST004770,Rohan Malhotra,,normal,25000.0,5,4,1,1.6,1,1,Hyderabad,Android,,
CUST004771,Meera Iyer,,normal,6800.0,3,3,0,1.6,2,2,Pune,Desktop,,
CUST004772,Rahul Gupta,,normal,8000.0,1,1,0,6.4,0,0,Lucknow,Android,,
CUST004773,Vivaan Patel,,dormant_high_ltv,271100.0,39,34,5,1.6,1,1,Ahmedabad,iOS,,
CUST004774,Simran Patel,,normal,25900.0,8,6,2,5.0,0,0,Pune,Android,,
CUST004775,Sanya Singh,,dormant_high_ltv,412600.0,54,50,4,5.4,2,2,Chennai,Android,,
CUST004776,Priya Kapoor,,dormant_high_ltv,298200.0,52,46,6,2.6,2,2,Ahmedabad,Android,,
CUST004777,Kabir Gupta,,normal,9500.0,3,3,0,0.9,2,2,Lucknow,iOS,,
CUST004778,Myra Kapoor,,group_d_broken_promise,14200.0,3,1,2,13.9,8,1,Lucknow,Android,,
CUST004779,Rahul Nair,Singh Retail Pvt Ltd,b2b,682000.0,52,44,8,10.8,5,5,Pune,Desktop,,
CUST004780,Rohan Patel,,normal,22000.0,3,2,1,5.1,2,2,Mumbai,iOS,,
CUST004781,Rahul Malhotra,Kapoor Tech Pvt Ltd,b2b,453000.0,53,43,10,8.4,4,4,Bangalore,Android,,
CUST004782,Rohan Mehta,,normal,10400.0,2,2,0,1.9,2,1,Nagpur,Android,,
CUST004783,Ishaan Iyer,,normal,8300.0,2,2,0,2.4,1,1,Lucknow,iOS,,
CUST004784,Rahul Sharma,,normal,11800.0,1,1,0,0.2,0,0,Nagpur,iOS,,
CUST004785,Vivaan Malhotra,,normal,18200.0,2,1,1,6.3,2,2,Delhi,Android,,
CUST004786,Karan Patel,,normal,21500.0,2,2,0,0.9,1,1,Jaipur,Android,,
CUST004787,Vivaan Rao,Malhotra Logistics Pvt Ltd,b2b,151700.0,23,20,3,2.9,5,5,Kolkata,iOS,,
CUST004788,Ishaan Malhotra,,normal,22800.0,4,3,1,10.9,1,1,Lucknow,Android,,
CUST004789,Ishaan Gupta,,group_d_broken_promise,32100.0,6,3,3,18.9,4,1,Nagpur,Android,,
CUST004790,Neha Sharma,,normal,27400.0,6,5,1,4.7,2,2,Pune,iOS,,
CUST004791,Priya Reddy,,normal,12100.0,5,5,0,5.3,0,0,Delhi,iOS,,
CUST004792,Aarav Joshi,,dormant_high_ltv,421700.0,44,42,2,2.0,1,1,Kolkata,iOS,,
CUST004793,Rohan Gupta,Mehta Tech Pvt Ltd,b2b,445700.0,53,43,10,11.1,5,4,Jaipur,Android,,
CUST004794,Aditya Reddy,,normal,26600.0,4,4,0,2.3,1,1,Indore,Desktop,,
CUST004795,Aarav Chawla,Mehta Foods Pvt Ltd,b2b,284300.0,43,35,8,7.7,5,4,Bangalore,Android,,
CUST004796,Rahul Sharma,,group_d_broken_promise,23000.0,1,1,0,45.0,10,3,Nagpur,iOS,,
CUST004797,Ananya Joshi,,group_d_broken_promise,40000.0,7,3,4,26.8,8,1,Hyderabad,iOS,,
CUST004798,Rahul Chawla,,normal,19000.0,2,2,0,1.5,0,0,Bangalore,iOS,,
CUST004799,Karan Gupta,,normal,20500.0,3,3,0,2.7,2,2,Pune,Android,,
CUST004800,Simran Gupta,,normal,51200.0,7,6,1,3.0,0,0,Chennai,Android,,
CUST004801,Kabir Malhotra,,normal,24400.0,5,4,1,4.4,2,1,Nagpur,iOS,,
CUST004802,Kabir Mehta,Joshi Textiles Pvt Ltd,b2b,319500.0,41,39,2,5.0,3,2,Hyderabad,Android,,
CUST004803,Karan Nair,,dormant_high_ltv,446800.0,58,53,5,2.0,1,1,Lucknow,Android,,
CUST004804,Neha Verma,,normal,16500.0,1,1,0,0.0,1,1,Mumbai,Android,,
CUST004805,Myra Singh,,normal,15200.0,2,1,1,6.2,0,0,Jaipur,iOS,,
CUST004806,Simran Bose,,normal,18200.0,1,1,0,1.3,1,1,Kolkata,Android,,
CUST004807,Aditya Reddy,,normal,8800.0,1,1,0,2.9,2,2,Lucknow,Android,,
CUST004808,Rohan Rao,,normal,22000.0,3,3,0,3.3,2,2,Bangalore,Android,,
CUST004809,Myra Sharma,,normal,18100.0,4,4,0,3.7,0,0,Ahmedabad,iOS,,
CUST004810,Aditya Bose,,normal,20400.0,6,5,1,0.1,2,2,Indore,Desktop,,
CUST004811,Diya Patel,,normal,19000.0,6,5,1,2.2,1,1,Jaipur,Android,,
CUST004812,Arjun Sharma,,normal,9200.0,1,1,0,1.8,2,2,Bangalore,iOS,,
CUST004813,Vivaan Joshi,,normal,24800.0,4,3,1,0.2,0,0,Nagpur,iOS,,
CUST004814,Simran Malhotra,,normal,13600.0,4,3,1,0.7,0,0,Kolkata,Desktop,,
CUST004815,Diya Sharma,,normal,29000.0,6,5,1,15.2,1,1,Chennai,Android,,
CUST004816,Sanya Chawla,,dormant_high_ltv,457300.0,59,56,3,2.1,0,0,Jaipur,Desktop,,
CUST004817,Aditya Patel,Patel Tech Pvt Ltd,b2b,301100.0,44,36,8,5.4,3,3,Delhi,iOS,,
CUST004818,Rahul Malhotra,,normal,25900.0,3,2,1,0.4,2,1,Bangalore,Desktop,,
CUST004819,Neha Chawla,,normal,39400.0,7,6,1,2.7,0,0,Indore,Android,,
CUST004820,Aditya Nair,,normal,18200.0,1,1,0,2.5,2,2,Indore,Android,,
CUST004821,Arjun Malhotra,,normal,27400.0,3,3,0,0.8,2,2,Chennai,Android,,
CUST004822,Kiara Verma,Chawla Apparel Pvt Ltd,b2b,544400.0,57,46,11,16.1,3,2,Jaipur,Desktop,,
CUST004823,Myra Sharma,,normal,41700.0,9,7,2,2.4,0,0,Chennai,Android,,
CUST004824,Ishaan Patel,,normal,13000.0,3,2,1,3.0,1,1,Pune,Android,,
CUST004825,Priya Rao,,normal,30800.0,6,4,2,6.5,2,2,Hyderabad,Android,,
CUST004826,Ishaan Reddy,,normal,24200.0,4,3,1,0.8,1,1,Indore,Android,,
CUST004827,Sanya Gupta,,group_d_broken_promise,45100.0,8,3,5,50.8,10,3,Hyderabad,iOS,,
CUST004828,Kabir Sharma,,normal,11000.0,3,2,1,1.5,0,0,Indore,iOS,,
CUST004829,Sanya Nair,,normal,17100.0,4,3,1,1.8,0,0,Delhi,iOS,,
CUST004830,Myra Verma,,normal,55400.0,8,7,1,4.4,2,2,Pune,Android,,
CUST004831,Aarav Patel,,normal,29900.0,4,4,0,2.5,2,1,Indore,Android,,
CUST004832,Neha Chawla,Verma Enterprises Pvt Ltd,b2b,189000.0,28,27,1,17.3,5,4,Kolkata,iOS,,
CUST004833,Sanya Kapoor,,normal,23100.0,5,4,1,4.6,1,1,Delhi,Desktop,,
CUST004834,Priya Mehta,,normal,13200.0,2,2,0,5.1,2,2,Hyderabad,Desktop,,
CUST004835,Myra Mehta,Reddy Foods Pvt Ltd,b2b,335800.0,44,42,2,24.7,5,5,Jaipur,Android,,
CUST004836,Aarav Joshi,,normal,6200.0,1,1,0,5.0,0,0,Lucknow,Android,,
CUST004837,Arjun Kapoor,,dormant_high_ltv,350700.0,32,30,2,1.3,1,1,Ahmedabad,Android,,
CUST004838,Meera Nair,,dormant_high_ltv,415900.0,53,47,6,2.8,1,1,Nagpur,Android,,
CUST004839,Rohan Gupta,,group_d_broken_promise,49900.0,3,2,1,24.3,11,2,Lucknow,Android,,
CUST004840,Sanya Rao,,group_d_broken_promise,74400.0,11,6,5,30.9,7,2,Indore,iOS,,
CUST004841,Aman Gupta,,normal,9500.0,1,1,0,2.2,0,0,Mumbai,Android,,
CUST004842,Aditya Singh,,normal,18600.0,3,3,0,2.3,0,0,Lucknow,iOS,,
CUST004843,Aman Bose,Patel Foods Pvt Ltd,b2b,345800.0,42,38,4,7.5,5,4,Ahmedabad,iOS,,
CUST004844,Vivaan Rao,,normal,18600.0,4,3,1,3.6,1,1,Chennai,iOS,,
CUST004845,Neha Iyer,,normal,34000.0,2,2,0,1.8,1,1,Pune,Desktop,,
CUST004846,Ishaan Kapoor,Singh Apparel Pvt Ltd,b2b,297400.0,45,38,7,5.1,1,1,Jaipur,Android,,
CUST004847,Myra Bose,,group_d_broken_promise,67900.0,13,5,8,27.3,6,1,Ahmedabad,Android,,
CUST004848,Vivaan Sharma,,normal,11700.0,3,2,1,3.8,0,0,Ahmedabad,Desktop,,
CUST004849,Neha Gupta,,group_d_broken_promise,49100.0,5,3,2,18.7,9,3,Nagpur,iOS,,
CUST004850,Aditya Chawla,,normal,11200.0,2,2,0,4.0,0,0,Mumbai,Desktop,,
CUST004851,Aarav Joshi,Rao Tech Pvt Ltd,b2b,252900.0,37,30,7,8.3,4,3,Mumbai,Android,,
CUST004852,Diya Kapoor,,normal,24400.0,5,5,0,5.0,2,2,Ahmedabad,Android,,
CUST004853,Diya Nair,,normal,15400.0,3,3,0,0.5,0,0,Kolkata,Android,,
CUST004854,Aman Sharma,,group_d_broken_promise,39400.0,5,2,3,42.9,11,4,Chennai,Android,,
CUST004855,Aman Patel,,group_d_broken_promise,15000.0,2,1,1,26.7,4,1,Bangalore,Android,,
CUST004856,Rahul Rao,,normal,15300.0,2,2,0,1.6,0,0,Chennai,iOS,,
CUST004857,Aarav Reddy,,normal,32300.0,5,4,1,1.0,1,1,Chennai,Android,,
CUST004858,Vivaan Mehta,,normal,10900.0,1,1,0,1.5,2,1,Lucknow,Android,,
CUST004859,Sanya Reddy,,dormant_high_ltv,544900.0,56,54,2,4.7,1,1,Chennai,iOS,,
CUST004860,Neha Rao,Patel Traders Pvt Ltd,b2b,159900.0,19,17,2,10.0,2,1,Mumbai,Android,,
CUST004861,Simran Verma,,normal,29900.0,5,5,0,4.4,1,1,Pune,Desktop,,
CUST004862,Diya Singh,,normal,22900.0,7,5,2,2.4,0,0,Jaipur,Desktop,,
CUST004863,Aarav Chawla,Verma Tech Pvt Ltd,b2b,337800.0,41,35,6,10.0,1,1,Ahmedabad,Android,,
CUST004864,Kiara Joshi,,normal,14600.0,1,1,0,0.4,2,2,Indore,iOS,,
CUST004865,Aman Malhotra,,normal,18300.0,2,2,0,0.6,2,2,Kolkata,iOS,,
CUST004866,Kabir Sharma,,group_d_broken_promise,8800.0,3,2,1,23.7,10,1,Hyderabad,Desktop,,
CUST004867,Vivaan Nair,Gupta Tech Pvt Ltd,b2b,426400.0,52,42,10,20.7,2,2,Nagpur,Android,,
CUST004868,Diya Joshi,Nair Industries Pvt Ltd,b2b,359000.0,39,32,7,9.9,3,3,Chennai,iOS,,
CUST004869,Simran Iyer,,normal,12300.0,2,2,0,4.4,2,2,Indore,Android,,
CUST004870,Diya Verma,,normal,16800.0,3,2,1,1.8,2,2,Nagpur,iOS,,
CUST004871,Saanvi Joshi,,normal,40500.0,3,3,0,1.5,2,2,Indore,iOS,,
CUST004872,Myra Patel,Iyer Retail Pvt Ltd,b2b,253000.0,33,27,6,12.5,1,1,Delhi,Desktop,,
CUST004873,Kiara Bose,,normal,13000.0,4,3,1,2.6,2,2,Ahmedabad,iOS,,
CUST004874,Kiara Iyer,,normal,7600.0,2,2,0,4.9,1,1,Lucknow,Android,,
CUST004875,Sanya Verma,,normal,18600.0,2,2,0,1.7,2,2,Lucknow,iOS,,
CUST004876,Priya Sharma,,normal,36900.0,7,6,1,0.7,1,1,Ahmedabad,iOS,,
CUST004877,Rahul Nair,Joshi Logistics Pvt Ltd,b2b,347100.0,36,34,2,5.7,1,1,Mumbai,Android,,
CUST004878,Arjun Malhotra,,normal,20700.0,2,2,0,2.4,1,1,Ahmedabad,Android,,
CUST004879,Sanya Nair,,normal,16300.0,4,3,1,0.5,1,1,Pune,Android,,
CUST004880,Ishaan Mehta,,normal,15900.0,3,2,1,3.5,2,2,Delhi,Android,,
CUST004881,Aditya Verma,,group_d_broken_promise,42000.0,5,2,3,54.0,10,3,Jaipur,Android,,
CUST004882,Ananya Chawla,,normal,30300.0,4,3,1,2.9,2,2,Jaipur,Android,,
CUST004883,Kiara Reddy,,normal,22000.0,3,2,1,3.7,2,2,Hyderabad,Android,,
CUST004884,Priya Patel,Malhotra Logistics Pvt Ltd,b2b,588400.0,51,49,2,4.7,2,1,Lucknow,iOS,,
CUST004885,Vivaan Chawla,,normal,10400.0,3,3,0,2.5,1,1,Delhi,Android,,
CUST004886,Saanvi Reddy,,normal,24400.0,7,6,1,2.9,1,1,Kolkata,Android,,
CUST004887,Rahul Verma,,group_d_broken_promise,17400.0,3,1,2,52.8,11,3,Indore,Android,,
CUST004888,Myra Gupta,,normal,19800.0,5,5,0,3.6,0,0,Pune,Android,,
CUST004889,Ishaan Malhotra,,normal,27800.0,1,1,0,1.5,0,0,Mumbai,Android,,
CUST004890,Arjun Nair,,normal,40500.0,6,5,1,1.1,1,1,Lucknow,Android,,
CUST004891,Ishaan Reddy,Joshi Logistics Pvt Ltd,b2b,277000.0,41,37,4,9.8,3,3,Lucknow,iOS,,
CUST004892,Simran Gupta,Verma Foods Pvt Ltd,b2b,377600.0,37,32,5,9.0,2,2,Kolkata,Android,,
CUST004893,Aditya Mehta,,normal,43100.0,5,4,1,5.2,2,2,Pune,Android,,
CUST004894,Aditya Nair,Verma Exports Pvt Ltd,b2b,396700.0,50,43,7,9.9,2,2,Nagpur,Android,,
CUST004895,Aditya Reddy,,normal,18400.0,8,7,1,7.9,1,1,Lucknow,Android,,
CUST004896,Simran Malhotra,,normal,21800.0,4,4,0,2.4,0,0,Lucknow,iOS,,
CUST004897,Aditya Mehta,Mehta Retail Pvt Ltd,b2b,215700.0,25,22,3,12.0,5,4,Delhi,Android,,
CUST004898,Aarav Malhotra,,normal,39600.0,6,4,2,7.1,2,1,Kolkata,Android,,
CUST004899,Meera Rao,,normal,19800.0,1,1,0,1.3,2,1,Bangalore,iOS,,
CUST004900,Kabir Joshi,,normal,30100.0,1,1,0,3.2,1,1,Ahmedabad,iOS,,
CUST004901,Ananya Joshi,,normal,11900.0,1,1,0,6.6,2,2,Nagpur,Android,,
CUST004902,Meera Malhotra,Gupta Retail Pvt Ltd,b2b,314300.0,42,38,4,5.9,5,4,Chennai,Android,,
CUST004903,Aman Mehta,,group_d_broken_promise,91900.0,21,9,12,26.4,3,1,Chennai,iOS,,
CUST004904,Kabir Mehta,,normal,12800.0,1,1,0,4.3,2,2,Pune,Android,,
CUST004905,Ishaan Rao,,normal,45500.0,12,11,1,3.5,2,2,Hyderabad,Android,,
CUST004906,Ishaan Patel,,normal,26600.0,5,5,0,7.4,2,2,Mumbai,Android,,
CUST004907,Ananya Iyer,,normal,17200.0,3,3,0,0.7,0,0,Hyderabad,Android,,
CUST004908,Saanvi Joshi,,group_d_broken_promise,12500.0,2,1,1,19.8,3,0,Indore,Android,,
CUST004909,Aarav Verma,,normal,14200.0,3,2,1,2.0,0,0,Nagpur,Desktop,,
CUST004910,Neha Nair,Chawla Logistics Pvt Ltd,b2b,315600.0,36,30,6,8.9,2,2,Delhi,iOS,,
CUST004911,Myra Iyer,,group_d_broken_promise,38600.0,6,3,3,27.5,7,2,Ahmedabad,iOS,,
CUST004912,Rohan Joshi,,normal,16000.0,4,4,0,5.0,0,0,Delhi,iOS,,
CUST004913,Kiara Nair,,normal,9700.0,2,2,0,0.2,0,0,Chennai,iOS,,
CUST004914,Karan Kapoor,,normal,25500.0,4,3,1,1.8,1,1,Delhi,Android,,
CUST004915,Aarav Bose,Gupta Retail Pvt Ltd,b2b,354000.0,63,57,6,12.1,2,2,Hyderabad,Android,,
CUST004916,Diya Reddy,,normal,24200.0,5,4,1,2.9,0,0,Delhi,iOS,,
CUST004917,Aditya Mehta,,normal,24000.0,2,2,0,2.5,1,1,Kolkata,Android,,
CUST004918,Simran Rao,,normal,35100.0,2,2,0,2.8,1,1,Delhi,Android,,
CUST004919,Vivaan Verma,,normal,19300.0,3,2,1,4.3,1,1,Indore,Desktop,,
CUST004920,Meera Mehta,,normal,23000.0,3,2,1,1.1,2,2,Mumbai,Android,,
CUST004921,Rohan Iyer,,normal,7700.0,2,2,0,3.2,0,0,Jaipur,Android,,
CUST004922,Karan Mehta,,group_d_broken_promise,28700.0,5,2,3,14.5,10,2,Jaipur,iOS,,
CUST004923,Rohan Joshi,Nair Enterprises Pvt Ltd,b2b,537400.0,62,50,12,5.9,5,5,Hyderabad,Desktop,,
CUST004924,Saanvi Chawla,,normal,26800.0,5,4,1,2.0,2,1,Kolkata,iOS,,
CUST004925,Sanya Gupta,,normal,24500.0,5,4,1,2.0,2,2,Nagpur,Android,,
CUST004926,Vivaan Verma,Bose Industries Pvt Ltd,b2b,231200.0,30,25,5,9.3,3,2,Delhi,Android,,
CUST004927,Aman Malhotra,Rao Distributors Pvt Ltd,b2b,550300.0,71,61,10,5.4,2,2,Nagpur,Android,,
CUST004928,Arjun Reddy,,normal,10300.0,2,2,0,5.7,1,1,Indore,Desktop,,
CUST004929,Kiara Nair,,normal,17300.0,2,2,0,2.8,2,2,Nagpur,iOS,,
CUST004930,Arjun Nair,Gupta Foods Pvt Ltd,b2b,438200.0,67,57,10,9.8,2,1,Chennai,iOS,,
CUST004931,Aman Kapoor,,normal,32700.0,3,2,1,0.5,0,0,Hyderabad,Android,,
CUST004932,Ishaan Mehta,,normal,22600.0,4,3,1,5.1,1,1,Hyderabad,iOS,,
CUST004933,Aditya Chawla,,normal,13600.0,2,2,0,0.3,1,1,Kolkata,Android,,
CUST004934,Kiara Iyer,Joshi Retail Pvt Ltd,b2b,689600.0,59,56,3,16.3,3,3,Chennai,iOS,,
CUST004935,Vivaan Iyer,,normal,24600.0,2,2,0,7.2,0,0,Ahmedabad,iOS,,
CUST004936,Aditya Joshi,,group_d_broken_promise,13100.0,4,2,2,23.7,9,2,Chennai,Android,,
CUST004937,Ishaan Mehta,,normal,43200.0,7,6,1,1.0,0,0,Kolkata,iOS,,
CUST004938,Rahul Joshi,,normal,8900.0,1,1,0,3.9,0,0,Chennai,Android,,
CUST004939,Myra Iyer,,normal,26300.0,4,4,0,2.8,1,1,Ahmedabad,iOS,,
CUST004940,Rohan Joshi,,group_d_broken_promise,28700.0,3,1,2,29.2,5,1,Mumbai,Android,,
CUST004941,Kiara Gupta,,normal,22100.0,4,3,1,3.8,2,2,Pune,Android,,
CUST004942,Diya Singh,,dormant_high_ltv,637900.0,50,43,7,2.4,0,0,Lucknow,iOS,,
CUST004943,Neha Joshi,,normal,9800.0,3,2,1,0.1,0,0,Jaipur,Android,,
CUST004944,Diya Patel,,normal,22700.0,4,3,1,1.3,1,1,Hyderabad,Android,,
CUST004945,Priya Nair,,normal,14300.0,3,2,1,0.9,2,1,Jaipur,Android,,
CUST004946,Rahul Patel,,normal,16400.0,4,4,0,2.9,2,2,Hyderabad,Android,,
CUST004947,Simran Mehta,,normal,24600.0,3,2,1,2.0,1,1,Mumbai,Android,,
CUST004948,Kiara Malhotra,,normal,24200.0,3,3,0,6.1,0,0,Bangalore,iOS,,
CUST004949,Sanya Iyer,,normal,23900.0,3,3,0,0.3,1,1,Pune,Desktop,,
CUST004950,Neha Singh,,normal,55300.0,8,7,1,5.9,1,1,Ahmedabad,iOS,,
CUST004951,Ishaan Bose,Sharma Apparel Pvt Ltd,b2b,172900.0,21,20,1,9.7,5,4,Jaipur,Android,,
CUST004952,Vivaan Verma,,normal,17700.0,3,3,0,10.0,2,2,Pune,Android,,
CUST004953,Kiara Verma,Joshi Solutions Pvt Ltd,b2b,147500.0,19,17,2,5.0,3,2,Kolkata,iOS,,
CUST004954,Karan Iyer,,normal,10900.0,2,2,0,2.5,1,1,Delhi,iOS,,
CUST004955,Aarav Iyer,Kapoor Solutions Pvt Ltd,b2b,839800.0,54,44,10,3.2,2,2,Indore,Desktop,,
CUST004956,Aman Verma,Gupta Apparel Pvt Ltd,b2b,212700.0,29,24,5,4.1,5,5,Delhi,Android,,
CUST004957,Kabir Gupta,,normal,26400.0,6,6,0,4.7,1,1,Nagpur,Android,,
CUST004958,Diya Mehta,Gupta Retail Pvt Ltd,b2b,259000.0,28,26,2,3.2,5,4,Hyderabad,Desktop,,
CUST004959,Meera Iyer,,normal,22100.0,3,3,0,0.3,1,1,Indore,Desktop,,
CUST004960,Sanya Reddy,,normal,14600.0,2,2,0,5.2,2,2,Jaipur,Android,,
CUST004961,Priya Singh,,group_d_broken_promise,18400.0,3,2,1,47.2,4,1,Lucknow,iOS,,
CUST004962,Priya Mehta,,group_d_broken_promise,25200.0,6,3,3,44.0,9,3,Lucknow,Android,,
CUST004963,Diya Sharma,,normal,14100.0,1,1,0,5.4,0,0,Kolkata,Android,,
CUST004964,Meera Sharma,Gupta Exports Pvt Ltd,b2b,259800.0,32,29,3,3.9,4,3,Delhi,iOS,,
CUST004965,Aarav Malhotra,Reddy Traders Pvt Ltd,b2b,236100.0,19,16,3,10.2,2,2,Lucknow,Android,,
CUST004966,Rahul Rao,,dormant_high_ltv,419700.0,39,36,3,1.3,2,2,Pune,iOS,,
CUST004967,Arjun Verma,,normal,36300.0,5,5,0,3.8,1,1,Chennai,Android,,
CUST004968,Neha Nair,Joshi Traders Pvt Ltd,b2b,430500.0,47,38,9,5.0,4,4,Chennai,Android,,
CUST004969,Sanya Nair,,dormant_high_ltv,549400.0,54,48,6,2.9,0,0,Jaipur,Android,,
CUST004970,Vivaan Kapoor,,normal,6500.0,5,5,0,3.2,0,0,Pune,Android,,
CUST004971,Priya Rao,,normal,21800.0,7,5,2,1.9,1,1,Jaipur,Desktop,,
CUST004972,Neha Bose,,dormant_high_ltv,321000.0,44,39,5,1.9,0,0,Bangalore,Android,,
CUST004973,Diya Bose,Chawla Tech Pvt Ltd,b2b,323700.0,39,34,5,10.4,1,1,Bangalore,Android,,
CUST004974,Aarav Verma,,normal,13900.0,1,1,0,1.1,0,0,Mumbai,iOS,,
CUST004975,Diya Verma,,normal,23400.0,2,2,0,2.2,0,0,Indore,Android,,
CUST004976,Aman Rao,,normal,12800.0,1,1,0,3.3,2,2,Indore,iOS,,
CUST004977,Saanvi Joshi,,normal,23700.0,5,4,1,2.8,1,1,Nagpur,Android,,
CUST004978,Kiara Bose,Nair Apparel Pvt Ltd,b2b,272500.0,33,28,5,9.6,3,3,Hyderabad,Android,,
CUST004979,Priya Bose,,normal,31700.0,5,4,1,0.8,1,1,Kolkata,Android,,
CUST004980,Saanvi Kapoor,,normal,14800.0,3,2,1,14.7,0,0,Hyderabad,Desktop,,
CUST004981,Kabir Sharma,,normal,16000.0,2,2,0,1.7,2,1,Kolkata,Android,,
CUST004982,Arjun Chawla,Patel Solutions Pvt Ltd,b2b,638700.0,52,43,9,4.7,1,1,Kolkata,Android,,
CUST004983,Rohan Verma,Gupta Solutions Pvt Ltd,b2b,164800.0,17,14,3,8.2,2,2,Hyderabad,Android,,
CUST004984,Priya Malhotra,,group_d_broken_promise,25300.0,3,1,2,19.1,11,3,Lucknow,Android,,
CUST004985,Rahul Joshi,Verma Industries Pvt Ltd,b2b,498300.0,52,45,7,8.8,3,3,Bangalore,iOS,,
CUST004986,Rahul Kapoor,Reddy Enterprises Pvt Ltd,b2b,343000.0,44,41,3,17.9,3,3,Ahmedabad,Android,,
CUST004987,Saanvi Joshi,,normal,23200.0,3,2,1,5.4,2,2,Indore,Android,,
CUST004988,Ananya Malhotra,,group_d_broken_promise,18500.0,3,1,2,20.5,4,1,Hyderabad,Android,,
CUST004989,Arjun Malhotra,,normal,27600.0,4,3,1,5.0,1,1,Nagpur,Android,,
CUST004990,Kabir Iyer,,group_d_broken_promise,22000.0,2,1,1,21.9,8,2,Jaipur,Android,,
CUST004991,Priya Bose,,dormant_high_ltv,364200.0,44,41,3,6.0,0,0,Kolkata,iOS,,
CUST004992,Vivaan Chawla,,normal,49800.0,8,6,2,1.4,2,1,Nagpur,iOS,,
CUST004993,Simran Sharma,,normal,16100.0,4,4,0,2.1,1,1,Hyderabad,Android,,
CUST004994,Aarav Kapoor,,normal,16000.0,1,1,0,1.7,2,2,Nagpur,Android,,
CUST004995,Arjun Mehta,,normal,11200.0,2,2,0,4.5,2,2,Pune,Android,,
CUST004996,Aman Singh,Joshi Apparel Pvt Ltd,b2b,270900.0,40,37,3,5.9,2,2,Kolkata,Android,,
CUST004997,Saanvi Verma,,group_d_broken_promise,17700.0,2,1,1,16.3,4,1,Nagpur,Android,,
CUST004998,Vivaan Nair,,normal,5800.0,1,1,0,2.8,1,1,Hyderabad,iOS,,
CUST004999,Aarav Rao,,normal,31900.0,6,6,0,5.4,2,2,Pune,Android,,
CUST005000,Priya Malhotra,,normal,18100.0,3,2,1,1.6,0,0,Mumbai,iOS,,
CUST005001,Arjun Malhotra,Iyer Industries Pvt Ltd,b2b,282000.0,32,27,5,4.3,1,1,Lucknow,iOS,,
CUST005002,Vivaan Mehta,,normal,11100.0,2,2,0,2.3,1,1,Pune,iOS,,
CUST005003,Aman Reddy,,normal,29400.0,5,4,1,5.0,0,0,Mumbai,Android,,
CUST005004,Kiara Nair,,group_d_broken_promise,11000.0,3,2,1,48.2,9,1,Jaipur,Android,,
CUST005005,Aman Patel,,dormant_high_ltv,432100.0,50,43,7,1.9,2,2,Chennai,iOS,,
CUST005006,Vivaan Chawla,,normal,30600.0,4,4,0,1.8,2,2,Lucknow,Android,,
CUST005007,Kiara Patel,,normal,26400.0,10,8,2,0.5,2,2,Hyderabad,iOS,,
CUST005008,Kiara Nair,,normal,15900.0,2,2,0,1.1,2,2,Delhi,Android,,
CUST005009,Myra Nair,,normal,22300.0,5,5,0,3.2,1,1,Kolkata,iOS,,
CUST005010,Rahul Mehta,,normal,12000.0,3,2,1,0.8,0,0,Kolkata,Desktop,,
CUST005011,Ananya Kapoor,Gupta Retail Pvt Ltd,b2b,312300.0,37,33,4,3.9,2,2,Indore,iOS,,
CUST005012,Diya Bose,,normal,27100.0,3,3,0,2.9,0,0,Indore,iOS,,
CUST005013,Meera Joshi,Kapoor Logistics Pvt Ltd,b2b,261000.0,42,34,8,13.7,3,2,Bangalore,Android,,
CUST005014,Simran Iyer,,normal,14400.0,2,2,0,1.4,0,0,Delhi,iOS,,
CUST005015,Meera Malhotra,,group_d_broken_promise,27500.0,2,1,1,21.5,5,2,Lucknow,Desktop,,
CUST005016,Myra Nair,Rao Solutions Pvt Ltd,b2b,468600.0,66,53,13,5.5,1,1,Kolkata,Android,,
CUST005017,Diya Mehta,,normal,33700.0,5,4,1,2.5,1,1,Jaipur,iOS,,
CUST005018,Aman Nair,,normal,24800.0,4,3,1,0.3,0,0,Pune,iOS,,
CUST005019,Aman Verma,,normal,10000.0,3,2,1,0.6,1,1,Nagpur,Android,,
CUST005020,Saanvi Joshi,,normal,31900.0,5,4,1,0.4,2,2,Indore,iOS,,
CUST005021,Saanvi Verma,,normal,30600.0,6,5,1,1.5,2,2,Pune,Android,,
CUST005022,Arjun Patel,,normal,28600.0,4,4,0,0.9,2,2,Mumbai,iOS,,
CUST005023,Vivaan Rao,,normal,29400.0,3,3,0,7.5,1,1,Pune,Android,,
CUST005024,Rahul Sharma,,normal,19300.0,5,4,1,2.9,1,1,Mumbai,Android,,
CUST005025,Priya Iyer,,normal,22100.0,4,4,0,4.9,1,1,Kolkata,Desktop,,
CUST005026,Sanya Mehta,,normal,17500.0,3,2,1,0.4,0,0,Pune,iOS,,
CUST005027,Diya Malhotra,,normal,7700.0,3,3,0,1.6,0,0,Bangalore,Android,,
CUST005028,Vivaan Sharma,Patel Distributors Pvt Ltd,b2b,303200.0,43,38,5,3.9,3,3,Bangalore,Android,,
CUST005029,Rahul Verma,,normal,24600.0,1,1,0,1.7,0,0,Ahmedabad,Android,,
CUST005030,Kiara Joshi,,dormant_high_ltv,393300.0,46,40,6,5.5,0,0,Jaipur,Android,,
CUST005031,Vivaan Gupta,,dormant_high_ltv,382600.0,50,48,2,3.2,1,1,Lucknow,Android,,
CUST005032,Arjun Iyer,,normal,8800.0,3,2,1,2.4,2,2,Indore,Android,,
CUST005033,Rohan Iyer,,dormant_high_ltv,532000.0,43,38,5,1.7,2,2,Bangalore,iOS,,
CUST005034,Simran Rao,,normal,11200.0,2,1,1,2.1,2,2,Indore,Desktop,,
CUST005035,Aarav Rao,,normal,14000.0,4,4,0,1.2,2,2,Indore,Android,,
CUST005036,Aman Patel,,group_d_broken_promise,48900.0,8,5,3,26.3,11,3,Jaipur,Android,,
CUST005037,Aarav Reddy,,normal,19900.0,5,5,0,3.9,2,2,Indore,Android,,
CUST005038,Sanya Gupta,,group_d_broken_promise,18100.0,3,2,1,17.4,8,1,Ahmedabad,iOS,,
CUST005039,Kabir Sharma,,normal,44700.0,3,2,1,1.2,0,0,Mumbai,iOS,,
CUST005040,Meera Mehta,,normal,14000.0,1,1,0,0.1,1,1,Kolkata,iOS,,
CUST005041,Simran Iyer,Malhotra Apparel Pvt Ltd,b2b,443500.0,64,58,6,6.4,1,1,Nagpur,Android,,
CUST005042,Myra Mehta,,group_d_broken_promise,61200.0,9,4,5,30.8,4,1,Delhi,Android,,
CUST005043,Rahul Chawla,Kapoor Logistics Pvt Ltd,b2b,283600.0,39,35,4,8.2,1,1,Jaipur,Android,,
CUST005044,Rahul Verma,,normal,46600.0,9,8,1,3.9,0,0,Indore,Android,,
CUST005045,Rohan Rao,Gupta Exports Pvt Ltd,b2b,375200.0,57,53,4,8.0,5,4,Delhi,Desktop,,
CUST005046,Rohan Kapoor,,normal,30200.0,4,3,1,3.0,0,0,Lucknow,Android,,
CUST005047,Rahul Sharma,Reddy Retail Pvt Ltd,b2b,375200.0,45,42,3,23.1,2,1,Delhi,iOS,,
CUST005048,Sanya Sharma,,normal,23100.0,1,1,0,1.9,0,0,Hyderabad,Android,,
CUST005049,Kiara Nair,,group_d_broken_promise,67700.0,7,3,4,41.8,5,1,Mumbai,Desktop,,
CUST005050,Kiara Iyer,,normal,13200.0,2,2,0,4.1,0,0,Jaipur,Android,,
CUST005051,Kiara Kapoor,Reddy Enterprises Pvt Ltd,b2b,352700.0,48,42,6,9.0,1,1,Hyderabad,iOS,,
CUST005052,Kiara Nair,,normal,20100.0,4,3,1,2.8,0,0,Nagpur,iOS,,
CUST005053,Rahul Verma,,normal,20900.0,6,4,2,1.4,0,0,Nagpur,Desktop,,
CUST005054,Kabir Chawla,,group_d_broken_promise,21200.0,6,3,3,22.8,7,2,Nagpur,Desktop,,
CUST005055,Rohan Bose,,normal,26900.0,7,7,0,1.9,0,0,Nagpur,Desktop,,
CUST005056,Rohan Joshi,Malhotra Tech Pvt Ltd,b2b,557000.0,60,53,7,4.9,5,4,Ahmedabad,Android,,
CUST005057,Kabir Bose,,normal,13600.0,3,2,1,0.2,2,2,Lucknow,Desktop,,
CUST005058,Diya Malhotra,,normal,30600.0,6,5,1,4.8,1,1,Mumbai,Android,,
CUST005059,Aman Mehta,,normal,18900.0,2,2,0,4.0,0,0,Lucknow,Android,,
CUST005060,Sanya Gupta,,dormant_high_ltv,308900.0,37,32,5,4.6,1,1,Kolkata,iOS,,
CUST005061,Arjun Gupta,,group_d_broken_promise,23500.0,4,2,2,12.0,11,4,Kolkata,Android,,
CUST005062,Saanvi Sharma,,group_d_broken_promise,21400.0,3,1,2,15.1,11,2,Pune,iOS,,
CUST005063,Karan Joshi,Verma Textiles Pvt Ltd,b2b,578700.0,56,47,9,14.9,5,4,Bangalore,iOS,,
CUST005064,Kiara Verma,,group_d_broken_promise,15200.0,4,2,2,50.6,4,1,Lucknow,Desktop,,
CUST005065,Vivaan Joshi,,normal,24600.0,5,4,1,2.1,1,1,Pune,Android,,
CUST005066,Aarav Nair,,normal,18200.0,4,4,0,1.7,1,1,Chennai,Desktop,,
CUST005067,Aman Joshi,,normal,35900.0,7,5,2,6.4,0,0,Indore,Android,,
CUST005068,Arjun Gupta,,normal,11600.0,2,2,0,1.3,0,0,Pune,iOS,,
CUST005069,Arjun Patel,Joshi Foods Pvt Ltd,b2b,459300.0,51,45,6,4.3,4,3,Lucknow,Android,,
CUST005070,Rohan Sharma,,normal,22400.0,5,4,1,1.1,0,0,Delhi,Desktop,,
CUST005071,Sanya Chawla,Sharma Solutions Pvt Ltd,b2b,513900.0,61,58,3,3.6,1,1,Hyderabad,iOS,,
CUST005072,Ishaan Verma,Kapoor Logistics Pvt Ltd,b2b,450000.0,52,44,8,6.3,2,2,Pune,Desktop,,
CUST005073,Kabir Joshi,,normal,9900.0,3,3,0,7.0,2,2,Bangalore,iOS,,
CUST005074,Saanvi Chawla,,normal,25600.0,3,2,1,1.8,0,0,Kolkata,Desktop,,
CUST005075,Vivaan Sharma,,normal,11100.0,1,1,0,1.5,0,0,Nagpur,Android,,
CUST005076,Aman Iyer,Gupta Logistics Pvt Ltd,b2b,295700.0,34,30,4,5.3,1,1,Delhi,Android,,
CUST005077,Kabir Singh,,normal,17000.0,4,3,1,1.9,1,1,Pune,Android,,
CUST005078,Rahul Gupta,,group_d_broken_promise,23600.0,3,1,2,50.8,5,1,Ahmedabad,iOS,,
CUST005079,Meera Mehta,Kapoor Foods Pvt Ltd,b2b,333100.0,35,30,5,3.4,3,2,Mumbai,Android,,
CUST005080,Meera Chawla,,normal,16000.0,3,2,1,0.5,1,1,Chennai,Desktop,,
CUST005081,Arjun Nair,,group_d_broken_promise,22400.0,4,2,2,31.5,8,2,Kolkata,Desktop,,
CUST005082,Kiara Iyer,,normal,52600.0,9,7,2,4.7,0,0,Hyderabad,iOS,,
CUST005083,Ishaan Malhotra,,normal,13400.0,1,1,0,2.5,2,1,Hyderabad,Android,,
CUST005084,Myra Joshi,,dormant_high_ltv,316000.0,45,42,3,3.4,1,1,Hyderabad,Android,,
CUST005085,Rahul Reddy,,normal,30800.0,7,6,1,1.3,1,1,Bangalore,Android,,
CUST005086,Saanvi Kapoor,,normal,5700.0,2,2,0,5.2,0,0,Kolkata,Desktop,,
CUST005087,Aarav Mehta,,normal,20000.0,3,3,0,1.0,2,2,Kolkata,Android,,
CUST005088,Saanvi Nair,,normal,36700.0,4,3,1,4.2,2,1,Chennai,Android,,
CUST005089,Priya Sharma,,normal,7900.0,1,1,0,6.9,1,1,Hyderabad,Desktop,,
CUST005090,Sanya Sharma,Rao Retail Pvt Ltd,b2b,173200.0,36,33,3,4.5,5,4,Pune,iOS,,
CUST005091,Neha Iyer,,normal,30100.0,7,7,0,2.9,2,2,Pune,iOS,,
CUST005092,Kiara Gupta,,normal,18200.0,6,4,2,2.5,1,1,Delhi,Desktop,,
CUST005093,Aarav Gupta,Bose Foods Pvt Ltd,b2b,247000.0,34,29,5,11.4,4,3,Mumbai,iOS,,
CUST005094,Karan Rao,,normal,6400.0,3,2,1,2.4,1,1,Chennai,Android,,
CUST005095,Aditya Reddy,,normal,32300.0,7,6,1,0.5,2,2,Kolkata,iOS,,
CUST005096,Kiara Kapoor,,normal,26200.0,5,4,1,7.5,1,1,Jaipur,Android,,
CUST005097,Diya Malhotra,,normal,12500.0,3,2,1,5.5,1,1,Mumbai,Android,,
CUST005098,Karan Sharma,,normal,27000.0,3,3,0,1.8,0,0,Bangalore,Android,,
CUST005099,Aarav Sharma,,normal,8200.0,1,1,0,2.9,1,1,Delhi,Desktop,,
CUST005100,Priya Reddy,,normal,14500.0,2,2,0,0.4,2,1,Nagpur,iOS,,
CUST005101,Rahul Rao,,normal,19700.0,5,5,0,2.7,0,0,Delhi,iOS,,
CUST005102,Meera Chawla,Gupta Retail Pvt Ltd,b2b,213200.0,31,29,2,2.9,2,2,Nagpur,iOS,,
CUST005103,Arjun Reddy,,dormant_high_ltv,287700.0,36,34,2,5.8,0,0,Chennai,iOS,,
CUST005104,Rohan Singh,,normal,19200.0,1,1,0,6.9,2,1,Kolkata,Android,,
CUST005105,Saanvi Sharma,,normal,24200.0,1,1,0,1.3,1,1,Chennai,Android,,
CUST005106,Karan Rao,,normal,52000.0,9,7,2,8.9,1,1,Ahmedabad,Android,,
CUST005107,Arjun Iyer,,group_d_broken_promise,27300.0,5,2,3,30.0,3,1,Chennai,Desktop,,
CUST005108,Simran Iyer,Nair Logistics Pvt Ltd,b2b,270000.0,32,30,2,8.9,4,3,Jaipur,Android,,
CUST005109,Myra Verma,,normal,11000.0,3,2,1,3.7,0,0,Ahmedabad,iOS,,
CUST005110,Myra Bose,,normal,21600.0,3,3,0,3.1,1,1,Jaipur,Android,,
CUST005111,Neha Nair,,group_d_broken_promise,28000.0,4,2,2,46.2,11,2,Nagpur,Android,,
CUST005112,Meera Rao,,normal,21900.0,5,4,1,0.2,0,0,Hyderabad,iOS,,
CUST005113,Rohan Malhotra,,normal,33800.0,10,8,2,0.4,0,0,Kolkata,Android,,
CUST005114,Vivaan Joshi,,normal,19100.0,1,1,0,1.3,2,2,Pune,Android,,
CUST005115,Saanvi Mehta,,group_d_broken_promise,14600.0,3,1,2,36.4,3,1,Lucknow,Android,,
CUST005116,Aarav Rao,,normal,7300.0,6,5,1,4.3,1,1,Mumbai,iOS,,
CUST005117,Saanvi Rao,,normal,20600.0,1,1,0,0.9,2,2,Bangalore,Android,,
CUST005118,Rahul Joshi,,normal,6900.0,3,3,0,2.4,0,0,Delhi,iOS,,
CUST005119,Myra Mehta,,dormant_high_ltv,435700.0,53,51,2,3.3,1,1,Ahmedabad,Android,,
CUST005120,Diya Patel,,normal,32200.0,5,4,1,5.6,0,0,Hyderabad,iOS,,
CUST005121,Ishaan Patel,,normal,19600.0,3,2,1,5.5,2,2,Jaipur,iOS,,
CUST005122,Ishaan Malhotra,Joshi Exports Pvt Ltd,b2b,386000.0,53,46,7,12.3,5,4,Delhi,Android,,
CUST005123,Ishaan Nair,,normal,23700.0,5,4,1,5.6,1,1,Delhi,Desktop,,
CUST005124,Aman Nair,,normal,11700.0,5,4,1,4.5,2,2,Nagpur,Desktop,,
CUST005125,Saanvi Iyer,,normal,12000.0,2,2,0,3.1,1,1,Indore,Android,,
CUST005126,Karan Nair,,dormant_high_ltv,371600.0,54,47,7,1.1,0,0,Ahmedabad,iOS,,
CUST005127,Saanvi Rao,,normal,26100.0,3,2,1,4.5,1,1,Chennai,Android,,
CUST005128,Kabir Bose,Nair Foods Pvt Ltd,b2b,292000.0,43,39,4,6.0,3,3,Hyderabad,Android,,
CUST005129,Simran Gupta,,normal,17000.0,3,2,1,1.2,0,0,Ahmedabad,Android,,
CUST005130,Meera Iyer,,normal,13500.0,2,2,0,1.0,2,2,Lucknow,Android,,
CUST005131,Kiara Sharma,Iyer Tech Pvt Ltd,b2b,477000.0,60,53,7,8.3,2,2,Ahmedabad,Android,,
CUST005132,Rohan Nair,,group_d_broken_promise,34800.0,2,1,1,23.5,9,3,Kolkata,Android,,
CUST005133,Saanvi Verma,Nair Retail Pvt Ltd,b2b,250200.0,28,26,2,12.1,3,2,Bangalore,Android,,
CUST005134,Ishaan Singh,,normal,36700.0,8,7,1,6.5,2,2,Mumbai,iOS,,
CUST005135,Aarav Bose,,normal,20800.0,2,2,0,2.7,2,2,Hyderabad,iOS,,
CUST005136,Meera Verma,,normal,14400.0,5,4,1,0.2,1,1,Hyderabad,Android,,
CUST005137,Rahul Reddy,,dormant_high_ltv,516600.0,61,59,2,10.4,1,1,Nagpur,Android,,
CUST005138,Diya Iyer,,dormant_high_ltv,425500.0,56,51,5,4.2,2,1,Bangalore,iOS,,
CUST005139,Aarav Chawla,Chawla Solutions Pvt Ltd,b2b,435900.0,58,52,6,5.6,1,1,Hyderabad,Android,,
CUST005140,Kiara Reddy,,normal,21500.0,4,4,0,4.1,2,2,Pune,Desktop,,
CUST005141,Rohan Chawla,,normal,15700.0,1,1,0,0.7,1,1,Hyderabad,iOS,,
CUST005142,Arjun Gupta,,normal,24900.0,5,5,0,2.9,0,0,Chennai,Android,,
CUST005143,Aarav Rao,Mehta Retail Pvt Ltd,b2b,242800.0,26,21,5,9.8,1,1,Kolkata,Android,,
CUST005144,Vivaan Bose,,normal,11300.0,5,5,0,1.9,2,2,Nagpur,Android,,
CUST005145,Aarav Bose,Bose Foods Pvt Ltd,b2b,541700.0,63,61,2,4.0,2,1,Hyderabad,Android,,
CUST005146,Aarav Singh,,normal,32500.0,8,7,1,15.4,0,0,Kolkata,Android,,
CUST005147,Aditya Gupta,,normal,15700.0,4,3,1,6.1,1,1,Pune,Android,,
CUST005148,Arjun Gupta,,normal,9700.0,1,1,0,7.5,1,1,Indore,iOS,,
CUST005149,Aditya Verma,,normal,10300.0,2,1,1,3.8,1,1,Jaipur,iOS,,
CUST005150,Myra Rao,Mehta Textiles Pvt Ltd,b2b,250000.0,31,26,5,5.1,4,3,Jaipur,Android,,
CUST005151,Rahul Rao,,normal,17600.0,3,2,1,2.9,2,2,Ahmedabad,iOS,,
CUST005152,Diya Chawla,,group_d_broken_promise,23500.0,2,1,1,27.0,10,2,Mumbai,Android,,
CUST005153,Aman Reddy,,normal,13500.0,3,3,0,1.7,0,0,Nagpur,Android,,
CUST005154,Ananya Reddy,Gupta Solutions Pvt Ltd,b2b,412400.0,60,58,2,2.7,2,2,Hyderabad,Android,,
CUST005155,Arjun Rao,,dormant_high_ltv,348700.0,42,40,2,3.1,2,2,Lucknow,Android,,
CUST005156,Priya Singh,,dormant_high_ltv,335700.0,40,38,2,3.5,1,1,Bangalore,iOS,,
CUST005157,Priya Joshi,Kapoor Foods Pvt Ltd,b2b,272700.0,38,31,7,2.8,5,5,Chennai,Desktop,,
CUST005158,Ananya Verma,,normal,8800.0,2,2,0,0.8,0,0,Pune,iOS,,
CUST005159,Aman Verma,,normal,9100.0,1,1,0,2.8,0,0,Mumbai,Android,,
CUST005160,Ishaan Verma,Kapoor Exports Pvt Ltd,b2b,612700.0,61,51,10,11.9,3,3,Kolkata,iOS,,
CUST005161,Vivaan Rao,,normal,19700.0,7,5,2,0.8,1,1,Nagpur,iOS,,
CUST005162,Karan Gupta,,normal,22100.0,3,3,0,0.9,2,2,Kolkata,Desktop,,
CUST005163,Kiara Rao,,group_d_broken_promise,15900.0,2,1,1,47.3,10,2,Jaipur,Android,,
CUST005164,Aditya Patel,,normal,20400.0,6,5,1,1.0,0,0,Kolkata,Android,,
CUST005165,Kiara Iyer,,normal,36200.0,9,8,1,4.3,2,2,Indore,Android,,
CUST005166,Sanya Reddy,,normal,23700.0,3,3,0,4.6,2,2,Mumbai,Desktop,,
CUST005167,Diya Kapoor,,normal,14300.0,5,4,1,3.3,2,2,Lucknow,Android,,
CUST005168,Saanvi Kapoor,,normal,69600.0,7,5,2,1.8,1,1,Pune,Android,,
CUST005169,Vivaan Reddy,,group_d_broken_promise,23200.0,5,3,2,36.4,7,2,Hyderabad,Android,,
CUST005170,Vivaan Nair,Verma Apparel Pvt Ltd,b2b,602600.0,55,47,8,5.9,3,3,Kolkata,Android,,
CUST005171,Simran Sharma,,normal,12200.0,2,2,0,6.0,0,0,Ahmedabad,iOS,,
CUST005172,Simran Iyer,,normal,8300.0,2,2,0,1.4,2,2,Delhi,iOS,,
CUST005173,Kiara Chawla,,normal,26800.0,5,4,1,0.9,0,0,Nagpur,Android,,
CUST005174,Myra Joshi,,dormant_high_ltv,227900.0,30,29,1,1.0,2,2,Delhi,Android,,
CUST005175,Myra Bose,,group_d_broken_promise,28500.0,12,4,8,27.8,9,3,Ahmedabad,Desktop,,
CUST005176,Myra Kapoor,,dormant_high_ltv,387100.0,43,38,5,1.6,0,0,Pune,Android,,
CUST005177,Vivaan Rao,,group_d_broken_promise,53500.0,11,5,6,23.4,6,1,Chennai,Desktop,,
CUST005178,Aman Singh,,dormant_high_ltv,299200.0,31,29,2,4.4,2,2,Jaipur,Android,,
CUST005179,Meera Patel,,normal,44900.0,3,2,1,4.6,0,0,Indore,Android,,
CUST005180,Myra Kapoor,,normal,29600.0,5,4,1,1.0,0,0,Hyderabad,Android,,
CUST005181,Kiara Verma,,normal,17100.0,1,1,0,4.3,0,0,Kolkata,Desktop,,
CUST005182,Kabir Singh,,normal,12900.0,4,3,1,4.9,0,0,Chennai,Desktop,,
CUST005183,Vivaan Malhotra,,dormant_high_ltv,535800.0,52,50,2,5.0,0,0,Mumbai,Desktop,,
CUST005184,Vivaan Patel,,normal,25800.0,5,4,1,5.9,0,0,Mumbai,Android,,
CUST005185,Sanya Malhotra,,dormant_high_ltv,367000.0,57,48,9,5.2,2,2,Ahmedabad,iOS,,
CUST005186,Meera Sharma,,normal,17600.0,1,1,0,0.8,2,2,Delhi,Android,,
CUST005187,Priya Mehta,,dormant_high_ltv,276900.0,37,34,3,3.7,2,1,Mumbai,Android,,
CUST005188,Ishaan Bose,,normal,16600.0,3,3,0,1.2,2,1,Hyderabad,iOS,,
CUST005189,Neha Joshi,,normal,37700.0,5,4,1,0.8,0,0,Hyderabad,iOS,,
CUST005190,Ishaan Patel,,normal,7400.0,2,1,1,6.7,1,1,Bangalore,Android,,
CUST005191,Karan Verma,,normal,23100.0,6,5,1,9.0,1,1,Nagpur,Android,,
CUST005192,Kiara Rao,,normal,13400.0,1,1,0,2.6,2,2,Jaipur,Desktop,,
CUST005193,Kiara Chawla,,group_d_broken_promise,49200.0,7,3,4,16.2,7,2,Kolkata,iOS,,
CUST005194,Diya Verma,,normal,19300.0,8,6,2,2.0,2,2,Mumbai,iOS,,
CUST005195,Rahul Gupta,,normal,12000.0,2,2,0,0.3,1,1,Hyderabad,iOS,,
CUST005196,Aditya Patel,,normal,17600.0,5,4,1,3.4,0,0,Kolkata,Android,,
CUST005197,Simran Joshi,,normal,57200.0,4,3,1,3.0,0,0,Ahmedabad,Android,,
CUST005198,Rohan Nair,Joshi Logistics Pvt Ltd,b2b,407300.0,54,49,5,9.0,5,4,Hyderabad,Android,,
CUST005199,Kiara Rao,,normal,28200.0,1,1,0,0.8,0,0,Jaipur,Android,,
CUST005200,Aman Singh,,normal,25800.0,5,5,0,0.9,2,2,Kolkata,iOS,,
CUST005201,Neha Iyer,Malhotra Exports Pvt Ltd,b2b,404300.0,58,51,7,4.2,2,2,Pune,iOS,,
CUST005202,Diya Sharma,,group_d_broken_promise,20300.0,4,2,2,36.3,4,1,Kolkata,iOS,,
CUST005203,Rohan Verma,,group_d_broken_promise,24200.0,6,2,4,28.0,11,2,Lucknow,Android,,
CUST005204,Aditya Iyer,,normal,19500.0,3,3,0,2.7,1,1,Indore,iOS,,
CUST005205,Neha Reddy,,group_d_broken_promise,17400.0,3,1,2,21.1,11,4,Kolkata,iOS,,
CUST005206,Rohan Iyer,,dormant_high_ltv,567600.0,70,68,2,0.3,0,0,Kolkata,iOS,,
CUST005207,Sanya Rao,,dormant_high_ltv,388600.0,57,54,3,0.3,2,2,Jaipur,Android,,
CUST005208,Aman Rao,,normal,18700.0,3,3,0,1.9,2,2,Jaipur,Android,,
CUST005209,Neha Malhotra,,dormant_high_ltv,472400.0,57,54,3,4.1,1,1,Kolkata,iOS,,
CUST005210,Ishaan Bose,,dormant_high_ltv,349900.0,48,45,3,6.7,2,1,Jaipur,Desktop,,
CUST005211,Ishaan Gupta,,normal,20200.0,2,2,0,5.8,2,2,Jaipur,iOS,,
CUST005212,Aman Verma,Patel Logistics Pvt Ltd,b2b,463800.0,60,51,9,9.9,5,4,Bangalore,Desktop,,
CUST005213,Kiara Iyer,,normal,24500.0,4,3,1,2.8,1,1,Jaipur,Android,,
CUST005214,Neha Nair,,normal,28400.0,5,4,1,0.3,1,1,Kolkata,iOS,,
CUST005215,Myra Chawla,,normal,47700.0,10,8,2,6.6,0,0,Mumbai,Desktop,,
CUST005216,Ananya Nair,,normal,17100.0,7,7,0,1.5,1,1,Pune,Android,,
CUST005217,Aarav Bose,,normal,37200.0,6,4,2,5.0,0,0,Indore,iOS,,
CUST005218,Aditya Gupta,,dormant_high_ltv,573600.0,70,60,10,7.1,0,0,Mumbai,Android,,
CUST005219,Aman Joshi,Reddy Foods Pvt Ltd,b2b,433200.0,47,40,7,6.2,2,1,Ahmedabad,Android,,
CUST005220,Saanvi Malhotra,,group_d_broken_promise,30800.0,7,3,4,33.0,5,2,Bangalore,Android,,
CUST005221,Simran Singh,,group_d_broken_promise,20900.0,4,2,2,23.8,4,1,Nagpur,Android,,
CUST005222,Arjun Rao,,normal,48000.0,6,4,2,1.0,0,0,Bangalore,Android,,
CUST005223,Arjun Patel,,group_d_broken_promise,23800.0,2,1,1,25.2,10,3,Mumbai,Desktop,,
CUST005224,Kiara Joshi,,group_d_broken_promise,42700.0,5,2,3,21.4,3,1,Chennai,Android,,
CUST005225,Aman Gupta,,normal,29500.0,2,2,0,2.0,2,2,Kolkata,Android,,
CUST005226,Ananya Rao,,normal,18500.0,2,2,0,10.2,0,0,Nagpur,Android,,
CUST005227,Aman Iyer,,group_d_broken_promise,14600.0,2,1,1,17.6,7,2,Kolkata,iOS,,
CUST005228,Myra Gupta,,dormant_high_ltv,324900.0,40,35,5,0.4,2,2,Pune,Android,,
CUST005229,Vivaan Iyer,,group_d_broken_promise,49300.0,9,5,4,36.0,7,2,Bangalore,iOS,,
CUST005230,Neha Bose,Chawla Distributors Pvt Ltd,b2b,487100.0,53,49,4,11.7,1,1,Nagpur,Desktop,,
CUST005231,Aman Bose,,normal,29600.0,7,5,2,1.7,0,0,Indore,Android,,
CUST005232,Kiara Sharma,,normal,8600.0,3,3,0,0.2,1,1,Chennai,iOS,,
CUST005233,Aditya Mehta,,normal,43700.0,8,7,1,0.3,2,2,Delhi,Android,,
CUST005234,Simran Iyer,,normal,31000.0,3,2,1,2.9,2,2,Mumbai,Android,,
CUST005235,Neha Patel,,normal,18100.0,4,3,1,1.2,0,0,Kolkata,Desktop,,
CUST005236,Saanvi Verma,,normal,17400.0,3,3,0,0.2,1,1,Jaipur,iOS,,
CUST005237,Meera Mehta,,group_d_broken_promise,32200.0,4,2,2,40.3,7,1,Pune,iOS,,
CUST005238,Rahul Joshi,,group_d_broken_promise,48100.0,7,3,4,31.9,5,1,Nagpur,Desktop,,
CUST005239,Aman Bose,,normal,9600.0,1,1,0,0.9,0,0,Mumbai,Android,,
CUST005240,Ananya Singh,,normal,33400.0,6,5,1,3.5,1,1,Kolkata,Android,,
CUST005241,Myra Reddy,,group_d_broken_promise,37500.0,4,2,2,48.5,10,3,Lucknow,Android,,
CUST005242,Sanya Malhotra,Patel Enterprises Pvt Ltd,b2b,248100.0,37,30,7,10.5,4,4,Kolkata,Android,,
CUST005243,Arjun Verma,Bose Solutions Pvt Ltd,b2b,352700.0,47,38,9,6.7,1,1,Delhi,Android,,
CUST005244,Ananya Malhotra,Sharma Enterprises Pvt Ltd,b2b,279600.0,32,28,4,5.8,4,3,Pune,Desktop,,
CUST005245,Kiara Mehta,,normal,17600.0,3,3,0,0.9,1,1,Kolkata,iOS,,
CUST005246,Priya Joshi,,normal,45700.0,4,3,1,0.6,2,2,Lucknow,Android,,
CUST005247,Diya Bose,,normal,8600.0,1,1,0,3.5,2,2,Jaipur,Android,,
CUST005248,Aman Joshi,Singh Apparel Pvt Ltd,b2b,598900.0,70,57,13,6.1,1,1,Pune,Android,,
CUST005249,Diya Malhotra,,group_d_broken_promise,40800.0,6,3,3,41.8,4,1,Ahmedabad,Android,,
CUST005250,Kabir Kapoor,,normal,12200.0,3,3,0,2.8,1,1,Hyderabad,iOS,,
CUST005251,Kiara Sharma,,normal,11500.0,5,5,0,1.8,1,1,Kolkata,iOS,,
CUST005252,Vivaan Verma,,dormant_high_ltv,371600.0,62,59,3,1.7,2,2,Lucknow,Android,,
CUST005253,Karan Chawla,Patel Logistics Pvt Ltd,b2b,224200.0,33,32,1,8.6,2,2,Bangalore,iOS,,
CUST005254,Karan Kapoor,,normal,5500.0,3,2,1,5.2,1,1,Indore,iOS,,
CUST005255,Ananya Joshi,,normal,26800.0,6,5,1,3.2,1,1,Bangalore,Android,,
CUST005256,Rohan Kapoor,,normal,10600.0,2,2,0,2.5,0,0,Lucknow,Desktop,,
CUST005257,Saanvi Sharma,,normal,12200.0,1,1,0,1.2,2,1,Lucknow,Android,,
CUST005258,Arjun Mehta,,normal,10900.0,4,3,1,3.2,2,2,Bangalore,iOS,,
CUST005259,Ananya Reddy,,normal,15800.0,3,3,0,2.3,1,1,Mumbai,Android,,
CUST005260,Ananya Kapoor,,group_d_broken_promise,26700.0,4,2,2,17.7,9,2,Nagpur,Desktop,,
CUST005261,Myra Patel,,normal,41000.0,8,6,2,2.6,1,1,Nagpur,Android,,
CUST005262,Neha Reddy,,normal,24500.0,4,3,1,1.3,0,0,Jaipur,Android,,
CUST005263,Myra Patel,,group_d_broken_promise,15700.0,4,2,2,13.9,7,2,Delhi,Desktop,,
CUST005264,Saanvi Iyer,,normal,21300.0,4,3,1,1.2,2,2,Mumbai,Android,,
CUST005265,Aditya Kapoor,,normal,19300.0,3,2,1,1.5,0,0,Jaipur,Android,,
CUST005266,Rohan Chawla,,dormant_high_ltv,258600.0,38,34,4,0.6,0,0,Pune,Android,,
CUST005267,Arjun Rao,Malhotra Solutions Pvt Ltd,b2b,640500.0,58,50,8,8.0,3,3,Indore,Android,,
CUST005268,Ishaan Singh,,normal,14600.0,2,2,0,0.7,2,1,Kolkata,Desktop,,
CUST005269,Neha Mehta,,normal,14700.0,2,1,1,4.4,1,1,Indore,Android,,
CUST005270,Aditya Singh,,normal,20800.0,4,3,1,3.1,2,2,Jaipur,iOS,,
CUST005271,Ishaan Kapoor,,normal,38600.0,5,4,1,7.5,1,1,Nagpur,Android,,
CUST005272,Aarav Joshi,,normal,14100.0,4,3,1,5.2,0,0,Nagpur,Android,,
CUST005273,Ananya Iyer,,normal,31500.0,4,3,1,0.4,2,2,Kolkata,Desktop,,
CUST005274,Ananya Kapoor,,normal,11100.0,3,3,0,1.7,1,1,Nagpur,Android,,
CUST005275,Priya Patel,,normal,26700.0,5,4,1,4.7,1,1,Kolkata,iOS,,
CUST005276,Karan Sharma,,normal,37800.0,7,5,2,1.0,1,1,Delhi,Desktop,,
CUST005277,Priya Joshi,,normal,18500.0,2,2,0,1.6,0,0,Lucknow,Android,,
CUST005278,Diya Rao,,normal,14600.0,3,3,0,2.3,1,1,Jaipur,iOS,,
CUST005279,Saanvi Joshi,,group_d_broken_promise,19600.0,3,2,1,43.2,10,1,Ahmedabad,iOS,,
CUST005280,Ananya Kapoor,,normal,26700.0,5,5,0,1.0,1,1,Bangalore,iOS,,
CUST005281,Meera Rao,,normal,43300.0,8,6,2,4.0,0,0,Mumbai,Desktop,,
CUST005282,Kabir Kapoor,Rao Industries Pvt Ltd,b2b,355000.0,58,48,10,8.2,5,4,Jaipur,Desktop,,
CUST005283,Karan Patel,,normal,30800.0,7,6,1,1.5,1,1,Mumbai,iOS,,
CUST005284,Sanya Singh,,normal,46400.0,6,5,1,3.0,0,0,Kolkata,Android,,
CUST005285,Aarav Mehta,,group_d_broken_promise,17900.0,2,1,1,35.9,3,1,Nagpur,Android,,
CUST005286,Priya Verma,,group_d_broken_promise,10000.0,1,0,1,14.9,4,1,Chennai,iOS,,
CUST005287,Saanvi Bose,,normal,19500.0,4,3,1,0.6,1,1,Lucknow,Android,,
CUST005288,Karan Gupta,,normal,18800.0,5,4,1,2.0,1,1,Mumbai,iOS,,
CUST005289,Vivaan Chawla,Mehta Traders Pvt Ltd,b2b,490000.0,53,51,2,6.7,5,4,Delhi,Android,,
CUST005290,Simran Joshi,,normal,9000.0,1,1,0,1.7,0,0,Pune,Desktop,,
CUST005291,Rohan Singh,Bose Apparel Pvt Ltd,b2b,291100.0,26,23,3,17.0,5,5,Lucknow,iOS,,
CUST005292,Sanya Malhotra,,normal,14300.0,2,1,1,3.3,2,2,Bangalore,Android,,
CUST005293,Ishaan Malhotra,,normal,18100.0,2,2,0,1.3,2,2,Bangalore,Android,,
CUST005294,Sanya Sharma,,normal,19100.0,3,3,0,3.0,2,2,Pune,Desktop,,
CUST005295,Aditya Chawla,,normal,26400.0,7,6,1,2.2,0,0,Nagpur,Android,,
CUST005296,Rohan Chawla,,normal,15100.0,2,2,0,8.6,1,1,Indore,iOS,,
CUST005297,Neha Iyer,,normal,15500.0,3,2,1,6.7,1,1,Hyderabad,iOS,,
CUST005298,Vivaan Malhotra,Gupta Textiles Pvt Ltd,b2b,218100.0,28,26,2,3.7,4,4,Chennai,Desktop,,
CUST005299,Sanya Kapoor,Rao Retail Pvt Ltd,b2b,589500.0,50,46,4,8.1,5,4,Indore,Android,,
CUST005300,Priya Bose,,group_d_broken_promise,42700.0,9,3,6,56.7,11,3,Ahmedabad,Android,,
CUST005301,Vivaan Reddy,,normal,50600.0,6,5,1,0.5,2,2,Mumbai,Desktop,,
CUST005302,Neha Iyer,,normal,5600.0,1,1,0,2.3,2,2,Chennai,Android,,
CUST005303,Vivaan Malhotra,,normal,6300.0,1,1,0,7.5,1,1,Jaipur,iOS,,
CUST005304,Aman Singh,Chawla Apparel Pvt Ltd,b2b,420600.0,38,33,5,4.1,1,1,Lucknow,iOS,,
CUST005305,Karan Kapoor,,dormant_high_ltv,569300.0,69,60,9,2.6,2,2,Delhi,iOS,,
CUST005306,Aarav Patel,,normal,12000.0,4,3,1,5.4,2,2,Pune,Android,,
CUST005307,Aditya Malhotra,,normal,6100.0,2,1,1,0.4,1,1,Delhi,Desktop,,
CUST005308,Karan Bose,Sharma Tech Pvt Ltd,b2b,230800.0,31,28,3,2.1,4,3,Indore,Android,,
CUST005309,Ananya Nair,,group_d_broken_promise,25200.0,6,3,3,27.5,4,1,Bangalore,iOS,,
CUST005310,Saanvi Kapoor,Sharma Solutions Pvt Ltd,b2b,338300.0,47,39,8,12.6,1,1,Hyderabad,Android,,
CUST005311,Neha Sharma,,normal,6800.0,2,1,1,1.6,0,0,Kolkata,Android,,
CUST005312,Rohan Reddy,Rao Exports Pvt Ltd,b2b,329300.0,42,38,4,5.3,1,1,Ahmedabad,Android,,
CUST005313,Ishaan Patel,Reddy Tech Pvt Ltd,b2b,415200.0,63,54,9,10.3,1,1,Hyderabad,iOS,,
CUST005314,Priya Verma,,normal,16000.0,1,1,0,1.5,2,2,Hyderabad,Android,,
CUST005315,Neha Chawla,Kapoor Logistics Pvt Ltd,b2b,247700.0,30,26,4,11.3,2,1,Mumbai,Desktop,,
CUST005316,Kabir Chawla,,normal,22700.0,4,3,1,2.1,0,0,Hyderabad,iOS,,
CUST005317,Rahul Chawla,,dormant_high_ltv,339200.0,45,40,5,3.5,0,0,Bangalore,iOS,,
CUST005318,Ananya Chawla,,normal,15700.0,2,2,0,0.9,0,0,Hyderabad,iOS,,
CUST005319,Diya Kapoor,,normal,23400.0,1,1,0,1.0,1,1,Pune,Android,,
CUST005320,Saanvi Bose,Nair Solutions Pvt Ltd,b2b,229100.0,33,29,4,3.1,5,4,Kolkata,Android,,
CUST005321,Ishaan Joshi,,group_d_broken_promise,17200.0,3,1,2,25.6,3,1,Ahmedabad,Android,,
CUST005322,Kabir Verma,,normal,28500.0,5,5,0,3.6,1,1,Nagpur,iOS,,
CUST005323,Diya Gupta,,normal,21400.0,1,1,0,0.2,1,1,Pune,Android,,
CUST005324,Aarav Reddy,,dormant_high_ltv,438500.0,63,55,8,0.7,1,1,Indore,Android,,
CUST005325,Kabir Chawla,,group_d_broken_promise,66400.0,7,4,3,48.1,5,1,Hyderabad,Android,,
CUST005326,Meera Gupta,,group_d_broken_promise,81200.0,15,8,7,25.2,3,0,Lucknow,Android,,
CUST005327,Kabir Iyer,,normal,23400.0,5,4,1,3.4,0,0,Kolkata,Android,,
CUST005328,Aarav Rao,,normal,16700.0,2,1,1,1.4,0,0,Mumbai,Android,,
CUST005329,Neha Mehta,,normal,15100.0,1,1,0,1.7,0,0,Indore,Android,,
CUST005330,Rahul Chawla,Rao Tech Pvt Ltd,b2b,369800.0,33,26,7,10.5,1,1,Delhi,Desktop,,
CUST005331,Sanya Iyer,,normal,5900.0,2,2,0,1.5,0,0,Chennai,Android,,
CUST005332,Arjun Nair,,normal,29300.0,3,2,1,3.6,2,2,Hyderabad,Android,,
CUST005333,Aditya Singh,Patel Traders Pvt Ltd,b2b,252600.0,21,20,1,7.3,2,2,Lucknow,Android,,
CUST005334,Kabir Joshi,,group_d_broken_promise,13800.0,3,2,1,41.6,4,1,Ahmedabad,Desktop,,
CUST005335,Sanya Verma,,normal,20900.0,2,1,1,8.2,2,1,Chennai,Android,,
CUST005336,Simran Bose,,normal,22500.0,5,5,0,4.5,2,2,Indore,iOS,,
CUST005337,Vivaan Gupta,,normal,8800.0,3,3,0,5.6,1,1,Nagpur,iOS,,
CUST005338,Vivaan Chawla,,normal,12300.0,4,3,1,8.5,1,1,Indore,Android,,
CUST005339,Arjun Verma,,normal,16300.0,1,1,0,3.3,1,1,Lucknow,iOS,,
CUST005340,Karan Kapoor,Kapoor Exports Pvt Ltd,b2b,596800.0,58,53,5,9.2,5,4,Lucknow,iOS,,
CUST005341,Ananya Rao,Verma Industries Pvt Ltd,b2b,472200.0,52,47,5,7.4,2,2,Lucknow,Android,,
CUST005342,Meera Verma,,dormant_high_ltv,455500.0,56,50,6,3.0,0,0,Nagpur,Desktop,,
CUST005343,Myra Singh,,normal,10500.0,2,2,0,2.5,1,1,Jaipur,iOS,,
CUST005344,Myra Chawla,,normal,21200.0,1,1,0,2.4,2,1,Hyderabad,iOS,,
CUST005345,Arjun Mehta,Sharma Enterprises Pvt Ltd,b2b,467000.0,60,56,4,8.0,3,2,Chennai,iOS,,
CUST005346,Ishaan Malhotra,,dormant_high_ltv,540800.0,55,53,2,3.3,0,0,Bangalore,Desktop,,
CUST005347,Vivaan Nair,,normal,20500.0,2,2,0,8.9,2,2,Bangalore,iOS,,
CUST005348,Rohan Nair,,normal,19800.0,5,4,1,1.4,1,1,Indore,iOS,,
CUST005349,Aarav Nair,,normal,29000.0,6,6,0,0.3,2,2,Indore,Android,,
CUST005350,Karan Malhotra,Mehta Exports Pvt Ltd,b2b,172100.0,17,16,1,5.7,3,3,Mumbai,Desktop,,
CUST005351,Kiara Kapoor,,normal,21500.0,2,2,0,1.1,2,1,Lucknow,Android,,
CUST005352,Simran Joshi,,normal,36200.0,9,7,2,2.4,2,1,Delhi,Desktop,,
CUST005353,Simran Joshi,,normal,21900.0,5,4,1,1.4,1,1,Delhi,Desktop,,
CUST005354,Aman Rao,,normal,13600.0,4,3,1,2.9,0,0,Ahmedabad,Android,,
CUST005355,Simran Iyer,,normal,18900.0,5,4,1,3.0,2,2,Nagpur,iOS,,
CUST005356,Priya Chawla,,normal,5000.0,2,2,0,4.2,0,0,Lucknow,iOS,,
CUST005357,Rohan Rao,,normal,22600.0,4,3,1,4.5,2,1,Bangalore,iOS,,
CUST005358,Vivaan Joshi,,normal,12500.0,2,2,0,1.9,1,1,Nagpur,iOS,,
CUST005359,Meera Mehta,,normal,20200.0,5,4,1,7.7,1,1,Mumbai,Android,,
CUST005360,Ishaan Singh,,normal,13500.0,2,1,1,0.1,1,1,Mumbai,Android,,
CUST005361,Karan Singh,,normal,10500.0,3,2,1,4.8,2,2,Nagpur,Android,,
CUST005362,Sanya Sharma,,dormant_high_ltv,429500.0,56,50,6,5.6,2,2,Delhi,Desktop,,
CUST005363,Karan Rao,,group_d_broken_promise,23600.0,9,3,6,32.1,8,2,Jaipur,iOS,,
CUST005364,Kabir Sharma,,normal,42100.0,6,5,1,2.7,0,0,Ahmedabad,Android,,
CUST005365,Karan Sharma,,normal,13400.0,2,2,0,3.2,1,1,Ahmedabad,iOS,,
CUST005366,Aarav Gupta,,normal,12200.0,3,2,1,1.1,2,2,Nagpur,Android,,
CUST005367,Rahul Rao,,normal,27000.0,5,4,1,4.6,1,1,Pune,iOS,,
CUST005368,Meera Mehta,,normal,16000.0,2,2,0,2.3,2,2,Jaipur,iOS,,
CUST005369,Karan Mehta,,normal,12900.0,6,6,0,1.7,1,1,Chennai,Android,,
CUST005370,Myra Reddy,Malhotra Logistics Pvt Ltd,b2b,295200.0,33,26,7,3.9,3,3,Kolkata,Android,,
CUST005371,Neha Nair,,group_d_broken_promise,22900.0,2,1,1,17.2,6,2,Delhi,Android,,
CUST005372,Kiara Patel,,normal,27400.0,2,2,0,2.5,1,1,Indore,Android,,
CUST005373,Rohan Singh,,dormant_high_ltv,394600.0,43,37,6,3.8,2,2,Lucknow,Android,,
CUST005374,Priya Sharma,,normal,18600.0,3,3,0,1.1,2,1,Ahmedabad,Android,,
CUST005375,Kabir Reddy,,normal,29200.0,8,7,1,1.0,0,0,Lucknow,iOS,,
CUST005376,Simran Mehta,,normal,36900.0,5,4,1,0.6,0,0,Bangalore,Android,,
CUST005377,Kabir Iyer,Chawla Distributors Pvt Ltd,b2b,316500.0,33,30,3,11.6,5,4,Chennai,iOS,,
CUST005378,Myra Rao,,normal,15800.0,2,2,0,0.8,1,1,Bangalore,Android,,
CUST005379,Vivaan Joshi,Bose Foods Pvt Ltd,b2b,239300.0,28,27,1,11.2,1,1,Indore,iOS,,
CUST005380,Aarav Kapoor,,normal,26200.0,2,2,0,1.3,0,0,Kolkata,Android,,
CUST005381,Aman Verma,Mehta Traders Pvt Ltd,b2b,433800.0,41,33,8,2.7,2,2,Indore,iOS,,
CUST005382,Myra Gupta,,normal,37800.0,3,2,1,5.1,0,0,Pune,Android,,
CUST005383,Aditya Sharma,,normal,43000.0,7,5,2,3.8,0,0,Jaipur,Android,,
CUST005384,Saanvi Reddy,,group_d_broken_promise,16600.0,3,1,2,28.3,5,1,Nagpur,Desktop,,
CUST005385,Meera Rao,Mehta Textiles Pvt Ltd,b2b,412300.0,61,51,10,12.4,1,1,Ahmedabad,Android,,
CUST005386,Neha Iyer,,normal,14200.0,2,2,0,2.2,2,2,Nagpur,Desktop,,
CUST005387,Myra Joshi,,group_d_broken_promise,42200.0,6,3,3,16.5,10,3,Pune,Android,,
CUST005388,Rohan Joshi,,group_d_broken_promise,10000.0,2,1,1,30.9,10,2,Jaipur,Android,,
CUST005389,Rahul Reddy,,normal,31400.0,3,3,0,4.5,2,2,Delhi,Android,,
CUST005390,Aman Kapoor,,normal,6300.0,2,2,0,4.6,0,0,Pune,Android,,
CUST005391,Rohan Joshi,,normal,21700.0,3,2,1,2.2,2,1,Indore,Desktop,,
CUST005392,Ishaan Rao,,normal,9300.0,3,2,1,2.3,0,0,Pune,Android,,
CUST005393,Meera Iyer,,normal,15800.0,3,3,0,2.2,1,1,Ahmedabad,Desktop,,
CUST005394,Saanvi Nair,,normal,52900.0,8,7,1,3.7,1,1,Nagpur,Android,,
CUST005395,Ishaan Verma,,normal,29500.0,4,3,1,1.1,0,0,Pune,Android,,
CUST005396,Saanvi Joshi,,normal,9400.0,2,2,0,1.4,0,0,Chennai,Android,,
CUST005397,Karan Gupta,Iyer Enterprises Pvt Ltd,b2b,459900.0,59,54,5,3.5,2,2,Delhi,Android,,
CUST005398,Ishaan Malhotra,Joshi Logistics Pvt Ltd,b2b,510000.0,60,57,3,3.1,1,1,Nagpur,Android,,
CUST005399,Diya Malhotra,,normal,10900.0,1,1,0,2.8,2,2,Kolkata,Android,,
CUST005400,Karan Kapoor,,dormant_high_ltv,524100.0,61,53,8,1.9,0,0,Chennai,Android,,
CUST005401,Ishaan Bose,,normal,33000.0,4,3,1,1.1,2,2,Jaipur,Android,,
CUST005402,Vivaan Rao,Singh Traders Pvt Ltd,b2b,500200.0,59,55,4,3.6,4,3,Pune,Android,,
CUST005403,Vivaan Singh,,normal,32400.0,6,5,1,1.0,1,1,Lucknow,Android,,
CUST005404,Karan Mehta,,group_d_broken_promise,57600.0,9,5,4,41.7,11,3,Delhi,iOS,,
CUST005405,Aditya Reddy,,normal,33300.0,4,4,0,1.5,2,2,Pune,Android,,
CUST005406,Arjun Chawla,,normal,21600.0,3,2,1,2.2,0,0,Hyderabad,Android,,
CUST005407,Kabir Iyer,,normal,29400.0,5,4,1,4.2,2,1,Delhi,Android,,
CUST005408,Priya Rao,,group_d_broken_promise,27200.0,4,1,3,27.0,10,3,Indore,Android,,
CUST005409,Simran Bose,Verma Logistics Pvt Ltd,b2b,869900.0,77,62,15,10.9,4,4,Delhi,Desktop,,
CUST005410,Meera Patel,,normal,16200.0,5,4,1,4.0,1,1,Delhi,Android,,
CUST005411,Kabir Verma,Verma Enterprises Pvt Ltd,b2b,348700.0,53,44,9,9.8,2,2,Ahmedabad,iOS,,
CUST005412,Karan Joshi,,normal,15800.0,2,2,0,2.3,2,1,Indore,Desktop,,
CUST005413,Simran Nair,Gupta Foods Pvt Ltd,b2b,327500.0,42,37,5,10.6,1,1,Chennai,Android,,
CUST005414,Simran Sharma,,group_d_broken_promise,63500.0,6,3,3,26.3,4,1,Kolkata,iOS,,
CUST005415,Aditya Chawla,,normal,21000.0,3,2,1,2.7,1,1,Delhi,Android,,
CUST005416,Kiara Kapoor,,normal,12800.0,2,2,0,5.7,2,1,Lucknow,Android,,
CUST005417,Saanvi Bose,,dormant_high_ltv,453400.0,57,49,8,6.3,1,1,Delhi,Android,,
CUST005418,Simran Patel,,normal,11800.0,1,1,0,1.6,0,0,Bangalore,iOS,,
CUST005419,Diya Mehta,,group_d_broken_promise,26100.0,7,3,4,26.5,3,1,Nagpur,Desktop,,
CUST005420,Rohan Gupta,,normal,25400.0,4,3,1,4.2,0,0,Delhi,Android,,
CUST005421,Kabir Verma,,normal,26500.0,7,6,1,4.1,1,1,Hyderabad,Desktop,,
CUST005422,Aditya Sharma,,normal,11900.0,3,3,0,12.4,2,2,Kolkata,iOS,,
CUST005423,Kabir Mehta,,normal,14200.0,4,3,1,4.1,0,0,Indore,iOS,,
CUST005424,Aditya Bose,,dormant_high_ltv,378900.0,47,46,1,4.4,0,0,Pune,Android,,
CUST005425,Aarav Iyer,,normal,23600.0,11,8,3,1.9,1,1,Chennai,Android,,
CUST005426,Vivaan Verma,,normal,22600.0,4,4,0,2.7,1,1,Chennai,Android,,
CUST005427,Vivaan Gupta,,normal,21700.0,2,2,0,7.6,2,1,Hyderabad,iOS,,
CUST005428,Neha Kapoor,,normal,12200.0,3,2,1,3.3,1,1,Mumbai,iOS,,
CUST005429,Diya Rao,,normal,56700.0,7,5,2,3.8,2,2,Ahmedabad,iOS,,
CUST005430,Neha Sharma,,normal,15100.0,2,2,0,7.0,0,0,Ahmedabad,Android,,
CUST005431,Aarav Patel,,normal,24100.0,4,3,1,6.1,1,1,Kolkata,Android,,
CUST005432,Priya Gupta,,normal,10500.0,2,2,0,3.0,2,2,Bangalore,iOS,,
CUST005433,Ananya Iyer,,normal,18600.0,1,1,0,2.5,2,2,Chennai,iOS,,
CUST005434,Kabir Malhotra,,normal,11800.0,1,1,0,1.1,1,1,Kolkata,Android,,
CUST005435,Rohan Sharma,,normal,14800.0,2,2,0,7.0,1,1,Nagpur,Android,,
CUST005436,Meera Mehta,,group_d_broken_promise,22800.0,4,2,2,16.3,6,2,Jaipur,Android,,
CUST005437,Ishaan Gupta,,normal,21900.0,3,2,1,2.3,2,1,Delhi,iOS,,
CUST005438,Karan Malhotra,Patel Textiles Pvt Ltd,b2b,431700.0,54,45,9,3.4,5,4,Nagpur,Desktop,,
CUST005439,Kiara Gupta,,normal,35900.0,3,2,1,1.3,2,2,Pune,Android,,
CUST005440,Ananya Chawla,,group_d_broken_promise,43900.0,12,7,5,39.7,9,2,Chennai,Android,,
CUST005441,Priya Chawla,,group_d_broken_promise,63300.0,9,5,4,23.8,8,1,Pune,Android,,
CUST005442,Meera Chawla,,normal,14100.0,7,6,1,5.4,1,1,Delhi,iOS,,
CUST005443,Kabir Reddy,,normal,21300.0,3,3,0,0.9,2,2,Chennai,iOS,,
CUST005444,Priya Sharma,,normal,23900.0,3,2,1,1.4,0,0,Bangalore,Android,,
CUST005445,Aarav Reddy,,normal,27100.0,6,4,2,8.8,0,0,Jaipur,Desktop,,
CUST005446,Saanvi Mehta,Chawla Logistics Pvt Ltd,b2b,544700.0,55,51,4,2.2,5,4,Chennai,Android,,
CUST005447,Myra Kapoor,,normal,7200.0,1,1,0,4.4,2,2,Lucknow,Desktop,,
CUST005448,Aditya Mehta,,normal,29200.0,9,8,1,2.2,2,2,Lucknow,Android,,
CUST005449,Rahul Sharma,,normal,24100.0,3,2,1,5.5,2,2,Delhi,Android,,
CUST005450,Neha Chawla,,normal,21600.0,3,2,1,3.9,1,1,Indore,Desktop,,
CUST005451,Ishaan Iyer,,dormant_high_ltv,577100.0,69,60,9,3.3,0,0,Lucknow,Desktop,,
CUST005452,Saanvi Bose,,normal,54700.0,6,6,0,1.1,2,2,Chennai,iOS,,
CUST005453,Neha Mehta,,normal,13200.0,3,3,0,0.3,2,1,Hyderabad,iOS,,
CUST005454,Aditya Singh,,group_d_broken_promise,58000.0,9,4,5,17.5,10,3,Bangalore,iOS,,
CUST005455,Sanya Kapoor,,normal,22600.0,5,4,1,2.0,0,0,Jaipur,Desktop,,
CUST005456,Aman Sharma,,normal,48700.0,7,5,2,2.0,2,2,Nagpur,Android,,
CUST005457,Priya Malhotra,,group_d_broken_promise,11700.0,2,1,1,29.1,8,2,Lucknow,Android,,
CUST005458,Myra Gupta,,normal,33900.0,5,4,1,1.4,1,1,Bangalore,Desktop,,
CUST005459,Myra Bose,,group_d_broken_promise,50400.0,8,4,4,30.1,9,3,Chennai,Android,,
CUST005460,Vivaan Mehta,,dormant_high_ltv,463100.0,62,61,1,8.3,1,1,Mumbai,Android,,
CUST005461,Myra Gupta,,normal,15800.0,2,2,0,3.9,1,1,Pune,iOS,,
CUST005462,Rahul Rao,,group_d_broken_promise,22300.0,2,1,1,63.9,11,2,Delhi,Android,,
CUST005463,Kabir Verma,,group_d_broken_promise,24800.0,10,4,6,32.7,5,2,Kolkata,Android,,
CUST005464,Simran Chawla,,normal,21500.0,4,4,0,0.7,0,0,Delhi,Android,,
CUST005465,Neha Verma,,dormant_high_ltv,293500.0,38,32,6,5.0,1,1,Delhi,iOS,,
CUST005466,Ishaan Nair,,normal,21800.0,2,2,0,1.8,1,1,Bangalore,Android,,
CUST005467,Vivaan Gupta,,normal,17000.0,6,4,2,1.9,2,2,Nagpur,Desktop,,
CUST005468,Vivaan Joshi,,group_d_broken_promise,22100.0,2,1,1,53.9,7,1,Kolkata,Android,,
CUST005469,Simran Mehta,,normal,9600.0,3,3,0,0.9,2,1,Chennai,Android,,
CUST005470,Aman Gupta,,group_d_broken_promise,19600.0,5,3,2,31.6,11,4,Nagpur,Android,,
CUST005471,Ishaan Iyer,,normal,15900.0,3,3,0,3.8,1,1,Ahmedabad,iOS,,
CUST005472,Saanvi Sharma,,dormant_high_ltv,609200.0,64,55,9,7.7,0,0,Ahmedabad,Android,,
CUST005473,Saanvi Sharma,,normal,25000.0,7,5,2,3.6,0,0,Bangalore,iOS,,
CUST005474,Rahul Malhotra,Kapoor Foods Pvt Ltd,b2b,197200.0,23,21,2,7.8,4,3,Nagpur,Android,,
CUST005475,Ishaan Rao,,normal,15700.0,4,3,1,3.3,0,0,Delhi,Desktop,,
CUST005476,Priya Kapoor,,group_d_broken_promise,23700.0,3,2,1,32.6,7,2,Hyderabad,iOS,,
CUST005477,Aarav Iyer,Chawla Enterprises Pvt Ltd,b2b,264400.0,44,40,4,18.1,3,3,Pune,Desktop,,
CUST005478,Neha Rao,,normal,18600.0,1,1,0,8.4,1,1,Mumbai,Android,,
CUST005479,Kabir Iyer,,normal,36100.0,6,5,1,2.9,0,0,Bangalore,iOS,,
CUST005480,Diya Mehta,,normal,18700.0,7,6,1,10.0,0,0,Delhi,Android,,
CUST005481,Priya Reddy,,dormant_high_ltv,347700.0,52,46,6,1.0,0,0,Chennai,Android,,
CUST005482,Vivaan Bose,,dormant_high_ltv,540000.0,55,47,8,2.7,0,0,Delhi,iOS,,
CUST005483,Kabir Bose,,normal,19300.0,4,3,1,1.2,2,2,Mumbai,Android,,
CUST005484,Kabir Bose,,normal,20500.0,3,3,0,0.4,1,1,Jaipur,iOS,,
CUST005485,Myra Rao,,normal,15000.0,3,2,1,0.8,0,0,Kolkata,Android,,
CUST005486,Diya Nair,,normal,29600.0,7,5,2,2.4,0,0,Delhi,iOS,,
CUST005487,Aditya Kapoor,,normal,10500.0,1,1,0,6.8,1,1,Mumbai,Android,,
CUST005488,Diya Rao,,group_d_broken_promise,16300.0,6,3,3,21.0,10,3,Jaipur,Android,,
CUST005489,Karan Sharma,,normal,15000.0,4,3,1,2.7,0,0,Delhi,Android,,
CUST005490,Aman Nair,,normal,21500.0,3,2,1,2.2,2,2,Ahmedabad,Android,,
CUST005491,Aman Nair,Iyer Enterprises Pvt Ltd,b2b,285300.0,38,35,3,9.6,3,3,Indore,Android,,
CUST005492,Arjun Nair,,normal,16200.0,4,3,1,0.8,1,1,Lucknow,Android,,
CUST005493,Neha Kapoor,Chawla Logistics Pvt Ltd,b2b,361300.0,47,44,3,5.2,5,5,Nagpur,Android,,
CUST005494,Rahul Gupta,Nair Logistics Pvt Ltd,b2b,295800.0,31,29,2,7.5,1,1,Chennai,Android,,
CUST005495,Rohan Chawla,,normal,41000.0,8,7,1,6.0,2,2,Indore,Android,,
CUST005496,Vivaan Gupta,Rao Industries Pvt Ltd,b2b,513100.0,54,48,6,3.4,2,2,Nagpur,Android,,
CUST005497,Sanya Reddy,,normal,19400.0,6,5,1,1.0,2,2,Pune,Android,,
CUST005498,Ishaan Joshi,Verma Tech Pvt Ltd,b2b,379600.0,49,40,9,2.2,2,2,Lucknow,Android,,
CUST005499,Meera Singh,,dormant_high_ltv,278000.0,24,23,1,10.0,0,0,Pune,Android,,
CUST005500,Saanvi Nair,Malhotra Retail Pvt Ltd,b2b,336900.0,50,48,2,10.6,3,3,Mumbai,Desktop,,
CUST005501,Diya Kapoor,,group_d_broken_promise,50500.0,6,2,4,20.2,9,3,Hyderabad,Android,,
CUST005502,Rohan Kapoor,,normal,19100.0,2,2,0,0.9,0,0,Hyderabad,Android,,
CUST005503,Aditya Patel,,group_d_broken_promise,37200.0,5,2,3,19.7,10,3,Lucknow,iOS,,
CUST005504,Ishaan Sharma,,normal,11900.0,3,3,0,3.1,0,0,Kolkata,Android,,
CUST005505,Arjun Nair,,normal,16400.0,7,5,2,0.2,0,0,Jaipur,Android,,
CUST005506,Karan Mehta,,normal,29000.0,9,8,1,1.2,0,0,Delhi,Android,,
CUST005507,Aman Nair,,group_d_broken_promise,29700.0,5,2,3,26.8,4,1,Mumbai,Android,,
CUST005508,Priya Mehta,,normal,13600.0,2,1,1,2.7,2,2,Delhi,Android,,
CUST005509,Arjun Reddy,,normal,8000.0,4,3,1,1.3,1,1,Mumbai,Android,,
CUST005510,Meera Nair,,normal,17800.0,1,1,0,0.8,1,1,Kolkata,Desktop,,
CUST005511,Aman Singh,,group_d_broken_promise,22100.0,7,3,4,18.3,3,0,Lucknow,Android,,
CUST005512,Simran Malhotra,,normal,19800.0,3,3,0,0.1,2,2,Indore,iOS,,
CUST005513,Aman Mehta,,normal,15500.0,3,3,0,1.5,1,1,Nagpur,iOS,,
CUST005514,Karan Kapoor,Singh Tech Pvt Ltd,b2b,413700.0,50,41,9,5.8,3,2,Lucknow,Android,,
CUST005515,Simran Malhotra,,group_d_broken_promise,20200.0,3,1,2,25.3,8,1,Jaipur,iOS,,
CUST005516,Saanvi Patel,,normal,36400.0,6,5,1,0.2,0,0,Bangalore,Android,,
CUST005517,Priya Reddy,,group_d_broken_promise,32900.0,3,2,1,34.6,4,1,Hyderabad,Android,,
CUST005518,Sanya Verma,,group_d_broken_promise,30200.0,7,3,4,17.3,3,0,Hyderabad,Android,,
CUST005519,Ananya Chawla,,group_d_broken_promise,45400.0,6,2,4,27.5,3,1,Nagpur,iOS,,
CUST005520,Diya Joshi,,normal,52800.0,4,3,1,2.4,1,1,Bangalore,iOS,,
CUST005521,Aman Bose,,normal,21500.0,9,8,1,3.2,0,0,Kolkata,Android,,
CUST005522,Aman Nair,Mehta Apparel Pvt Ltd,b2b,179600.0,25,23,2,5.7,3,3,Mumbai,iOS,,
CUST005523,Myra Gupta,,normal,16300.0,5,4,1,3.0,2,1,Chennai,Android,,
CUST005524,Aarav Nair,,normal,25000.0,4,4,0,3.2,2,2,Ahmedabad,Android,,
CUST005525,Simran Verma,Sharma Solutions Pvt Ltd,b2b,406300.0,49,45,4,4.2,1,1,Bangalore,Desktop,,
CUST005526,Aman Iyer,,normal,36500.0,5,4,1,4.9,2,2,Nagpur,Android,,
CUST005527,Kiara Iyer,Bose Retail Pvt Ltd,b2b,255100.0,27,23,4,11.6,4,4,Mumbai,Android,,
CUST005528,Arjun Malhotra,,group_d_broken_promise,20400.0,3,1,2,18.7,8,1,Bangalore,Android,,
CUST005529,Kabir Chawla,,normal,14100.0,3,2,1,5.1,0,0,Indore,Android,,
CUST005530,Myra Verma,,normal,28200.0,5,4,1,1.6,0,0,Hyderabad,iOS,,
CUST005531,Arjun Gupta,Verma Exports Pvt Ltd,b2b,478100.0,60,58,2,4.2,3,2,Pune,Android,,
CUST005532,Kabir Malhotra,,normal,17800.0,3,2,1,3.6,2,2,Nagpur,iOS,,
CUST005533,Sanya Mehta,,normal,32800.0,4,4,0,1.4,0,0,Pune,Android,,
CUST005534,Karan Rao,Malhotra Textiles Pvt Ltd,b2b,188600.0,26,22,4,13.0,2,2,Mumbai,Android,,
CUST005535,Priya Gupta,,normal,11900.0,2,2,0,1.3,2,1,Jaipur,iOS,,
CUST005536,Aarav Malhotra,,normal,38900.0,9,8,1,1.6,1,1,Bangalore,Android,,
CUST005537,Rahul Patel,Iyer Distributors Pvt Ltd,b2b,423800.0,57,49,8,9.3,4,4,Bangalore,Desktop,,
CUST005538,Simran Patel,,normal,21800.0,1,1,0,0.4,1,1,Bangalore,Android,,
CUST005539,Arjun Nair,,normal,24900.0,5,4,1,6.0,2,2,Lucknow,iOS,,
CUST005540,Priya Reddy,,dormant_high_ltv,523100.0,71,68,3,2.0,0,0,Lucknow,iOS,,
CUST005541,Simran Chawla,,normal,11000.0,1,1,0,2.0,2,1,Kolkata,Android,,
CUST005542,Myra Joshi,,normal,10800.0,2,2,0,0.2,2,2,Lucknow,iOS,,
CUST005543,Diya Singh,,normal,22900.0,4,3,1,6.1,2,2,Jaipur,Android,,
CUST005544,Aarav Rao,,normal,25300.0,3,3,0,6.2,2,2,Jaipur,Desktop,,
CUST005545,Sanya Iyer,,normal,17000.0,3,2,1,0.1,0,0,Lucknow,iOS,,
CUST005546,Aman Sharma,Sharma Traders Pvt Ltd,b2b,257400.0,36,31,5,13.5,1,1,Delhi,Desktop,,
CUST005547,Neha Patel,,normal,26600.0,4,3,1,0.3,2,2,Kolkata,Android,,
CUST005548,Meera Kapoor,,normal,10900.0,2,2,0,3.9,1,1,Pune,Android,,
CUST005549,Aman Nair,,normal,9300.0,1,1,0,0.8,0,0,Bangalore,Android,,
CUST005550,Myra Singh,,normal,20600.0,6,5,1,3.6,1,1,Hyderabad,iOS,,
CUST005551,Aman Bose,Verma Apparel Pvt Ltd,b2b,549000.0,53,43,10,6.4,3,2,Chennai,iOS,,
CUST005552,Kiara Bose,,dormant_high_ltv,297500.0,40,36,4,1.6,1,1,Mumbai,Android,,
CUST005553,Priya Rao,,normal,10700.0,5,4,1,2.4,0,0,Hyderabad,iOS,,
CUST005554,Sanya Rao,,group_d_broken_promise,19500.0,2,1,1,45.8,7,1,Mumbai,Android,,
CUST005555,Saanvi Kapoor,,normal,8100.0,2,2,0,3.0,0,0,Hyderabad,Android,,
CUST005556,Kiara Nair,,normal,12400.0,2,2,0,4.9,0,0,Chennai,Desktop,,
CUST005557,Aditya Reddy,Chawla Distributors Pvt Ltd,b2b,202300.0,27,22,5,24.2,3,3,Ahmedabad,Desktop,,
CUST005558,Vivaan Verma,Rao Textiles Pvt Ltd,b2b,356600.0,58,55,3,11.1,5,4,Kolkata,iOS,,
CUST005559,Aditya Iyer,,normal,24900.0,2,2,0,0.7,0,0,Ahmedabad,iOS,,
CUST005560,Aarav Gupta,,group_d_broken_promise,36400.0,2,1,1,12.7,7,2,Pune,iOS,,
CUST005561,Ishaan Kapoor,,normal,21600.0,4,3,1,1.5,2,2,Delhi,iOS,,
CUST005562,Saanvi Rao,,normal,36800.0,4,3,1,5.3,1,1,Ahmedabad,Desktop,,
CUST005563,Rohan Verma,,group_d_broken_promise,40300.0,8,4,4,28.2,9,1,Kolkata,Android,,
CUST005564,Diya Iyer,,group_d_broken_promise,78000.0,6,3,3,29.3,4,1,Hyderabad,Desktop,,
CUST005565,Rahul Sharma,,normal,22300.0,3,3,0,2.8,2,2,Delhi,Desktop,,
CUST005566,Vivaan Verma,Rao Tech Pvt Ltd,b2b,451900.0,55,51,4,2.6,5,4,Pune,iOS,,
CUST005567,Rohan Reddy,,normal,11100.0,2,2,0,5.2,1,1,Pune,Desktop,,
CUST005568,Meera Rao,,group_d_broken_promise,11500.0,3,1,2,25.1,5,1,Pune,Android,,
CUST005569,Neha Singh,,group_d_broken_promise,52000.0,2,1,1,23.7,10,3,Nagpur,Android,,
CUST005570,Ananya Singh,,normal,25700.0,1,1,0,0.5,0,0,Lucknow,Android,,
CUST005571,Myra Chawla,,group_d_broken_promise,28500.0,6,2,4,37.9,6,1,Nagpur,iOS,,
CUST005572,Vivaan Nair,,dormant_high_ltv,426400.0,41,39,2,3.2,2,1,Chennai,Android,,
CUST005573,Ishaan Malhotra,,normal,13900.0,2,2,0,0.4,1,1,Nagpur,Android,,
CUST005574,Simran Nair,,normal,16900.0,2,2,0,1.3,0,0,Hyderabad,Android,,
CUST005575,Rahul Joshi,Chawla Tech Pvt Ltd,b2b,397700.0,61,52,9,11.0,4,4,Nagpur,Android,,
CUST005576,Kiara Chawla,,group_d_broken_promise,20900.0,1,1,0,33.6,8,1,Nagpur,iOS,,
CUST005577,Rahul Nair,,normal,14000.0,2,1,1,9.2,0,0,Delhi,Android,,
CUST005578,Rahul Chawla,,normal,10400.0,3,3,0,0.5,1,1,Hyderabad,iOS,,
CUST005579,Simran Sharma,,normal,67500.0,7,6,1,1.8,1,1,Delhi,iOS,,
CUST005580,Ishaan Mehta,,normal,12800.0,3,2,1,0.9,0,0,Ahmedabad,Android,,
CUST005581,Aarav Verma,,normal,7600.0,4,4,0,7.1,1,1,Bangalore,Android,,
CUST005582,Rohan Rao,,normal,27200.0,5,4,1,2.5,0,0,Pune,Android,,
CUST005583,Meera Singh,Joshi Enterprises Pvt Ltd,b2b,396800.0,51,49,2,8.0,3,2,Bangalore,iOS,,
CUST005584,Priya Malhotra,,normal,6700.0,2,2,0,4.3,2,2,Kolkata,Desktop,,
CUST005585,Kiara Gupta,,normal,17900.0,2,2,0,1.1,2,2,Lucknow,Android,,
CUST005586,Kabir Joshi,,normal,29300.0,5,4,1,3.7,1,1,Hyderabad,Android,,
CUST005587,Aman Joshi,,normal,9700.0,5,4,1,6.5,1,1,Bangalore,Android,,
CUST005588,Neha Verma,Verma Foods Pvt Ltd,b2b,223600.0,26,24,2,6.3,5,5,Nagpur,Android,,
CUST005589,Aarav Malhotra,,normal,19400.0,4,3,1,1.9,0,0,Nagpur,Android,,
CUST005590,Kabir Singh,,normal,16500.0,4,3,1,2.3,2,1,Hyderabad,Desktop,,
CUST005591,Neha Reddy,,normal,12700.0,3,3,0,1.2,0,0,Mumbai,Android,,
CUST005592,Meera Mehta,,normal,36800.0,4,4,0,3.9,0,0,Delhi,Desktop,,
CUST005593,Ananya Bose,,normal,16400.0,3,3,0,2.5,1,1,Nagpur,Android,,
CUST005594,Simran Iyer,,dormant_high_ltv,459500.0,58,52,6,1.7,1,1,Hyderabad,Android,,
CUST005595,Aditya Reddy,,normal,27000.0,3,2,1,1.8,0,0,Mumbai,Android,,
CUST005596,Aman Kapoor,,normal,30600.0,5,5,0,2.9,1,1,Ahmedabad,Android,,
CUST005597,Diya Reddy,,normal,17500.0,3,3,0,0.2,2,2,Jaipur,Android,,
CUST005598,Aditya Iyer,,normal,11300.0,3,2,1,0.2,2,2,Nagpur,Android,,
CUST005599,Aman Gupta,,normal,31000.0,5,4,1,0.3,1,1,Indore,Android,,
CUST005600,Ananya Malhotra,,normal,17900.0,1,1,0,4.4,0,0,Bangalore,Desktop,,
CUST005601,Aarav Mehta,,normal,18900.0,1,1,0,0.5,1,1,Nagpur,Android,,
CUST005602,Rahul Rao,,dormant_high_ltv,380900.0,41,35,6,10.4,1,1,Chennai,iOS,,
CUST005603,Kiara Singh,,normal,15900.0,2,1,1,0.9,2,2,Delhi,Desktop,,
CUST005604,Ananya Chawla,,normal,30400.0,1,1,0,0.6,1,1,Hyderabad,Android,,
CUST005605,Myra Nair,,normal,10600.0,1,1,0,4.0,0,0,Bangalore,Android,,
CUST005606,Myra Malhotra,,normal,19000.0,4,4,0,1.4,0,0,Hyderabad,Android,,
CUST005607,Vivaan Nair,,dormant_high_ltv,406800.0,66,65,1,2.9,2,2,Indore,Android,,
CUST005608,Neha Singh,,normal,11400.0,2,2,0,3.1,1,1,Chennai,Android,,
CUST005609,Priya Verma,,normal,15900.0,1,1,0,1.6,0,0,Nagpur,iOS,,
CUST005610,Myra Patel,,normal,32500.0,5,4,1,3.1,2,2,Pune,iOS,,
CUST005611,Sanya Malhotra,,dormant_high_ltv,311500.0,40,37,3,4.0,0,0,Chennai,iOS,,
CUST005612,Simran Joshi,,normal,32300.0,6,4,2,2.4,0,0,Chennai,Desktop,,
CUST005613,Myra Kapoor,Patel Exports Pvt Ltd,b2b,218900.0,19,17,2,7.8,5,4,Kolkata,iOS,,
CUST005614,Kiara Reddy,,normal,17100.0,4,3,1,2.8,2,1,Bangalore,iOS,,
CUST005615,Kabir Singh,,normal,22300.0,4,3,1,1.8,2,2,Jaipur,iOS,,
CUST005616,Neha Nair,Chawla Solutions Pvt Ltd,b2b,391200.0,50,46,4,9.6,1,1,Jaipur,iOS,,
CUST005617,Neha Iyer,,normal,22100.0,4,3,1,2.7,2,1,Bangalore,iOS,,
CUST005618,Kiara Bose,,normal,11400.0,1,1,0,1.4,0,0,Lucknow,Android,,
CUST005619,Simran Nair,,normal,25200.0,5,4,1,2.7,1,1,Lucknow,Android,,
CUST005620,Meera Reddy,,dormant_high_ltv,507000.0,58,49,9,2.0,1,1,Ahmedabad,iOS,,
CUST005621,Priya Sharma,,normal,12000.0,3,2,1,3.9,0,0,Jaipur,Android,,
CUST005622,Aman Sharma,Gupta Distributors Pvt Ltd,b2b,369500.0,45,38,7,3.4,3,3,Ahmedabad,iOS,,
CUST005623,Rahul Malhotra,,normal,15400.0,4,4,0,3.3,1,1,Hyderabad,Desktop,,
CUST005624,Sanya Kapoor,,normal,7700.0,3,2,1,3.1,2,2,Delhi,iOS,,
CUST005625,Rahul Mehta,,dormant_high_ltv,432500.0,57,56,1,2.0,2,2,Delhi,Android,,
CUST005626,Kabir Gupta,,normal,27400.0,6,5,1,1.6,1,1,Chennai,Desktop,,
CUST005627,Meera Verma,,normal,30500.0,10,7,3,2.1,1,1,Kolkata,Android,,
CUST005628,Kiara Verma,,normal,22700.0,2,2,0,3.3,1,1,Delhi,Android,,
CUST005629,Ananya Gupta,,dormant_high_ltv,324500.0,41,40,1,5.0,0,0,Lucknow,iOS,,
CUST005630,Rohan Gupta,Sharma Solutions Pvt Ltd,b2b,243000.0,35,29,6,3.5,3,2,Pune,Android,,
CUST005631,Aarav Mehta,,normal,19400.0,4,3,1,4.0,2,2,Pune,Android,,
CUST005632,Ishaan Kapoor,,group_d_broken_promise,33100.0,4,2,2,19.9,8,3,Bangalore,Android,,
CUST005633,Rahul Kapoor,,normal,15000.0,3,3,0,3.1,2,1,Jaipur,Android,,
CUST005634,Ananya Malhotra,,dormant_high_ltv,437000.0,41,35,6,4.6,2,2,Indore,Desktop,,
CUST005635,Karan Sharma,,group_d_broken_promise,32500.0,5,3,2,26.8,11,2,Jaipur,iOS,,
CUST005636,Aditya Kapoor,,normal,27700.0,3,2,1,2.9,2,2,Nagpur,Android,,
CUST005637,Priya Nair,Reddy Distributors Pvt Ltd,b2b,238400.0,24,21,3,4.3,3,2,Ahmedabad,iOS,,
CUST005638,Priya Patel,,normal,41400.0,4,3,1,2.7,0,0,Ahmedabad,iOS,,
CUST005639,Vivaan Mehta,,dormant_high_ltv,440700.0,45,44,1,0.2,0,0,Nagpur,Desktop,,
CUST005640,Ananya Iyer,,normal,12800.0,1,1,0,0.2,1,1,Delhi,Android,,
CUST005641,Meera Gupta,,normal,17300.0,2,1,1,2.5,1,1,Nagpur,Desktop,,
CUST005642,Karan Sharma,,normal,11100.0,2,2,0,1.1,1,1,Jaipur,Android,,
CUST005643,Ishaan Verma,,normal,19500.0,4,4,0,3.2,0,0,Chennai,Android,,
CUST005644,Sanya Gupta,,normal,15800.0,3,3,0,2.7,2,2,Mumbai,Android,,
CUST005645,Simran Chawla,,normal,18000.0,3,2,1,1.5,2,2,Delhi,iOS,,
CUST005646,Neha Joshi,Mehta Tech Pvt Ltd,b2b,338800.0,49,42,7,8.0,3,2,Hyderabad,iOS,,
CUST005647,Ishaan Malhotra,,normal,27900.0,4,3,1,3.7,0,0,Nagpur,Android,,
CUST005648,Simran Malhotra,,group_d_broken_promise,21200.0,4,2,2,17.4,5,1,Ahmedabad,iOS,,
CUST005649,Vivaan Rao,,normal,32000.0,4,3,1,1.0,0,0,Ahmedabad,Android,,
CUST005650,Neha Malhotra,,group_d_broken_promise,11800.0,4,2,2,39.2,3,1,Delhi,iOS,,
CUST005651,Myra Gupta,,normal,10300.0,4,3,1,5.8,2,2,Delhi,iOS,,
CUST005652,Simran Patel,,normal,22000.0,4,3,1,1.1,0,0,Chennai,Android,,
CUST005653,Vivaan Kapoor,,normal,36900.0,5,4,1,4.7,1,1,Kolkata,Desktop,,
CUST005654,Vivaan Reddy,,normal,24400.0,5,4,1,4.1,0,0,Bangalore,Android,,
CUST005655,Arjun Mehta,Sharma Logistics Pvt Ltd,b2b,306400.0,35,29,6,17.8,5,4,Delhi,iOS,,
CUST005656,Rohan Singh,Bose Traders Pvt Ltd,b2b,679800.0,62,56,6,14.9,1,1,Chennai,iOS,,
CUST005657,Ananya Nair,,normal,11500.0,2,2,0,1.6,1,1,Pune,Android,,
CUST005658,Kiara Sharma,,normal,31200.0,6,5,1,13.2,1,1,Nagpur,Android,,
CUST005659,Aditya Iyer,,group_d_broken_promise,52100.0,10,4,6,36.8,4,1,Nagpur,Desktop,,
CUST005660,Neha Gupta,,normal,25300.0,6,5,1,3.3,0,0,Pune,Android,,
CUST005661,Diya Malhotra,,normal,24000.0,6,6,0,4.9,1,1,Indore,Android,,
CUST005662,Kabir Singh,,dormant_high_ltv,411900.0,59,57,2,5.1,0,0,Kolkata,Android,,
CUST005663,Sanya Chawla,,normal,17100.0,5,5,0,4.5,1,1,Lucknow,iOS,,
CUST005664,Aditya Chawla,,group_d_broken_promise,18700.0,2,1,1,16.9,11,2,Lucknow,Android,,
CUST005665,Rohan Sharma,Chawla Traders Pvt Ltd,b2b,561700.0,63,61,2,7.0,4,3,Jaipur,Android,,
CUST005666,Diya Verma,,normal,23300.0,3,2,1,0.5,0,0,Indore,iOS,,
CUST005667,Neha Patel,Verma Tech Pvt Ltd,b2b,471500.0,68,61,7,14.3,3,3,Jaipur,Android,,
CUST005668,Vivaan Kapoor,,normal,65400.0,8,7,1,8.0,1,1,Mumbai,iOS,,
CUST005669,Karan Malhotra,,normal,7100.0,3,3,0,6.8,2,2,Lucknow,iOS,,
CUST005670,Ananya Chawla,,normal,15300.0,1,1,0,3.1,1,1,Ahmedabad,iOS,,
CUST005671,Diya Sharma,,normal,16100.0,2,1,1,2.3,2,2,Indore,Android,,
CUST005672,Arjun Mehta,,normal,5300.0,2,2,0,1.0,0,0,Chennai,Android,,
CUST005673,Rahul Rao,,normal,49500.0,7,6,1,4.0,2,2,Jaipur,Android,,
CUST005674,Myra Iyer,,normal,11100.0,2,2,0,0.5,2,1,Kolkata,Android,,
CUST005675,Saanvi Bose,,normal,10700.0,2,1,1,1.5,0,0,Nagpur,Desktop,,
CUST005676,Diya Reddy,,normal,8600.0,2,1,1,8.5,0,0,Bangalore,Desktop,,
CUST005677,Sanya Joshi,,group_d_broken_promise,17400.0,4,2,2,38.3,7,2,Lucknow,iOS,,
CUST005678,Ananya Mehta,,normal,15300.0,4,3,1,5.0,0,0,Delhi,Android,,
CUST005679,Neha Singh,,normal,24000.0,2,2,0,3.4,0,0,Pune,iOS,,
CUST005680,Saanvi Verma,,normal,18700.0,4,4,0,2.8,0,0,Hyderabad,iOS,,
CUST005681,Vivaan Verma,,normal,11900.0,1,1,0,6.2,2,2,Ahmedabad,Android,,
CUST005682,Saanvi Rao,,normal,23300.0,3,3,0,7.2,0,0,Indore,Desktop,,
CUST005683,Neha Nair,,group_d_broken_promise,19500.0,4,2,2,21.6,11,3,Ahmedabad,Android,,
CUST005684,Ananya Chawla,,normal,18900.0,2,2,0,4.9,0,0,Delhi,Desktop,,
CUST005685,Meera Joshi,,normal,34700.0,7,6,1,2.2,1,1,Bangalore,Android,,
CUST005686,Simran Nair,,dormant_high_ltv,228400.0,28,24,4,5.3,1,1,Mumbai,Android,,
CUST005687,Ananya Nair,,dormant_high_ltv,366900.0,37,35,2,1.5,1,1,Chennai,Android,,
CUST005688,Priya Iyer,,group_d_broken_promise,39300.0,3,2,1,19.1,6,1,Delhi,Android,,
CUST005689,Kabir Gupta,,normal,13600.0,4,3,1,2.6,0,0,Chennai,Desktop,,
CUST005690,Diya Sharma,,normal,13000.0,3,3,0,3.7,2,1,Chennai,Android,,
CUST005691,Diya Nair,,normal,28600.0,3,3,0,2.6,2,2,Pune,iOS,,
CUST005692,Priya Rao,,group_d_broken_promise,22500.0,5,3,2,43.6,6,1,Jaipur,Android,,
CUST005693,Priya Sharma,,normal,10900.0,2,2,0,1.3,0,0,Pune,iOS,,
CUST005694,Priya Reddy,,normal,8400.0,1,1,0,3.1,2,2,Hyderabad,iOS,,
CUST005695,Neha Gupta,,normal,18600.0,3,3,0,2.8,0,0,Mumbai,Android,,
CUST005696,Priya Bose,Bose Textiles Pvt Ltd,b2b,588700.0,58,47,11,18.3,2,2,Bangalore,iOS,,
CUST005697,Diya Patel,,group_d_broken_promise,19700.0,5,2,3,35.7,9,3,Indore,iOS,,
CUST005698,Myra Sharma,,normal,24400.0,6,5,1,1.6,0,0,Pune,iOS,,
CUST005699,Rohan Joshi,,normal,8100.0,3,2,1,6.1,1,1,Kolkata,Android,,
CUST005700,Rohan Patel,,dormant_high_ltv,504800.0,52,51,1,1.2,2,2,Delhi,iOS,,
CUST005701,Aarav Reddy,,normal,30200.0,5,4,1,7.4,2,2,Bangalore,Desktop,,
CUST005702,Arjun Chawla,,group_d_broken_promise,32000.0,7,4,3,44.1,8,2,Lucknow,iOS,,
CUST005703,Myra Rao,,dormant_high_ltv,466600.0,63,54,9,8.4,1,1,Ahmedabad,Android,,
CUST005704,Meera Kapoor,,normal,7800.0,3,2,1,0.7,0,0,Bangalore,iOS,,
CUST005705,Aarav Reddy,,normal,14000.0,2,2,0,10.1,1,1,Mumbai,Android,,
CUST005706,Arjun Bose,,normal,18800.0,4,3,1,2.1,1,1,Nagpur,Android,,
CUST005707,Rohan Bose,,normal,36400.0,2,2,0,7.3,2,2,Lucknow,Android,,
CUST005708,Aarav Patel,,normal,37600.0,6,6,0,2.6,1,1,Indore,Android,,
CUST005709,Ishaan Patel,,dormant_high_ltv,462700.0,43,39,4,2.7,1,1,Delhi,Android,,
CUST005710,Priya Mehta,,normal,20600.0,1,1,0,1.9,1,1,Ahmedabad,Android,,
CUST005711,Neha Rao,,normal,15200.0,4,3,1,0.6,0,0,Chennai,iOS,,
CUST005712,Priya Patel,,normal,15600.0,4,3,1,0.5,2,2,Ahmedabad,iOS,,
CUST005713,Neha Singh,,normal,46900.0,8,7,1,0.9,0,0,Chennai,Android,,
CUST005714,Sanya Gupta,,normal,33300.0,4,3,1,0.6,2,2,Hyderabad,Desktop,,
CUST005715,Aditya Iyer,,group_d_broken_promise,29800.0,6,2,4,19.8,4,1,Bangalore,iOS,,
CUST005716,Vivaan Singh,,group_d_broken_promise,19900.0,2,1,1,21.0,11,2,Lucknow,Android,,
CUST005717,Sanya Patel,,normal,22800.0,5,4,1,6.8,2,2,Chennai,Android,,
CUST005718,Rahul Rao,,normal,21000.0,4,3,1,1.6,1,1,Jaipur,iOS,,
CUST005719,Sanya Singh,,group_d_broken_promise,11700.0,2,1,1,36.3,3,1,Pune,Android,,
CUST005720,Saanvi Mehta,,group_d_broken_promise,38900.0,7,3,4,17.4,5,1,Kolkata,iOS,,
CUST005721,Kabir Sharma,,normal,20000.0,6,5,1,0.6,2,2,Lucknow,Android,,
CUST005722,Rahul Verma,,dormant_high_ltv,431600.0,56,50,6,9.9,2,2,Chennai,Android,,
CUST005723,Aman Malhotra,,dormant_high_ltv,521700.0,50,46,4,0.2,1,1,Hyderabad,Android,,
CUST005724,Priya Patel,,normal,7000.0,4,4,0,2.1,0,0,Kolkata,Android,,
CUST005725,Ishaan Mehta,,normal,4600.0,3,3,0,2.1,2,2,Pune,Android,,
CUST005726,Rahul Singh,,normal,16800.0,3,2,1,3.1,0,0,Ahmedabad,iOS,,
CUST005727,Ishaan Verma,,normal,10200.0,3,3,0,7.8,1,1,Kolkata,iOS,,
CUST005728,Ishaan Bose,Reddy Retail Pvt Ltd,b2b,278100.0,27,23,4,4.0,4,4,Delhi,iOS,,
CUST005729,Sanya Singh,,normal,21100.0,4,3,1,5.8,0,0,Bangalore,Android,,
CUST005730,Neha Iyer,Iyer Solutions Pvt Ltd,b2b,292400.0,43,35,8,3.2,1,1,Lucknow,Android,,
CUST005731,Kabir Rao,Joshi Textiles Pvt Ltd,b2b,529900.0,60,48,12,6.5,2,2,Ahmedabad,Android,,
CUST005732,Priya Mehta,,normal,20300.0,5,4,1,0.8,2,2,Indore,Desktop,,
CUST005733,Ananya Iyer,,normal,8300.0,1,1,0,3.1,0,0,Nagpur,Android,,
CUST005734,Rahul Chawla,,normal,21300.0,3,3,0,3.1,2,2,Lucknow,Android,,
CUST005735,Rahul Joshi,,group_d_broken_promise,30100.0,1,0,1,21.1,9,1,Ahmedabad,Android,,
CUST005736,Saanvi Rao,,normal,21900.0,3,2,1,0.7,1,1,Bangalore,Desktop,,
CUST005737,Rohan Malhotra,,normal,21600.0,2,1,1,1.2,0,0,Delhi,Android,,
CUST005738,Rohan Reddy,,normal,13700.0,1,1,0,1.3,2,2,Pune,Android,,
CUST005739,Rahul Rao,,normal,23800.0,4,4,0,1.6,0,0,Ahmedabad,iOS,,
CUST005740,Ishaan Bose,,normal,24600.0,4,3,1,1.8,2,2,Ahmedabad,Android,,
CUST005741,Sanya Gupta,,normal,23700.0,1,1,0,6.6,2,1,Lucknow,iOS,,
CUST005742,Aarav Patel,,normal,16400.0,3,2,1,2.8,1,1,Lucknow,Android,,
CUST005743,Aditya Reddy,,normal,39000.0,10,9,1,1.0,1,1,Bangalore,iOS,,
CUST005744,Rahul Kapoor,,normal,34800.0,6,5,1,4.2,1,1,Kolkata,Android,,
CUST005745,Aarav Patel,,normal,19500.0,2,2,0,7.3,2,1,Ahmedabad,Desktop,,
CUST005746,Aman Malhotra,,dormant_high_ltv,347200.0,49,44,5,2.5,0,0,Pune,iOS,,
CUST005747,Aditya Nair,,group_d_broken_promise,10200.0,2,1,1,27.1,6,2,Pune,Android,,
CUST005748,Aditya Joshi,,normal,13100.0,4,3,1,2.2,0,0,Nagpur,Android,,
CUST005749,Kabir Bose,,normal,12300.0,1,1,0,1.1,0,0,Jaipur,Android,,
CUST005750,Simran Malhotra,,normal,24900.0,3,3,0,3.8,0,0,Hyderabad,Desktop,,
CUST005751,Kabir Malhotra,,dormant_high_ltv,329400.0,45,40,5,1.6,0,0,Ahmedabad,Desktop,,
CUST005752,Neha Chawla,,normal,9500.0,1,1,0,4.0,0,0,Jaipur,Android,,
CUST005753,Ananya Iyer,,normal,25800.0,2,2,0,7.2,1,1,Delhi,iOS,,
CUST005754,Priya Singh,,normal,8800.0,1,1,0,4.5,2,2,Indore,iOS,,
CUST005755,Meera Sharma,,group_d_broken_promise,55900.0,12,5,7,20.3,6,1,Indore,Android,,
CUST005756,Kiara Bose,,normal,17900.0,2,2,0,0.5,2,2,Delhi,Android,,
CUST005757,Kiara Joshi,,group_d_broken_promise,10000.0,3,1,2,18.0,9,1,Chennai,iOS,,
CUST005758,Saanvi Mehta,,normal,24800.0,1,1,0,4.8,1,1,Indore,Android,,
CUST005759,Aman Gupta,Sharma Foods Pvt Ltd,b2b,356200.0,30,27,3,12.2,3,3,Hyderabad,Android,,
CUST005760,Karan Patel,,dormant_high_ltv,657100.0,61,55,6,0.9,1,1,Kolkata,Android,,
CUST005761,Meera Patel,,group_d_broken_promise,18000.0,2,1,1,17.6,9,3,Delhi,Android,,
CUST005762,Kabir Malhotra,,normal,12600.0,2,2,0,3.9,0,0,Hyderabad,Android,,
CUST005763,Kiara Malhotra,,normal,29900.0,5,4,1,7.7,2,2,Pune,Android,,
CUST005764,Vivaan Malhotra,,normal,15400.0,2,2,0,0.5,2,2,Hyderabad,Android,,
CUST005765,Vivaan Reddy,,normal,18700.0,2,2,0,7.0,1,1,Lucknow,Android,,
CUST005766,Kabir Nair,,normal,6400.0,3,2,1,1.0,1,1,Jaipur,Android,,
CUST005767,Rahul Mehta,,normal,8700.0,2,2,0,3.4,0,0,Hyderabad,Desktop,,
CUST005768,Myra Iyer,,normal,6600.0,1,1,0,10.8,1,1,Delhi,Android,,
CUST005769,Neha Joshi,,normal,27100.0,3,2,1,2.5,2,2,Mumbai,Desktop,,
CUST005770,Karan Bose,,normal,15100.0,1,1,0,0.9,0,0,Nagpur,iOS,,
CUST005771,Karan Mehta,,normal,31500.0,5,4,1,3.6,1,1,Mumbai,iOS,,
CUST005772,Diya Joshi,,normal,5600.0,2,2,0,3.9,2,2,Hyderabad,Android,,
CUST005773,Aarav Mehta,Nair Logistics Pvt Ltd,b2b,364000.0,41,36,5,17.2,2,2,Mumbai,Android,,
CUST005774,Rohan Joshi,,normal,23300.0,4,3,1,2.6,0,0,Chennai,Android,,
CUST005775,Rohan Bose,Patel Enterprises Pvt Ltd,b2b,233200.0,27,25,2,9.1,4,3,Pune,Android,,
CUST005776,Ananya Patel,,dormant_high_ltv,338400.0,36,34,2,1.1,0,0,Jaipur,iOS,,
CUST005777,Saanvi Iyer,,normal,6400.0,1,1,0,1.6,0,0,Chennai,Android,,
CUST005778,Sanya Mehta,,normal,11900.0,2,2,0,3.5,1,1,Ahmedabad,iOS,,
CUST005779,Arjun Malhotra,,normal,17700.0,2,2,0,5.2,1,1,Lucknow,iOS,,
CUST005780,Aarav Iyer,,group_d_broken_promise,18500.0,4,2,2,17.8,5,1,Kolkata,Android,,
CUST005781,Kiara Mehta,,normal,14800.0,1,1,0,3.0,2,2,Lucknow,iOS,,
CUST005782,Aarav Kapoor,,normal,21600.0,4,4,0,0.8,0,0,Nagpur,Android,,
CUST005783,Ananya Nair,,normal,13600.0,4,3,1,2.4,2,1,Pune,Android,,
CUST005784,Rahul Verma,,normal,16700.0,2,2,0,0.8,0,0,Mumbai,iOS,,
CUST005785,Aman Nair,Singh Apparel Pvt Ltd,b2b,520600.0,63,60,3,3.8,2,2,Nagpur,Android,,
CUST005786,Kiara Iyer,,normal,10800.0,2,2,0,2.6,1,1,Chennai,Android,,
CUST005787,Kabir Joshi,,normal,25400.0,8,7,1,4.6,2,2,Ahmedabad,Android,,
CUST005788,Ishaan Patel,,normal,19900.0,6,5,1,1.4,1,1,Hyderabad,Android,,
CUST005789,Meera Nair,,normal,23100.0,4,4,0,7.7,1,1,Hyderabad,iOS,,
CUST005790,Kabir Joshi,,normal,18400.0,3,2,1,2.2,1,1,Jaipur,Android,,
CUST005791,Kiara Gupta,,normal,27800.0,4,3,1,2.2,0,0,Indore,iOS,,
CUST005792,Ishaan Malhotra,,normal,13800.0,2,1,1,1.6,0,0,Pune,iOS,,
CUST005793,Saanvi Reddy,,group_d_broken_promise,20100.0,5,3,2,29.4,5,1,Chennai,Desktop,,
CUST005794,Saanvi Malhotra,,group_d_broken_promise,19700.0,3,2,1,28.3,4,1,Chennai,Android,,
CUST005795,Simran Iyer,,normal,19300.0,4,3,1,3.1,0,0,Pune,Android,,
CUST005796,Saanvi Nair,,normal,69700.0,14,13,1,0.2,2,2,Jaipur,Android,,
CUST005797,Rohan Patel,,normal,9900.0,3,3,0,2.4,0,0,Bangalore,iOS,,
CUST005798,Neha Sharma,,normal,32400.0,6,6,0,2.0,0,0,Lucknow,iOS,,
CUST005799,Aman Bose,,normal,53200.0,6,4,2,4.7,0,0,Ahmedabad,Android,,
CUST005800,Saanvi Rao,,normal,24300.0,5,4,1,4.7,0,0,Ahmedabad,Android,,
CUST005801,Simran Reddy,,normal,4900.0,4,4,0,2.7,1,1,Ahmedabad,iOS,,
CUST005802,Meera Gupta,,normal,10100.0,2,2,0,0.5,0,0,Lucknow,iOS,,
CUST005803,Meera Mehta,,normal,21800.0,6,4,2,0.4,0,0,Chennai,Android,,
CUST005804,Kabir Joshi,,normal,18500.0,4,3,1,5.6,1,1,Delhi,iOS,,
CUST005805,Aarav Singh,,normal,39800.0,4,3,1,2.8,0,0,Kolkata,Android,,
CUST005806,Karan Singh,,normal,40500.0,5,5,0,2.9,1,1,Delhi,iOS,,
CUST005807,Meera Nair,,normal,17800.0,4,4,0,0.8,1,1,Nagpur,Android,,
CUST005808,Rahul Iyer,,normal,18500.0,4,4,0,4.7,2,2,Kolkata,Desktop,,
CUST005809,Karan Chawla,,dormant_high_ltv,291200.0,33,30,3,2.9,1,1,Pune,Android,,
CUST005810,Karan Bose,,normal,14200.0,3,3,0,3.2,0,0,Hyderabad,Android,,
CUST005811,Aditya Chawla,,normal,23700.0,4,3,1,3.5,1,1,Ahmedabad,Desktop,,
CUST005812,Arjun Patel,,dormant_high_ltv,379200.0,48,47,1,2.3,2,2,Lucknow,Android,,
CUST005813,Priya Bose,,normal,11500.0,2,1,1,3.6,1,1,Lucknow,iOS,,
CUST005814,Myra Gupta,,normal,17400.0,3,3,0,0.7,1,1,Lucknow,Desktop,,
CUST005815,Neha Singh,,normal,12000.0,3,2,1,2.0,1,1,Lucknow,Desktop,,
CUST005816,Ishaan Reddy,,normal,21000.0,4,4,0,4.7,1,1,Mumbai,Android,,
CUST005817,Priya Gupta,Kapoor Logistics Pvt Ltd,b2b,431300.0,43,37,6,5.7,2,2,Nagpur,Android,,
CUST005818,Karan Nair,Reddy Solutions Pvt Ltd,b2b,318700.0,47,38,9,9.0,2,2,Mumbai,Android,,
CUST005819,Myra Gupta,,normal,31300.0,4,4,0,7.2,1,1,Chennai,iOS,,
CUST005820,Ananya Rao,,normal,8800.0,3,2,1,2.6,2,2,Pune,Android,,
CUST005821,Aditya Singh,,normal,16900.0,3,3,0,1.4,2,2,Jaipur,iOS,,
CUST005822,Ishaan Kapoor,,normal,36400.0,1,1,0,3.6,2,2,Delhi,Android,,
CUST005823,Neha Iyer,,normal,42200.0,5,4,1,3.4,2,2,Mumbai,Android,,
CUST005824,Priya Verma,,group_d_broken_promise,14400.0,2,1,1,31.6,5,1,Lucknow,Android,,
CUST005825,Aditya Chawla,,normal,14300.0,4,3,1,2.4,2,2,Bangalore,iOS,,
CUST005826,Priya Iyer,,group_d_broken_promise,28700.0,8,4,4,30.3,7,2,Pune,Android,,
CUST005827,Sanya Verma,,normal,12300.0,2,2,0,4.1,1,1,Delhi,iOS,,
CUST005828,Aman Rao,Reddy Industries Pvt Ltd,b2b,293200.0,40,34,6,7.0,3,3,Lucknow,Android,,
CUST005829,Saanvi Sharma,,normal,4300.0,1,1,0,6.8,2,2,Kolkata,Android,,
CUST005830,Kiara Patel,,normal,33100.0,4,3,1,1.9,1,1,Kolkata,Android,,
CUST005831,Karan Sharma,,normal,32000.0,3,2,1,1.3,2,2,Indore,iOS,,
CUST005832,Rahul Kapoor,Patel Industries Pvt Ltd,b2b,552700.0,64,57,7,18.9,1,1,Bangalore,iOS,,
CUST005833,Simran Singh,Nair Exports Pvt Ltd,b2b,279300.0,37,30,7,17.0,2,2,Hyderabad,Desktop,,
CUST005834,Ananya Patel,,normal,19800.0,5,4,1,1.9,1,1,Indore,iOS,,
CUST005835,Diya Verma,,normal,56300.0,6,5,1,13.6,1,1,Indore,Android,,
CUST005836,Myra Kapoor,,group_d_broken_promise,42100.0,3,2,1,21.1,11,3,Jaipur,iOS,,
CUST005837,Priya Kapoor,,normal,18500.0,6,4,2,6.6,2,2,Bangalore,Android,,
CUST005838,Neha Joshi,,normal,33600.0,4,4,0,0.0,2,2,Hyderabad,Android,,
CUST005839,Diya Bose,,normal,14700.0,2,2,0,1.6,0,0,Delhi,Android,,
CUST005840,Priya Patel,,group_d_broken_promise,28500.0,10,4,6,37.5,7,2,Pune,Desktop,,
CUST005841,Meera Patel,,normal,16500.0,3,2,1,5.3,2,2,Jaipur,Desktop,,
CUST005842,Diya Singh,Singh Distributors Pvt Ltd,b2b,209700.0,26,23,3,3.0,2,2,Hyderabad,Android,,
CUST005843,Aarav Verma,Kapoor Tech Pvt Ltd,b2b,564800.0,65,62,3,15.5,1,1,Jaipur,Android,,
CUST005844,Aman Singh,,normal,21700.0,4,4,0,1.9,1,1,Bangalore,Desktop,,
CUST005845,Aarav Reddy,,normal,12000.0,3,2,1,2.8,2,2,Lucknow,Android,,
CUST005846,Arjun Kapoor,,normal,28900.0,7,6,1,9.1,2,2,Nagpur,Android,,
CUST005847,Saanvi Singh,,normal,20200.0,1,1,0,2.3,1,1,Indore,iOS,,
CUST005848,Neha Patel,Rao Enterprises Pvt Ltd,b2b,569300.0,63,56,7,5.0,4,3,Indore,Android,,
CUST005849,Rahul Malhotra,,group_d_broken_promise,30900.0,6,3,3,21.8,7,2,Nagpur,Android,,
CUST005850,Aarav Patel,,normal,7100.0,1,1,0,1.9,0,0,Indore,iOS,,
CUST005851,Aarav Singh,,normal,34100.0,3,3,0,0.3,0,0,Ahmedabad,Android,,
CUST005852,Karan Reddy,,normal,11500.0,3,3,0,5.7,1,1,Ahmedabad,Android,,
CUST005853,Arjun Chawla,,dormant_high_ltv,415900.0,61,59,2,4.9,2,2,Delhi,Android,,
CUST005854,Aarav Joshi,Reddy Industries Pvt Ltd,b2b,278900.0,41,38,3,5.2,5,4,Kolkata,iOS,,
CUST005855,Priya Patel,,dormant_high_ltv,522700.0,64,60,4,1.6,1,1,Jaipur,Android,,
CUST005856,Arjun Mehta,,normal,12100.0,4,3,1,0.4,1,1,Delhi,Android,,
CUST005857,Kiara Chawla,,normal,16400.0,2,2,0,4.3,0,0,Delhi,Android,,
CUST005858,Priya Iyer,,normal,24000.0,4,3,1,2.2,0,0,Hyderabad,iOS,,
CUST005859,Rahul Reddy,,normal,22400.0,2,1,1,4.4,1,1,Kolkata,Android,,
CUST005860,Vivaan Bose,Singh Exports Pvt Ltd,b2b,733100.0,70,61,9,6.1,4,3,Bangalore,iOS,,
CUST005861,Rohan Malhotra,,normal,40000.0,7,7,0,5.2,1,1,Delhi,iOS,,
CUST005862,Kiara Chawla,,dormant_high_ltv,367100.0,48,41,7,3.1,0,0,Delhi,iOS,,
CUST005863,Aarav Patel,,normal,21800.0,3,3,0,9.0,2,2,Ahmedabad,iOS,,
CUST005864,Simran Patel,,normal,8400.0,2,2,0,0.6,1,1,Pune,iOS,,
CUST005865,Aarav Iyer,,normal,10700.0,1,1,0,2.7,0,0,Nagpur,iOS,,
CUST005866,Diya Bose,Singh Textiles Pvt Ltd,b2b,341700.0,43,40,3,9.9,3,2,Indore,Desktop,,
CUST005867,Priya Iyer,,normal,8100.0,1,1,0,9.1,2,2,Ahmedabad,Android,,
CUST005868,Diya Mehta,,normal,8000.0,1,1,0,12.8,2,1,Nagpur,Android,,
CUST005869,Neha Malhotra,,group_d_broken_promise,22700.0,7,3,4,39.5,5,2,Kolkata,Android,,
CUST005870,Arjun Joshi,,group_d_broken_promise,28000.0,6,2,4,29.6,10,3,Jaipur,Android,,
CUST005871,Priya Iyer,,normal,15400.0,1,1,0,2.8,0,0,Ahmedabad,Android,,
CUST005872,Myra Nair,Patel Foods Pvt Ltd,b2b,280000.0,32,26,6,14.1,4,3,Jaipur,Android,,
CUST005873,Aman Gupta,,group_d_broken_promise,32100.0,4,2,2,26.9,11,2,Indore,iOS,,
CUST005874,Kiara Verma,,group_d_broken_promise,37200.0,7,3,4,33.7,5,2,Delhi,Android,,
CUST005875,Diya Singh,,group_d_broken_promise,19000.0,3,2,1,18.0,10,3,Indore,Desktop,,
CUST005876,Karan Chawla,,normal,32800.0,6,6,0,2.7,2,1,Kolkata,iOS,,
CUST005877,Kabir Rao,,normal,20100.0,2,2,0,1.7,1,1,Pune,iOS,,
CUST005878,Aman Nair,,group_d_broken_promise,17900.0,5,2,3,25.9,8,1,Hyderabad,iOS,,
CUST005879,Diya Singh,,normal,24500.0,6,6,0,4.4,0,0,Jaipur,Android,,
CUST005880,Simran Gupta,Patel Industries Pvt Ltd,b2b,426100.0,58,54,4,8.4,2,2,Bangalore,iOS,,
CUST005881,Aditya Malhotra,Sharma Tech Pvt Ltd,b2b,221800.0,21,18,3,4.2,4,4,Chennai,Desktop,,
CUST005882,Arjun Singh,Mehta Solutions Pvt Ltd,b2b,252000.0,44,38,6,6.1,2,2,Delhi,Android,,
CUST005883,Kabir Patel,,normal,28700.0,4,3,1,0.6,1,1,Ahmedabad,iOS,,
CUST005884,Neha Chawla,,normal,34000.0,4,3,1,2.0,0,0,Bangalore,Android,,
CUST005885,Arjun Sharma,,normal,12800.0,3,3,0,2.7,2,2,Indore,Android,,
CUST005886,Aman Chawla,,dormant_high_ltv,366400.0,48,45,3,2.1,0,0,Jaipur,Android,,
CUST005887,Vivaan Bose,Mehta Tech Pvt Ltd,b2b,392100.0,44,39,5,5.5,2,1,Bangalore,Desktop,,
CUST005888,Aman Patel,,group_d_broken_promise,8900.0,3,1,2,32.3,10,2,Jaipur,iOS,,
CUST005889,Karan Malhotra,,normal,31600.0,7,6,1,1.9,0,0,Chennai,Android,,
CUST005890,Sanya Iyer,,group_d_broken_promise,64200.0,12,5,7,18.9,8,2,Jaipur,Desktop,,
CUST005891,Rohan Singh,,normal,29400.0,6,5,1,2.8,1,1,Bangalore,Android,,
CUST005892,Rohan Singh,,normal,15100.0,2,1,1,3.1,1,1,Lucknow,Android,,
CUST005893,Sanya Gupta,,normal,12400.0,3,2,1,1.5,0,0,Hyderabad,Android,,
CUST005894,Kiara Joshi,,normal,17300.0,3,2,1,1.4,0,0,Mumbai,Android,,
CUST005895,Priya Iyer,,dormant_high_ltv,405700.0,47,42,5,6.5,0,0,Kolkata,Desktop,,
CUST005896,Diya Rao,,normal,39400.0,5,5,0,8.1,0,0,Chennai,Desktop,,
CUST005897,Karan Gupta,,group_d_broken_promise,62100.0,4,2,2,41.4,4,1,Hyderabad,iOS,,
CUST005898,Kabir Kapoor,,normal,33700.0,8,6,2,2.1,1,1,Lucknow,Android,,
CUST005899,Myra Mehta,,normal,15000.0,1,1,0,2.0,2,2,Jaipur,Android,,
CUST005900,Sanya Joshi,,dormant_high_ltv,351500.0,47,45,2,1.0,1,1,Pune,iOS,,
CUST005901,Myra Gupta,,normal,32100.0,6,5,1,0.5,0,0,Jaipur,Android,,
CUST005902,Vivaan Singh,,dormant_high_ltv,278700.0,30,28,2,0.4,1,1,Mumbai,Android,,
CUST005903,Rahul Sharma,,group_d_broken_promise,25700.0,6,3,3,32.4,9,1,Nagpur,iOS,,
CUST005904,Kabir Reddy,,normal,26600.0,2,2,0,0.4,1,1,Hyderabad,Desktop,,
CUST005905,Ishaan Rao,,normal,24100.0,3,3,0,2.9,0,0,Jaipur,Android,,
CUST005906,Simran Rao,,normal,37700.0,6,5,1,0.0,1,1,Mumbai,Android,,
CUST005907,Kiara Verma,,normal,22300.0,4,3,1,3.9,2,2,Indore,Desktop,,
CUST005908,Ananya Kapoor,,normal,19500.0,3,3,0,6.3,0,0,Ahmedabad,Android,,
CUST005909,Ananya Chawla,Bose Retail Pvt Ltd,b2b,367000.0,45,39,6,12.6,3,3,Ahmedabad,Android,,
CUST005910,Sanya Malhotra,,group_d_broken_promise,26400.0,5,2,3,33.8,7,1,Bangalore,iOS,,
CUST005911,Diya Malhotra,,normal,6500.0,4,4,0,3.1,2,2,Ahmedabad,iOS,,
CUST005912,Ananya Gupta,,group_d_broken_promise,53800.0,11,4,7,24.8,10,3,Hyderabad,Desktop,,
CUST005913,Aman Kapoor,,normal,28500.0,5,4,1,6.8,0,0,Indore,iOS,,
CUST005914,Kabir Sharma,Sharma Industries Pvt Ltd,b2b,489200.0,56,51,5,7.2,5,4,Jaipur,iOS,,
CUST005915,Aarav Bose,Malhotra Industries Pvt Ltd,b2b,232300.0,25,22,3,5.7,5,5,Delhi,Android,,
CUST005916,Priya Verma,,normal,11800.0,3,2,1,1.9,2,2,Bangalore,Desktop,,
CUST005917,Rohan Bose,,normal,10900.0,2,2,0,0.8,0,0,Indore,Desktop,,
CUST005918,Simran Nair,,normal,19800.0,2,2,0,3.9,1,1,Hyderabad,Android,,
CUST005919,Aarav Patel,,normal,10800.0,5,4,1,0.7,0,0,Pune,Android,,
CUST005920,Priya Chawla,Mehta Tech Pvt Ltd,b2b,681700.0,57,51,6,7.2,4,3,Chennai,iOS,,
CUST005921,Ishaan Chawla,,normal,23200.0,5,4,1,1.3,1,1,Delhi,Android,,
CUST005922,Priya Verma,,dormant_high_ltv,296200.0,30,27,3,6.8,2,1,Nagpur,iOS,,
CUST005923,Diya Sharma,,normal,21200.0,6,5,1,2.2,1,1,Mumbai,Android,,
CUST005924,Rahul Malhotra,Kapoor Distributors Pvt Ltd,b2b,304300.0,50,47,3,12.0,5,4,Jaipur,Desktop,,
CUST005925,Kabir Joshi,,normal,20200.0,5,4,1,1.4,2,2,Delhi,Android,,
CUST005926,Neha Reddy,,group_d_broken_promise,14600.0,1,0,1,30.6,7,2,Pune,Android,,
CUST005927,Kiara Bose,,normal,17300.0,4,3,1,5.4,1,1,Mumbai,Android,,
CUST005928,Simran Verma,,normal,28100.0,2,2,0,1.2,0,0,Indore,Desktop,,
CUST005929,Ishaan Chawla,,normal,23300.0,3,2,1,2.5,0,0,Lucknow,iOS,,
CUST005930,Vivaan Iyer,,dormant_high_ltv,563800.0,62,57,5,5.4,2,2,Bangalore,Android,,
CUST005931,Sanya Singh,,normal,23100.0,4,3,1,3.6,0,0,Lucknow,Android,,
CUST005932,Diya Reddy,Malhotra Traders Pvt Ltd,b2b,362200.0,49,41,8,6.1,2,2,Indore,iOS,,
CUST005933,Kabir Malhotra,Bose Retail Pvt Ltd,b2b,299500.0,41,38,3,6.4,5,4,Jaipur,Android,,
CUST005934,Kabir Chawla,Rao Retail Pvt Ltd,b2b,221200.0,27,26,1,12.8,4,4,Hyderabad,Android,,
CUST005935,Kiara Rao,Verma Foods Pvt Ltd,b2b,348200.0,55,50,5,15.5,5,4,Nagpur,Android,,
CUST005936,Aarav Iyer,,normal,12400.0,3,2,1,1.6,2,2,Hyderabad,Android,,
CUST005937,Myra Reddy,Joshi Distributors Pvt Ltd,b2b,449600.0,55,50,5,16.5,2,2,Kolkata,Android,,
CUST005938,Ishaan Malhotra,,normal,18200.0,2,2,0,1.0,2,2,Ahmedabad,Android,,
CUST005939,Rohan Chawla,,normal,12300.0,3,3,0,2.8,1,1,Ahmedabad,Android,,
CUST005940,Simran Gupta,,normal,18000.0,2,2,0,11.3,0,0,Nagpur,Android,,
CUST005941,Saanvi Verma,,normal,13300.0,3,2,1,1.5,2,2,Indore,Android,,
CUST005942,Ananya Mehta,,normal,17800.0,2,2,0,2.6,0,0,Pune,iOS,,
CUST005943,Aditya Bose,,group_d_broken_promise,17000.0,3,2,1,31.7,4,1,Delhi,Android,,
CUST005944,Neha Iyer,,normal,18200.0,5,4,1,4.0,2,2,Delhi,Android,,
CUST005945,Diya Malhotra,,dormant_high_ltv,489900.0,70,64,6,0.5,2,2,Hyderabad,iOS,,
CUST005946,Kiara Nair,Nair Tech Pvt Ltd,b2b,329800.0,48,45,3,24.8,4,3,Hyderabad,Desktop,,
CUST005947,Karan Iyer,,dormant_high_ltv,402100.0,56,48,8,2.3,1,1,Lucknow,iOS,,
CUST005948,Ishaan Chawla,,normal,17800.0,6,5,1,4.7,2,1,Hyderabad,Android,,
CUST005949,Rohan Patel,,normal,28400.0,3,3,0,0.4,1,1,Mumbai,Android,,
CUST005950,Aman Mehta,,normal,24900.0,2,2,0,0.2,0,0,Lucknow,Android,,
CUST005951,Meera Kapoor,Singh Enterprises Pvt Ltd,b2b,261300.0,43,36,7,8.9,2,1,Jaipur,Android,,
CUST005952,Rohan Kapoor,,normal,9500.0,2,1,1,4.1,1,1,Kolkata,Android,,
CUST005953,Rohan Patel,,normal,16800.0,4,3,1,0.7,1,1,Kolkata,Android,,
CUST005954,Karan Chawla,,dormant_high_ltv,466200.0,56,51,5,1.8,1,1,Hyderabad,Android,,
CUST005955,Rahul Mehta,,normal,20200.0,3,3,0,6.0,1,1,Hyderabad,Android,,
CUST005956,Diya Singh,,normal,13000.0,3,3,0,2.0,2,2,Indore,Android,,
CUST005957,Diya Singh,,normal,21200.0,6,6,0,5.5,0,0,Kolkata,Android,,
CUST005958,Aditya Sharma,,dormant_high_ltv,494100.0,49,44,5,3.9,1,1,Lucknow,iOS,,
CUST005959,Diya Reddy,,normal,13800.0,1,1,0,6.6,1,1,Delhi,Android,,
CUST005960,Rohan Bose,Nair Solutions Pvt Ltd,b2b,495400.0,67,60,7,6.4,1,1,Jaipur,Android,,
CUST005961,Myra Gupta,,dormant_high_ltv,342600.0,43,37,6,1.4,0,0,Nagpur,Android,,
CUST005962,Ananya Kapoor,,group_d_broken_promise,55500.0,14,7,7,16.6,3,1,Lucknow,Android,,
CUST005963,Kiara Iyer,,normal,18800.0,3,2,1,4.1,0,0,Ahmedabad,Android,,
CUST005964,Neha Nair,Sharma Exports Pvt Ltd,b2b,502500.0,62,54,8,3.8,1,1,Nagpur,Android,,
CUST005965,Saanvi Malhotra,,normal,11700.0,1,1,0,11.1,2,2,Chennai,Android,,
CUST005966,Arjun Mehta,Bose Traders Pvt Ltd,b2b,323700.0,39,36,3,13.6,3,2,Mumbai,Android,,
CUST005967,Arjun Joshi,,normal,17700.0,3,2,1,2.3,2,1,Hyderabad,Android,,
CUST005968,Neha Joshi,Iyer Industries Pvt Ltd,b2b,400900.0,43,41,2,10.7,5,4,Kolkata,Desktop,,
CUST005969,Aditya Mehta,,normal,25200.0,5,4,1,3.5,0,0,Kolkata,Android,,
CUST005970,Aman Iyer,,normal,27000.0,7,6,1,1.2,1,1,Jaipur,Android,,
CUST005971,Priya Bose,,normal,19000.0,4,3,1,3.2,1,1,Bangalore,Android,,
CUST005972,Aman Reddy,,dormant_high_ltv,310800.0,31,27,4,0.8,2,2,Kolkata,Desktop,,
CUST005973,Myra Rao,,normal,48100.0,8,6,2,3.2,2,2,Jaipur,iOS,,
CUST005974,Simran Malhotra,,normal,22300.0,3,2,1,1.4,0,0,Indore,Desktop,,
CUST005975,Aman Nair,,normal,27400.0,5,5,0,1.3,1,1,Hyderabad,Android,,
CUST005976,Arjun Malhotra,Kapoor Exports Pvt Ltd,b2b,494000.0,66,59,7,5.2,1,1,Lucknow,Desktop,,
CUST005977,Kabir Iyer,,normal,34700.0,9,8,1,0.1,0,0,Hyderabad,Desktop,,
CUST005978,Ananya Nair,Joshi Retail Pvt Ltd,b2b,447700.0,57,53,4,5.4,3,3,Mumbai,iOS,,
CUST005979,Saanvi Gupta,,group_d_broken_promise,22600.0,2,1,1,46.3,8,2,Bangalore,iOS,,
CUST005980,Karan Iyer,,normal,13100.0,2,1,1,1.0,2,1,Chennai,Android,,
CUST005981,Myra Iyer,,normal,25100.0,3,3,0,0.5,2,2,Mumbai,Android,,
CUST005982,Rahul Mehta,,normal,21100.0,3,2,1,0.6,2,1,Bangalore,iOS,,
CUST005983,Vivaan Gupta,,normal,25500.0,4,4,0,1.4,2,2,Mumbai,iOS,,
CUST005984,Priya Chawla,Gupta Apparel Pvt Ltd,b2b,396800.0,51,47,4,14.6,2,2,Delhi,Android,,
CUST005985,Aarav Reddy,,normal,30500.0,4,3,1,2.1,0,0,Jaipur,Android,,
CUST005986,Karan Singh,,normal,12000.0,1,1,0,0.1,2,2,Delhi,Android,,
CUST005987,Meera Nair,,dormant_high_ltv,546100.0,67,64,3,0.5,0,0,Lucknow,Android,,
CUST005988,Ananya Sharma,,normal,47100.0,7,7,0,7.9,2,2,Hyderabad,iOS,,
CUST005989,Kiara Bose,,normal,19400.0,3,3,0,0.4,2,2,Ahmedabad,iOS,,
CUST005990,Karan Singh,,normal,16000.0,4,3,1,0.9,1,1,Jaipur,Desktop,,
CUST005991,Simran Malhotra,,group_d_broken_promise,15900.0,4,2,2,14.1,7,1,Lucknow,Android,,
CUST005992,Rohan Singh,,normal,5700.0,3,2,1,5.0,1,1,Ahmedabad,iOS,,
CUST005993,Diya Malhotra,,normal,33500.0,4,3,1,1.1,1,1,Nagpur,Android,,
CUST005994,Aarav Mehta,,normal,29400.0,3,2,1,3.5,0,0,Ahmedabad,Android,,
CUST005995,Rahul Rao,,normal,17100.0,2,1,1,0.8,2,2,Delhi,iOS,,
CUST005996,Aman Patel,,normal,7300.0,2,1,1,4.1,2,2,Nagpur,Android,,
CUST005997,Karan Kapoor,,normal,19800.0,5,5,0,1.0,0,0,Kolkata,Android,,
CUST005998,Priya Joshi,,normal,9000.0,3,3,0,4.0,0,0,Chennai,iOS,,
CUST005999,Rahul Chawla,,normal,31800.0,3,3,0,4.8,1,1,Indore,Android,,
CUST006000,Aditya Nair,,normal,16900.0,6,5,1,12.5,0,0,Ahmedabad,Android,,
CUST006001,Myra Bose,,normal,11500.0,4,3,1,2.7,1,1,Lucknow,iOS,,
CUST006002,Diya Patel,,group_d_broken_promise,33000.0,3,1,2,16.1,4,1,Jaipur,Android,,
CUST006003,Rohan Singh,,normal,21500.0,4,3,1,2.3,1,1,Jaipur,iOS,,
CUST006004,Sanya Iyer,,group_d_broken_promise,19100.0,5,2,3,32.7,7,1,Indore,Android,,
CUST006005,Rohan Mehta,,dormant_high_ltv,237800.0,38,35,3,0.4,0,0,Chennai,Android,,
CUST006006,Diya Sharma,,normal,23100.0,2,2,0,3.4,2,1,Nagpur,Android,,
CUST006007,Saanvi Reddy,,normal,24500.0,7,5,2,2.1,2,2,Bangalore,Android,,
CUST006008,Saanvi Malhotra,,normal,11900.0,3,2,1,13.1,1,1,Ahmedabad,iOS,,
CUST006009,Diya Nair,,normal,30300.0,5,4,1,2.4,1,1,Mumbai,iOS,,
CUST006010,Aman Iyer,,normal,17100.0,3,2,1,1.1,2,2,Jaipur,Android,,
CUST006011,Arjun Bose,,normal,6400.0,2,2,0,1.6,0,0,Chennai,iOS,,
CUST006012,Ishaan Sharma,,normal,18100.0,1,1,0,2.5,2,2,Hyderabad,Android,,
CUST006013,Simran Reddy,,dormant_high_ltv,468300.0,59,52,7,6.1,2,2,Mumbai,Android,,
CUST006014,Kiara Rao,,normal,18000.0,4,3,1,16.6,2,2,Chennai,Desktop,,
CUST006015,Meera Rao,,group_d_broken_promise,50700.0,4,2,2,18.7,7,2,Kolkata,Android,,
CUST006016,Ishaan Verma,,dormant_high_ltv,424800.0,60,52,8,4.6,1,1,Kolkata,Android,,
CUST006017,Aman Verma,,group_d_broken_promise,27900.0,3,2,1,16.3,9,1,Hyderabad,Desktop,,
CUST006018,Kabir Patel,,normal,17800.0,4,3,1,4.0,0,0,Bangalore,iOS,,
CUST006019,Sanya Mehta,,normal,21700.0,4,4,0,2.8,2,2,Chennai,iOS,,
CUST006020,Sanya Malhotra,,normal,41800.0,8,7,1,7.8,2,2,Jaipur,Android,,
CUST006021,Rohan Rao,,normal,18300.0,4,4,0,5.0,2,2,Kolkata,Desktop,,
CUST006022,Aditya Bose,,normal,19500.0,3,2,1,4.9,1,1,Delhi,Android,,
CUST006023,Saanvi Bose,,group_d_broken_promise,19400.0,6,3,3,23.8,4,1,Hyderabad,Android,,
CUST006024,Aditya Nair,,normal,14300.0,2,2,0,3.0,2,2,Ahmedabad,Android,,
CUST006025,Simran Mehta,,normal,18300.0,5,4,1,4.9,1,1,Delhi,Desktop,,
CUST006026,Saanvi Malhotra,,normal,24800.0,3,3,0,2.5,2,2,Bangalore,iOS,,
CUST006027,Rahul Iyer,,group_d_broken_promise,19900.0,4,2,2,32.5,6,2,Mumbai,iOS,,
CUST006028,Diya Gupta,,group_d_broken_promise,32200.0,1,1,0,21.8,5,1,Lucknow,Android,,
CUST006029,Kabir Patel,,normal,25000.0,3,3,0,0.6,2,2,Ahmedabad,iOS,,
CUST006030,Karan Mehta,,group_d_broken_promise,24000.0,4,2,2,12.2,7,2,Lucknow,iOS,,
CUST006031,Sanya Rao,,normal,36100.0,5,4,1,1.0,2,2,Kolkata,iOS,,
CUST006032,Aditya Kapoor,,normal,7000.0,2,1,1,1.2,0,0,Indore,Android,,
CUST006033,Ishaan Bose,,group_d_broken_promise,22400.0,3,1,2,25.2,10,3,Indore,iOS,,
CUST006034,Vivaan Kapoor,,dormant_high_ltv,529800.0,55,51,4,0.0,1,1,Chennai,Android,,
CUST006035,Kiara Chawla,,normal,28700.0,7,6,1,3.5,1,1,Indore,Android,,
CUST006036,Karan Joshi,,normal,26500.0,2,1,1,2.2,1,1,Jaipur,Android,,
CUST006037,Aditya Reddy,,normal,8400.0,1,1,0,2.1,0,0,Chennai,iOS,,
CUST006038,Aditya Mehta,Chawla Traders Pvt Ltd,b2b,440900.0,54,47,7,5.3,3,2,Kolkata,Android,,
CUST006039,Neha Joshi,Sharma Logistics Pvt Ltd,b2b,411000.0,42,40,2,11.4,1,1,Pune,Android,,
CUST006040,Rahul Nair,,normal,35700.0,4,3,1,2.6,2,2,Bangalore,Android,,
CUST006041,Arjun Rao,,normal,9300.0,2,2,0,1.7,0,0,Delhi,Android,,
CUST006042,Karan Malhotra,,dormant_high_ltv,473100.0,49,44,5,1.1,2,2,Indore,Android,,
CUST006043,Aarav Singh,,normal,25100.0,2,2,0,2.9,2,2,Kolkata,Android,,
CUST006044,Kiara Malhotra,,normal,6500.0,1,1,0,3.0,0,0,Pune,Android,,
CUST006045,Aarav Mehta,,normal,11500.0,2,2,0,8.3,2,2,Lucknow,Android,,
CUST006046,Myra Malhotra,,normal,25500.0,3,2,1,1.7,2,2,Delhi,Android,,
CUST006047,Sanya Verma,,normal,26000.0,4,3,1,1.6,2,2,Delhi,Android,,
CUST006048,Aman Reddy,,group_d_broken_promise,37900.0,5,3,2,26.3,3,1,Mumbai,Desktop,,
CUST006049,Aditya Sharma,Rao Apparel Pvt Ltd,b2b,355300.0,42,40,2,9.0,5,5,Nagpur,Android,,
CUST006050,Sanya Rao,,normal,17400.0,3,2,1,2.5,0,0,Ahmedabad,Android,,
CUST006051,Myra Kapoor,,normal,37400.0,8,7,1,3.8,2,1,Mumbai,Android,,
CUST006052,Neha Verma,,normal,25200.0,3,3,0,2.1,2,2,Pune,Desktop,,
CUST006053,Myra Joshi,,normal,30700.0,3,2,1,3.6,2,1,Hyderabad,Desktop,,
CUST006054,Sanya Mehta,Singh Enterprises Pvt Ltd,b2b,230800.0,24,22,2,15.5,5,4,Pune,Android,,
CUST006055,Myra Chawla,,dormant_high_ltv,465400.0,63,56,7,0.2,0,0,Pune,iOS,,
CUST006056,Myra Sharma,,dormant_high_ltv,317900.0,49,42,7,3.3,2,2,Delhi,Android,,
CUST006057,Arjun Rao,,group_d_broken_promise,54200.0,9,4,5,32.1,4,1,Lucknow,Desktop,,
CUST006058,Meera Gupta,,normal,17800.0,2,2,0,8.1,0,0,Lucknow,iOS,,
CUST006059,Ishaan Sharma,,normal,10700.0,1,1,0,1.4,1,1,Jaipur,Android,,
CUST006060,Arjun Iyer,,normal,10600.0,2,2,0,2.2,0,0,Chennai,Android,,
CUST006061,Myra Rao,,normal,15900.0,2,2,0,0.7,0,0,Jaipur,Android,,
CUST006062,Kabir Joshi,,normal,11800.0,2,2,0,0.3,0,0,Jaipur,iOS,,
CUST006063,Aman Rao,,group_d_broken_promise,35300.0,4,2,2,36.8,6,2,Nagpur,Android,,
CUST006064,Aditya Singh,,normal,11400.0,5,4,1,2.7,0,0,Pune,Android,,
CUST006065,Simran Iyer,Joshi Apparel Pvt Ltd,b2b,248600.0,28,23,5,3.8,5,4,Ahmedabad,Android,,
CUST006066,Ananya Mehta,,normal,7700.0,1,1,0,2.1,1,1,Jaipur,Android,,
CUST006067,Simran Rao,,normal,16400.0,4,3,1,2.4,1,1,Indore,iOS,,
CUST006068,Karan Verma,Reddy Industries Pvt Ltd,b2b,417500.0,54,43,11,7.4,5,4,Nagpur,Android,,
CUST006069,Karan Bose,Reddy Textiles Pvt Ltd,b2b,298400.0,43,38,5,11.8,2,2,Chennai,Android,,
CUST006070,Priya Patel,,group_d_broken_promise,18400.0,3,2,1,39.4,5,1,Jaipur,Android,,
CUST006071,Arjun Kapoor,,normal,7700.0,1,1,0,4.3,0,0,Mumbai,Android,,
CUST006072,Karan Bose,,dormant_high_ltv,499500.0,68,60,8,5.3,1,1,Chennai,Desktop,,
CUST006073,Aditya Kapoor,,dormant_high_ltv,452200.0,58,53,5,0.9,1,1,Kolkata,Android,,
CUST006074,Diya Patel,,group_d_broken_promise,15500.0,6,3,3,21.9,10,1,Jaipur,Desktop,,
CUST006075,Diya Mehta,,normal,16200.0,2,2,0,1.7,2,2,Lucknow,Android,,
CUST006076,Sanya Singh,,normal,6800.0,1,1,0,4.8,1,1,Indore,Android,,
CUST006077,Sanya Nair,,normal,15500.0,2,1,1,2.1,2,2,Pune,Android,,
CUST006078,Aarav Verma,,normal,24700.0,7,5,2,3.6,0,0,Indore,iOS,,
CUST006079,Karan Malhotra,,dormant_high_ltv,327600.0,33,30,3,0.2,1,1,Kolkata,Android,,
CUST006080,Aman Chawla,,normal,11500.0,4,3,1,1.9,1,1,Bangalore,Desktop,,
CUST006081,Rohan Sharma,,group_d_broken_promise,36800.0,3,1,2,30.2,3,1,Nagpur,Desktop,,
CUST006082,Karan Iyer,,dormant_high_ltv,425800.0,57,53,4,4.8,1,1,Chennai,Android,,
CUST006083,Sanya Kapoor,,normal,21900.0,2,2,0,3.8,2,2,Chennai,Android,,
CUST006084,Karan Chawla,,group_d_broken_promise,35300.0,2,1,1,24.1,3,0,Indore,Android,,
CUST006085,Sanya Rao,,group_d_broken_promise,21700.0,3,2,1,26.2,8,2,Mumbai,Android,,
CUST006086,Karan Verma,,normal,21100.0,5,4,1,0.8,0,0,Pune,Android,,
CUST006087,Meera Mehta,,normal,13200.0,1,1,0,4.6,2,2,Chennai,iOS,,
CUST006088,Aditya Bose,Iyer Traders Pvt Ltd,b2b,412000.0,42,41,1,14.8,2,2,Hyderabad,Android,,
CUST006089,Sanya Singh,Joshi Logistics Pvt Ltd,b2b,228800.0,35,30,5,9.0,1,1,Delhi,Android,,
CUST006090,Meera Malhotra,,normal,7500.0,3,2,1,3.4,0,0,Mumbai,iOS,,
CUST006091,Kabir Chawla,,dormant_high_ltv,302600.0,34,31,3,5.4,0,0,Mumbai,Desktop,,
CUST006092,Aarav Nair,,group_d_broken_promise,24200.0,4,2,2,23.8,8,2,Jaipur,Desktop,,
CUST006093,Karan Malhotra,,normal,38100.0,8,7,1,4.3,0,0,Pune,Desktop,,
CUST006094,Karan Bose,,normal,28800.0,5,4,1,3.6,1,1,Jaipur,iOS,,
CUST006095,Diya Rao,,normal,13100.0,3,3,0,1.7,1,1,Mumbai,iOS,,
CUST006096,Kiara Patel,,normal,40000.0,4,3,1,3.4,1,1,Indore,iOS,,
CUST006097,Ishaan Sharma,,dormant_high_ltv,387400.0,48,45,3,0.3,2,2,Hyderabad,iOS,,
CUST006098,Aditya Reddy,,normal,28000.0,4,3,1,2.4,2,2,Indore,Android,,
CUST006099,Arjun Joshi,,normal,25600.0,3,2,1,1.5,1,1,Bangalore,Android,,
CUST006100,Aarav Reddy,,group_d_broken_promise,18900.0,1,1,0,22.6,11,3,Indore,Android,,
CUST006101,Karan Malhotra,,normal,9200.0,1,1,0,0.2,0,0,Mumbai,Android,,
CUST006102,Aarav Verma,,group_d_broken_promise,15700.0,2,1,1,18.5,11,4,Chennai,Desktop,,
CUST006103,Simran Singh,,normal,25700.0,5,4,1,0.4,2,2,Lucknow,iOS,,
CUST006104,Arjun Reddy,,normal,32600.0,8,7,1,0.6,2,1,Bangalore,Desktop,,
CUST006105,Meera Joshi,,normal,19600.0,2,2,0,4.9,2,2,Bangalore,Android,,
CUST006106,Vivaan Malhotra,,normal,22000.0,4,3,1,9.4,2,2,Kolkata,iOS,,
CUST006107,Kiara Mehta,,normal,24800.0,7,5,2,1.0,1,1,Indore,Android,,
CUST006108,Kiara Iyer,,group_d_broken_promise,19600.0,6,3,3,15.3,9,2,Bangalore,Android,,
CUST006109,Rahul Rao,,normal,34500.0,11,9,2,2.5,2,2,Pune,iOS,,
CUST006110,Ishaan Mehta,,normal,23100.0,3,2,1,1.3,2,2,Kolkata,Android,,
CUST006111,Rohan Malhotra,,group_d_broken_promise,8100.0,4,2,2,21.7,10,2,Kolkata,iOS,,
CUST006112,Aarav Singh,,normal,24400.0,3,2,1,5.6,2,2,Jaipur,Android,,
CUST006113,Simran Sharma,Gupta Enterprises Pvt Ltd,b2b,269400.0,39,34,5,3.9,3,3,Ahmedabad,iOS,,
CUST006114,Sanya Rao,,normal,21500.0,3,2,1,7.2,1,1,Delhi,Android,,
CUST006115,Kabir Rao,,normal,40600.0,5,4,1,11.3,1,1,Kolkata,iOS,,
CUST006116,Aman Malhotra,,normal,19800.0,3,2,1,2.2,0,0,Ahmedabad,Android,,
CUST006117,Myra Rao,,normal,24300.0,5,4,1,3.2,2,2,Bangalore,iOS,,
CUST006118,Aarav Nair,,group_d_broken_promise,46000.0,9,5,4,29.3,3,1,Kolkata,iOS,,
CUST006119,Sanya Bose,,normal,35600.0,4,4,0,0.9,2,2,Kolkata,Android,,
CUST006120,Rahul Patel,,dormant_high_ltv,743000.0,62,58,4,3.0,0,0,Kolkata,Android,,
CUST006121,Diya Patel,,dormant_high_ltv,313900.0,42,41,1,1.4,2,2,Nagpur,Android,,
CUST006122,Ananya Sharma,,normal,15000.0,2,2,0,1.6,0,0,Delhi,iOS,,
CUST006123,Karan Rao,,normal,44500.0,4,3,1,1.7,2,2,Pune,Android,,
CUST006124,Kabir Singh,Reddy Retail Pvt Ltd,b2b,329800.0,37,34,3,5.3,2,2,Lucknow,Android,,
CUST006125,Aarav Iyer,,dormant_high_ltv,278100.0,34,33,1,5.1,1,1,Delhi,iOS,,
CUST006126,Kiara Patel,Sharma Apparel Pvt Ltd,b2b,162600.0,18,15,3,3.4,1,1,Hyderabad,Desktop,,
CUST006127,Vivaan Singh,Iyer Exports Pvt Ltd,b2b,257700.0,42,39,3,6.6,1,1,Jaipur,iOS,,
CUST006128,Aditya Mehta,,dormant_high_ltv,297000.0,41,36,5,4.0,2,1,Nagpur,Android,,
CUST006129,Ananya Bose,,normal,14200.0,5,4,1,3.5,2,2,Mumbai,iOS,,
CUST006130,Rahul Iyer,,group_d_broken_promise,13500.0,2,1,1,18.5,5,1,Lucknow,iOS,,
CUST006131,Myra Mehta,Verma Traders Pvt Ltd,b2b,281200.0,38,32,6,12.6,5,4,Delhi,Android,,
CUST006132,Myra Singh,,normal,11600.0,2,2,0,0.9,2,2,Indore,Desktop,,
CUST006133,Simran Verma,,normal,24700.0,2,2,0,0.8,2,2,Ahmedabad,Android,,
CUST006134,Neha Bose,Joshi Exports Pvt Ltd,b2b,376500.0,45,38,7,12.6,3,2,Lucknow,Android,,
CUST006135,Aarav Sharma,Bose Distributors Pvt Ltd,b2b,322800.0,39,34,5,4.8,5,4,Delhi,Android,,
CUST006136,Saanvi Singh,Rao Logistics Pvt Ltd,b2b,383700.0,59,53,6,11.5,4,3,Hyderabad,Desktop,,
CUST006137,Aditya Mehta,,normal,13800.0,3,2,1,2.4,2,2,Bangalore,iOS,,
CUST006138,Diya Joshi,,group_d_broken_promise,26000.0,7,3,4,31.6,9,3,Ahmedabad,iOS,,
CUST006139,Diya Mehta,,group_d_broken_promise,9400.0,1,0,1,42.2,4,1,Ahmedabad,Android,,
CUST006140,Rahul Malhotra,,normal,39700.0,3,2,1,8.4,0,0,Pune,Android,,
CUST006141,Diya Sharma,,group_d_broken_promise,34700.0,7,3,4,29.4,11,2,Indore,Android,,
CUST006142,Aman Verma,,group_d_broken_promise,39900.0,8,4,4,32.2,5,1,Delhi,Android,,
CUST006143,Ananya Joshi,,group_d_broken_promise,27100.0,9,3,6,33.2,8,2,Bangalore,Android,,
CUST006144,Vivaan Kapoor,,normal,52000.0,9,8,1,0.1,0,0,Indore,Android,,
CUST006145,Arjun Verma,,normal,11800.0,1,1,0,1.7,1,1,Pune,iOS,,
CUST006146,Priya Mehta,,normal,11300.0,1,1,0,3.3,0,0,Pune,Android,,
CUST006147,Diya Mehta,,normal,11000.0,1,1,0,4.4,2,2,Jaipur,Android,,
CUST006148,Ishaan Mehta,Bose Exports Pvt Ltd,b2b,359800.0,39,37,2,6.4,1,1,Mumbai,Android,,
CUST006149,Aditya Reddy,,normal,6400.0,3,2,1,0.4,1,1,Lucknow,Android,,
CUST006150,Vivaan Sharma,,normal,13600.0,3,2,1,0.3,2,2,Chennai,Android,,
CUST006151,Saanvi Iyer,,normal,31800.0,4,4,0,1.0,0,0,Ahmedabad,Android,,
CUST006152,Aman Singh,,normal,25300.0,4,3,1,4.2,0,0,Chennai,Android,,
CUST006153,Karan Gupta,,normal,17100.0,3,3,0,3.2,2,2,Pune,iOS,,
CUST006154,Meera Iyer,Patel Textiles Pvt Ltd,b2b,318200.0,33,31,2,18.6,4,3,Ahmedabad,Android,,
CUST006155,Aarav Joshi,,normal,23900.0,4,3,1,1.5,0,0,Jaipur,Android,,
CUST006156,Saanvi Mehta,,group_d_broken_promise,25200.0,6,3,3,18.8,4,0,Lucknow,iOS,,
CUST006157,Vivaan Chawla,,normal,9600.0,5,4,1,0.8,2,2,Delhi,Android,,
CUST006158,Kiara Chawla,,dormant_high_ltv,385900.0,59,53,6,6.9,0,0,Pune,Android,,
CUST006159,Karan Verma,,dormant_high_ltv,482800.0,60,53,7,5.4,0,0,Hyderabad,iOS,,
CUST006160,Saanvi Mehta,,normal,19800.0,4,4,0,0.7,2,2,Indore,Android,,
CUST006161,Sanya Joshi,,normal,21700.0,5,4,1,0.4,0,0,Kolkata,iOS,,
CUST006162,Ishaan Patel,,normal,21000.0,5,4,1,1.0,1,1,Hyderabad,iOS,,
CUST006163,Ananya Singh,Sharma Textiles Pvt Ltd,b2b,281800.0,37,35,2,21.3,1,1,Pune,Android,,
CUST006164,Arjun Singh,,normal,13400.0,2,2,0,2.6,0,0,Bangalore,Desktop,,
CUST006165,Ishaan Singh,,normal,13200.0,3,3,0,5.2,2,1,Lucknow,iOS,,
CUST006166,Kiara Iyer,,normal,26600.0,6,4,2,1.2,0,0,Mumbai,Android,,
CUST006167,Rahul Joshi,,normal,25700.0,6,4,2,1.4,0,0,Mumbai,Desktop,,
CUST006168,Aman Rao,,normal,6500.0,1,1,0,1.2,1,1,Ahmedabad,Android,,
CUST006169,Ishaan Rao,Singh Retail Pvt Ltd,b2b,364100.0,48,42,6,4.4,2,2,Kolkata,Android,,
CUST006170,Myra Kapoor,,normal,6500.0,3,2,1,0.6,2,2,Pune,Android,,
CUST006171,Kiara Joshi,,normal,49900.0,8,6,2,0.7,2,2,Chennai,Android,,
CUST006172,Rahul Malhotra,,normal,22000.0,6,4,2,2.1,2,2,Lucknow,Desktop,,
CUST006173,Rohan Singh,,normal,21000.0,2,2,0,3.8,2,2,Nagpur,iOS,,
CUST006174,Ishaan Kapoor,,normal,12100.0,2,2,0,5.1,2,2,Ahmedabad,Android,,
CUST006175,Sanya Chawla,,normal,16000.0,3,3,0,9.8,2,2,Lucknow,Desktop,,
CUST006176,Aarav Verma,,normal,14000.0,3,2,1,1.3,0,0,Indore,Desktop,,
CUST006177,Karan Malhotra,,normal,32000.0,4,3,1,3.8,1,1,Jaipur,Android,,
CUST006178,Neha Iyer,,normal,31200.0,3,2,1,9.6,2,2,Nagpur,Android,,
CUST006179,Neha Iyer,,normal,22200.0,3,2,1,0.6,0,0,Ahmedabad,Desktop,,
CUST006180,Ishaan Singh,,normal,20500.0,6,4,2,5.4,1,1,Ahmedabad,Android,,
CUST006181,Diya Patel,,dormant_high_ltv,408900.0,46,42,4,1.1,1,1,Mumbai,iOS,,
CUST006182,Vivaan Sharma,,normal,24200.0,6,6,0,2.0,1,1,Pune,Android,,
CUST006183,Ishaan Singh,,normal,20300.0,4,4,0,3.7,0,0,Kolkata,iOS,,
CUST006184,Karan Patel,,normal,26600.0,6,5,1,3.5,0,0,Kolkata,Android,,
CUST006185,Meera Verma,,group_d_broken_promise,18800.0,4,2,2,35.6,3,1,Kolkata,Android,,
CUST006186,Kiara Patel,,normal,37300.0,5,4,1,1.8,0,0,Lucknow,iOS,,
CUST006187,Meera Verma,,normal,18400.0,4,4,0,0.7,1,1,Nagpur,Desktop,,
CUST006188,Kabir Gupta,Chawla Tech Pvt Ltd,b2b,545100.0,54,49,5,8.6,2,2,Hyderabad,Desktop,,
CUST006189,Neha Gupta,,normal,12200.0,6,5,1,3.1,0,0,Jaipur,Android,,
CUST006190,Rahul Patel,,normal,20600.0,3,3,0,3.7,1,1,Indore,iOS,,
CUST006191,Karan Kapoor,,normal,14300.0,1,1,0,0.6,0,0,Nagpur,iOS,,
CUST006192,Sanya Patel,,group_d_broken_promise,45400.0,5,2,3,23.1,7,1,Bangalore,iOS,,
CUST006193,Priya Nair,,group_d_broken_promise,12200.0,1,0,1,50.1,5,1,Hyderabad,iOS,,
CUST006194,Rahul Joshi,,normal,8500.0,1,1,0,3.9,1,1,Ahmedabad,Android,,
CUST006195,Aarav Mehta,,dormant_high_ltv,286400.0,40,39,1,1.5,2,1,Jaipur,iOS,,
CUST006196,Meera Verma,,normal,10600.0,2,2,0,3.7,0,0,Kolkata,Android,,
CUST006197,Arjun Reddy,,normal,34600.0,1,1,0,2.4,1,1,Jaipur,Android,,
CUST006198,Vivaan Bose,,group_d_broken_promise,21000.0,4,2,2,22.0,3,1,Ahmedabad,Desktop,,
CUST006199,Aman Bose,,normal,20000.0,2,2,0,1.8,2,1,Ahmedabad,Android,,
CUST006200,Sanya Nair,,normal,15900.0,1,1,0,0.5,0,0,Bangalore,Android,,
CUST006201,Aman Mehta,,normal,21600.0,1,1,0,6.7,1,1,Lucknow,Android,,
CUST006202,Rahul Reddy,,normal,14900.0,1,1,0,1.5,2,2,Jaipur,iOS,,
CUST006203,Kabir Iyer,,normal,35100.0,8,6,2,3.0,2,1,Chennai,Android,,
CUST006204,Aditya Rao,,group_d_broken_promise,17800.0,1,0,1,26.7,3,0,Jaipur,Desktop,,
CUST006205,Neha Patel,,group_d_broken_promise,17500.0,2,1,1,22.4,5,1,Kolkata,iOS,,
CUST006206,Diya Gupta,,normal,49600.0,7,6,1,9.2,1,1,Pune,Android,,
CUST006207,Aman Reddy,,normal,15300.0,6,4,2,3.3,0,0,Kolkata,Android,,
CUST006208,Myra Iyer,Singh Traders Pvt Ltd,b2b,281300.0,48,40,8,10.3,2,2,Bangalore,iOS,,
CUST006209,Saanvi Iyer,,dormant_high_ltv,481100.0,69,61,8,1.8,0,0,Pune,iOS,,
CUST006210,Vivaan Singh,,normal,17900.0,3,3,0,1.7,2,2,Jaipur,iOS,,
CUST006211,Myra Singh,,dormant_high_ltv,252500.0,35,34,1,4.2,0,0,Mumbai,iOS,,
CUST006212,Aman Verma,,normal,23100.0,4,3,1,1.7,1,1,Chennai,iOS,,
CUST006213,Ananya Singh,,normal,10000.0,3,2,1,7.1,0,0,Indore,Desktop,,
CUST006214,Rahul Mehta,,normal,6900.0,1,1,0,0.9,2,2,Lucknow,Android,,
CUST006215,Ishaan Joshi,Malhotra Industries Pvt Ltd,b2b,670500.0,63,60,3,8.6,1,1,Ahmedabad,iOS,,
CUST006216,Meera Rao,,group_d_broken_promise,44800.0,3,2,1,35.6,7,1,Ahmedabad,Desktop,,
CUST006217,Vivaan Patel,,normal,33100.0,6,6,0,3.5,1,1,Indore,iOS,,
CUST006218,Neha Chawla,,normal,15800.0,2,2,0,1.6,1,1,Hyderabad,Android,,
CUST006219,Karan Singh,,group_d_broken_promise,24500.0,6,2,4,22.0,7,2,Chennai,Android,,
CUST006220,Meera Reddy,,normal,15100.0,2,2,0,12.2,2,2,Jaipur,Android,,
CUST006221,Aditya Sharma,,normal,23900.0,5,5,0,7.8,2,2,Indore,iOS,,
CUST006222,Rahul Sharma,Iyer Foods Pvt Ltd,b2b,366600.0,50,41,9,12.9,5,4,Jaipur,iOS,,
CUST006223,Kiara Kapoor,,normal,12200.0,3,3,0,0.9,0,0,Indore,Android,,
CUST006224,Aarav Mehta,,group_d_broken_promise,18700.0,5,2,3,13.8,5,1,Lucknow,Android,,
CUST006225,Aditya Iyer,,normal,14900.0,5,4,1,7.0,0,0,Chennai,iOS,,
CUST006226,Meera Joshi,,group_d_broken_promise,30600.0,3,1,2,20.5,7,2,Delhi,Android,,
CUST006227,Sanya Mehta,,normal,10100.0,1,1,0,0.6,0,0,Mumbai,Android,,
CUST006228,Simran Patel,Reddy Logistics Pvt Ltd,b2b,479900.0,63,56,7,4.3,2,2,Lucknow,Android,,
CUST006229,Aditya Rao,,normal,7500.0,1,1,0,1.7,1,1,Lucknow,Android,,
CUST006230,Vivaan Sharma,,normal,14800.0,2,2,0,1.0,0,0,Bangalore,iOS,,
CUST006231,Rohan Nair,,normal,12100.0,3,3,0,6.0,2,2,Mumbai,Desktop,,
CUST006232,Meera Chawla,,normal,11300.0,2,2,0,4.3,2,1,Ahmedabad,Desktop,,
CUST006233,Rahul Nair,,normal,19400.0,3,2,1,2.0,0,0,Nagpur,iOS,,
CUST006234,Simran Chawla,Sharma Industries Pvt Ltd,b2b,402600.0,49,43,6,4.2,2,2,Mumbai,iOS,,
CUST006235,Vivaan Gupta,,normal,28100.0,8,6,2,3.3,2,2,Bangalore,Android,,
CUST006236,Kabir Bose,,dormant_high_ltv,293300.0,36,33,3,0.1,2,2,Chennai,iOS,,
CUST006237,Neha Rao,,normal,28300.0,7,6,1,4.4,2,2,Chennai,iOS,,
CUST006238,Vivaan Singh,,normal,27700.0,1,1,0,2.4,1,1,Delhi,Android,,
CUST006239,Myra Rao,,normal,13000.0,3,2,1,3.0,2,2,Bangalore,Android,,
CUST006240,Saanvi Rao,,normal,18500.0,3,2,1,3.9,1,1,Lucknow,iOS,,
CUST006241,Vivaan Iyer,,normal,14500.0,2,2,0,3.1,1,1,Hyderabad,Android,,
CUST006242,Aarav Malhotra,,group_d_broken_promise,29400.0,7,3,4,47.1,4,1,Ahmedabad,Android,,
CUST006243,Aarav Sharma,,dormant_high_ltv,347900.0,52,50,2,1.9,0,0,Lucknow,iOS,,
CUST006244,Myra Verma,,normal,13100.0,3,3,0,3.1,2,2,Hyderabad,Android,,
CUST006245,Meera Rao,,group_d_broken_promise,39600.0,5,2,3,36.0,4,1,Lucknow,Android,,
CUST006246,Meera Bose,,group_d_broken_promise,32200.0,5,2,3,39.6,11,3,Nagpur,Android,,
CUST006247,Ishaan Verma,,normal,13500.0,1,1,0,1.0,1,1,Ahmedabad,Android,,
CUST006248,Meera Nair,,normal,10900.0,3,3,0,1.2,2,2,Jaipur,iOS,,
CUST006249,Arjun Kapoor,,normal,21700.0,4,4,0,3.3,0,0,Delhi,iOS,,
CUST006250,Kiara Rao,,normal,32200.0,3,3,0,3.6,0,0,Hyderabad,iOS,,
CUST006251,Aman Chawla,,normal,14300.0,1,1,0,0.3,2,1,Nagpur,iOS,,
CUST006252,Aditya Sharma,Bose Distributors Pvt Ltd,b2b,423900.0,49,42,7,2.9,3,3,Hyderabad,Desktop,,
CUST006253,Meera Sharma,,normal,13500.0,1,1,0,0.4,0,0,Nagpur,Android,,
CUST006254,Meera Nair,,normal,6800.0,1,1,0,3.2,0,0,Chennai,Desktop,,
CUST006255,Neha Bose,,normal,25600.0,2,2,0,2.3,1,1,Lucknow,Desktop,,
CUST006256,Kabir Joshi,,normal,6200.0,2,2,0,4.6,0,0,Delhi,iOS,,
CUST006257,Vivaan Chawla,,normal,19900.0,4,4,0,4.2,2,2,Lucknow,Android,,
CUST006258,Kiara Kapoor,,group_d_broken_promise,25000.0,3,2,1,19.5,7,1,Kolkata,Android,,
CUST006259,Myra Malhotra,,normal,12500.0,2,2,0,5.7,1,1,Chennai,iOS,,
CUST006260,Rohan Patel,Gupta Distributors Pvt Ltd,b2b,257000.0,25,23,2,4.0,1,1,Nagpur,Desktop,,
CUST006261,Ishaan Malhotra,,normal,16700.0,2,1,1,1.6,2,2,Ahmedabad,iOS,,
CUST006262,Ananya Bose,,group_d_broken_promise,25900.0,1,0,1,33.9,4,1,Jaipur,Android,,
CUST006263,Ishaan Mehta,,dormant_high_ltv,540300.0,72,65,7,9.7,0,0,Pune,Android,,
CUST006264,Ishaan Rao,,normal,20500.0,5,4,1,4.0,0,0,Jaipur,Android,,
CUST006265,Rahul Reddy,,normal,19800.0,4,3,1,8.6,2,2,Delhi,Android,,
CUST006266,Karan Bose,,normal,30200.0,5,5,0,3.0,1,1,Lucknow,Desktop,,
CUST006267,Rohan Malhotra,,dormant_high_ltv,413200.0,51,49,2,3.4,1,1,Nagpur,Android,,
CUST006268,Meera Chawla,,normal,6300.0,2,1,1,4.2,0,0,Indore,iOS,,
CUST006269,Karan Mehta,,dormant_high_ltv,417600.0,55,51,4,4.3,0,0,Pune,Desktop,,
CUST006270,Neha Mehta,,dormant_high_ltv,287400.0,39,36,3,2.3,1,1,Lucknow,iOS,,
CUST006271,Myra Iyer,,normal,28400.0,10,8,2,0.1,1,1,Mumbai,Android,,
CUST006272,Kiara Reddy,Chawla Tech Pvt Ltd,b2b,297600.0,36,31,5,9.0,2,2,Indore,Android,,
CUST006273,Aman Kapoor,,normal,20900.0,7,6,1,2.5,2,2,Delhi,Android,,
CUST006274,Aman Malhotra,,dormant_high_ltv,356400.0,47,42,5,3.4,1,1,Pune,Desktop,,
CUST006275,Sanya Iyer,,dormant_high_ltv,516800.0,51,46,5,0.5,1,1,Jaipur,iOS,,
CUST006276,Aman Patel,,normal,31800.0,5,4,1,2.2,2,2,Bangalore,iOS,,
CUST006277,Arjun Iyer,Gupta Industries Pvt Ltd,b2b,195800.0,19,17,2,28.7,4,3,Nagpur,Android,,
CUST006278,Sanya Kapoor,,normal,19200.0,2,2,0,1.9,0,0,Indore,iOS,,
CUST006279,Meera Iyer,,normal,8900.0,3,3,0,2.9,0,0,Kolkata,Android,,
CUST006280,Vivaan Bose,,dormant_high_ltv,444200.0,49,43,6,7.3,1,1,Bangalore,Desktop,,
CUST006281,Neha Verma,,normal,17800.0,5,4,1,2.9,0,0,Hyderabad,Android,,
CUST006282,Arjun Sharma,Patel Logistics Pvt Ltd,b2b,327200.0,47,41,6,7.8,2,2,Jaipur,iOS,,
CUST006283,Ananya Sharma,,normal,25200.0,3,2,1,0.1,2,2,Jaipur,Android,,
CUST006284,Vivaan Bose,,group_d_broken_promise,11900.0,3,2,1,44.9,11,2,Hyderabad,Android,,
CUST006285,Aarav Gupta,,normal,27500.0,5,4,1,5.6,1,1,Jaipur,Desktop,,
CUST006286,Neha Mehta,,normal,18100.0,2,2,0,5.8,1,1,Delhi,iOS,,
CUST006287,Priya Patel,,normal,17000.0,5,4,1,3.3,1,1,Jaipur,Desktop,,
CUST006288,Sanya Sharma,,normal,20700.0,6,5,1,2.2,0,0,Ahmedabad,Android,,
CUST006289,Sanya Iyer,Mehta Retail Pvt Ltd,b2b,438400.0,44,40,4,7.4,5,5,Bangalore,Android,,
CUST006290,Aarav Verma,,normal,29700.0,4,3,1,1.0,0,0,Lucknow,Android,,
CUST006291,Diya Singh,,normal,15000.0,2,2,0,4.4,2,2,Nagpur,Android,,
CUST006292,Neha Joshi,,normal,23100.0,1,1,0,2.6,2,2,Nagpur,Android,,
CUST006293,Neha Chawla,,normal,42500.0,4,3,1,1.9,2,2,Indore,iOS,,
CUST006294,Aarav Kapoor,,normal,56900.0,9,7,2,0.8,1,1,Indore,iOS,,
CUST006295,Priya Gupta,,group_d_broken_promise,31500.0,6,3,3,26.8,4,1,Ahmedabad,iOS,,
CUST006296,Arjun Nair,,normal,29700.0,4,3,1,1.9,0,0,Hyderabad,Android,,
CUST006297,Saanvi Sharma,,normal,16800.0,6,5,1,1.0,0,0,Jaipur,iOS,,
CUST006298,Karan Verma,,normal,10000.0,1,1,0,3.0,0,0,Delhi,Desktop,,
CUST006299,Vivaan Iyer,Joshi Solutions Pvt Ltd,b2b,328000.0,47,41,6,6.3,4,3,Ahmedabad,Desktop,,
CUST006300,Kabir Singh,,normal,22500.0,4,4,0,4.9,1,1,Pune,Android,,
CUST006301,Arjun Sharma,Reddy Textiles Pvt Ltd,b2b,489800.0,66,64,2,10.2,5,4,Pune,Android,,
CUST006302,Ananya Reddy,,normal,37700.0,8,7,1,6.5,1,1,Mumbai,Android,,
CUST006303,Aditya Malhotra,,normal,18200.0,3,2,1,2.1,2,2,Nagpur,Android,,
CUST006304,Meera Iyer,,group_d_broken_promise,16500.0,3,1,2,13.0,5,1,Lucknow,Android,,
CUST006305,Kabir Reddy,,normal,31400.0,6,5,1,0.1,2,2,Bangalore,Android,,
CUST006306,Meera Singh,,group_d_broken_promise,29100.0,4,2,2,20.5,7,2,Indore,Desktop,,
CUST006307,Karan Joshi,,normal,30200.0,3,2,1,7.1,1,1,Ahmedabad,Desktop,,
CUST006308,Simran Rao,,normal,19200.0,2,2,0,7.0,0,0,Bangalore,Android,,
CUST006309,Ananya Reddy,Sharma Industries Pvt Ltd,b2b,307500.0,34,28,6,2.5,5,4,Ahmedabad,Android,,
CUST006310,Meera Mehta,,normal,28800.0,3,2,1,0.5,2,2,Hyderabad,Android,,
CUST006311,Diya Malhotra,,group_d_broken_promise,53600.0,9,4,5,16.4,5,2,Delhi,iOS,,
CUST006312,Diya Mehta,,normal,10600.0,1,1,0,5.8,2,2,Jaipur,Android,,
CUST006313,Meera Rao,,normal,17200.0,5,4,1,6.6,2,2,Mumbai,Desktop,,
CUST006314,Priya Patel,,group_d_broken_promise,27100.0,4,2,2,18.5,10,2,Indore,iOS,,
CUST006315,Diya Verma,,normal,23800.0,7,6,1,8.1,2,2,Ahmedabad,Android,,
CUST006316,Meera Mehta,,normal,18900.0,4,3,1,1.7,2,2,Lucknow,Android,,
CUST006317,Saanvi Rao,,normal,11100.0,4,4,0,4.1,0,0,Hyderabad,iOS,,
CUST006318,Aman Patel,,normal,28800.0,3,3,0,4.5,1,1,Ahmedabad,Android,,
CUST006319,Priya Patel,,normal,23700.0,3,3,0,12.8,0,0,Pune,iOS,,
CUST006320,Ishaan Mehta,,normal,20800.0,6,5,1,0.8,1,1,Bangalore,Android,,
CUST006321,Vivaan Sharma,Verma Apparel Pvt Ltd,b2b,275400.0,31,26,5,8.2,5,4,Jaipur,Desktop,,
CUST006322,Diya Reddy,,normal,34800.0,3,2,1,5.4,2,2,Hyderabad,iOS,,
CUST006323,Priya Singh,,normal,29100.0,4,4,0,1.6,0,0,Hyderabad,iOS,,
CUST006324,Diya Sharma,,group_d_broken_promise,22000.0,2,1,1,16.0,5,1,Lucknow,Desktop,,
CUST006325,Aman Joshi,,normal,5400.0,2,2,0,1.0,1,1,Ahmedabad,Desktop,,
CUST006326,Kiara Chawla,,group_d_broken_promise,21800.0,4,2,2,11.7,4,1,Kolkata,Android,,
CUST006327,Ishaan Mehta,,normal,21000.0,5,4,1,9.3,2,2,Nagpur,Android,,
CUST006328,Myra Rao,,normal,20700.0,4,3,1,1.0,2,2,Bangalore,Android,,
CUST006329,Aarav Rao,,normal,16000.0,6,5,1,2.0,1,1,Indore,Android,,
CUST006330,Saanvi Kapoor,Kapoor Enterprises Pvt Ltd,b2b,293200.0,37,33,4,14.0,5,5,Delhi,Android,,
CUST006331,Saanvi Rao,,normal,6300.0,4,3,1,1.2,1,1,Nagpur,iOS,,
CUST006332,Ishaan Reddy,,normal,12800.0,2,2,0,1.8,0,0,Indore,Android,,
CUST006333,Simran Iyer,,normal,5700.0,3,2,1,5.7,2,2,Hyderabad,Desktop,,
CUST006334,Aman Iyer,,normal,50100.0,8,7,1,4.0,0,0,Chennai,Android,,
CUST006335,Kabir Rao,,normal,19000.0,2,1,1,0.6,1,1,Bangalore,Desktop,,
CUST006336,Priya Nair,,normal,24500.0,1,1,0,2.5,0,0,Indore,Android,,
CUST006337,Aditya Reddy,,normal,11000.0,2,2,0,2.0,1,1,Kolkata,iOS,,
CUST006338,Ananya Singh,Sharma Foods Pvt Ltd,b2b,453900.0,70,56,14,3.8,1,1,Kolkata,Desktop,,
CUST006339,Arjun Gupta,,group_d_broken_promise,30900.0,2,1,1,45.0,7,1,Kolkata,Android,,
CUST006340,Aarav Patel,,normal,6600.0,2,2,0,0.8,0,0,Lucknow,iOS,,
CUST006341,Diya Mehta,,normal,15500.0,3,2,1,0.6,0,0,Pune,Android,,
CUST006342,Sanya Rao,,normal,14400.0,1,1,0,0.3,1,1,Pune,Android,,
CUST006343,Kabir Iyer,,normal,21600.0,2,2,0,1.3,0,0,Lucknow,Android,,
CUST006344,Rohan Chawla,,normal,15800.0,2,1,1,1.9,0,0,Delhi,Android,,
CUST006345,Aditya Bose,Verma Apparel Pvt Ltd,b2b,612100.0,70,65,5,5.3,2,2,Kolkata,Android,,
CUST006346,Ishaan Bose,,normal,55800.0,10,7,3,5.9,1,1,Kolkata,Android,,
CUST006347,Simran Verma,,normal,32100.0,7,5,2,0.7,1,1,Delhi,Android,,
CUST006348,Ishaan Singh,,normal,39300.0,4,3,1,7.5,1,1,Indore,Android,,
CUST006349,Aman Iyer,,normal,19000.0,2,1,1,1.6,0,0,Chennai,Android,,
CUST006350,Saanvi Joshi,,normal,21400.0,6,5,1,9.7,1,1,Jaipur,Android,,
CUST006351,Aman Joshi,,normal,37500.0,11,8,3,4.4,1,1,Chennai,Android,,
CUST006352,Diya Gupta,,normal,15200.0,3,3,0,1.6,0,0,Ahmedabad,Desktop,,
CUST006353,Simran Bose,,normal,23800.0,6,6,0,3.2,2,1,Pune,Android,,
CUST006354,Vivaan Singh,,normal,15800.0,4,3,1,0.4,2,2,Jaipur,iOS,,
CUST006355,Diya Singh,Nair Distributors Pvt Ltd,b2b,697800.0,77,66,11,2.8,5,5,Bangalore,Android,,
CUST006356,Aarav Joshi,,normal,24500.0,3,2,1,3.6,1,1,Chennai,Android,,
CUST006357,Karan Iyer,Singh Exports Pvt Ltd,b2b,436500.0,71,60,11,4.0,2,2,Nagpur,Android,,
CUST006358,Priya Chawla,,normal,9400.0,1,1,0,3.3,1,1,Kolkata,Android,,
CUST006359,Aarav Rao,,normal,14000.0,4,3,1,3.3,1,1,Bangalore,iOS,,
CUST006360,Arjun Gupta,,normal,21600.0,2,2,0,9.1,2,2,Pune,Android,,
CUST006361,Aditya Nair,Bose Traders Pvt Ltd,b2b,481300.0,63,59,4,4.8,5,4,Bangalore,Android,,
CUST006362,Myra Sharma,,normal,22900.0,5,4,1,8.3,1,1,Delhi,iOS,,
CUST006363,Priya Sharma,,normal,27400.0,2,1,1,6.8,1,1,Lucknow,iOS,,
CUST006364,Arjun Iyer,,group_d_broken_promise,28300.0,3,1,2,21.4,6,2,Bangalore,Android,,
CUST006365,Aman Joshi,,normal,10300.0,2,2,0,4.1,2,2,Indore,Android,,
CUST006366,Aarav Nair,,normal,21200.0,4,4,0,2.1,2,2,Indore,iOS,,
CUST006367,Vivaan Patel,,normal,8100.0,1,1,0,2.9,2,1,Pune,Android,,
CUST006368,Saanvi Iyer,Gupta Apparel Pvt Ltd,b2b,209400.0,30,26,4,9.3,5,4,Pune,Android,,
CUST006369,Meera Rao,,normal,16300.0,5,4,1,2.2,2,1,Indore,Android,,
CUST006370,Rohan Gupta,,normal,19400.0,3,3,0,1.5,1,1,Chennai,Android,,
CUST006371,Saanvi Bose,,normal,17900.0,3,3,0,0.5,1,1,Hyderabad,Desktop,,
CUST006372,Arjun Iyer,,dormant_high_ltv,486100.0,53,47,6,8.4,1,1,Kolkata,iOS,,
CUST006373,Aarav Gupta,,normal,41900.0,7,6,1,5.1,1,1,Indore,Android,,
CUST006374,Rohan Malhotra,,normal,19400.0,2,1,1,1.7,2,2,Lucknow,Android,,
CUST006375,Rohan Gupta,Verma Textiles Pvt Ltd,b2b,227300.0,25,23,2,4.0,3,2,Mumbai,Android,,
CUST006376,Aditya Iyer,Kapoor Solutions Pvt Ltd,b2b,260700.0,34,30,4,7.5,1,1,Mumbai,iOS,,
CUST006377,Rohan Bose,Nair Exports Pvt Ltd,b2b,557700.0,54,44,10,9.0,5,4,Delhi,Android,,
CUST006378,Aditya Verma,,normal,25400.0,6,5,1,2.2,0,0,Hyderabad,Android,,
CUST006379,Meera Reddy,Kapoor Exports Pvt Ltd,b2b,554600.0,54,47,7,8.4,3,3,Mumbai,Android,,
CUST006380,Meera Gupta,,normal,21600.0,3,3,0,4.3,1,1,Nagpur,Android,,
CUST006381,Aman Rao,,normal,18800.0,2,1,1,1.6,2,2,Chennai,Android,,
CUST006382,Myra Reddy,,normal,24500.0,4,4,0,0.7,0,0,Pune,Desktop,,
CUST006383,Rahul Iyer,,normal,20700.0,2,2,0,2.6,1,1,Kolkata,Android,,
CUST006384,Myra Sharma,,normal,19800.0,4,3,1,2.2,0,0,Indore,Android,,
CUST006385,Neha Reddy,,group_d_broken_promise,35500.0,7,3,4,24.7,6,1,Nagpur,iOS,,
CUST006386,Sanya Patel,,normal,17000.0,3,3,0,6.2,1,1,Indore,iOS,,
CUST006387,Ishaan Joshi,Kapoor Traders Pvt Ltd,b2b,760900.0,46,40,6,11.7,4,3,Bangalore,Android,,
CUST006388,Saanvi Sharma,,group_d_broken_promise,19300.0,7,4,3,28.5,10,1,Kolkata,Desktop,,
CUST006389,Diya Patel,,normal,15200.0,4,3,1,1.5,0,0,Mumbai,Android,,
CUST006390,Kiara Rao,Mehta Enterprises Pvt Ltd,b2b,258700.0,37,30,7,5.4,5,4,Hyderabad,Desktop,,
CUST006391,Aarav Kapoor,,group_d_broken_promise,23800.0,5,2,3,23.0,9,1,Kolkata,Android,,
CUST006392,Ishaan Malhotra,,normal,14100.0,3,2,1,1.5,1,1,Lucknow,Android,,
CUST006393,Meera Sharma,Bose Industries Pvt Ltd,b2b,340700.0,49,45,4,9.2,3,3,Jaipur,iOS,,
CUST006394,Priya Bose,,group_d_broken_promise,38500.0,6,2,4,40.2,5,1,Chennai,iOS,,
CUST006395,Diya Reddy,,normal,19800.0,5,4,1,5.4,0,0,Hyderabad,Desktop,,
CUST006396,Simran Patel,,normal,19100.0,6,5,1,2.6,0,0,Hyderabad,Android,,
CUST006397,Rahul Chawla,,normal,36900.0,5,4,1,2.6,1,1,Hyderabad,Android,,
CUST006398,Ananya Rao,,group_d_broken_promise,40000.0,6,3,3,30.7,3,0,Ahmedabad,Android,,
CUST006399,Arjun Rao,,normal,8900.0,4,3,1,1.4,1,1,Bangalore,Android,,
CUST006400,Myra Bose,,normal,43700.0,9,8,1,1.3,1,1,Ahmedabad,iOS,,
CUST006401,Ananya Gupta,,group_d_broken_promise,40100.0,7,3,4,26.2,7,1,Bangalore,Android,,
CUST006402,Saanvi Gupta,Mehta Tech Pvt Ltd,b2b,195500.0,20,19,1,6.3,5,5,Delhi,Android,,
CUST006403,Diya Malhotra,,dormant_high_ltv,401400.0,51,45,6,2.2,0,0,Nagpur,iOS,,
CUST006404,Vivaan Sharma,,normal,10400.0,3,2,1,5.6,2,2,Hyderabad,Android,,
CUST006405,Aarav Rao,,group_d_broken_promise,36500.0,6,3,3,15.8,7,2,Delhi,Desktop,,
CUST006406,Simran Bose,,normal,18700.0,3,3,0,2.6,2,2,Indore,Desktop,,
CUST006407,Neha Kapoor,,normal,23000.0,3,2,1,1.9,2,2,Pune,Android,,
CUST006408,Neha Joshi,Rao Solutions Pvt Ltd,b2b,216100.0,22,19,3,21.5,5,4,Pune,Android,,
CUST006409,Rahul Mehta,,normal,11600.0,2,2,0,1.2,1,1,Jaipur,Android,,
CUST006410,Saanvi Verma,Nair Enterprises Pvt Ltd,b2b,317700.0,40,35,5,5.2,1,1,Mumbai,iOS,,
CUST006411,Ananya Sharma,,dormant_high_ltv,518400.0,59,54,5,2.8,1,1,Pune,Android,,
CUST006412,Diya Rao,,normal,10300.0,2,2,0,2.9,1,1,Mumbai,Android,,
CUST006413,Rohan Verma,,normal,17600.0,1,1,0,4.2,1,1,Ahmedabad,Android,,
CUST006414,Aarav Iyer,,normal,25800.0,6,5,1,3.1,2,2,Indore,iOS,,
CUST006415,Aarav Chawla,,normal,29300.0,7,6,1,0.6,2,2,Lucknow,iOS,,
CUST006416,Vivaan Bose,,group_d_broken_promise,37100.0,5,2,3,31.5,3,1,Bangalore,Desktop,,
CUST006417,Diya Malhotra,,normal,9600.0,1,1,0,0.8,0,0,Chennai,Android,,
CUST006418,Diya Malhotra,Patel Retail Pvt Ltd,b2b,262500.0,29,27,2,3.5,1,1,Ahmedabad,Android,,
CUST006419,Aarav Iyer,,normal,17300.0,4,3,1,3.3,1,1,Indore,Android,,
CUST006420,Kabir Patel,,normal,7500.0,2,2,0,2.0,2,2,Delhi,Android,,
CUST006421,Sanya Patel,Nair Exports Pvt Ltd,b2b,263600.0,35,32,3,16.3,1,1,Bangalore,Desktop,,
CUST006422,Vivaan Kapoor,,normal,11700.0,1,1,0,7.1,0,0,Indore,iOS,,
CUST006423,Aditya Iyer,,normal,33500.0,7,5,2,1.4,1,1,Delhi,Android,,
CUST006424,Sanya Chawla,,normal,22400.0,3,2,1,4.2,0,0,Mumbai,iOS,,
CUST006425,Sanya Bose,,group_d_broken_promise,29000.0,6,2,4,30.8,8,2,Ahmedabad,Android,,
CUST006426,Aman Patel,,dormant_high_ltv,287000.0,32,31,1,3.8,2,2,Bangalore,iOS,,
CUST006427,Diya Rao,,group_d_broken_promise,13300.0,1,1,0,22.8,7,2,Pune,Desktop,,
CUST006428,Diya Kapoor,,normal,12200.0,3,3,0,4.9,2,2,Chennai,Desktop,,
CUST006429,Karan Malhotra,,normal,31900.0,5,4,1,1.1,0,0,Kolkata,iOS,,
CUST006430,Diya Mehta,,group_d_broken_promise,13800.0,3,1,2,30.2,7,1,Ahmedabad,Desktop,,
CUST006431,Ishaan Reddy,,normal,13100.0,3,2,1,0.8,1,1,Indore,iOS,,
CUST006432,Diya Sharma,,normal,18500.0,3,3,0,0.7,0,0,Hyderabad,Android,,
CUST006433,Neha Joshi,,group_d_broken_promise,26900.0,3,1,2,20.7,11,2,Lucknow,Android,,
CUST006434,Ananya Patel,,normal,6800.0,5,4,1,3.4,2,2,Delhi,iOS,,
CUST006435,Saanvi Gupta,,normal,12300.0,1,1,0,0.3,2,2,Pune,Android,,
CUST006436,Aman Patel,,normal,21300.0,4,3,1,3.8,2,2,Delhi,Android,,
CUST006437,Myra Chawla,,normal,20800.0,3,2,1,1.5,2,2,Jaipur,Android,,
CUST006438,Arjun Iyer,Patel Enterprises Pvt Ltd,b2b,285600.0,40,38,2,12.5,5,4,Lucknow,iOS,,
CUST006439,Karan Verma,,normal,15200.0,1,1,0,0.0,0,0,Kolkata,Android,,
CUST006440,Kabir Joshi,,normal,17600.0,3,3,0,1.0,1,1,Chennai,iOS,,
CUST006441,Meera Joshi,,normal,26800.0,5,4,1,0.7,1,1,Mumbai,Android,,
CUST006442,Vivaan Bose,,normal,16900.0,2,2,0,3.6,0,0,Ahmedabad,Android,,
CUST006443,Diya Sharma,,normal,23100.0,1,1,0,0.3,2,2,Lucknow,Desktop,,
CUST006444,Aditya Singh,,normal,13900.0,2,2,0,1.0,2,2,Bangalore,iOS,,
CUST006445,Kiara Gupta,Mehta Logistics Pvt Ltd,b2b,582100.0,62,52,10,8.3,3,3,Chennai,Android,,
CUST006446,Simran Singh,,group_d_broken_promise,27400.0,2,1,1,63.9,10,2,Bangalore,Android,,
CUST006447,Rahul Reddy,,normal,18400.0,3,2,1,2.8,0,0,Nagpur,Android,,
CUST006448,Priya Malhotra,,normal,6600.0,1,1,0,3.9,0,0,Nagpur,iOS,,
CUST006449,Rahul Kapoor,,normal,14500.0,1,1,0,2.5,0,0,Kolkata,Android,,
CUST006450,Aman Chawla,,normal,19400.0,5,5,0,0.9,2,2,Delhi,iOS,,
CUST006451,Karan Joshi,Gupta Textiles Pvt Ltd,b2b,515200.0,63,57,6,13.5,2,1,Pune,Android,,
CUST006452,Rohan Verma,Reddy Foods Pvt Ltd,b2b,247600.0,30,28,2,9.6,3,2,Jaipur,iOS,,
CUST006453,Ishaan Patel,,normal,17800.0,1,1,0,1.4,1,1,Bangalore,Desktop,,
CUST006454,Kiara Iyer,Nair Enterprises Pvt Ltd,b2b,509800.0,57,54,3,2.8,1,1,Pune,iOS,,
CUST006455,Rahul Rao,,normal,13900.0,1,1,0,1.0,2,1,Ahmedabad,Android,,
CUST006456,Kiara Sharma,,normal,11000.0,2,1,1,4.8,0,0,Mumbai,Desktop,,
CUST006457,Vivaan Verma,,normal,19800.0,4,3,1,0.3,1,1,Hyderabad,Desktop,,
CUST006458,Kiara Iyer,,normal,17500.0,4,3,1,8.7,0,0,Delhi,iOS,,
CUST006459,Saanvi Iyer,,normal,21900.0,3,2,1,5.9,2,2,Pune,Android,,
CUST006460,Simran Joshi,,normal,12900.0,2,2,0,4.5,2,2,Hyderabad,Android,,
CUST006461,Kiara Nair,Malhotra Apparel Pvt Ltd,b2b,269500.0,32,30,2,9.6,2,1,Ahmedabad,Android,,
CUST006462,Diya Rao,,normal,24700.0,5,5,0,0.6,0,0,Delhi,iOS,,
CUST006463,Rohan Sharma,,normal,10200.0,3,3,0,1.3,0,0,Ahmedabad,iOS,,
CUST006464,Ananya Chawla,Kapoor Logistics Pvt Ltd,b2b,208500.0,22,18,4,5.2,2,2,Delhi,Android,,
CUST006465,Kabir Singh,,normal,8500.0,2,2,0,2.7,0,0,Chennai,Android,,
CUST006466,Ishaan Chawla,,normal,33600.0,5,4,1,7.8,2,2,Ahmedabad,iOS,,
CUST006467,Sanya Joshi,Mehta Industries Pvt Ltd,b2b,282200.0,34,31,3,10.2,5,4,Chennai,Android,,
CUST006468,Aman Patel,,normal,10500.0,2,2,0,3.8,1,1,Jaipur,Desktop,,
CUST006469,Aman Verma,,normal,19800.0,4,3,1,2.1,2,2,Indore,Android,,
CUST006470,Aarav Sharma,,normal,16000.0,3,3,0,1.2,0,0,Nagpur,Desktop,,
CUST006471,Ananya Patel,,normal,34000.0,7,6,1,1.7,2,2,Hyderabad,Android,,
CUST006472,Saanvi Rao,,normal,25200.0,4,3,1,1.5,0,0,Delhi,iOS,,
CUST006473,Myra Singh,,normal,8600.0,2,2,0,3.1,0,0,Lucknow,Android,,
CUST006474,Karan Verma,,normal,39200.0,3,3,0,0.9,2,2,Lucknow,Android,,
CUST006475,Diya Chawla,,group_d_broken_promise,17300.0,2,1,1,19.8,9,3,Delhi,Android,,
CUST006476,Ananya Kapoor,,dormant_high_ltv,383600.0,47,46,1,4.6,2,2,Indore,Desktop,,
CUST006477,Rahul Bose,,normal,29600.0,4,4,0,1.3,0,0,Pune,Android,,
CUST006478,Kabir Iyer,,normal,15000.0,2,2,0,3.4,2,2,Ahmedabad,Android,,
CUST006479,Aman Gupta,Nair Textiles Pvt Ltd,b2b,389300.0,63,55,8,5.0,3,3,Pune,Android,,
CUST006480,Myra Bose,Sharma Traders Pvt Ltd,b2b,256700.0,38,35,3,6.0,5,4,Lucknow,Android,,
CUST006481,Rahul Malhotra,,normal,10200.0,2,1,1,7.8,0,0,Bangalore,iOS,,
CUST006482,Vivaan Kapoor,,normal,20500.0,7,6,1,0.9,2,1,Chennai,Android,,
CUST006483,Rahul Gupta,,normal,21100.0,2,2,0,4.5,1,1,Mumbai,Desktop,,
CUST006484,Aman Rao,,normal,7100.0,1,1,0,1.4,0,0,Jaipur,Android,,
CUST006485,Meera Malhotra,,normal,19800.0,2,2,0,6.8,2,2,Jaipur,Android,,
CUST006486,Sanya Mehta,,normal,28400.0,4,4,0,0.2,1,1,Jaipur,Android,,
CUST006487,Meera Bose,Iyer Exports Pvt Ltd,b2b,433500.0,68,61,7,4.9,1,1,Ahmedabad,Android,,
CUST006488,Karan Joshi,,normal,19300.0,1,1,0,1.2,2,2,Mumbai,Android,,
CUST006489,Diya Iyer,,dormant_high_ltv,462500.0,56,51,5,3.5,0,0,Jaipur,Android,,
CUST006490,Karan Singh,,normal,17700.0,5,5,0,1.2,0,0,Jaipur,Android,,
CUST006491,Neha Patel,Kapoor Textiles Pvt Ltd,b2b,288800.0,35,32,3,13.0,2,2,Lucknow,Android,,
CUST006492,Aman Verma,,normal,16700.0,1,1,0,4.4,1,1,Pune,iOS,,
CUST006493,Rohan Chawla,,normal,12200.0,3,2,1,0.8,2,1,Chennai,Android,,
CUST006494,Aarav Reddy,,group_d_broken_promise,17800.0,2,1,1,39.2,4,1,Nagpur,iOS,,
CUST006495,Rahul Patel,,normal,31300.0,7,7,0,5.0,1,1,Indore,Desktop,,
CUST006496,Myra Nair,,dormant_high_ltv,267200.0,38,33,5,3.7,0,0,Kolkata,Android,,
CUST006497,Kiara Bose,,normal,15400.0,3,3,0,3.2,1,1,Hyderabad,iOS,,
CUST006498,Priya Bose,,normal,20500.0,3,2,1,1.7,2,2,Jaipur,Android,,
CUST006499,Rohan Kapoor,,normal,9200.0,2,2,0,0.5,2,2,Indore,Android,,
CUST006500,Neha Verma,,normal,17400.0,6,5,1,1.3,1,1,Jaipur,Android,,
CUST006501,Sanya Reddy,,normal,23600.0,6,5,1,1.0,0,0,Hyderabad,Android,,
CUST006502,Ishaan Rao,Nair Textiles Pvt Ltd,b2b,399400.0,51,46,5,5.6,4,3,Mumbai,Android,,
CUST006503,Arjun Malhotra,,normal,15200.0,2,2,0,0.1,1,1,Kolkata,Android,,
CUST006504,Kabir Gupta,,normal,15500.0,4,4,0,1.6,0,0,Indore,Android,,
CUST006505,Kiara Verma,,normal,18300.0,3,3,0,0.6,0,0,Nagpur,Android,,
CUST006506,Rohan Nair,,dormant_high_ltv,218300.0,29,26,3,5.1,2,2,Mumbai,Android,,
CUST006507,Kabir Sharma,,normal,23100.0,3,2,1,7.1,2,2,Lucknow,Android,,
CUST006508,Sanya Nair,,dormant_high_ltv,657300.0,60,58,2,7.0,1,1,Indore,Android,,
CUST006509,Diya Mehta,,normal,19700.0,2,2,0,3.2,2,2,Mumbai,iOS,,
CUST006510,Rahul Mehta,,normal,46600.0,12,9,3,6.2,2,2,Jaipur,Desktop,,
CUST006511,Rohan Chawla,,normal,33600.0,3,3,0,1.8,0,0,Jaipur,iOS,,
CUST006512,Arjun Chawla,,group_d_broken_promise,24900.0,5,2,3,29.5,10,2,Jaipur,iOS,,
CUST006513,Priya Patel,,group_d_broken_promise,69100.0,12,7,5,13.4,10,1,Chennai,iOS,,
CUST006514,Ananya Reddy,,normal,13800.0,3,2,1,0.7,0,0,Kolkata,Android,,
CUST006515,Aman Iyer,,group_d_broken_promise,15900.0,1,1,0,25.7,4,1,Kolkata,iOS,,
CUST006516,Saanvi Chawla,,normal,30400.0,5,5,0,3.0,0,0,Pune,Android,,
CUST006517,Sanya Reddy,,normal,7000.0,3,2,1,7.5,0,0,Nagpur,Android,,
CUST006518,Saanvi Verma,,normal,15900.0,2,1,1,2.1,0,0,Delhi,Android,,
CUST006519,Myra Nair,Joshi Foods Pvt Ltd,b2b,246700.0,38,31,7,4.2,4,3,Lucknow,iOS,,
CUST006520,Vivaan Patel,Kapoor Traders Pvt Ltd,b2b,352400.0,51,46,5,6.3,1,1,Bangalore,Android,,
CUST006521,Meera Singh,,normal,8300.0,3,3,0,6.4,0,0,Mumbai,iOS,,
CUST006522,Priya Reddy,,normal,24400.0,5,4,1,7.1,0,0,Jaipur,iOS,,
CUST006523,Priya Verma,,dormant_high_ltv,414800.0,46,42,4,1.5,2,2,Pune,Android,,
CUST006524,Simran Mehta,Verma Tech Pvt Ltd,b2b,259300.0,38,34,4,10.5,2,1,Lucknow,Android,,
CUST006525,Simran Rao,Mehta Exports Pvt Ltd,b2b,320900.0,40,37,3,10.0,1,1,Mumbai,Android,,
CUST006526,Karan Singh,,normal,15200.0,1,1,0,1.5,0,0,Nagpur,iOS,,
CUST006527,Aman Mehta,Sharma Tech Pvt Ltd,b2b,674500.0,54,52,2,12.9,1,1,Mumbai,Android,,
CUST006528,Simran Singh,,dormant_high_ltv,261800.0,34,33,1,5.1,0,0,Kolkata,Android,,
CUST006529,Rohan Chawla,,normal,9900.0,5,4,1,5.2,0,0,Ahmedabad,Desktop,,
CUST006530,Arjun Verma,,group_d_broken_promise,21400.0,2,1,1,28.9,5,1,Lucknow,Desktop,,
CUST006531,Aditya Reddy,Singh Tech Pvt Ltd,b2b,301700.0,38,36,2,4.6,5,4,Chennai,iOS,,
CUST006532,Vivaan Bose,,normal,27000.0,6,5,1,4.1,0,0,Chennai,iOS,,
CUST006533,Aarav Rao,,normal,10500.0,3,2,1,3.7,2,2,Kolkata,Android,,
CUST006534,Karan Singh,,dormant_high_ltv,411900.0,51,44,7,3.4,0,0,Mumbai,iOS,,
CUST006535,Sanya Malhotra,,normal,25700.0,5,4,1,0.5,1,1,Bangalore,iOS,,
CUST006536,Ishaan Patel,,group_d_broken_promise,39500.0,2,1,1,36.3,11,3,Jaipur,Android,,
CUST006537,Ananya Malhotra,,group_d_broken_promise,36100.0,9,5,4,47.8,9,2,Pune,Android,,
CUST006538,Kabir Singh,,normal,20800.0,2,2,0,7.1,1,1,Bangalore,Android,,
CUST006539,Neha Chawla,,normal,16600.0,3,3,0,3.9,0,0,Lucknow,Android,,
CUST006540,Rohan Gupta,,normal,28800.0,6,5,1,4.9,1,1,Indore,Android,,
CUST006541,Rahul Chawla,,normal,11500.0,3,3,0,0.1,1,1,Hyderabad,Android,,
CUST006542,Myra Gupta,Singh Traders Pvt Ltd,b2b,225700.0,43,40,3,7.7,1,1,Nagpur,Android,,
CUST006543,Rahul Rao,,normal,7500.0,1,1,0,6.3,2,2,Mumbai,Android,,
CUST006544,Ananya Patel,,normal,10200.0,1,1,0,0.3,2,2,Indore,Android,,
CUST006545,Myra Gupta,Chawla Enterprises Pvt Ltd,b2b,360200.0,38,31,7,6.1,5,4,Chennai,Android,,
CUST006546,Kabir Nair,,normal,46300.0,5,4,1,12.1,1,1,Ahmedabad,Android,,
CUST006547,Kabir Chawla,,dormant_high_ltv,294200.0,32,31,1,5.0,1,1,Pune,iOS,,
CUST006548,Simran Verma,,normal,12200.0,1,1,0,3.0,2,2,Bangalore,Android,,
CUST006549,Karan Malhotra,,normal,14800.0,2,2,0,0.5,2,2,Pune,Android,,
CUST006550,Meera Rao,Bose Traders Pvt Ltd,b2b,362400.0,41,39,2,7.5,5,4,Nagpur,Android,,
CUST006551,Karan Reddy,,normal,37500.0,7,6,1,2.4,2,2,Pune,Android,,
CUST006552,Myra Kapoor,Kapoor Textiles Pvt Ltd,b2b,361500.0,60,54,6,3.3,5,4,Bangalore,Desktop,,
CUST006553,Diya Gupta,,normal,14800.0,2,2,0,3.3,0,0,Pune,Android,,
CUST006554,Neha Bose,,dormant_high_ltv,317900.0,36,32,4,5.4,2,2,Mumbai,Android,,
CUST006555,Aman Sharma,,group_d_broken_promise,30100.0,5,3,2,12.2,10,2,Pune,Android,,
CUST006556,Simran Rao,,normal,24800.0,3,3,0,5.1,0,0,Ahmedabad,iOS,,
CUST006557,Aarav Joshi,,normal,39700.0,9,8,1,2.5,0,0,Chennai,Android,,
CUST006558,Meera Iyer,,group_d_broken_promise,10800.0,3,1,2,26.8,3,1,Indore,Android,,
CUST006559,Rahul Rao,,normal,22800.0,2,2,0,0.8,0,0,Lucknow,iOS,,
CUST006560,Aman Gupta,Mehta Traders Pvt Ltd,b2b,424400.0,46,42,4,4.3,3,2,Kolkata,Android,,
CUST006561,Sanya Iyer,,normal,18100.0,6,5,1,3.1,0,0,Lucknow,Android,,
CUST006562,Ishaan Chawla,,normal,27400.0,5,4,1,4.5,2,2,Mumbai,Android,,
CUST006563,Vivaan Malhotra,,group_d_broken_promise,23200.0,3,2,1,22.9,5,2,Mumbai,Desktop,,
CUST006564,Priya Kapoor,,normal,6000.0,1,1,0,3.5,0,0,Jaipur,Android,,
CUST006565,Ishaan Verma,,normal,14700.0,3,2,1,8.6,0,0,Delhi,iOS,,
CUST006566,Meera Reddy,,normal,33900.0,3,2,1,4.3,2,2,Mumbai,Android,,
CUST006567,Simran Verma,,normal,12300.0,1,1,0,3.4,1,1,Pune,Desktop,,
CUST006568,Arjun Rao,,normal,5000.0,3,2,1,3.4,1,1,Mumbai,Android,,
CUST006569,Rahul Nair,,normal,19700.0,4,3,1,0.6,1,1,Delhi,Android,,
CUST006570,Kabir Chawla,,normal,24900.0,3,3,0,3.5,2,2,Kolkata,Android,,
CUST006571,Kabir Kapoor,,normal,15700.0,3,3,0,3.2,0,0,Hyderabad,iOS,,
CUST006572,Rohan Malhotra,,normal,25100.0,4,3,1,0.5,1,1,Bangalore,Android,,
CUST006573,Arjun Nair,,normal,20900.0,2,2,0,7.7,1,1,Nagpur,Android,,
CUST006574,Saanvi Patel,,normal,65600.0,8,7,1,0.9,0,0,Nagpur,Android,,
CUST006575,Ishaan Joshi,,normal,27700.0,2,2,0,3.8,0,0,Mumbai,iOS,,
CUST006576,Sanya Malhotra,,normal,20900.0,3,2,1,2.5,2,2,Nagpur,Android,,
CUST006577,Kiara Verma,,normal,6600.0,3,2,1,3.3,1,1,Lucknow,iOS,,
CUST006578,Saanvi Verma,,normal,12800.0,1,1,0,5.8,2,2,Nagpur,Android,,
CUST006579,Priya Patel,,normal,10600.0,2,2,0,0.5,2,1,Lucknow,Desktop,,
CUST006580,Diya Gupta,,normal,37000.0,3,3,0,1.5,0,0,Kolkata,Android,,
CUST006581,Meera Verma,,normal,10000.0,2,2,0,7.5,1,1,Ahmedabad,iOS,,
CUST006582,Kiara Joshi,,normal,15600.0,2,2,0,4.5,0,0,Pune,Android,,
CUST006583,Sanya Sharma,,normal,22200.0,2,2,0,4.3,1,1,Nagpur,Android,,
CUST006584,Rahul Sharma,,group_d_broken_promise,59500.0,6,2,4,19.9,5,1,Indore,iOS,,
CUST006585,Simran Gupta,,normal,14000.0,3,2,1,2.8,2,1,Jaipur,Android,,
CUST006586,Vivaan Bose,Chawla Exports Pvt Ltd,b2b,296900.0,44,39,5,9.0,3,2,Delhi,Android,,
CUST006587,Simran Gupta,,dormant_high_ltv,545800.0,59,56,3,2.9,0,0,Kolkata,Desktop,,
CUST006588,Neha Singh,,normal,15200.0,2,2,0,2.1,2,2,Bangalore,Android,,
CUST006589,Kabir Iyer,,normal,20900.0,7,6,1,6.1,0,0,Nagpur,Android,,
CUST006590,Saanvi Sharma,,normal,12300.0,5,4,1,1.5,0,0,Kolkata,Android,,
CUST006591,Neha Reddy,Sharma Retail Pvt Ltd,b2b,439500.0,49,40,9,2.9,1,1,Delhi,iOS,,
CUST006592,Rohan Sharma,,normal,19600.0,1,1,0,3.8,0,0,Ahmedabad,iOS,,
CUST006593,Simran Bose,,normal,27000.0,5,4,1,1.2,1,1,Pune,Android,,
CUST006594,Aditya Iyer,,normal,13300.0,1,1,0,0.3,0,0,Kolkata,Android,,
CUST006595,Diya Nair,,normal,10400.0,3,3,0,2.3,1,1,Indore,Desktop,,
CUST006596,Diya Rao,Joshi Foods Pvt Ltd,b2b,347300.0,51,46,5,10.4,1,1,Chennai,Android,,
CUST006597,Ananya Mehta,Sharma Tech Pvt Ltd,b2b,221700.0,32,28,4,4.5,2,2,Bangalore,Desktop,,
CUST006598,Vivaan Kapoor,Mehta Industries Pvt Ltd,b2b,462100.0,65,61,4,6.5,3,3,Kolkata,Desktop,,
CUST006599,Priya Gupta,,group_d_broken_promise,17500.0,3,1,2,17.6,4,1,Jaipur,Android,,
CUST006600,Kiara Gupta,,normal,41100.0,4,3,1,7.8,0,0,Bangalore,iOS,,
CUST006601,Arjun Verma,,dormant_high_ltv,350000.0,52,45,7,1.6,2,2,Jaipur,iOS,,
CUST006602,Sanya Patel,,group_d_broken_promise,17200.0,2,1,1,53.5,11,1,Delhi,Android,,
CUST006603,Aman Verma,Malhotra Textiles Pvt Ltd,b2b,372300.0,49,44,5,10.8,5,4,Chennai,iOS,,
CUST006604,Priya Reddy,,group_d_broken_promise,52400.0,2,1,1,37.7,6,1,Indore,Android,,
CUST006605,Rohan Chawla,,normal,41400.0,6,5,1,2.7,1,1,Mumbai,Desktop,,
CUST006606,Arjun Patel,,group_d_broken_promise,24900.0,4,2,2,23.7,4,1,Ahmedabad,Android,,
CUST006607,Aman Patel,,normal,17700.0,1,1,0,1.2,0,0,Delhi,Android,,
CUST006608,Arjun Singh,Joshi Retail Pvt Ltd,b2b,431100.0,49,47,2,7.7,3,3,Jaipur,iOS,,
CUST006609,Myra Chawla,,group_d_broken_promise,11100.0,2,1,1,38.4,7,2,Kolkata,Android,,
CUST006610,Vivaan Singh,,dormant_high_ltv,349300.0,33,31,2,1.1,2,2,Kolkata,Android,,
CUST006611,Saanvi Verma,,normal,19300.0,5,4,1,7.5,2,2,Nagpur,Android,,
CUST006612,Simran Verma,Malhotra Logistics Pvt Ltd,b2b,229800.0,30,25,5,10.0,1,1,Pune,iOS,,
CUST006613,Rohan Kapoor,,normal,19300.0,4,3,1,3.6,0,0,Indore,iOS,,
CUST006614,Rahul Chawla,,group_d_broken_promise,15000.0,3,1,2,25.1,3,1,Chennai,Android,,
CUST006615,Ananya Verma,,normal,14700.0,3,3,0,2.8,1,1,Chennai,Android,,
CUST006616,Saanvi Joshi,,group_d_broken_promise,19600.0,1,0,1,19.4,4,1,Bangalore,Android,,
CUST006617,Kabir Reddy,,normal,17500.0,5,4,1,0.4,0,0,Kolkata,Android,,
CUST006618,Ishaan Chawla,,normal,6700.0,1,1,0,3.8,2,2,Chennai,Android,,
CUST006619,Ananya Singh,Gupta Enterprises Pvt Ltd,b2b,472200.0,57,49,8,6.5,5,5,Jaipur,Android,,
CUST006620,Saanvi Verma,Bose Foods Pvt Ltd,b2b,745200.0,59,50,9,8.3,3,2,Nagpur,iOS,,
CUST006621,Kabir Singh,,normal,8900.0,2,2,0,1.8,0,0,Mumbai,Android,,
CUST006622,Saanvi Chawla,Rao Apparel Pvt Ltd,b2b,224300.0,33,27,6,11.6,3,3,Kolkata,Desktop,,
CUST006623,Vivaan Patel,,dormant_high_ltv,292100.0,38,37,1,0.1,1,1,Hyderabad,Android,,
CUST006624,Neha Joshi,,normal,15200.0,4,3,1,2.2,1,1,Hyderabad,Android,,
CUST006625,Meera Rao,,dormant_high_ltv,368400.0,54,49,5,0.2,0,0,Jaipur,iOS,,
CUST006626,Kabir Reddy,,normal,13300.0,4,4,0,0.3,1,1,Bangalore,Android,,
CUST006627,Kabir Joshi,,normal,9600.0,3,2,1,0.4,1,1,Indore,iOS,,
CUST006628,Saanvi Nair,,normal,17500.0,3,3,0,1.6,0,0,Nagpur,Android,,
CUST006629,Myra Gupta,Reddy Enterprises Pvt Ltd,b2b,496700.0,56,53,3,10.6,4,4,Chennai,Android,,
CUST006630,Aditya Rao,,normal,25500.0,2,2,0,2.0,2,2,Nagpur,Android,,
CUST006631,Diya Reddy,,normal,12300.0,2,2,0,1.4,0,0,Indore,Android,,
CUST006632,Priya Rao,,dormant_high_ltv,422000.0,47,42,5,5.7,1,1,Jaipur,iOS,,
CUST006633,Aman Reddy,,normal,5700.0,2,2,0,4.0,0,0,Nagpur,iOS,,
CUST006634,Rohan Chawla,,normal,20900.0,5,5,0,1.1,2,2,Hyderabad,iOS,,
CUST006635,Diya Kapoor,,normal,15400.0,5,4,1,1.0,2,1,Nagpur,Android,,
CUST006636,Diya Malhotra,Rao Retail Pvt Ltd,b2b,372900.0,46,37,9,4.0,5,4,Chennai,Desktop,,
CUST006637,Karan Nair,,group_d_broken_promise,29400.0,5,2,3,48.4,3,1,Nagpur,Android,,
CUST006638,Vivaan Mehta,,normal,27600.0,5,4,1,1.2,1,1,Nagpur,Android,,
CUST006639,Priya Joshi,,normal,8600.0,4,3,1,3.2,1,1,Delhi,iOS,,
CUST006640,Priya Reddy,,normal,10200.0,2,1,1,0.1,0,0,Nagpur,Desktop,,
CUST006641,Simran Sharma,,dormant_high_ltv,349900.0,47,41,6,2.1,1,1,Mumbai,iOS,,
CUST006642,Aman Joshi,,normal,15000.0,6,5,1,2.0,2,2,Hyderabad,Desktop,,
CUST006643,Priya Kapoor,Mehta Distributors Pvt Ltd,b2b,348600.0,50,47,3,4.1,5,5,Indore,iOS,,
CUST006644,Karan Verma,Singh Industries Pvt Ltd,b2b,474200.0,68,55,13,6.3,1,1,Kolkata,Android,,
CUST006645,Simran Reddy,,normal,11300.0,2,2,0,1.2,1,1,Jaipur,iOS,,
CUST006646,Simran Iyer,,group_d_broken_promise,23600.0,4,2,2,14.1,5,1,Indore,iOS,,
CUST006647,Sanya Gupta,,dormant_high_ltv,713200.0,64,61,3,5.8,0,0,Hyderabad,Android,,
CUST006648,Kabir Reddy,,dormant_high_ltv,307900.0,41,38,3,1.7,2,2,Hyderabad,iOS,,
CUST006649,Aditya Kapoor,,normal,32000.0,3,3,0,0.5,1,1,Nagpur,iOS,,
CUST006650,Vivaan Patel,Malhotra Solutions Pvt Ltd,b2b,455200.0,59,57,2,3.6,4,4,Kolkata,Android,,
CUST006651,Aditya Singh,,normal,8800.0,1,1,0,1.5,1,1,Pune,Android,,
CUST006652,Ishaan Chawla,,normal,14700.0,6,5,1,5.3,2,2,Indore,Android,,
CUST006653,Kiara Verma,,normal,45900.0,7,6,1,1.1,0,0,Indore,iOS,,
CUST006654,Aman Iyer,,normal,8500.0,1,1,0,6.6,0,0,Kolkata,Android,,
CUST006655,Priya Joshi,,normal,18300.0,2,1,1,2.9,0,0,Jaipur,iOS,,
CUST006656,Priya Nair,,normal,15600.0,1,1,0,0.8,1,1,Delhi,iOS,,
CUST006657,Rohan Gupta,,normal,22500.0,4,4,0,0.7,1,1,Chennai,Android,,
CUST006658,Meera Nair,,normal,21400.0,8,7,1,5.9,0,0,Kolkata,Android,,
CUST006659,Meera Singh,,normal,20700.0,4,3,1,1.7,0,0,Chennai,Android,,
CUST006660,Myra Singh,,normal,28600.0,6,5,1,8.0,0,0,Mumbai,iOS,,
CUST006661,Neha Bose,Verma Tech Pvt Ltd,b2b,542800.0,75,72,3,7.3,3,3,Mumbai,iOS,,
CUST006662,Aman Joshi,,normal,28200.0,6,5,1,3.1,0,0,Nagpur,Android,,
CUST006663,Karan Chawla,,group_d_broken_promise,16900.0,4,2,2,14.6,6,1,Jaipur,Android,,
CUST006664,Karan Rao,,normal,13200.0,4,4,0,2.8,1,1,Lucknow,Android,,
CUST006665,Diya Bose,Mehta Solutions Pvt Ltd,b2b,232600.0,31,28,3,3.3,5,4,Ahmedabad,Android,,
CUST006666,Meera Patel,,normal,13000.0,1,1,0,5.2,0,0,Pune,iOS,,
CUST006667,Aarav Sharma,,normal,24900.0,3,2,1,6.7,2,2,Bangalore,iOS,,
CUST006668,Karan Chawla,,normal,19700.0,3,3,0,3.7,2,2,Mumbai,Android,,
CUST006669,Aditya Chawla,,group_d_broken_promise,23800.0,1,0,1,43.3,9,2,Pune,Android,,
CUST006670,Meera Sharma,,normal,21600.0,4,3,1,1.4,0,0,Hyderabad,iOS,,
CUST006671,Vivaan Malhotra,,normal,18500.0,4,3,1,0.2,1,1,Pune,Android,,
CUST006672,Arjun Rao,Kapoor Foods Pvt Ltd,b2b,550800.0,62,53,9,5.9,1,1,Mumbai,Android,,
CUST006673,Aman Verma,,normal,14200.0,5,4,1,1.7,0,0,Indore,Android,,
CUST006674,Kabir Gupta,,normal,24200.0,4,4,0,3.5,2,2,Nagpur,Desktop,,
CUST006675,Sanya Bose,,normal,12000.0,3,3,0,3.3,0,0,Jaipur,Android,,
CUST006676,Simran Verma,,group_d_broken_promise,17500.0,2,1,1,16.3,4,1,Kolkata,Android,,
CUST006677,Simran Sharma,,normal,46500.0,6,5,1,3.2,0,0,Nagpur,Android,,
CUST006678,Kabir Malhotra,,normal,44100.0,5,4,1,0.7,1,1,Hyderabad,iOS,,
CUST006679,Saanvi Sharma,,dormant_high_ltv,307500.0,42,39,3,0.7,0,0,Mumbai,Android,,
CUST006680,Ananya Patel,,normal,52100.0,6,5,1,1.1,1,1,Jaipur,Android,,
CUST006681,Rahul Sharma,,normal,20400.0,3,2,1,3.3,0,0,Nagpur,Android,,
CUST006682,Aman Chawla,,normal,15100.0,2,1,1,6.4,0,0,Jaipur,Desktop,,
CUST006683,Vivaan Verma,,normal,35900.0,6,5,1,1.7,2,2,Nagpur,iOS,,
CUST006684,Saanvi Rao,,normal,18700.0,3,3,0,1.5,1,1,Kolkata,Android,,
CUST006685,Neha Rao,Malhotra Logistics Pvt Ltd,b2b,398000.0,60,53,7,17.8,5,4,Nagpur,Android,,
CUST006686,Saanvi Rao,,normal,27600.0,7,6,1,1.8,1,1,Lucknow,Android,,
CUST006687,Diya Iyer,,normal,27500.0,1,1,0,10.5,0,0,Ahmedabad,Desktop,,
CUST006688,Neha Sharma,,normal,12200.0,2,1,1,9.4,1,1,Kolkata,Android,,
CUST006689,Sanya Bose,,normal,24000.0,2,2,0,1.5,2,2,Nagpur,Android,,
CUST006690,Kabir Singh,,normal,26900.0,6,5,1,10.4,1,1,Delhi,Android,,
CUST006691,Saanvi Joshi,,normal,17600.0,3,2,1,8.0,2,1,Delhi,Desktop,,
CUST006692,Myra Nair,,dormant_high_ltv,364600.0,44,40,4,3.4,0,0,Ahmedabad,Android,,
CUST006693,Aman Gupta,,normal,8900.0,4,3,1,5.7,2,2,Nagpur,Desktop,,
CUST006694,Meera Patel,,normal,36300.0,5,4,1,0.6,0,0,Kolkata,Android,,
CUST006695,Saanvi Gupta,,normal,45900.0,2,2,0,2.6,1,1,Delhi,Android,,
CUST006696,Kabir Iyer,Verma Distributors Pvt Ltd,b2b,197200.0,22,20,2,7.0,3,2,Pune,Desktop,,
CUST006697,Neha Joshi,Joshi Tech Pvt Ltd,b2b,302700.0,44,38,6,6.2,4,3,Jaipur,iOS,,
CUST006698,Aditya Singh,,group_d_broken_promise,61300.0,7,3,4,25.7,3,0,Indore,Desktop,,
CUST006699,Rohan Reddy,,normal,19300.0,2,2,0,2.0,0,0,Mumbai,Android,,
CUST006700,Rahul Gupta,,normal,15800.0,3,2,1,1.5,2,1,Mumbai,Android,,
CUST006701,Saanvi Nair,Gupta Traders Pvt Ltd,b2b,375900.0,64,53,11,5.4,2,2,Ahmedabad,Android,,
CUST006702,Diya Rao,,normal,8100.0,1,1,0,2.7,0,0,Lucknow,Android,,
CUST006703,Diya Joshi,,normal,19900.0,3,2,1,6.3,2,2,Delhi,iOS,,
CUST006704,Kiara Kapoor,,group_d_broken_promise,14600.0,5,2,3,13.6,10,3,Ahmedabad,iOS,,
CUST006705,Rohan Mehta,,normal,14600.0,2,2,0,0.5,1,1,Lucknow,Android,,
CUST006706,Arjun Sharma,,normal,8100.0,1,1,0,1.0,0,0,Chennai,Android,,
CUST006707,Arjun Joshi,,group_d_broken_promise,20700.0,2,1,1,33.3,6,2,Nagpur,Desktop,,
CUST006708,Ishaan Kapoor,,normal,28800.0,2,2,0,1.4,1,1,Ahmedabad,Android,,
CUST006709,Rohan Kapoor,,normal,24600.0,7,5,2,0.7,1,1,Mumbai,iOS,,
CUST006710,Ananya Mehta,,group_d_broken_promise,19400.0,2,1,1,31.3,6,1,Chennai,iOS,,
CUST006711,Diya Iyer,,group_d_broken_promise,19500.0,3,1,2,22.9,7,1,Nagpur,iOS,,
CUST006712,Rahul Singh,,normal,13600.0,6,4,2,1.9,0,0,Jaipur,iOS,,
CUST006713,Aarav Chawla,Bose Logistics Pvt Ltd,b2b,300400.0,41,36,5,6.1,3,3,Mumbai,Android,,
CUST006714,Vivaan Singh,,normal,41300.0,7,6,1,4.3,2,2,Delhi,Android,,
CUST006715,Karan Joshi,,normal,18000.0,4,3,1,1.0,2,1,Indore,Android,,
CUST006716,Kabir Joshi,,normal,19500.0,6,5,1,10.7,0,0,Lucknow,iOS,,
CUST006717,Saanvi Singh,,normal,16700.0,9,7,2,5.8,0,0,Bangalore,iOS,,
CUST006718,Vivaan Gupta,,normal,30900.0,4,3,1,1.0,0,0,Lucknow,Desktop,,
CUST006719,Saanvi Nair,,normal,24200.0,5,5,0,6.3,0,0,Hyderabad,Android,,
CUST006720,Saanvi Joshi,,normal,6700.0,1,1,0,1.6,2,2,Pune,Android,,
CUST006721,Kiara Iyer,,normal,18600.0,6,4,2,3.8,0,0,Indore,Desktop,,
CUST006722,Neha Chawla,,normal,27400.0,6,6,0,2.0,0,0,Chennai,Android,,
CUST006723,Ishaan Verma,,normal,8100.0,2,2,0,3.1,1,1,Kolkata,Desktop,,
CUST006724,Rahul Mehta,,group_d_broken_promise,15400.0,1,0,1,25.9,11,2,Indore,Android,,
CUST006725,Ananya Malhotra,,normal,27300.0,3,3,0,6.9,0,0,Pune,Android,,
CUST006726,Rohan Joshi,,normal,24400.0,5,4,1,4.1,0,0,Indore,Android,,
CUST006727,Myra Reddy,,dormant_high_ltv,684300.0,59,54,5,1.5,1,1,Nagpur,iOS,,
CUST006728,Karan Malhotra,Iyer Enterprises Pvt Ltd,b2b,333600.0,45,36,9,7.6,3,2,Hyderabad,Desktop,,
CUST006729,Kabir Nair,,normal,11100.0,3,2,1,1.1,0,0,Nagpur,Desktop,,
CUST006730,Arjun Sharma,,normal,16400.0,5,4,1,0.2,0,0,Jaipur,iOS,,
CUST006731,Rahul Singh,,normal,9500.0,3,3,0,3.6,2,2,Delhi,Android,,
CUST006732,Vivaan Nair,,normal,13700.0,2,2,0,3.8,2,2,Chennai,iOS,,
CUST006733,Saanvi Joshi,,normal,16300.0,5,5,0,1.7,1,1,Bangalore,iOS,,
CUST006734,Simran Patel,,normal,25600.0,4,3,1,2.9,2,2,Kolkata,Android,,
CUST006735,Karan Rao,,group_d_broken_promise,50300.0,7,4,3,36.1,4,1,Indore,Android,,
CUST006736,Myra Kapoor,,normal,28200.0,3,2,1,0.4,2,2,Chennai,Android,,
CUST006737,Sanya Bose,,dormant_high_ltv,488400.0,86,74,12,1.4,2,2,Lucknow,Android,,
CUST006738,Aman Chawla,,normal,20800.0,3,2,1,1.1,1,1,Delhi,iOS,,
CUST006739,Karan Joshi,,normal,15900.0,4,4,0,0.8,0,0,Pune,Android,,
CUST006740,Kiara Nair,Verma Solutions Pvt Ltd,b2b,286200.0,26,24,2,5.7,5,5,Delhi,Desktop,,
CUST006741,Rohan Patel,,normal,26800.0,5,4,1,2.9,1,1,Jaipur,Android,,
CUST006742,Rohan Rao,,normal,19500.0,2,1,1,0.2,0,0,Mumbai,Android,,
CUST006743,Vivaan Gupta,,dormant_high_ltv,347000.0,44,42,2,1.5,2,2,Nagpur,iOS,,
CUST006744,Diya Reddy,,dormant_high_ltv,324400.0,47,41,6,1.7,2,2,Jaipur,Android,,
CUST006745,Myra Reddy,,group_d_broken_promise,71900.0,12,6,6,32.0,7,2,Lucknow,Desktop,,
CUST006746,Rohan Verma,,group_d_broken_promise,31200.0,3,2,1,32.8,3,1,Lucknow,iOS,,
CUST006747,Rahul Bose,,normal,22000.0,3,3,0,1.1,0,0,Chennai,iOS,,
CUST006748,Rahul Mehta,,normal,28900.0,2,2,0,3.7,0,0,Hyderabad,iOS,,
CUST006749,Aditya Verma,,normal,26000.0,6,5,1,3.4,1,1,Chennai,Desktop,,
CUST006750,Aarav Bose,,normal,21900.0,5,4,1,0.4,0,0,Nagpur,Android,,
CUST006751,Priya Chawla,,dormant_high_ltv,347100.0,47,42,5,2.5,1,1,Lucknow,iOS,,
CUST006752,Aditya Joshi,Patel Retail Pvt Ltd,b2b,653700.0,88,74,14,8.2,4,3,Indore,iOS,,
CUST006753,Ananya Reddy,,normal,24100.0,7,6,1,3.0,0,0,Ahmedabad,iOS,,
CUST006754,Rohan Rao,,normal,13600.0,4,4,0,2.4,2,2,Indore,Android,,
CUST006755,Ananya Gupta,,normal,12700.0,2,2,0,2.5,0,0,Lucknow,Android,,
CUST006756,Neha Patel,,group_d_broken_promise,29900.0,3,1,2,24.7,5,1,Hyderabad,iOS,,
CUST006757,Aarav Kapoor,,normal,45600.0,5,4,1,2.7,0,0,Pune,iOS,,
CUST006758,Saanvi Sharma,,normal,12300.0,1,1,0,4.9,1,1,Delhi,iOS,,
CUST006759,Ishaan Joshi,,normal,29100.0,5,4,1,6.6,1,1,Nagpur,Android,,
CUST006760,Myra Bose,Reddy Industries Pvt Ltd,b2b,902500.0,82,70,12,4.4,5,4,Ahmedabad,iOS,,
CUST006761,Simran Reddy,,dormant_high_ltv,305300.0,41,38,3,5.4,2,1,Delhi,Android,,
CUST006762,Diya Patel,,normal,15800.0,4,3,1,5.2,2,2,Bangalore,iOS,,
CUST006763,Arjun Chawla,,normal,25500.0,3,2,1,0.5,0,0,Chennai,iOS,,
CUST006764,Aditya Kapoor,,normal,6400.0,2,2,0,2.8,1,1,Chennai,Android,,
CUST006765,Neha Kapoor,Reddy Distributors Pvt Ltd,b2b,442100.0,61,52,9,4.5,1,1,Ahmedabad,Desktop,,
CUST006766,Rohan Bose,,normal,9100.0,3,3,0,4.4,1,1,Jaipur,Android,,
CUST006767,Aarav Joshi,,normal,30000.0,4,4,0,0.6,2,1,Indore,Android,,
CUST006768,Kiara Bose,,normal,7700.0,1,1,0,0.5,0,0,Lucknow,iOS,,
CUST006769,Diya Joshi,,normal,13700.0,4,3,1,0.3,2,2,Jaipur,Android,,
CUST006770,Priya Chawla,,normal,36700.0,6,5,1,2.0,1,1,Delhi,Desktop,,
CUST006771,Aman Iyer,Kapoor Industries Pvt Ltd,b2b,359500.0,38,36,2,8.4,3,2,Pune,Desktop,,
CUST006772,Saanvi Chawla,,normal,28200.0,9,8,1,2.2,0,0,Lucknow,Android,,
CUST006773,Rohan Bose,,normal,15400.0,3,2,1,4.0,0,0,Delhi,Android,,
CUST006774,Rahul Iyer,,normal,12400.0,3,2,1,3.8,2,2,Bangalore,Android,,
CUST006775,Kiara Verma,,normal,39700.0,2,1,1,2.9,2,2,Nagpur,Android,,
CUST006776,Diya Malhotra,,normal,12900.0,1,1,0,4.8,2,2,Pune,Android,,
CUST006777,Kiara Nair,,normal,21500.0,3,3,0,3.9,2,2,Hyderabad,iOS,,
CUST006778,Neha Sharma,,normal,35100.0,1,1,0,1.6,2,2,Hyderabad,Desktop,,
CUST006779,Meera Rao,,normal,23400.0,2,1,1,1.9,2,2,Hyderabad,Android,,
CUST006780,Kabir Reddy,,normal,35100.0,5,5,0,1.4,1,1,Hyderabad,Android,,
CUST006781,Rahul Verma,,normal,15100.0,2,1,1,0.9,1,1,Hyderabad,Android,,
CUST006782,Simran Mehta,,normal,10600.0,2,2,0,16.0,2,2,Indore,Android,,
CUST006783,Aditya Mehta,,normal,26000.0,4,3,1,5.5,1,1,Indore,Android,,
CUST006784,Simran Bose,,dormant_high_ltv,362000.0,50,43,7,7.3,0,0,Lucknow,Desktop,,
CUST006785,Saanvi Iyer,,normal,33100.0,4,3,1,2.1,0,0,Delhi,Desktop,,
CUST006786,Aditya Joshi,,normal,24200.0,5,4,1,3.7,0,0,Ahmedabad,iOS,,
CUST006787,Simran Joshi,,normal,11500.0,2,2,0,5.5,1,1,Delhi,iOS,,
CUST006788,Simran Malhotra,,normal,56000.0,6,5,1,12.0,1,1,Lucknow,Android,,
CUST006789,Simran Bose,,normal,9500.0,2,2,0,0.2,0,0,Pune,Android,,
CUST006790,Kabir Joshi,,normal,20400.0,6,5,1,3.9,1,1,Chennai,Desktop,,
CUST006791,Sanya Kapoor,,normal,35000.0,2,2,0,3.5,0,0,Pune,Android,,
CUST006792,Aditya Gupta,Patel Solutions Pvt Ltd,b2b,244800.0,46,39,7,2.2,4,4,Delhi,Android,,
CUST006793,Rahul Joshi,,normal,19400.0,5,4,1,4.3,2,1,Bangalore,iOS,,
CUST006794,Arjun Bose,,normal,26200.0,5,4,1,1.5,1,1,Kolkata,Android,,
CUST006795,Rahul Gupta,,normal,7500.0,1,1,0,2.3,2,2,Nagpur,Android,,
CUST006796,Meera Gupta,,normal,25700.0,2,2,0,1.1,1,1,Pune,Android,,
CUST006797,Diya Rao,,normal,11200.0,1,1,0,2.8,1,1,Kolkata,iOS,,
CUST006798,Arjun Verma,,group_d_broken_promise,12000.0,1,1,0,17.8,7,1,Lucknow,iOS,,
CUST006799,Vivaan Malhotra,,normal,20500.0,5,4,1,1.8,1,1,Delhi,Android,,
CUST006800,Kabir Verma,,group_d_broken_promise,49700.0,4,2,2,18.9,3,0,Chennai,Android,,
CUST006801,Meera Bose,,normal,9300.0,1,1,0,0.6,0,0,Jaipur,iOS,,
CUST006802,Kiara Reddy,,normal,27000.0,2,2,0,0.7,0,0,Hyderabad,Android,,
CUST006803,Rahul Malhotra,,normal,24000.0,2,2,0,7.0,1,1,Chennai,Android,,
CUST006804,Aditya Reddy,,normal,20400.0,4,4,0,2.0,2,2,Lucknow,Android,,
CUST006805,Aarav Verma,,normal,30400.0,5,4,1,1.2,2,2,Lucknow,iOS,,
CUST006806,Saanvi Sharma,,normal,25200.0,4,3,1,1.0,0,0,Pune,Android,,
CUST006807,Saanvi Malhotra,,normal,9200.0,1,1,0,1.4,2,2,Jaipur,Android,,
CUST006808,Rohan Chawla,,normal,29900.0,4,4,0,5.0,1,1,Ahmedabad,Android,,
CUST006809,Aarav Verma,,normal,25400.0,6,5,1,2.8,1,1,Pune,Android,,
CUST006810,Saanvi Gupta,,normal,12300.0,1,1,0,1.0,2,2,Lucknow,Android,,
CUST006811,Kiara Mehta,,group_d_broken_promise,17500.0,3,1,2,13.7,10,3,Pune,Android,,
CUST006812,Sanya Verma,Verma Solutions Pvt Ltd,b2b,543300.0,70,57,13,12.6,5,4,Ahmedabad,Desktop,,
CUST006813,Myra Bose,Malhotra Industries Pvt Ltd,b2b,421100.0,51,42,9,2.8,1,1,Kolkata,Desktop,,
CUST006814,Myra Nair,,group_d_broken_promise,11500.0,2,1,1,35.2,4,1,Bangalore,Android,,
CUST006815,Priya Gupta,,normal,18900.0,4,3,1,2.4,0,0,Mumbai,iOS,,
CUST006816,Karan Singh,,group_d_broken_promise,34000.0,3,2,1,26.1,4,1,Indore,Desktop,,
CUST006817,Neha Patel,,normal,14700.0,2,2,0,2.4,2,1,Ahmedabad,Android,,
CUST006818,Simran Kapoor,,group_d_broken_promise,43100.0,5,3,2,23.7,5,2,Indore,Desktop,,
CUST006819,Myra Iyer,,group_d_broken_promise,49500.0,5,2,3,21.6,4,1,Nagpur,iOS,,
CUST006820,Ananya Mehta,,normal,48800.0,4,3,1,11.3,1,1,Lucknow,Desktop,,
CUST006821,Meera Joshi,,normal,10500.0,3,2,1,7.4,1,1,Kolkata,Desktop,,
CUST006822,Neha Rao,,normal,15100.0,5,4,1,1.3,1,1,Kolkata,Android,,
CUST006823,Ishaan Gupta,,normal,18300.0,3,3,0,1.4,2,2,Jaipur,Android,,
CUST006824,Myra Sharma,,dormant_high_ltv,380800.0,45,41,4,3.0,2,2,Ahmedabad,iOS,,
CUST006825,Kiara Patel,,normal,20100.0,1,1,0,4.1,2,1,Lucknow,iOS,,
CUST006826,Kabir Reddy,,normal,15400.0,3,2,1,0.1,0,0,Hyderabad,Android,,
CUST006827,Sanya Rao,,dormant_high_ltv,481900.0,75,65,10,0.5,1,1,Hyderabad,Android,,
CUST006828,Saanvi Malhotra,,normal,19800.0,3,2,1,4.2,2,2,Chennai,Android,,
CUST006829,Rahul Verma,,normal,24200.0,4,3,1,3.1,0,0,Kolkata,iOS,,
CUST006830,Ananya Reddy,,normal,13000.0,2,2,0,0.8,0,0,Jaipur,iOS,,
CUST006831,Vivaan Bose,,normal,15400.0,3,2,1,2.1,2,2,Kolkata,Android,,
CUST006832,Aman Malhotra,,normal,43200.0,4,3,1,2.4,0,0,Hyderabad,iOS,,
CUST006833,Aman Bose,Bose Distributors Pvt Ltd,b2b,253000.0,23,21,2,4.6,4,4,Nagpur,Android,,
CUST006834,Saanvi Reddy,,normal,4400.0,2,2,0,1.8,2,2,Bangalore,Android,,
CUST006835,Kiara Rao,,normal,30300.0,5,4,1,2.4,1,1,Hyderabad,iOS,,
CUST006836,Saanvi Mehta,,group_d_broken_promise,20900.0,3,1,2,18.4,3,1,Delhi,iOS,,
CUST006837,Simran Joshi,,dormant_high_ltv,453000.0,63,61,2,2.5,1,1,Lucknow,Desktop,,
CUST006838,Kabir Sharma,,normal,29900.0,5,4,1,0.7,0,0,Bangalore,Desktop,,
CUST006839,Karan Bose,,normal,9000.0,2,1,1,2.4,2,2,Mumbai,Android,,
CUST006840,Neha Verma,,normal,46800.0,1,1,0,1.3,1,1,Mumbai,iOS,,
CUST006841,Karan Iyer,,normal,17900.0,6,5,1,2.2,1,1,Indore,iOS,,
CUST006842,Saanvi Bose,,normal,31700.0,4,4,0,1.4,2,2,Kolkata,Android,,
CUST006843,Myra Mehta,,normal,20600.0,1,1,0,2.0,1,1,Lucknow,Android,,
CUST006844,Aarav Verma,Bose Apparel Pvt Ltd,b2b,253600.0,32,26,6,10.0,1,1,Jaipur,iOS,,
CUST006845,Aarav Reddy,,normal,7400.0,1,1,0,1.6,2,2,Lucknow,Android,,
CUST006846,Aman Joshi,,dormant_high_ltv,359000.0,47,46,1,2.2,2,2,Kolkata,iOS,,
CUST006847,Sanya Malhotra,Verma Traders Pvt Ltd,b2b,336500.0,47,40,7,4.4,3,2,Ahmedabad,Android,,
CUST006848,Simran Patel,,normal,15800.0,2,2,0,3.8,0,0,Pune,iOS,,
CUST006849,Kiara Kapoor,Verma Industries Pvt Ltd,b2b,360800.0,45,41,4,6.4,3,2,Nagpur,iOS,,
CUST006850,Aditya Gupta,,normal,30500.0,6,6,0,5.0,0,0,Pune,Android,,
CUST006851,Ananya Verma,,normal,31000.0,5,4,1,6.1,2,1,Pune,iOS,,
CUST006852,Ananya Reddy,,normal,21100.0,4,3,1,1.3,1,1,Jaipur,iOS,,
CUST006853,Ishaan Singh,,normal,10300.0,4,4,0,1.0,1,1,Kolkata,Android,,
CUST006854,Simran Bose,,normal,32100.0,2,2,0,2.4,1,1,Chennai,Android,,
CUST006855,Myra Rao,,group_d_broken_promise,19700.0,6,3,3,17.3,9,1,Indore,Android,,
CUST006856,Aarav Reddy,Gupta Traders Pvt Ltd,b2b,438300.0,57,47,10,9.2,3,3,Delhi,Desktop,,
CUST006857,Diya Iyer,Nair Logistics Pvt Ltd,b2b,344200.0,25,22,3,7.0,3,2,Mumbai,iOS,,
CUST006858,Diya Joshi,Rao Exports Pvt Ltd,b2b,451900.0,58,50,8,3.6,1,1,Lucknow,Android,,
CUST006859,Vivaan Malhotra,Mehta Enterprises Pvt Ltd,b2b,300500.0,37,33,4,8.6,1,1,Hyderabad,iOS,,
CUST006860,Aman Nair,,group_d_broken_promise,28700.0,6,3,3,45.4,10,3,Kolkata,Desktop,,
CUST006861,Saanvi Iyer,Bose Textiles Pvt Ltd,b2b,344600.0,47,42,5,5.8,5,4,Mumbai,iOS,,
CUST006862,Kabir Iyer,,normal,13000.0,4,3,1,1.1,0,0,Hyderabad,iOS,,
CUST006863,Kiara Rao,,group_d_broken_promise,23600.0,4,2,2,18.4,7,2,Hyderabad,Android,,
CUST006864,Meera Malhotra,Singh Traders Pvt Ltd,b2b,551000.0,55,46,9,2.9,4,3,Chennai,Android,,
CUST006865,Meera Joshi,,normal,20600.0,5,5,0,3.8,1,1,Chennai,Android,,
CUST006866,Diya Singh,,normal,25000.0,3,2,1,2.0,1,1,Lucknow,Desktop,,
CUST006867,Kabir Rao,,normal,26200.0,3,2,1,2.5,2,2,Hyderabad,iOS,,
CUST006868,Meera Chawla,,dormant_high_ltv,599600.0,63,59,4,1.8,2,2,Mumbai,iOS,,
CUST006869,Vivaan Nair,,normal,24500.0,3,3,0,5.6,1,1,Kolkata,iOS,,
CUST006870,Sanya Kapoor,,normal,12000.0,2,2,0,5.4,1,1,Pune,Android,,
CUST006871,Aman Reddy,,normal,15100.0,1,1,0,2.7,1,1,Bangalore,Android,,
CUST006872,Ishaan Gupta,,normal,11800.0,1,1,0,1.1,0,0,Mumbai,Android,,
CUST006873,Neha Singh,,normal,27300.0,2,2,0,3.1,0,0,Bangalore,Android,,
CUST006874,Ishaan Nair,,normal,25400.0,3,2,1,3.4,0,0,Ahmedabad,iOS,,
CUST006875,Aarav Iyer,Singh Exports Pvt Ltd,b2b,459500.0,60,52,8,9.7,4,3,Nagpur,Android,,
CUST006876,Vivaan Chawla,,normal,12800.0,4,3,1,1.3,2,2,Lucknow,iOS,,
CUST006877,Sanya Rao,,dormant_high_ltv,335400.0,49,48,1,1.2,1,1,Kolkata,iOS,,
CUST006878,Diya Nair,Iyer Enterprises Pvt Ltd,b2b,351800.0,55,47,8,8.2,1,1,Bangalore,Android,,
CUST006879,Neha Malhotra,,normal,29400.0,5,4,1,0.5,1,1,Mumbai,Desktop,,
CUST006880,Neha Singh,,group_d_broken_promise,34300.0,4,2,2,14.2,4,1,Delhi,Android,,
CUST006881,Neha Sharma,,dormant_high_ltv,276900.0,33,29,4,0.7,1,1,Delhi,Android,,
CUST006882,Aditya Mehta,,normal,29300.0,3,2,1,2.2,1,1,Ahmedabad,Android,,
CUST006883,Saanvi Bose,,normal,34400.0,6,5,1,3.9,2,2,Chennai,iOS,,
CUST006884,Kabir Iyer,,normal,24900.0,2,2,0,1.3,2,2,Indore,Desktop,,
CUST006885,Arjun Singh,,normal,25800.0,7,5,2,6.4,1,1,Indore,Desktop,,
CUST006886,Arjun Patel,,normal,15600.0,3,2,1,7.3,0,0,Mumbai,Android,,
CUST006887,Myra Mehta,,normal,17600.0,6,5,1,3.2,0,0,Indore,iOS,,
CUST006888,Aditya Bose,Iyer Exports Pvt Ltd,b2b,392900.0,41,37,4,14.7,3,3,Kolkata,Android,,
CUST006889,Diya Bose,,normal,32700.0,4,4,0,4.2,1,1,Ahmedabad,Android,,
CUST006890,Arjun Bose,,normal,14000.0,3,3,0,1.0,2,2,Indore,iOS,,
CUST006891,Saanvi Iyer,,normal,12200.0,1,1,0,4.9,0,0,Indore,Android,,
CUST006892,Simran Singh,Sharma Traders Pvt Ltd,b2b,345100.0,39,38,1,8.6,4,4,Lucknow,iOS,,
CUST006893,Kiara Malhotra,,dormant_high_ltv,427400.0,54,52,2,2.1,1,1,Chennai,Android,,
CUST006894,Rahul Verma,Reddy Distributors Pvt Ltd,b2b,216700.0,26,22,4,17.0,1,1,Chennai,Android,,
CUST006895,Aman Rao,,group_d_broken_promise,28900.0,2,1,1,29.7,9,1,Nagpur,iOS,,
CUST006896,Meera Patel,,group_d_broken_promise,16900.0,4,2,2,39.9,4,1,Mumbai,Desktop,,
CUST006897,Sanya Reddy,,normal,25900.0,3,3,0,4.3,2,2,Jaipur,Android,,
CUST006898,Ishaan Nair,,dormant_high_ltv,533600.0,58,56,2,1.4,0,0,Lucknow,Android,,
CUST006899,Karan Singh,,normal,6800.0,1,1,0,2.7,1,1,Ahmedabad,Android,,
CUST006900,Arjun Malhotra,,normal,13600.0,2,2,0,4.2,0,0,Mumbai,Android,,
CUST006901,Aarav Nair,,normal,35100.0,2,2,0,2.1,1,1,Hyderabad,Desktop,,
CUST006902,Karan Joshi,,normal,38800.0,4,3,1,1.8,2,2,Delhi,iOS,,
CUST006903,Karan Rao,,normal,31000.0,5,4,1,0.5,0,0,Mumbai,Android,,
CUST006904,Arjun Kapoor,Bose Exports Pvt Ltd,b2b,146100.0,25,24,1,8.3,5,5,Pune,Android,,
CUST006905,Saanvi Bose,,normal,20100.0,4,4,0,0.4,1,1,Lucknow,iOS,,
CUST006906,Priya Nair,,normal,12300.0,4,4,0,2.7,2,2,Mumbai,Android,,
CUST006907,Myra Gupta,,normal,9200.0,3,3,0,3.9,1,1,Lucknow,Android,,
CUST006908,Meera Kapoor,,normal,16200.0,4,3,1,2.1,1,1,Hyderabad,Android,,
CUST006909,Simran Gupta,,normal,9300.0,2,2,0,7.4,1,1,Nagpur,Desktop,,
CUST006910,Kiara Joshi,,normal,45800.0,4,4,0,2.6,1,1,Hyderabad,Android,,
CUST006911,Myra Reddy,,normal,15800.0,2,2,0,3.5,0,0,Pune,Desktop,,
CUST006912,Vivaan Rao,,normal,16800.0,3,2,1,1.9,0,0,Bangalore,Android,,
CUST006913,Sanya Sharma,,normal,28400.0,3,3,0,3.0,2,2,Indore,iOS,,
CUST006914,Karan Patel,,normal,8500.0,2,1,1,7.4,1,1,Pune,Android,,
CUST006915,Arjun Malhotra,,normal,17000.0,5,4,1,5.3,2,2,Delhi,Desktop,,
CUST006916,Ishaan Kapoor,,normal,19200.0,2,2,0,6.0,2,2,Bangalore,Android,,
CUST006917,Priya Joshi,Joshi Tech Pvt Ltd,b2b,622700.0,73,70,3,8.7,2,2,Hyderabad,Android,,
CUST006918,Rahul Chawla,,normal,9400.0,1,1,0,1.1,1,1,Lucknow,Android,,
CUST006919,Aditya Nair,Reddy Exports Pvt Ltd,b2b,258500.0,37,31,6,7.9,3,3,Mumbai,iOS,,
CUST006920,Diya Iyer,,normal,11800.0,8,6,2,0.5,2,2,Mumbai,Desktop,,
CUST006921,Rohan Mehta,,normal,14100.0,1,1,0,1.9,2,2,Pune,Desktop,,
CUST006922,Rahul Iyer,,normal,31600.0,8,6,2,3.8,1,1,Nagpur,Android,,
CUST006923,Arjun Patel,,normal,38200.0,7,6,1,2.0,1,1,Mumbai,Android,,
CUST006924,Rahul Patel,,normal,24200.0,5,4,1,2.7,1,1,Mumbai,Desktop,,
CUST006925,Kabir Nair,Mehta Distributors Pvt Ltd,b2b,308400.0,46,40,6,7.8,4,4,Jaipur,Android,,
CUST006926,Diya Sharma,,group_d_broken_promise,50300.0,15,7,8,30.1,3,1,Kolkata,Android,,
CUST006927,Myra Mehta,Verma Industries Pvt Ltd,b2b,836300.0,61,51,10,5.8,5,5,Bangalore,Android,,
CUST006928,Aarav Nair,,normal,18500.0,4,3,1,3.1,0,0,Lucknow,iOS,,
CUST006929,Neha Bose,Rao Retail Pvt Ltd,b2b,241800.0,33,27,6,9.1,4,4,Pune,Android,,
CUST006930,Karan Joshi,,normal,35200.0,6,5,1,8.5,2,1,Jaipur,Android,,
CUST006931,Kiara Joshi,Mehta Solutions Pvt Ltd,b2b,338200.0,46,37,9,10.4,2,2,Mumbai,Android,,
CUST006932,Neha Joshi,,normal,29500.0,5,4,1,4.3,1,1,Mumbai,iOS,,
CUST006933,Aditya Verma,,normal,53200.0,7,6,1,2.2,1,1,Chennai,iOS,,
CUST006934,Simran Malhotra,,normal,7800.0,3,2,1,1.7,0,0,Pune,iOS,,
CUST006935,Aarav Mehta,,normal,19600.0,2,1,1,5.9,0,0,Hyderabad,Desktop,,
CUST006936,Myra Iyer,,normal,14500.0,3,3,0,1.4,1,1,Ahmedabad,iOS,,
CUST006937,Simran Iyer,,normal,8500.0,2,2,0,1.9,0,0,Lucknow,Android,,
CUST006938,Sanya Gupta,,normal,19700.0,6,6,0,0.4,2,2,Lucknow,Desktop,,
CUST006939,Sanya Kapoor,,dormant_high_ltv,397200.0,58,50,8,0.4,0,0,Hyderabad,iOS,,
CUST006940,Diya Verma,Chawla Distributors Pvt Ltd,b2b,565000.0,71,59,12,8.8,4,3,Lucknow,iOS,,
CUST006941,Ishaan Iyer,,normal,50300.0,8,6,2,2.3,1,1,Pune,Desktop,,
CUST006942,Aarav Malhotra,,normal,10800.0,2,2,0,2.8,1,1,Delhi,iOS,,
CUST006943,Aarav Verma,,normal,63600.0,10,7,3,5.1,2,2,Kolkata,iOS,,
CUST006944,Neha Iyer,,normal,29900.0,7,7,0,4.2,1,1,Ahmedabad,Android,,
CUST006945,Priya Iyer,,normal,35900.0,7,5,2,2.9,2,2,Indore,iOS,,
CUST006946,Rahul Verma,,normal,35800.0,10,7,3,1.5,0,0,Pune,Android,,
CUST006947,Neha Bose,,normal,24300.0,2,2,0,1.3,0,0,Nagpur,Desktop,,
CUST006948,Meera Mehta,,normal,15700.0,3,3,0,2.6,0,0,Ahmedabad,iOS,,
CUST006949,Priya Bose,,normal,9200.0,1,1,0,3.7,0,0,Ahmedabad,Android,,
CUST006950,Arjun Chawla,,normal,10900.0,3,2,1,1.2,0,0,Hyderabad,Desktop,,
CUST006951,Simran Reddy,,normal,25900.0,6,5,1,2.6,0,0,Bangalore,iOS,,
CUST006952,Aditya Singh,,normal,16000.0,4,3,1,0.5,0,0,Chennai,iOS,,
CUST006953,Aarav Mehta,,group_d_broken_promise,34400.0,5,3,2,28.4,10,2,Nagpur,Android,,
CUST006954,Rohan Iyer,,normal,11600.0,3,2,1,1.9,0,0,Lucknow,Android,,
CUST006955,Kiara Joshi,,normal,22200.0,3,2,1,1.0,2,2,Ahmedabad,Android,,
CUST006956,Karan Sharma,,normal,23500.0,4,3,1,5.6,1,1,Kolkata,iOS,,
CUST006957,Priya Gupta,Sharma Industries Pvt Ltd,b2b,675900.0,53,51,2,5.7,4,4,Indore,iOS,,
CUST006958,Saanvi Patel,,normal,28500.0,2,1,1,0.9,1,1,Kolkata,iOS,,
CUST006959,Kabir Mehta,,normal,12800.0,4,3,1,0.2,0,0,Kolkata,Android,,
CUST006960,Aarav Sharma,,normal,18500.0,4,4,0,0.8,0,0,Bangalore,Android,,
CUST006961,Diya Malhotra,,normal,13000.0,3,3,0,7.5,0,0,Hyderabad,iOS,,
CUST006962,Aditya Chawla,,group_d_broken_promise,42600.0,8,4,4,52.5,3,1,Hyderabad,iOS,,
CUST006963,Ananya Iyer,,normal,10000.0,5,4,1,2.6,0,0,Hyderabad,iOS,,
CUST006964,Priya Mehta,,normal,32800.0,4,3,1,3.7,0,0,Mumbai,Android,,
CUST006965,Saanvi Iyer,,group_d_broken_promise,17000.0,5,3,2,39.4,7,2,Bangalore,iOS,,
CUST006966,Diya Iyer,,normal,31700.0,4,3,1,0.4,1,1,Pune,Android,,
CUST006967,Priya Bose,,normal,8000.0,2,2,0,0.8,2,2,Pune,iOS,,
CUST006968,Meera Gupta,,group_d_broken_promise,33900.0,10,5,5,16.9,7,1,Chennai,iOS,,
CUST006969,Myra Joshi,,normal,20200.0,3,2,1,3.8,2,2,Indore,Desktop,,
CUST006970,Kiara Joshi,,normal,35300.0,4,3,1,0.7,2,1,Chennai,Android,,
CUST006971,Meera Malhotra,,normal,29000.0,3,3,0,2.5,0,0,Indore,Desktop,,
CUST006972,Simran Singh,,normal,12100.0,1,1,0,0.6,0,0,Lucknow,Desktop,,
CUST006973,Aman Reddy,Mehta Retail Pvt Ltd,b2b,419000.0,48,44,4,7.6,3,3,Pune,iOS,,
CUST006974,Arjun Sharma,,normal,37400.0,4,3,1,0.2,1,1,Jaipur,Android,,
CUST006975,Sanya Rao,,normal,35300.0,6,4,2,2.8,0,0,Chennai,Android,,
CUST006976,Aarav Iyer,,dormant_high_ltv,289500.0,34,30,4,4.0,2,2,Indore,iOS,,
CUST006977,Kabir Sharma,,normal,23100.0,4,3,1,2.3,0,0,Nagpur,iOS,,
CUST006978,Arjun Gupta,,group_d_broken_promise,38600.0,2,1,1,15.1,10,3,Bangalore,Desktop,,
CUST006979,Aarav Chawla,,normal,17100.0,2,2,0,3.5,0,0,Indore,Android,,
CUST006980,Saanvi Joshi,,normal,12000.0,1,1,0,3.3,0,0,Kolkata,iOS,,
CUST006981,Kiara Reddy,,normal,19600.0,3,3,0,5.3,1,1,Hyderabad,Android,,
CUST006982,Rahul Singh,,normal,40200.0,3,2,1,4.1,1,1,Mumbai,Desktop,,
CUST006983,Priya Nair,Sharma Tech Pvt Ltd,b2b,545200.0,53,48,5,2.5,5,4,Lucknow,iOS,,
CUST006984,Rohan Bose,,normal,12200.0,1,1,0,3.5,0,0,Pune,Desktop,,
CUST006985,Aarav Iyer,Singh Distributors Pvt Ltd,b2b,326200.0,43,41,2,5.2,4,3,Kolkata,Android,,
CUST006986,Simran Nair,,normal,42100.0,10,9,1,1.7,0,0,Pune,Desktop,,
CUST006987,Aditya Patel,,normal,28300.0,3,2,1,1.2,0,0,Bangalore,iOS,,
CUST006988,Ananya Kapoor,,dormant_high_ltv,417900.0,45,39,6,1.3,1,1,Indore,Desktop,,
CUST006989,Rohan Malhotra,,dormant_high_ltv,432100.0,45,43,2,3.1,0,0,Ahmedabad,iOS,,
CUST006990,Rahul Bose,,dormant_high_ltv,444500.0,61,56,5,1.5,2,2,Lucknow,iOS,,
CUST006991,Vivaan Chawla,,group_d_broken_promise,28300.0,6,3,3,25.8,7,1,Pune,iOS,,
CUST006992,Aditya Nair,Reddy Apparel Pvt Ltd,b2b,145900.0,23,20,3,4.8,4,3,Lucknow,Desktop,,
CUST006993,Arjun Malhotra,,normal,19600.0,7,6,1,8.4,1,1,Ahmedabad,iOS,,
CUST006994,Aman Sharma,,normal,35500.0,5,5,0,2.4,1,1,Mumbai,Android,,
CUST006995,Neha Iyer,,normal,19300.0,3,3,0,1.7,2,1,Nagpur,iOS,,
CUST006996,Sanya Rao,,normal,17800.0,3,3,0,4.7,1,1,Ahmedabad,Android,,
CUST006997,Diya Chawla,,normal,32100.0,4,3,1,7.7,1,1,Jaipur,Android,,
CUST006998,Rohan Sharma,,normal,4500.0,1,1,0,3.6,2,2,Mumbai,Android,,
CUST006999,Ishaan Chawla,,normal,20000.0,7,5,2,18.8,1,1,Lucknow,Android,,
CUST007000,Kabir Mehta,,normal,19300.0,5,5,0,2.1,0,0,Jaipur,iOS,,
CUST007001,Aman Joshi,,normal,14300.0,1,1,0,3.0,2,2,Hyderabad,Desktop,,
CUST007002,Rahul Nair,,normal,17600.0,4,3,1,3.4,1,1,Ahmedabad,Android,,
CUST007003,Ishaan Joshi,,normal,44800.0,6,5,1,0.7,2,1,Mumbai,Desktop,,
CUST007004,Diya Nair,,normal,5500.0,2,2,0,2.7,1,1,Jaipur,Android,,
CUST007005,Rohan Rao,,normal,12100.0,2,2,0,2.4,1,1,Jaipur,iOS,,
CUST007006,Rahul Gupta,,normal,13200.0,2,2,0,3.9,1,1,Hyderabad,Android,,
CUST007007,Ananya Rao,,normal,18500.0,3,3,0,3.6,2,2,Pune,Desktop,,
CUST007008,Aarav Iyer,,dormant_high_ltv,420200.0,44,40,4,1.3,0,0,Chennai,iOS,,
CUST007009,Karan Chawla,,dormant_high_ltv,554800.0,54,51,3,2.7,1,1,Chennai,Android,,
CUST007010,Kiara Patel,,normal,17000.0,3,3,0,3.0,1,1,Delhi,Android,,
CUST007011,Rohan Patel,,dormant_high_ltv,303600.0,54,52,2,0.7,0,0,Nagpur,Desktop,,
CUST007012,Ananya Mehta,,normal,21700.0,2,2,0,0.6,1,1,Kolkata,Android,,
CUST007013,Vivaan Iyer,,dormant_high_ltv,204300.0,26,24,2,5.0,2,2,Kolkata,Desktop,,
CUST007014,Saanvi Nair,,normal,6600.0,2,1,1,4.0,1,1,Pune,iOS,,
CUST007015,Myra Gupta,Sharma Foods Pvt Ltd,b2b,526600.0,75,69,6,9.2,1,1,Nagpur,Android,,
CUST007016,Priya Iyer,,normal,21500.0,3,3,0,2.0,0,0,Ahmedabad,iOS,,
CUST007017,Simran Malhotra,,normal,44600.0,5,4,1,2.7,0,0,Bangalore,Android,,
CUST007018,Kiara Joshi,,dormant_high_ltv,252500.0,34,31,3,9.8,2,2,Indore,Android,,
CUST007019,Simran Sharma,,dormant_high_ltv,288600.0,30,26,4,3.5,2,2,Ahmedabad,Android,,
CUST007020,Ananya Malhotra,,normal,20000.0,4,3,1,0.4,0,0,Kolkata,Android,,
CUST007021,Aditya Reddy,,normal,17300.0,3,2,1,2.1,0,0,Indore,iOS,,
CUST007022,Aditya Gupta,,normal,18800.0,1,1,0,1.0,0,0,Jaipur,Desktop,,
CUST007023,Aarav Nair,Bose Exports Pvt Ltd,b2b,348900.0,47,43,4,5.7,4,4,Hyderabad,Android,,
CUST007024,Simran Kapoor,,normal,16100.0,4,3,1,3.2,0,0,Indore,Desktop,,
CUST007025,Ananya Chawla,,group_d_broken_promise,15300.0,1,1,0,41.9,9,2,Delhi,Android,,
CUST007026,Meera Verma,,normal,28300.0,4,3,1,1.2,0,0,Chennai,iOS,,
CUST007027,Aman Rao,,normal,23300.0,1,1,0,3.6,0,0,Pune,Android,,
CUST007028,Simran Kapoor,Chawla Foods Pvt Ltd,b2b,313100.0,49,43,6,13.7,5,4,Indore,Android,,
CUST007029,Rohan Mehta,,normal,22500.0,2,1,1,8.2,1,1,Chennai,Android,,
CUST007030,Sanya Rao,,normal,35500.0,10,9,1,3.4,1,1,Indore,iOS,,
CUST007031,Rohan Patel,,dormant_high_ltv,505800.0,65,57,8,7.6,1,1,Indore,Android,,
CUST007032,Kabir Singh,Patel Tech Pvt Ltd,b2b,303600.0,38,33,5,17.0,3,2,Pune,Android,,
CUST007033,Kabir Singh,Verma Solutions Pvt Ltd,b2b,448700.0,56,48,8,11.1,1,1,Pune,Android,,
CUST007034,Aarav Singh,,group_d_broken_promise,27000.0,1,1,0,23.2,8,2,Indore,iOS,,
CUST007035,Arjun Chawla,,group_d_broken_promise,36800.0,9,4,5,14.0,6,2,Indore,iOS,,
CUST007036,Priya Patel,,normal,28400.0,3,2,1,8.1,1,1,Ahmedabad,Android,,
CUST007037,Aman Joshi,,group_d_broken_promise,44100.0,9,3,6,16.5,7,1,Bangalore,Android,,
CUST007038,Rahul Iyer,,normal,5500.0,1,1,0,1.6,1,1,Nagpur,Android,,
CUST007039,Sanya Sharma,,normal,16000.0,4,3,1,1.0,0,0,Ahmedabad,Desktop,,
CUST007040,Aditya Kapoor,,normal,9700.0,3,2,1,8.5,1,1,Indore,Android,,
CUST007041,Myra Gupta,,normal,13000.0,3,3,0,4.1,1,1,Lucknow,Android,,
CUST007042,Rahul Reddy,,group_d_broken_promise,12500.0,1,0,1,16.4,10,2,Nagpur,Android,,
CUST007043,Vivaan Patel,,group_d_broken_promise,28000.0,7,4,3,76.2,5,1,Pune,Android,,
CUST007044,Ananya Sharma,Mehta Enterprises Pvt Ltd,b2b,446700.0,66,58,8,3.5,3,2,Delhi,Android,,
CUST007045,Vivaan Chawla,,normal,14500.0,2,2,0,5.0,0,0,Bangalore,Android,,
CUST007046,Arjun Chawla,,normal,12800.0,2,2,0,0.2,1,1,Chennai,Android,,
CUST007047,Sanya Joshi,,normal,29100.0,3,2,1,1.0,0,0,Jaipur,Android,,
CUST007048,Priya Chawla,Sharma Logistics Pvt Ltd,b2b,352500.0,54,44,10,7.1,1,1,Kolkata,Android,,
CUST007049,Ishaan Kapoor,,normal,26700.0,2,2,0,0.3,2,2,Chennai,Desktop,,
CUST007050,Simran Verma,Iyer Tech Pvt Ltd,b2b,411700.0,54,52,2,7.4,1,1,Delhi,Android,,
CUST007051,Aditya Rao,,normal,15900.0,4,3,1,1.3,0,0,Mumbai,Android,,
CUST007052,Vivaan Malhotra,Patel Logistics Pvt Ltd,b2b,240200.0,38,35,3,9.6,5,5,Lucknow,Android,,
CUST007053,Priya Singh,,normal,26200.0,2,2,0,2.6,2,1,Chennai,iOS,,
CUST007054,Aarav Singh,,normal,24400.0,7,7,0,6.0,0,0,Indore,Android,,
CUST007055,Vivaan Reddy,,group_d_broken_promise,13700.0,4,2,2,21.2,4,1,Ahmedabad,iOS,,
CUST007056,Saanvi Kapoor,,normal,20900.0,3,2,1,11.1,1,1,Jaipur,iOS,,
CUST007057,Ananya Iyer,,normal,18200.0,1,1,0,0.7,0,0,Delhi,Desktop,,
CUST007058,Priya Singh,,group_d_broken_promise,37000.0,3,1,2,26.1,10,3,Hyderabad,iOS,,
CUST007059,Arjun Rao,,normal,7800.0,1,1,0,2.4,0,0,Bangalore,Android,,
CUST007060,Meera Kapoor,,normal,30700.0,1,1,0,6.6,1,1,Jaipur,iOS,,
CUST007061,Kabir Gupta,,group_d_broken_promise,41900.0,10,4,6,32.6,9,3,Nagpur,Android,,
CUST007062,Diya Gupta,,dormant_high_ltv,368400.0,48,41,7,2.6,2,1,Hyderabad,iOS,,
CUST007063,Priya Nair,Joshi Apparel Pvt Ltd,b2b,327900.0,50,45,5,7.2,5,5,Kolkata,Android,,
CUST007064,Aarav Singh,,dormant_high_ltv,614600.0,67,62,5,1.1,2,1,Lucknow,Android,,
CUST007065,Meera Bose,,normal,19300.0,1,1,0,3.7,2,2,Jaipur,Android,,
CUST007066,Kabir Rao,,normal,22100.0,4,3,1,0.0,2,2,Lucknow,iOS,,
CUST007067,Meera Nair,,normal,21300.0,4,3,1,0.2,0,0,Bangalore,Android,,
CUST007068,Arjun Joshi,,normal,14700.0,5,4,1,1.5,2,2,Jaipur,Android,,
CUST007069,Ananya Sharma,,normal,14300.0,3,2,1,2.7,1,1,Lucknow,Desktop,,
CUST007070,Ishaan Sharma,,normal,17600.0,4,3,1,1.4,2,2,Indore,Android,,
CUST007071,Aman Joshi,,normal,28800.0,4,3,1,2.7,1,1,Ahmedabad,iOS,,
CUST007072,Aman Nair,Patel Enterprises Pvt Ltd,b2b,243800.0,29,27,2,6.5,3,2,Bangalore,Android,,
CUST007073,Neha Rao,Kapoor Foods Pvt Ltd,b2b,241100.0,31,29,2,11.4,5,5,Chennai,iOS,,
CUST007074,Neha Mehta,,normal,18500.0,6,6,0,0.3,0,0,Indore,iOS,,
CUST007075,Vivaan Chawla,,normal,7200.0,1,1,0,4.0,0,0,Pune,Android,,
CUST007076,Kabir Rao,,normal,23200.0,3,3,0,2.7,0,0,Ahmedabad,iOS,,
CUST007077,Aditya Mehta,Mehta Logistics Pvt Ltd,b2b,397400.0,59,52,7,9.8,3,2,Pune,Android,,
CUST007078,Diya Sharma,,normal,15100.0,2,2,0,4.8,1,1,Jaipur,Android,,
CUST007079,Rohan Gupta,,group_d_broken_promise,16300.0,3,2,1,26.0,9,3,Mumbai,Android,,
CUST007080,Vivaan Iyer,,normal,12700.0,1,1,0,0.7,2,2,Delhi,Android,,
CUST007081,Kiara Bose,,normal,27500.0,3,3,0,1.5,0,0,Jaipur,Android,,
CUST007082,Ishaan Sharma,,normal,27400.0,4,4,0,5.7,2,2,Delhi,Android,,
CUST007083,Ananya Verma,,normal,21000.0,5,4,1,1.5,1,1,Kolkata,iOS,,
CUST007084,Meera Iyer,Iyer Enterprises Pvt Ltd,b2b,359200.0,49,46,3,4.8,5,4,Nagpur,Android,,
CUST007085,Diya Reddy,,normal,16900.0,4,3,1,0.9,1,1,Ahmedabad,iOS,,
CUST007086,Neha Chawla,,normal,15400.0,3,3,0,3.0,0,0,Indore,Android,,
CUST007087,Arjun Iyer,,normal,9800.0,2,2,0,1.5,0,0,Ahmedabad,iOS,,
CUST007088,Arjun Chawla,Verma Apparel Pvt Ltd,b2b,300800.0,37,31,6,3.0,3,2,Pune,iOS,,
CUST007089,Vivaan Singh,,group_d_broken_promise,14900.0,2,1,1,14.2,10,3,Pune,iOS,,
CUST007090,Aarav Mehta,Sharma Exports Pvt Ltd,b2b,322200.0,40,35,5,5.3,1,1,Nagpur,Android,,
CUST007091,Aarav Chawla,,normal,5600.0,3,2,1,4.5,2,2,Ahmedabad,Desktop,,
CUST007092,Diya Kapoor,,normal,15900.0,6,5,1,1.7,1,1,Kolkata,iOS,,
CUST007093,Rohan Malhotra,,normal,16100.0,1,1,0,1.3,2,1,Indore,Desktop,,
CUST007094,Ishaan Nair,,normal,39500.0,4,4,0,7.6,0,0,Ahmedabad,Android,,
CUST007095,Arjun Gupta,,normal,12200.0,5,4,1,3.1,1,1,Kolkata,Android,,
CUST007096,Arjun Malhotra,Sharma Exports Pvt Ltd,b2b,409500.0,44,41,3,4.7,5,5,Chennai,Android,,
CUST007097,Ishaan Chawla,,normal,35400.0,1,1,0,3.3,1,1,Mumbai,Android,,
CUST007098,Vivaan Rao,Joshi Logistics Pvt Ltd,b2b,452100.0,68,63,5,2.8,4,4,Chennai,iOS,,
CUST007099,Myra Sharma,Kapoor Industries Pvt Ltd,b2b,425300.0,56,47,9,3.6,2,2,Chennai,Android,,
CUST007100,Arjun Gupta,,dormant_high_ltv,298500.0,40,38,2,2.2,0,0,Mumbai,Desktop,,
CUST007101,Ananya Singh,Chawla Exports Pvt Ltd,b2b,194500.0,27,24,3,20.3,4,4,Ahmedabad,Android,,
CUST007102,Rahul Iyer,Malhotra Traders Pvt Ltd,b2b,160000.0,16,14,2,4.4,1,1,Pune,Android,,
CUST007103,Kiara Nair,,normal,14800.0,4,3,1,2.6,0,0,Mumbai,iOS,,
CUST007104,Rahul Rao,,dormant_high_ltv,610700.0,62,60,2,0.7,0,0,Delhi,Android,,
CUST007105,Saanvi Mehta,Nair Solutions Pvt Ltd,b2b,266500.0,28,25,3,15.4,5,4,Bangalore,Desktop,,
CUST007106,Neha Sharma,,dormant_high_ltv,318700.0,43,41,2,3.0,0,0,Nagpur,Android,,
CUST007107,Aman Gupta,,normal,20800.0,1,1,0,7.4,2,2,Pune,Android,,
CUST007108,Ishaan Verma,,normal,23000.0,4,3,1,5.3,1,1,Bangalore,iOS,,
CUST007109,Diya Nair,Iyer Textiles Pvt Ltd,b2b,160600.0,24,22,2,6.9,2,2,Nagpur,Desktop,,
CUST007110,Neha Chawla,,group_d_broken_promise,19300.0,3,2,1,22.1,11,3,Nagpur,iOS,,
CUST007111,Rohan Verma,,normal,24700.0,4,4,0,2.3,0,0,Delhi,Desktop,,
CUST007112,Ishaan Bose,,normal,13900.0,1,1,0,3.7,2,2,Pune,Desktop,,
CUST007113,Rohan Verma,,normal,16700.0,4,4,0,1.8,2,1,Lucknow,iOS,,
CUST007114,Kiara Reddy,,normal,19800.0,5,4,1,1.8,0,0,Bangalore,iOS,,
CUST007115,Neha Bose,,normal,13900.0,1,1,0,2.6,2,2,Bangalore,Desktop,,
CUST007116,Diya Verma,,normal,33700.0,6,5,1,2.4,2,2,Kolkata,Android,,
CUST007117,Aarav Joshi,,normal,54900.0,4,3,1,0.5,2,1,Indore,iOS,,
CUST007118,Sanya Kapoor,,normal,22700.0,2,2,0,3.4,1,1,Pune,Android,,
CUST007119,Diya Patel,Singh Enterprises Pvt Ltd,b2b,593900.0,65,54,11,2.7,2,2,Chennai,iOS,,
CUST007120,Aman Chawla,,normal,22600.0,5,4,1,3.9,1,1,Pune,Desktop,,
CUST007121,Sanya Gupta,,normal,32400.0,5,4,1,1.9,1,1,Indore,Android,,
CUST007122,Myra Patel,,dormant_high_ltv,380600.0,53,46,7,1.7,2,2,Hyderabad,Android,,
CUST007123,Karan Sharma,,normal,28900.0,4,3,1,2.2,2,2,Jaipur,Android,,
CUST007124,Ishaan Mehta,,normal,19400.0,5,4,1,9.8,1,1,Jaipur,iOS,,
CUST007125,Meera Joshi,Malhotra Logistics Pvt Ltd,b2b,318500.0,35,31,4,3.3,1,1,Nagpur,Android,,
CUST007126,Simran Bose,,normal,43100.0,3,2,1,1.3,1,1,Hyderabad,iOS,,
CUST007127,Diya Sharma,Sharma Foods Pvt Ltd,b2b,221200.0,26,24,2,5.1,1,1,Lucknow,Android,,
CUST007128,Ananya Reddy,,normal,14200.0,3,2,1,0.6,1,1,Hyderabad,iOS,,
CUST007129,Priya Patel,,normal,27600.0,3,3,0,2.7,0,0,Hyderabad,Android,,
CUST007130,Aditya Verma,Kapoor Textiles Pvt Ltd,b2b,317200.0,35,33,2,7.1,4,4,Nagpur,Android,,
CUST007131,Priya Joshi,,normal,16600.0,3,2,1,1.5,0,0,Mumbai,Android,,
CUST007132,Saanvi Bose,,normal,24100.0,6,5,1,1.6,1,1,Ahmedabad,Android,,
CUST007133,Simran Mehta,,group_d_broken_promise,24000.0,4,2,2,29.5,3,1,Lucknow,Android,,
CUST007134,Priya Rao,,normal,15800.0,3,2,1,0.8,2,2,Pune,Android,,
CUST007135,Aarav Nair,Reddy Apparel Pvt Ltd,b2b,181000.0,27,24,3,10.4,1,1,Jaipur,Android,,
CUST007136,Myra Chawla,,normal,42300.0,6,5,1,6.2,0,0,Indore,iOS,,
CUST007137,Ananya Iyer,,group_d_broken_promise,18100.0,3,1,2,16.3,10,3,Bangalore,iOS,,
CUST007138,Priya Patel,Mehta Solutions Pvt Ltd,b2b,222800.0,35,32,3,4.9,1,1,Ahmedabad,iOS,,
CUST007139,Vivaan Gupta,,normal,33300.0,3,2,1,1.6,2,2,Mumbai,Android,,
CUST007140,Rohan Iyer,,group_d_broken_promise,38700.0,7,3,4,25.7,9,3,Mumbai,iOS,,
CUST007141,Simran Bose,,normal,23400.0,3,3,0,0.4,2,2,Ahmedabad,iOS,,
CUST007142,Diya Patel,,normal,29200.0,3,3,0,3.0,2,2,Mumbai,iOS,,
CUST007143,Aditya Kapoor,,normal,12300.0,2,1,1,3.0,0,0,Chennai,iOS,,
CUST007144,Rohan Kapoor,,group_d_broken_promise,44200.0,5,3,2,22.8,4,1,Ahmedabad,Android,,
CUST007145,Rahul Patel,,normal,9000.0,1,1,0,1.5,1,1,Mumbai,iOS,,
CUST007146,Arjun Kapoor,,normal,14000.0,3,2,1,0.2,1,1,Pune,Android,,
CUST007147,Rahul Joshi,Reddy Logistics Pvt Ltd,b2b,309100.0,36,31,5,2.3,1,1,Nagpur,Desktop,,
CUST007148,Ananya Patel,,normal,41700.0,6,5,1,3.0,0,0,Chennai,iOS,,
CUST007149,Rohan Sharma,,normal,15800.0,5,4,1,1.8,1,1,Lucknow,Desktop,,
CUST007150,Saanvi Mehta,,normal,30100.0,6,5,1,0.1,0,0,Nagpur,Android,,
CUST007151,Rahul Bose,,normal,17400.0,5,4,1,1.4,2,2,Bangalore,Android,,
CUST007152,Arjun Bose,,normal,17900.0,6,5,1,4.0,2,2,Pune,iOS,,
CUST007153,Vivaan Rao,,normal,15900.0,1,1,0,6.0,1,1,Lucknow,Android,,
CUST007154,Myra Gupta,,normal,15300.0,3,2,1,1.0,1,1,Ahmedabad,Android,,
CUST007155,Saanvi Singh,,normal,29000.0,7,6,1,3.1,2,2,Bangalore,iOS,,
CUST007156,Kabir Nair,,normal,15500.0,2,2,0,1.9,2,2,Chennai,Android,,
CUST007157,Ananya Sharma,,normal,15300.0,3,2,1,3.1,0,0,Hyderabad,iOS,,
CUST007158,Neha Gupta,,normal,19500.0,4,3,1,3.3,1,1,Pune,iOS,,
CUST007159,Aarav Singh,,group_d_broken_promise,27500.0,4,2,2,25.5,3,1,Mumbai,Android,,
CUST007160,Vivaan Joshi,,group_d_broken_promise,18400.0,4,1,3,28.4,4,1,Mumbai,iOS,,
CUST007161,Simran Sharma,,normal,16700.0,4,3,1,1.7,2,2,Lucknow,iOS,,
CUST007162,Neha Reddy,,normal,12800.0,2,1,1,4.8,0,0,Pune,Android,,
CUST007163,Priya Malhotra,,normal,27400.0,5,5,0,1.1,1,1,Delhi,Android,,
CUST007164,Aman Joshi,,normal,21700.0,4,4,0,9.5,0,0,Mumbai,iOS,,
CUST007165,Neha Sharma,,normal,15000.0,3,2,1,3.9,0,0,Chennai,iOS,,
CUST007166,Karan Verma,,normal,12800.0,4,3,1,2.1,1,1,Chennai,Desktop,,
CUST007167,Ananya Kapoor,,normal,32800.0,5,4,1,6.7,2,1,Chennai,iOS,,
CUST007168,Myra Reddy,,group_d_broken_promise,23600.0,5,2,3,25.4,10,2,Bangalore,Android,,
CUST007169,Simran Sharma,,normal,10300.0,1,1,0,0.6,0,0,Bangalore,Android,,
CUST007170,Vivaan Malhotra,,dormant_high_ltv,262200.0,44,39,5,0.3,2,1,Ahmedabad,iOS,,
CUST007171,Aarav Bose,,normal,5700.0,1,1,0,11.7,1,1,Ahmedabad,Android,,
CUST007172,Vivaan Iyer,,normal,25600.0,2,1,1,0.9,0,0,Kolkata,Android,,
CUST007173,Sanya Patel,,normal,7100.0,3,2,1,0.9,2,2,Indore,iOS,,
CUST007174,Aditya Singh,,normal,20500.0,6,5,1,1.2,1,1,Chennai,Android,,
CUST007175,Meera Patel,,normal,20700.0,2,2,0,0.8,2,2,Bangalore,Desktop,,
CUST007176,Simran Nair,,dormant_high_ltv,584600.0,69,60,9,0.7,1,1,Chennai,Android,,
CUST007177,Priya Bose,,group_d_broken_promise,27500.0,2,1,1,32.0,4,0,Lucknow,Android,,
CUST007178,Rahul Reddy,,normal,9400.0,3,2,1,1.2,2,2,Bangalore,Android,,
CUST007179,Karan Bose,,normal,9800.0,5,4,1,1.0,0,0,Mumbai,Android,,
CUST007180,Meera Joshi,Kapoor Textiles Pvt Ltd,b2b,291600.0,40,33,7,20.8,5,4,Pune,Desktop,,
CUST007181,Arjun Joshi,Bose Distributors Pvt Ltd,b2b,308200.0,45,43,2,3.7,2,2,Lucknow,Android,,
CUST007182,Priya Bose,,normal,21100.0,4,4,0,1.1,2,2,Kolkata,iOS,,
CUST007183,Rohan Joshi,,normal,9700.0,3,3,0,2.7,0,0,Pune,iOS,,
CUST007184,Rahul Mehta,,normal,36300.0,5,5,0,0.6,1,1,Pune,Android,,
CUST007185,Rahul Patel,,dormant_high_ltv,394100.0,61,59,2,3.4,1,1,Bangalore,iOS,,
CUST007186,Simran Patel,,normal,15100.0,1,1,0,8.0,1,1,Delhi,Android,,
CUST007187,Neha Patel,Gupta Textiles Pvt Ltd,b2b,414200.0,71,61,10,3.5,1,1,Jaipur,Android,,
CUST007188,Saanvi Verma,Malhotra Logistics Pvt Ltd,b2b,493300.0,61,55,6,4.4,2,2,Nagpur,Android,,
CUST007189,Neha Singh,,group_d_broken_promise,23100.0,5,3,2,33.7,6,2,Ahmedabad,iOS,,
CUST007190,Ananya Chawla,,normal,39600.0,8,6,2,3.8,0,0,Indore,iOS,,
CUST007191,Simran Bose,,normal,35200.0,5,5,0,3.4,2,2,Indore,Android,,
CUST007192,Kabir Patel,Malhotra Enterprises Pvt Ltd,b2b,367400.0,51,47,4,9.5,4,4,Jaipur,Android,,
CUST007193,Aman Rao,,normal,18300.0,5,4,1,1.3,2,2,Delhi,Android,,
CUST007194,Rohan Reddy,,normal,21500.0,3,3,0,2.5,2,2,Hyderabad,iOS,,
CUST007195,Kabir Joshi,,normal,31800.0,6,5,1,0.4,1,1,Bangalore,Android,,
CUST007196,Priya Patel,,normal,11200.0,3,3,0,4.8,0,0,Nagpur,iOS,,
CUST007197,Ishaan Rao,,group_d_broken_promise,25000.0,3,1,2,24.0,11,4,Delhi,iOS,,
CUST007198,Aarav Joshi,,normal,15800.0,2,2,0,7.6,1,1,Lucknow,Android,,
CUST007199,Kabir Reddy,,normal,39100.0,4,3,1,2.1,1,1,Delhi,Desktop,,
CUST007200,Diya Mehta,,normal,29900.0,4,3,1,1.0,2,2,Delhi,iOS,,
CUST007201,Rahul Bose,,normal,17200.0,7,7,0,0.2,0,0,Indore,iOS,,
CUST007202,Kabir Iyer,Malhotra Traders Pvt Ltd,b2b,503200.0,50,44,6,5.2,2,2,Pune,iOS,,
CUST007203,Aditya Rao,,dormant_high_ltv,724100.0,46,42,4,1.7,1,1,Indore,Android,,
CUST007204,Rahul Mehta,,normal,21600.0,3,2,1,2.7,1,1,Nagpur,iOS,,
CUST007205,Vivaan Joshi,,normal,13800.0,3,3,0,0.1,1,1,Bangalore,Android,,
CUST007206,Neha Chawla,,normal,16400.0,3,3,0,1.5,0,0,Hyderabad,Android,,
CUST007207,Saanvi Iyer,,normal,25400.0,4,4,0,0.5,1,1,Kolkata,Desktop,,
CUST007208,Diya Sharma,,dormant_high_ltv,541100.0,59,55,4,2.4,1,1,Kolkata,Android,,
CUST007209,Aman Patel,,group_d_broken_promise,42400.0,6,2,4,36.6,8,2,Nagpur,iOS,,
CUST007210,Diya Singh,,normal,16500.0,4,4,0,3.7,1,1,Indore,iOS,,
CUST007211,Kiara Reddy,,normal,27500.0,4,4,0,1.2,0,0,Bangalore,Android,,
CUST007212,Myra Malhotra,,normal,9700.0,3,3,0,4.7,2,2,Kolkata,Android,,
CUST007213,Aman Kapoor,,normal,25200.0,4,3,1,2.2,1,1,Bangalore,Android,,
CUST007214,Meera Singh,,normal,11800.0,3,3,0,3.5,2,2,Delhi,Desktop,,
CUST007215,Rohan Malhotra,,normal,18100.0,4,4,0,2.0,1,1,Lucknow,iOS,,
CUST007216,Vivaan Singh,,dormant_high_ltv,378200.0,52,46,6,1.2,1,1,Delhi,iOS,,
CUST007217,Simran Reddy,,normal,13400.0,3,3,0,3.5,1,1,Pune,Android,,
CUST007218,Neha Mehta,,normal,25300.0,7,6,1,1.9,2,2,Indore,iOS,,
CUST007219,Meera Reddy,Bose Traders Pvt Ltd,b2b,293800.0,45,42,3,6.1,2,2,Kolkata,Desktop,,
CUST007220,Sanya Kapoor,,group_d_broken_promise,17800.0,4,2,2,18.2,8,1,Hyderabad,Desktop,,
CUST007221,Arjun Sharma,Patel Logistics Pvt Ltd,b2b,529000.0,68,61,7,4.6,2,2,Chennai,Android,,
CUST007222,Rahul Nair,,group_d_broken_promise,63900.0,14,5,9,27.0,8,3,Lucknow,iOS,,
CUST007223,Simran Nair,,normal,10200.0,2,2,0,4.8,2,2,Indore,Android,,
CUST007224,Simran Verma,,group_d_broken_promise,27900.0,4,2,2,43.1,7,2,Kolkata,Android,,
CUST007225,Ananya Malhotra,,normal,27600.0,3,3,0,2.9,0,0,Jaipur,Android,,
CUST007226,Ananya Bose,,group_d_broken_promise,22500.0,3,1,2,13.6,11,2,Kolkata,Android,,
CUST007227,Rahul Verma,,dormant_high_ltv,330700.0,39,37,2,4.2,1,1,Pune,Desktop,,
CUST007228,Sanya Gupta,Iyer Foods Pvt Ltd,b2b,369400.0,50,46,4,13.3,5,4,Mumbai,iOS,,
CUST007229,Karan Joshi,,group_d_broken_promise,17600.0,6,3,3,28.4,11,2,Kolkata,iOS,,
CUST007230,Vivaan Patel,,normal,19400.0,5,5,0,2.8,1,1,Nagpur,Android,,
CUST007231,Sanya Reddy,Reddy Solutions Pvt Ltd,b2b,477300.0,61,49,12,14.3,1,1,Nagpur,iOS,,
CUST007232,Kabir Mehta,Bose Apparel Pvt Ltd,b2b,295900.0,35,28,7,6.2,3,2,Mumbai,Android,,
CUST007233,Kiara Sharma,,group_d_broken_promise,18300.0,2,1,1,19.5,3,1,Kolkata,Android,,
CUST007234,Arjun Sharma,,normal,17300.0,2,1,1,3.2,0,0,Hyderabad,Desktop,,
CUST007235,Arjun Malhotra,,normal,14300.0,4,3,1,5.7,1,1,Ahmedabad,iOS,,
CUST007236,Arjun Malhotra,,normal,15600.0,3,2,1,1.4,0,0,Chennai,Desktop,,
CUST007237,Ishaan Bose,,normal,34800.0,4,3,1,3.9,1,1,Mumbai,Android,,
CUST007238,Myra Chawla,,normal,14100.0,4,3,1,0.4,0,0,Nagpur,iOS,,
CUST007239,Simran Kapoor,,normal,34900.0,2,2,0,5.8,2,2,Mumbai,Android,,
CUST007240,Sanya Bose,,normal,40700.0,6,5,1,3.2,1,1,Mumbai,iOS,,
CUST007241,Myra Singh,,normal,17100.0,3,3,0,3.3,1,1,Ahmedabad,Desktop,,
CUST007242,Priya Chawla,Reddy Industries Pvt Ltd,b2b,363500.0,55,53,2,22.8,2,2,Bangalore,Android,,
CUST007243,Kiara Chawla,,normal,9000.0,2,2,0,0.6,0,0,Bangalore,iOS,,
CUST007244,Neha Reddy,,normal,30600.0,6,4,2,6.4,1,1,Delhi,Android,,
CUST007245,Aarav Joshi,,normal,30400.0,5,4,1,9.5,2,2,Lucknow,iOS,,
CUST007246,Simran Gupta,,normal,35200.0,2,2,0,2.5,2,2,Mumbai,Desktop,,
CUST007247,Neha Chawla,,normal,18700.0,3,3,0,2.0,1,1,Lucknow,Android,,
CUST007248,Aarav Singh,,group_d_broken_promise,26200.0,2,1,1,18.7,9,1,Kolkata,Android,,
CUST007249,Rohan Mehta,,normal,22600.0,6,5,1,2.1,1,1,Mumbai,Android,,
CUST007250,Ananya Joshi,,normal,15500.0,3,2,1,1.5,0,0,Pune,Android,,
CUST007251,Saanvi Nair,,normal,15200.0,3,3,0,1.1,0,0,Nagpur,Android,,
CUST007252,Neha Iyer,,normal,22100.0,5,4,1,1.9,0,0,Hyderabad,Android,,
CUST007253,Sanya Chawla,,normal,31900.0,4,3,1,1.7,0,0,Delhi,Android,,
CUST007254,Myra Malhotra,,normal,28400.0,8,7,1,3.9,0,0,Chennai,iOS,,
CUST007255,Diya Kapoor,,normal,19800.0,2,1,1,1.7,0,0,Pune,Android,,
CUST007256,Rahul Sharma,,dormant_high_ltv,512400.0,58,54,4,4.4,2,2,Ahmedabad,Android,,
CUST007257,Diya Nair,,normal,33300.0,4,3,1,2.5,1,1,Delhi,Android,,
CUST007258,Myra Nair,,normal,10300.0,2,1,1,3.9,2,1,Ahmedabad,iOS,,
CUST007259,Sanya Verma,,normal,57800.0,11,10,1,1.3,1,1,Kolkata,iOS,,
CUST007260,Kabir Joshi,,dormant_high_ltv,405000.0,54,50,4,8.8,1,1,Jaipur,Android,,
CUST007261,Kiara Malhotra,,normal,10800.0,4,3,1,0.6,1,1,Indore,iOS,,
CUST007262,Myra Verma,,normal,19000.0,4,3,1,1.2,2,2,Pune,Android,,
CUST007263,Sanya Reddy,,normal,21900.0,3,3,0,3.1,0,0,Pune,Desktop,,
CUST007264,Kiara Bose,,dormant_high_ltv,326500.0,44,39,5,1.8,2,2,Mumbai,Desktop,,
CUST007265,Ishaan Joshi,,normal,22300.0,5,4,1,1.7,2,2,Indore,Android,,
CUST007266,Arjun Sharma,,dormant_high_ltv,412900.0,56,51,5,3.6,2,2,Indore,iOS,,
CUST007267,Simran Iyer,Reddy Retail Pvt Ltd,b2b,712100.0,56,49,7,4.7,1,1,Chennai,Android,,
CUST007268,Rahul Patel,,normal,31600.0,4,3,1,0.5,1,1,Lucknow,iOS,,
CUST007269,Rahul Gupta,,normal,12700.0,3,3,0,3.8,2,2,Lucknow,Android,,
CUST007270,Meera Reddy,,normal,23100.0,6,5,1,3.5,0,0,Delhi,iOS,,
CUST007271,Aman Chawla,,normal,27300.0,5,4,1,3.0,2,2,Chennai,iOS,,
CUST007272,Aarav Bose,,normal,33900.0,5,4,1,3.7,0,0,Pune,Android,,
CUST007273,Neha Patel,,dormant_high_ltv,244700.0,27,25,2,4.5,1,1,Ahmedabad,iOS,,
CUST007274,Kabir Patel,Rao Foods Pvt Ltd,b2b,362500.0,63,59,4,2.4,1,1,Jaipur,Android,,
CUST007275,Sanya Patel,,normal,17000.0,5,4,1,2.0,1,1,Ahmedabad,Android,,
CUST007276,Rahul Gupta,,normal,20900.0,4,3,1,5.0,1,1,Kolkata,Desktop,,
CUST007277,Aman Nair,,normal,19500.0,2,1,1,1.6,2,2,Jaipur,Android,,
CUST007278,Aarav Singh,,normal,26600.0,5,4,1,3.3,2,2,Jaipur,iOS,,
CUST007279,Kabir Gupta,,normal,26700.0,3,2,1,0.7,1,1,Kolkata,iOS,,
CUST007280,Kiara Mehta,,normal,16600.0,1,1,0,1.2,2,2,Nagpur,Android,,
CUST007281,Rohan Patel,,normal,19300.0,1,1,0,6.3,1,1,Ahmedabad,Android,,
CUST007282,Kiara Rao,,group_d_broken_promise,27800.0,2,1,1,30.9,10,2,Hyderabad,Android,,
CUST007283,Meera Bose,,group_d_broken_promise,22100.0,2,1,1,15.4,5,1,Ahmedabad,Android,,
CUST007284,Karan Singh,,group_d_broken_promise,13700.0,2,1,1,31.8,10,1,Indore,Android,,
CUST007285,Saanvi Gupta,,normal,20000.0,5,5,0,1.9,2,1,Hyderabad,Desktop,,
CUST007286,Aditya Iyer,,normal,11700.0,1,1,0,2.2,2,2,Delhi,Android,,
CUST007287,Ishaan Chawla,,normal,23700.0,3,3,0,3.0,0,0,Lucknow,Android,,
CUST007288,Arjun Mehta,,group_d_broken_promise,26200.0,6,3,3,39.6,6,1,Lucknow,Android,,
CUST007289,Arjun Nair,,normal,23200.0,6,4,2,1.1,2,2,Ahmedabad,iOS,,
CUST007290,Aarav Rao,,group_d_broken_promise,18500.0,4,2,2,15.1,11,2,Hyderabad,iOS,,
CUST007291,Sanya Verma,,normal,11700.0,1,1,0,4.0,0,0,Jaipur,Android,,
CUST007292,Sanya Bose,Kapoor Logistics Pvt Ltd,b2b,491700.0,58,48,10,5.2,1,1,Delhi,Desktop,,
CUST007293,Aarav Joshi,,normal,24500.0,2,2,0,2.7,2,2,Lucknow,Android,,
CUST007294,Rahul Patel,,group_d_broken_promise,11100.0,3,2,1,29.4,7,1,Bangalore,Android,,
CUST007295,Arjun Iyer,,normal,62100.0,6,5,1,2.7,0,0,Ahmedabad,Android,,
CUST007296,Aditya Chawla,,normal,13400.0,4,3,1,1.4,1,1,Jaipur,Android,,
CUST007297,Arjun Mehta,,normal,11700.0,2,2,0,1.7,0,0,Kolkata,iOS,,
CUST007298,Sanya Verma,,dormant_high_ltv,446900.0,53,51,2,2.5,2,2,Nagpur,Android,,
CUST007299,Aarav Bose,,normal,27100.0,6,5,1,4.8,2,2,Nagpur,Desktop,,
CUST007300,Ananya Chawla,,normal,16600.0,3,3,0,2.9,2,2,Indore,iOS,,
CUST007301,Diya Sharma,,normal,31700.0,4,3,1,1.6,2,1,Kolkata,Android,,
CUST007302,Diya Iyer,,normal,18900.0,8,6,2,1.4,1,1,Lucknow,Android,,
CUST007303,Rahul Iyer,,normal,14700.0,5,4,1,9.2,1,1,Nagpur,Android,,
CUST007304,Simran Reddy,,normal,18700.0,3,3,0,5.5,1,1,Pune,iOS,,
CUST007305,Arjun Reddy,,normal,26700.0,5,5,0,2.2,2,2,Indore,Android,,
CUST007306,Karan Kapoor,,normal,26200.0,4,4,0,2.2,1,1,Lucknow,iOS,,
CUST007307,Arjun Singh,,dormant_high_ltv,470800.0,61,52,9,3.3,1,1,Indore,Android,,
CUST007308,Diya Kapoor,,normal,9800.0,2,2,0,2.1,0,0,Kolkata,iOS,,
CUST007309,Rahul Reddy,,group_d_broken_promise,35000.0,8,3,5,25.7,7,2,Delhi,Android,,
CUST007310,Ananya Mehta,,normal,26700.0,5,4,1,0.2,2,1,Lucknow,Android,,
CUST007311,Simran Kapoor,,normal,20300.0,2,2,0,0.4,2,2,Indore,iOS,,
CUST007312,Vivaan Kapoor,Malhotra Distributors Pvt Ltd,b2b,514600.0,62,59,3,9.4,5,4,Kolkata,Android,,
CUST007313,Ishaan Malhotra,,normal,21200.0,4,3,1,2.8,0,0,Bangalore,Android,,
CUST007314,Saanvi Sharma,,normal,23700.0,6,5,1,1.5,2,1,Chennai,Android,,
CUST007315,Meera Bose,Rao Traders Pvt Ltd,b2b,437300.0,49,45,4,4.0,3,3,Delhi,Desktop,,
CUST007316,Simran Mehta,,group_d_broken_promise,11800.0,1,0,1,14.9,8,2,Mumbai,Android,,
CUST007317,Ishaan Patel,,normal,11600.0,2,2,0,1.8,0,0,Jaipur,Android,,
CUST007318,Sanya Nair,,normal,9600.0,2,2,0,2.3,1,1,Mumbai,iOS,,
CUST007319,Neha Reddy,,normal,9900.0,1,1,0,2.4,1,1,Hyderabad,iOS,,
CUST007320,Karan Joshi,Chawla Retail Pvt Ltd,b2b,465800.0,50,43,7,13.8,4,3,Indore,Android,,
CUST007321,Meera Kapoor,,dormant_high_ltv,296200.0,32,31,1,3.9,1,1,Lucknow,iOS,,
CUST007322,Priya Iyer,,dormant_high_ltv,559400.0,69,61,8,3.9,1,1,Jaipur,Desktop,,
CUST007323,Sanya Nair,,normal,30700.0,6,5,1,0.4,2,2,Delhi,iOS,,
CUST007324,Meera Nair,,normal,30600.0,7,6,1,2.8,0,0,Hyderabad,Android,,
CUST007325,Kiara Malhotra,,normal,6100.0,1,1,0,0.3,1,1,Delhi,iOS,,
CUST007326,Diya Chawla,Rao Industries Pvt Ltd,b2b,296200.0,34,32,2,5.7,4,4,Jaipur,Desktop,,
CUST007327,Vivaan Singh,,normal,19300.0,6,5,1,3.9,2,2,Kolkata,Android,,
CUST007328,Aarav Gupta,,normal,15300.0,3,2,1,2.7,0,0,Bangalore,Android,,
CUST007329,Rahul Bose,Joshi Tech Pvt Ltd,b2b,263600.0,27,25,2,10.5,3,3,Chennai,Android,,
CUST007330,Vivaan Gupta,,normal,12300.0,3,3,0,2.1,1,1,Mumbai,Android,,
CUST007331,Karan Rao,Kapoor Enterprises Pvt Ltd,b2b,244900.0,39,36,3,2.2,2,1,Lucknow,Android,,
CUST007332,Karan Rao,,normal,33700.0,4,3,1,3.1,1,1,Ahmedabad,Android,,
CUST007333,Kiara Nair,,normal,37100.0,4,3,1,6.2,0,0,Indore,Android,,
CUST007334,Neha Gupta,,normal,21700.0,5,4,1,8.7,1,1,Nagpur,Android,,
CUST007335,Simran Reddy,,normal,14900.0,2,2,0,2.4,2,2,Indore,iOS,,
CUST007336,Sanya Nair,,normal,16200.0,3,3,0,0.5,0,0,Kolkata,iOS,,
CUST007337,Ishaan Singh,,normal,11300.0,2,2,0,1.9,1,1,Nagpur,iOS,,
CUST007338,Diya Verma,,normal,16000.0,4,4,0,3.6,2,2,Hyderabad,Android,,
CUST007339,Aditya Gupta,,group_d_broken_promise,21700.0,5,2,3,29.8,3,1,Ahmedabad,Android,,
CUST007340,Rahul Mehta,,normal,13000.0,4,4,0,1.9,1,1,Delhi,iOS,,
CUST007341,Ananya Rao,,normal,35900.0,5,4,1,2.3,1,1,Jaipur,Android,,
CUST007342,Simran Malhotra,Kapoor Tech Pvt Ltd,b2b,407200.0,54,46,8,35.1,2,2,Pune,iOS,,
CUST007343,Aarav Malhotra,,normal,8000.0,1,1,0,0.6,2,2,Indore,iOS,,
CUST007344,Aman Verma,,dormant_high_ltv,523000.0,67,60,7,0.4,0,0,Kolkata,iOS,,
CUST007345,Karan Sharma,Kapoor Solutions Pvt Ltd,b2b,358800.0,47,39,8,9.5,5,4,Jaipur,Android,,
CUST007346,Rahul Chawla,,normal,28900.0,3,2,1,0.8,2,2,Pune,Android,,
CUST007347,Meera Reddy,Chawla Industries Pvt Ltd,b2b,397000.0,58,52,6,6.3,3,3,Chennai,iOS,,
CUST007348,Aarav Chawla,,normal,12600.0,1,1,0,5.7,0,0,Mumbai,iOS,,
CUST007349,Meera Malhotra,Rao Enterprises Pvt Ltd,b2b,231600.0,23,22,1,6.1,5,4,Kolkata,Android,,
CUST007350,Aditya Bose,,group_d_broken_promise,24700.0,4,2,2,12.3,4,0,Pune,Android,,
CUST007351,Arjun Chawla,,dormant_high_ltv,435600.0,50,49,1,0.5,2,2,Lucknow,Android,,
CUST007352,Vivaan Chawla,,group_d_broken_promise,47200.0,8,4,4,29.1,10,1,Hyderabad,Android,,
CUST007353,Meera Nair,,normal,26500.0,5,4,1,5.1,0,0,Jaipur,Android,,
CUST007354,Neha Verma,,normal,18300.0,4,3,1,2.2,1,1,Mumbai,iOS,,
CUST007355,Aarav Rao,,normal,29200.0,6,4,2,1.5,0,0,Nagpur,Android,,
CUST007356,Simran Patel,,normal,10100.0,2,2,0,0.8,1,1,Pune,iOS,,
CUST007357,Rohan Malhotra,,normal,14500.0,4,3,1,6.5,1,1,Ahmedabad,Android,,
CUST007358,Aarav Rao,,group_d_broken_promise,11400.0,3,2,1,31.9,5,1,Ahmedabad,Android,,
CUST007359,Rohan Rao,Kapoor Enterprises Pvt Ltd,b2b,277400.0,34,28,6,6.9,2,2,Mumbai,iOS,,
CUST007360,Rahul Kapoor,,normal,16700.0,1,1,0,1.9,1,1,Ahmedabad,iOS,,
CUST007361,Neha Iyer,,normal,20200.0,1,1,0,3.7,2,2,Indore,Desktop,,
CUST007362,Rohan Patel,,normal,20100.0,5,4,1,2.8,2,2,Jaipur,Android,,
CUST007363,Ishaan Patel,,normal,11200.0,2,2,0,0.7,0,0,Chennai,Desktop,,
CUST007364,Simran Bose,,normal,9800.0,1,1,0,5.7,0,0,Lucknow,Android,,
CUST007365,Diya Rao,,group_d_broken_promise,36800.0,2,1,1,41.3,7,2,Mumbai,Android,,
CUST007366,Sanya Malhotra,,group_d_broken_promise,39700.0,4,2,2,38.2,5,1,Lucknow,Android,,
CUST007367,Arjun Bose,,group_d_broken_promise,54300.0,10,4,6,36.7,4,0,Pune,Android,,
CUST007368,Ananya Verma,,normal,17200.0,1,1,0,0.7,0,0,Mumbai,Android,,
CUST007369,Diya Gupta,,normal,19000.0,6,5,1,0.7,0,0,Delhi,Android,,
CUST007370,Rohan Joshi,,normal,16700.0,3,2,1,5.6,0,0,Chennai,iOS,,
CUST007371,Simran Bose,Reddy Foods Pvt Ltd,b2b,486500.0,46,44,2,18.6,4,3,Lucknow,Android,,
CUST007372,Sanya Bose,,normal,8000.0,3,2,1,2.2,2,1,Nagpur,iOS,,
CUST007373,Meera Sharma,,normal,19400.0,1,1,0,1.7,2,2,Kolkata,Android,,
CUST007374,Karan Nair,,normal,24300.0,2,1,1,0.5,2,2,Delhi,Android,,
CUST007375,Vivaan Gupta,,normal,21600.0,2,2,0,5.8,2,1,Lucknow,Android,,
CUST007376,Aman Mehta,,group_d_broken_promise,43400.0,7,3,4,28.0,11,3,Hyderabad,Android,,
CUST007377,Meera Kapoor,,dormant_high_ltv,313300.0,38,36,2,1.2,1,1,Indore,Android,,
CUST007378,Rohan Bose,,normal,18000.0,6,5,1,0.2,2,2,Nagpur,Android,,
CUST007379,Aman Joshi,,normal,20800.0,5,4,1,4.0,0,0,Mumbai,Desktop,,
CUST007380,Aarav Verma,,normal,13300.0,2,2,0,8.3,0,0,Chennai,Android,,
CUST007381,Saanvi Iyer,,normal,33700.0,3,2,1,2.2,2,2,Jaipur,Android,,
CUST007382,Myra Sharma,,normal,15200.0,1,1,0,1.4,1,1,Ahmedabad,iOS,,
CUST007383,Kabir Iyer,,normal,24700.0,6,5,1,7.9,1,1,Lucknow,Android,,
CUST007384,Rahul Sharma,,dormant_high_ltv,478900.0,53,48,5,0.9,1,1,Mumbai,Android,,
CUST007385,Sanya Chawla,,group_d_broken_promise,25100.0,4,2,2,14.9,5,1,Ahmedabad,Desktop,,
CUST007386,Aditya Gupta,,normal,39200.0,4,3,1,6.1,1,1,Jaipur,Desktop,,
CUST007387,Priya Gupta,,normal,17700.0,2,2,0,3.4,1,1,Lucknow,Android,,
CUST007388,Rahul Patel,,group_d_broken_promise,37600.0,8,3,5,31.6,7,2,Kolkata,Android,,
CUST007389,Vivaan Patel,,dormant_high_ltv,363300.0,41,38,3,1.2,2,2,Pune,Android,,
CUST007390,Kiara Bose,Verma Apparel Pvt Ltd,b2b,378600.0,56,52,4,3.8,4,3,Pune,Android,,
CUST007391,Neha Joshi,Nair Retail Pvt Ltd,b2b,370400.0,56,50,6,12.7,3,3,Nagpur,Desktop,,
CUST007392,Vivaan Rao,,dormant_high_ltv,423100.0,48,42,6,6.0,0,0,Jaipur,Desktop,,
CUST007393,Priya Singh,Iyer Textiles Pvt Ltd,b2b,327000.0,41,34,7,7.5,5,5,Delhi,Android,,
CUST007394,Neha Rao,,normal,29800.0,5,4,1,1.1,0,0,Pune,iOS,,
CUST007395,Aman Reddy,,normal,15000.0,3,2,1,4.6,2,2,Delhi,Android,,
CUST007396,Kabir Verma,,normal,29900.0,5,4,1,7.0,2,2,Nagpur,Android,,
CUST007397,Rohan Singh,,normal,35900.0,4,3,1,1.7,1,1,Kolkata,iOS,,
CUST007398,Myra Joshi,Patel Apparel Pvt Ltd,b2b,269000.0,36,30,6,6.0,4,3,Nagpur,Android,,
CUST007399,Ananya Sharma,,normal,12800.0,3,2,1,6.6,1,1,Chennai,Android,,
CUST007400,Rohan Nair,,normal,28400.0,5,5,0,0.3,1,1,Mumbai,Android,,
CUST007401,Priya Chawla,,normal,39900.0,7,5,2,1.6,0,0,Indore,Android,,
CUST007402,Sanya Singh,Gupta Distributors Pvt Ltd,b2b,535700.0,65,54,11,5.7,3,2,Lucknow,iOS,,
CUST007403,Aditya Singh,Malhotra Enterprises Pvt Ltd,b2b,569700.0,79,70,9,4.0,3,2,Bangalore,Desktop,,
CUST007404,Rohan Rao,,normal,22500.0,1,1,0,2.7,0,0,Ahmedabad,iOS,,
CUST007405,Ananya Reddy,,normal,32600.0,6,5,1,1.2,1,1,Chennai,Android,,
CUST007406,Priya Nair,,dormant_high_ltv,492000.0,77,73,4,1.9,2,1,Pune,iOS,,
CUST007407,Kiara Joshi,,normal,36300.0,12,11,1,2.6,1,1,Hyderabad,Android,,
CUST007408,Kiara Iyer,,normal,30400.0,5,4,1,0.5,1,1,Hyderabad,Android,,
CUST007409,Meera Singh,,normal,13400.0,4,3,1,1.1,1,1,Mumbai,Android,,
CUST007410,Sanya Malhotra,Nair Traders Pvt Ltd,b2b,364100.0,67,57,10,7.7,5,5,Pune,Desktop,,
CUST007411,Rahul Chawla,,normal,24000.0,2,1,1,0.5,1,1,Hyderabad,Android,,
CUST007412,Diya Chawla,,normal,25400.0,3,2,1,0.7,1,1,Chennai,iOS,,
CUST007413,Saanvi Sharma,,group_d_broken_promise,48300.0,6,2,4,17.6,3,1,Ahmedabad,Android,,
CUST007414,Rohan Iyer,,normal,7600.0,2,2,0,1.3,2,2,Ahmedabad,iOS,,
CUST007415,Myra Mehta,,normal,18400.0,5,4,1,1.5,1,1,Ahmedabad,Android,,
CUST007416,Karan Reddy,,normal,20800.0,3,3,0,3.3,0,0,Lucknow,iOS,,
CUST007417,Kabir Mehta,Malhotra Traders Pvt Ltd,b2b,185000.0,24,20,4,3.0,1,1,Bangalore,iOS,,
CUST007418,Kabir Kapoor,,normal,24500.0,3,2,1,0.6,2,2,Hyderabad,Android,,
CUST007419,Meera Verma,,normal,11800.0,2,1,1,3.2,1,1,Hyderabad,iOS,,
CUST007420,Vivaan Singh,,group_d_broken_promise,10200.0,2,1,1,45.7,3,1,Ahmedabad,iOS,,
CUST007421,Kiara Malhotra,,group_d_broken_promise,13600.0,2,1,1,11.0,9,2,Mumbai,Android,,
CUST007422,Simran Nair,,group_d_broken_promise,29100.0,4,1,3,15.4,3,1,Nagpur,Desktop,,
CUST007423,Simran Sharma,Rao Enterprises Pvt Ltd,b2b,338800.0,42,36,6,11.7,5,4,Mumbai,iOS,,
CUST007424,Rohan Chawla,,normal,17700.0,3,2,1,2.4,1,1,Lucknow,Android,,
CUST007425,Meera Nair,,normal,21600.0,6,5,1,1.6,2,2,Lucknow,Android,,
CUST007426,Aarav Singh,,group_d_broken_promise,39400.0,4,2,2,45.7,3,1,Nagpur,Android,,
CUST007427,Vivaan Sharma,,normal,15900.0,4,3,1,2.6,2,2,Jaipur,Android,,
CUST007428,Karan Patel,,group_d_broken_promise,34400.0,3,1,2,32.1,8,1,Indore,Android,,
CUST007429,Saanvi Rao,,normal,7500.0,3,2,1,5.7,0,0,Pune,Desktop,,
CUST007430,Karan Singh,,normal,34500.0,7,6,1,1.4,2,2,Nagpur,iOS,,
CUST007431,Priya Nair,,normal,47100.0,4,4,0,4.4,1,1,Pune,Android,,
CUST007432,Kiara Chawla,,normal,23100.0,5,4,1,0.4,1,1,Delhi,Android,,
CUST007433,Simran Mehta,,normal,23300.0,1,1,0,0.3,2,1,Lucknow,Desktop,,
CUST007434,Diya Mehta,,group_d_broken_promise,30400.0,5,2,3,15.7,11,2,Mumbai,Android,,
CUST007435,Karan Chawla,,dormant_high_ltv,278000.0,37,32,5,1.4,2,2,Delhi,Android,,
CUST007436,Vivaan Nair,,normal,19000.0,2,2,0,0.5,1,1,Lucknow,iOS,,
CUST007437,Karan Patel,,group_d_broken_promise,53900.0,6,2,4,15.7,9,3,Hyderabad,iOS,,
CUST007438,Diya Patel,,normal,9900.0,1,1,0,9.6,0,0,Pune,iOS,,
CUST007439,Ishaan Iyer,Nair Foods Pvt Ltd,b2b,585800.0,54,46,8,19.7,3,3,Pune,Android,,
CUST007440,Kabir Bose,,normal,8400.0,2,2,0,0.9,2,2,Jaipur,Android,,
CUST007441,Neha Nair,,normal,5000.0,2,1,1,0.3,2,2,Kolkata,Android,,
CUST007442,Aditya Kapoor,,normal,33200.0,3,2,1,3.7,1,1,Lucknow,iOS,,
CUST007443,Vivaan Mehta,,normal,44500.0,9,7,2,4.3,0,0,Kolkata,iOS,,
CUST007444,Saanvi Singh,,group_d_broken_promise,22100.0,1,0,1,35.4,6,2,Bangalore,iOS,,
CUST007445,Meera Singh,,dormant_high_ltv,259900.0,35,30,5,2.6,1,1,Pune,iOS,,
CUST007446,Kiara Nair,,normal,24200.0,7,5,2,0.4,1,1,Pune,iOS,,
CUST007447,Aditya Joshi,,normal,15800.0,4,3,1,3.8,2,2,Indore,Android,,
CUST007448,Kabir Rao,,normal,17700.0,6,5,1,3.2,0,0,Lucknow,Android,,
CUST007449,Sanya Verma,,normal,25900.0,4,4,0,0.8,0,0,Mumbai,Android,,
CUST007450,Rohan Chawla,,normal,32300.0,4,4,0,9.2,1,1,Ahmedabad,Desktop,,
CUST007451,Aarav Mehta,Iyer Solutions Pvt Ltd,b2b,280100.0,44,38,6,10.9,3,2,Indore,Android,,
CUST007452,Simran Iyer,Reddy Retail Pvt Ltd,b2b,302600.0,33,27,6,4.0,2,2,Lucknow,Desktop,,
CUST007453,Diya Reddy,,normal,19200.0,3,3,0,0.9,1,1,Pune,Android,,
CUST007454,Ishaan Chawla,,normal,16500.0,2,2,0,2.0,0,0,Hyderabad,Android,,
CUST007455,Vivaan Joshi,,normal,11700.0,4,3,1,2.0,2,2,Mumbai,iOS,,
CUST007456,Simran Kapoor,,normal,14900.0,1,1,0,2.1,0,0,Nagpur,iOS,,
CUST007457,Myra Reddy,,normal,25100.0,3,2,1,1.0,1,1,Chennai,Android,,
CUST007458,Simran Bose,,normal,22300.0,4,3,1,2.3,2,2,Delhi,Android,,
CUST007459,Myra Nair,,group_d_broken_promise,18100.0,2,1,1,25.7,10,1,Indore,Desktop,,
CUST007460,Ishaan Sharma,,normal,21400.0,4,3,1,0.9,2,2,Hyderabad,iOS,,
CUST007461,Meera Singh,,normal,11900.0,2,2,0,0.3,1,1,Mumbai,Android,,
CUST007462,Kabir Malhotra,,normal,17200.0,3,3,0,3.7,0,0,Ahmedabad,Android,,
CUST007463,Meera Rao,,dormant_high_ltv,354300.0,51,44,7,0.4,2,2,Mumbai,iOS,,
CUST007464,Vivaan Mehta,,normal,28600.0,5,5,0,1.0,2,2,Nagpur,Android,,
CUST007465,Ishaan Reddy,,normal,38300.0,3,3,0,4.7,1,1,Lucknow,Android,,
CUST007466,Vivaan Sharma,,dormant_high_ltv,681800.0,55,49,6,3.0,0,0,Delhi,iOS,,
CUST007467,Aditya Reddy,Joshi Traders Pvt Ltd,b2b,478000.0,57,53,4,11.9,1,1,Hyderabad,Android,,
CUST007468,Sanya Kapoor,,group_d_broken_promise,20100.0,3,1,2,22.6,11,3,Chennai,Android,,
CUST007469,Simran Gupta,,normal,27800.0,3,2,1,0.9,0,0,Hyderabad,Android,,
CUST007470,Kabir Chawla,,normal,32300.0,4,3,1,3.8,1,1,Lucknow,Desktop,,
CUST007471,Rohan Rao,,group_d_broken_promise,29400.0,3,2,1,39.1,3,1,Hyderabad,iOS,,
CUST007472,Neha Malhotra,,normal,7600.0,1,1,0,1.1,0,0,Delhi,Android,,
CUST007473,Diya Bose,,normal,35100.0,12,9,3,0.9,1,1,Pune,Desktop,,
CUST007474,Karan Kapoor,,normal,24000.0,2,2,0,0.0,2,2,Chennai,Android,,
CUST007475,Ananya Nair,,normal,21500.0,4,3,1,2.0,0,0,Indore,iOS,,
CUST007476,Vivaan Singh,,normal,22600.0,4,3,1,2.6,2,2,Chennai,Android,,
CUST007477,Meera Mehta,,normal,42200.0,7,6,1,6.7,2,2,Delhi,Android,,
CUST007478,Ananya Kapoor,Malhotra Apparel Pvt Ltd,b2b,300900.0,37,33,4,4.2,5,5,Kolkata,Desktop,,
CUST007479,Saanvi Verma,,normal,15500.0,3,3,0,5.3,2,1,Ahmedabad,Android,,
CUST007480,Karan Nair,,normal,22600.0,3,2,1,2.0,2,2,Nagpur,Android,,
CUST007481,Kiara Bose,,normal,18200.0,3,3,0,6.5,1,1,Kolkata,iOS,,
CUST007482,Myra Malhotra,,normal,12200.0,3,2,1,1.1,0,0,Pune,Android,,
CUST007483,Diya Bose,,normal,9000.0,2,2,0,1.3,2,2,Mumbai,iOS,,
CUST007484,Aditya Kapoor,,normal,12100.0,1,1,0,1.6,0,0,Delhi,iOS,,
CUST007485,Karan Iyer,Kapoor Retail Pvt Ltd,b2b,356800.0,37,32,5,6.3,4,3,Kolkata,Desktop,,
CUST007486,Aarav Sharma,,normal,13700.0,2,2,0,1.9,2,1,Delhi,Desktop,,
CUST007487,Simran Joshi,Kapoor Textiles Pvt Ltd,b2b,170200.0,22,20,2,6.7,2,2,Hyderabad,Desktop,,
CUST007488,Priya Singh,,dormant_high_ltv,734400.0,52,46,6,0.2,2,2,Nagpur,Desktop,,
CUST007489,Ananya Mehta,,group_d_broken_promise,24600.0,6,3,3,23.3,4,1,Indore,Android,,
CUST007490,Aman Gupta,,dormant_high_ltv,444100.0,48,46,2,1.9,1,1,Hyderabad,iOS,,
CUST007491,Arjun Patel,,normal,18600.0,4,4,0,0.1,1,1,Hyderabad,iOS,,
CUST007492,Rahul Sharma,,normal,32300.0,6,5,1,4.5,2,2,Mumbai,Android,,
CUST007493,Rohan Gupta,,normal,12200.0,1,1,0,1.8,0,0,Bangalore,Android,,
CUST007494,Arjun Verma,,group_d_broken_promise,40500.0,3,1,2,14.9,9,3,Lucknow,iOS,,
CUST007495,Simran Singh,,normal,13600.0,1,1,0,2.4,0,0,Mumbai,Desktop,,
CUST007496,Ishaan Joshi,,normal,41700.0,7,5,2,1.0,0,0,Lucknow,Android,,
CUST007497,Aditya Chawla,Sharma Exports Pvt Ltd,b2b,575000.0,68,56,12,7.3,5,4,Ahmedabad,iOS,,
CUST007498,Kabir Patel,,normal,15800.0,3,2,1,4.5,2,1,Mumbai,Android,,
CUST007499,Rohan Verma,,normal,14400.0,2,2,0,0.4,2,2,Mumbai,Android,,
CUST007500,Ishaan Iyer,,dormant_high_ltv,527400.0,56,50,6,1.8,0,0,Delhi,Android,,
CUST007501,Aditya Chawla,,normal,14600.0,2,2,0,6.5,2,2,Bangalore,iOS,,
CUST007502,Kiara Kapoor,,normal,20700.0,4,3,1,8.2,1,1,Kolkata,iOS,,
CUST007503,Simran Chawla,,group_d_broken_promise,18600.0,2,1,1,37.7,8,2,Lucknow,iOS,,
CUST007504,Diya Sharma,,normal,18800.0,3,3,0,2.1,1,1,Pune,Android,,
CUST007505,Simran Reddy,,normal,13900.0,3,2,1,2.9,0,0,Pune,Android,,
CUST007506,Karan Chawla,,normal,16200.0,3,3,0,7.1,2,2,Delhi,Android,,
CUST007507,Sanya Iyer,,normal,29000.0,2,2,0,4.1,1,1,Bangalore,Android,,
CUST007508,Priya Malhotra,,normal,22000.0,2,2,0,5.2,2,1,Ahmedabad,Android,,
CUST007509,Simran Sharma,,normal,36500.0,7,6,1,1.1,0,0,Ahmedabad,Android,,
CUST007510,Kiara Mehta,,normal,17000.0,3,3,0,0.1,0,0,Bangalore,Desktop,,
CUST007511,Aditya Sharma,,normal,28900.0,2,2,0,6.0,0,0,Ahmedabad,Android,,
CUST007512,Arjun Iyer,,normal,29500.0,6,6,0,5.2,0,0,Delhi,iOS,,
CUST007513,Simran Sharma,,dormant_high_ltv,398500.0,61,59,2,2.1,2,2,Delhi,Android,,
CUST007514,Ishaan Reddy,,normal,13500.0,2,1,1,2.3,2,2,Jaipur,Desktop,,
CUST007515,Ishaan Bose,,normal,23500.0,7,6,1,2.8,1,1,Indore,Desktop,,
CUST007516,Meera Mehta,,normal,20000.0,3,2,1,1.4,0,0,Mumbai,Android,,
CUST007517,Ananya Kapoor,,normal,7800.0,2,2,0,3.3,0,0,Kolkata,Android,,
CUST007518,Karan Rao,,normal,9300.0,2,2,0,4.6,0,0,Delhi,iOS,,
CUST007519,Saanvi Verma,,normal,21100.0,4,3,1,3.5,1,1,Hyderabad,iOS,,
CUST007520,Rahul Malhotra,,dormant_high_ltv,413000.0,61,56,5,6.3,0,0,Bangalore,Android,,
CUST007521,Rohan Sharma,,dormant_high_ltv,380500.0,55,49,6,1.7,2,1,Kolkata,Android,,
CUST007522,Ananya Chawla,,normal,8100.0,1,1,0,5.0,0,0,Jaipur,Android,,
CUST007523,Saanvi Nair,,normal,7300.0,1,1,0,0.5,2,2,Bangalore,Desktop,,
CUST007524,Aditya Kapoor,,group_d_broken_promise,31300.0,6,3,3,28.3,10,1,Mumbai,Desktop,,
CUST007525,Aman Bose,,group_d_broken_promise,37700.0,3,2,1,25.8,4,1,Hyderabad,iOS,,
CUST007526,Saanvi Verma,Iyer Retail Pvt Ltd,b2b,463000.0,62,58,4,10.0,5,5,Kolkata,iOS,,
CUST007527,Priya Reddy,,normal,19700.0,1,1,0,10.9,1,1,Kolkata,Desktop,,
CUST007528,Neha Iyer,,normal,5900.0,1,1,0,2.5,2,2,Indore,iOS,,
CUST007529,Vivaan Mehta,,normal,11200.0,1,1,0,0.3,0,0,Jaipur,Android,,
CUST007530,Aarav Patel,,group_d_broken_promise,48300.0,10,6,4,25.7,9,2,Pune,iOS,,
CUST007531,Saanvi Reddy,,group_d_broken_promise,14700.0,3,1,2,33.0,11,2,Ahmedabad,Desktop,,
CUST007532,Kiara Reddy,,group_d_broken_promise,20000.0,2,1,1,17.8,11,3,Nagpur,iOS,,
CUST007533,Kabir Chawla,,normal,19700.0,3,2,1,1.9,0,0,Pune,Android,,
CUST007534,Diya Rao,,dormant_high_ltv,546600.0,48,43,5,5.9,1,1,Pune,Android,,
CUST007535,Meera Patel,Gupta Foods Pvt Ltd,b2b,521600.0,61,51,10,8.7,5,5,Pune,Android,,
CUST007536,Kiara Kapoor,,normal,18000.0,3,3,0,1.8,0,0,Hyderabad,iOS,,
CUST007537,Rahul Joshi,,normal,18000.0,3,2,1,0.8,1,1,Bangalore,iOS,,
CUST007538,Simran Chawla,,normal,25700.0,6,6,0,1.2,2,2,Nagpur,Android,,
CUST007539,Aditya Bose,,group_d_broken_promise,23800.0,4,2,2,37.4,7,1,Nagpur,Android,,
CUST007540,Rohan Gupta,Reddy Textiles Pvt Ltd,b2b,255800.0,29,23,6,9.5,4,3,Kolkata,iOS,,
CUST007541,Ishaan Sharma,,normal,31100.0,2,2,0,1.3,2,2,Indore,Android,,
CUST007542,Vivaan Malhotra,,normal,32700.0,8,6,2,2.4,2,2,Chennai,Android,,
CUST007543,Diya Patel,,normal,43600.0,10,9,1,2.4,2,1,Mumbai,Android,,
CUST007544,Kabir Reddy,,normal,6200.0,1,1,0,2.7,1,1,Bangalore,Desktop,,
CUST007545,Diya Rao,,normal,13000.0,2,1,1,1.0,1,1,Kolkata,Desktop,,
CUST007546,Rohan Patel,Gupta Logistics Pvt Ltd,b2b,623000.0,71,65,6,14.6,1,1,Lucknow,Desktop,,
CUST007547,Rahul Sharma,,normal,10900.0,3,2,1,3.0,0,0,Pune,Android,,
CUST007548,Simran Mehta,,dormant_high_ltv,616900.0,70,66,4,4.3,0,0,Mumbai,Android,,
CUST007549,Vivaan Rao,,group_d_broken_promise,12800.0,8,5,3,28.0,10,1,Jaipur,Desktop,,
CUST007550,Rahul Bose,,dormant_high_ltv,410400.0,52,48,4,0.5,2,1,Bangalore,Android,,
CUST007551,Karan Joshi,,normal,44300.0,5,4,1,7.5,0,0,Pune,iOS,,
CUST007552,Neha Joshi,,normal,19900.0,3,2,1,3.4,1,1,Ahmedabad,Android,,
CUST007553,Simran Verma,Bose Distributors Pvt Ltd,b2b,345200.0,54,49,5,10.8,4,3,Mumbai,Android,,
CUST007554,Aditya Sharma,Iyer Exports Pvt Ltd,b2b,538700.0,73,60,13,10.3,1,1,Nagpur,iOS,,
CUST007555,Diya Gupta,,normal,18500.0,4,3,1,0.3,2,2,Bangalore,iOS,,
CUST007556,Rahul Sharma,,normal,15300.0,3,2,1,1.6,0,0,Lucknow,Desktop,,
CUST007557,Aman Bose,Gupta Exports Pvt Ltd,b2b,403200.0,65,54,11,8.3,4,4,Kolkata,Android,,
CUST007558,Sanya Bose,Verma Solutions Pvt Ltd,b2b,471000.0,69,61,8,12.6,4,3,Jaipur,Android,,
CUST007559,Meera Joshi,,normal,14900.0,3,2,1,0.2,1,1,Mumbai,Android,,
CUST007560,Rohan Mehta,,normal,14900.0,3,3,0,2.4,0,0,Mumbai,iOS,,
CUST007561,Priya Joshi,,normal,15500.0,4,3,1,2.7,0,0,Bangalore,Android,,
CUST007562,Saanvi Malhotra,Rao Foods Pvt Ltd,b2b,414400.0,54,45,9,8.6,3,2,Indore,iOS,,
CUST007563,Saanvi Singh,,group_d_broken_promise,30300.0,5,2,3,20.9,6,1,Indore,iOS,,
CUST007564,Sanya Patel,,normal,14700.0,6,5,1,6.1,1,1,Pune,Android,,
CUST007565,Arjun Patel,Malhotra Industries Pvt Ltd,b2b,300100.0,34,28,6,4.9,2,2,Chennai,iOS,,
CUST007566,Aman Kapoor,,normal,39000.0,7,6,1,0.3,2,2,Jaipur,Android,,
CUST007567,Diya Rao,,dormant_high_ltv,412500.0,49,44,5,4.2,2,2,Jaipur,Android,,
CUST007568,Kiara Sharma,,normal,52100.0,9,8,1,3.2,0,0,Jaipur,Android,,
CUST007569,Myra Patel,,normal,50400.0,5,4,1,3.6,1,1,Ahmedabad,Android,,
CUST007570,Karan Rao,,normal,7600.0,2,2,0,0.3,0,0,Nagpur,Android,,
CUST007571,Kiara Joshi,,normal,13800.0,2,2,0,1.7,0,0,Delhi,iOS,,
CUST007572,Simran Kapoor,,normal,5700.0,1,1,0,8.2,1,1,Bangalore,Android,,
CUST007573,Priya Iyer,,dormant_high_ltv,385600.0,46,44,2,1.1,0,0,Pune,Android,,
CUST007574,Myra Sharma,,normal,6800.0,3,3,0,7.0,0,0,Kolkata,Desktop,,
CUST007575,Kiara Reddy,,dormant_high_ltv,621900.0,63,54,9,3.0,2,1,Chennai,iOS,,
CUST007576,Arjun Reddy,,normal,51400.0,9,8,1,4.9,0,0,Pune,iOS,,
CUST007577,Saanvi Chawla,,normal,23100.0,5,4,1,6.5,2,2,Ahmedabad,Android,,
CUST007578,Meera Bose,,dormant_high_ltv,507600.0,73,69,4,5.6,2,2,Mumbai,iOS,,
CUST007579,Myra Rao,,dormant_high_ltv,311500.0,39,35,4,1.2,1,1,Pune,Android,,
CUST007580,Rahul Patel,,normal,28500.0,7,5,2,0.8,1,1,Kolkata,Android,,
CUST007581,Aditya Malhotra,Bose Retail Pvt Ltd,b2b,202900.0,24,21,3,6.8,3,3,Hyderabad,Android,,
CUST007582,Aarav Chawla,,normal,17700.0,2,2,0,5.5,0,0,Mumbai,Android,,
CUST007583,Kiara Patel,,group_d_broken_promise,30100.0,4,2,2,34.2,8,2,Bangalore,Android,,
CUST007584,Myra Iyer,,normal,18500.0,2,2,0,1.3,2,2,Chennai,iOS,,
CUST007585,Aarav Gupta,,normal,34500.0,10,9,1,4.8,2,2,Ahmedabad,Desktop,,
CUST007586,Diya Gupta,,normal,19800.0,4,3,1,1.5,0,0,Chennai,Android,,
CUST007587,Rahul Joshi,,group_d_broken_promise,28800.0,4,2,2,58.8,10,2,Chennai,Desktop,,
CUST007588,Diya Bose,,normal,20200.0,2,2,0,1.1,1,1,Jaipur,iOS,,
CUST007589,Saanvi Joshi,,normal,27300.0,2,2,0,0.5,2,1,Hyderabad,iOS,,
CUST007590,Karan Joshi,,normal,25700.0,7,5,2,3.4,0,0,Bangalore,Android,,
CUST007591,Vivaan Nair,,normal,19400.0,6,5,1,3.5,2,1,Pune,Android,,
CUST007592,Rohan Singh,,normal,15100.0,4,4,0,0.4,2,2,Indore,Android,,
CUST007593,Karan Rao,,normal,14500.0,4,3,1,4.1,1,1,Nagpur,Desktop,,
CUST007594,Aditya Kapoor,,normal,33000.0,5,5,0,0.1,1,1,Bangalore,Android,,
CUST007595,Aarav Malhotra,,normal,20400.0,2,1,1,0.9,2,1,Delhi,Android,,
CUST007596,Meera Malhotra,,normal,12900.0,2,2,0,7.8,0,0,Hyderabad,iOS,,
CUST007597,Ananya Reddy,Malhotra Distributors Pvt Ltd,b2b,554600.0,72,59,13,15.2,3,2,Indore,Android,,
CUST007598,Karan Verma,,normal,30200.0,6,5,1,6.2,2,2,Chennai,iOS,,
CUST007599,Aman Patel,,normal,19300.0,2,1,1,1.9,0,0,Ahmedabad,iOS,,
CUST007600,Rahul Nair,,normal,7500.0,1,1,0,5.5,0,0,Indore,Android,,
CUST007601,Saanvi Kapoor,,normal,13200.0,3,2,1,2.3,2,2,Hyderabad,iOS,,
CUST007602,Ananya Chawla,,normal,19300.0,4,3,1,0.7,0,0,Jaipur,Android,,
CUST007603,Priya Mehta,,normal,8300.0,2,2,0,3.6,2,2,Kolkata,Android,,
CUST007604,Karan Sharma,,normal,22500.0,4,4,0,2.9,1,1,Hyderabad,Android,,
CUST007605,Aarav Kapoor,,normal,24500.0,5,5,0,3.3,1,1,Chennai,Android,,
CUST007606,Arjun Malhotra,,normal,31600.0,3,3,0,0.8,0,0,Pune,Android,,
CUST007607,Priya Reddy,,normal,21400.0,6,5,1,4.9,2,2,Pune,Android,,
CUST007608,Vivaan Bose,,dormant_high_ltv,674800.0,62,57,5,7.5,0,0,Jaipur,iOS,,
CUST007609,Karan Singh,Iyer Industries Pvt Ltd,b2b,149200.0,23,22,1,12.2,2,2,Chennai,iOS,,
CUST007610,Rahul Bose,,normal,13600.0,3,3,0,1.6,1,1,Ahmedabad,Android,,
CUST007611,Aman Sharma,,normal,7600.0,2,2,0,0.6,1,1,Kolkata,iOS,,
CUST007612,Aman Joshi,,normal,7400.0,4,4,0,0.5,1,1,Hyderabad,Android,,
CUST007613,Arjun Mehta,,normal,17500.0,3,2,1,1.5,0,0,Indore,Android,,
CUST007614,Rohan Verma,,normal,17500.0,5,4,1,3.5,0,0,Jaipur,Desktop,,
CUST007615,Ishaan Kapoor,,normal,8100.0,1,1,0,3.6,2,2,Chennai,Android,,
CUST007616,Meera Patel,,normal,22200.0,4,4,0,0.7,2,2,Lucknow,Android,,
CUST007617,Myra Verma,Singh Traders Pvt Ltd,b2b,490300.0,65,62,3,6.8,1,1,Kolkata,iOS,,
CUST007618,Ananya Chawla,,normal,15200.0,3,2,1,5.8,2,2,Bangalore,iOS,,
CUST007619,Aman Bose,,normal,11400.0,4,3,1,7.2,2,2,Ahmedabad,Android,,
CUST007620,Rohan Joshi,,normal,9900.0,4,3,1,1.4,0,0,Kolkata,Android,,
CUST007621,Karan Sharma,Verma Logistics Pvt Ltd,b2b,554400.0,65,60,5,4.2,1,1,Kolkata,Android,,
CUST007622,Aman Patel,,normal,39200.0,9,7,2,4.6,0,0,Ahmedabad,iOS,,
CUST007623,Neha Malhotra,,group_d_broken_promise,23100.0,2,1,1,21.6,10,3,Delhi,Android,,
CUST007624,Simran Bose,,group_d_broken_promise,45700.0,5,2,3,39.7,7,2,Chennai,iOS,,
CUST007625,Karan Mehta,,normal,7100.0,2,2,0,1.0,2,2,Indore,Android,,
CUST007626,Priya Rao,,dormant_high_ltv,226700.0,34,31,3,4.7,0,0,Delhi,iOS,,
CUST007627,Saanvi Joshi,,normal,44800.0,11,10,1,4.8,1,1,Delhi,Android,,
CUST007628,Diya Singh,,normal,11700.0,2,1,1,2.3,2,2,Indore,Android,,
CUST007629,Ishaan Nair,,dormant_high_ltv,601900.0,57,51,6,2.9,2,2,Nagpur,Android,,
CUST007630,Diya Malhotra,,normal,47000.0,5,4,1,1.3,1,1,Bangalore,Android,,
CUST007631,Karan Patel,,normal,7800.0,1,1,0,4.3,1,1,Indore,iOS,,
CUST007632,Simran Kapoor,,normal,23300.0,3,2,1,7.1,2,2,Kolkata,Android,,
CUST007633,Vivaan Mehta,,normal,35200.0,5,4,1,8.4,1,1,Kolkata,iOS,,
CUST007634,Sanya Sharma,,normal,35700.0,8,6,2,3.1,0,0,Ahmedabad,Android,,
CUST007635,Vivaan Kapoor,,group_d_broken_promise,20200.0,4,2,2,49.6,3,0,Pune,Android,,
CUST007636,Neha Nair,,dormant_high_ltv,533200.0,51,49,2,4.6,2,2,Lucknow,Desktop,,
CUST007637,Neha Iyer,,normal,23200.0,4,3,1,10.5,1,1,Chennai,Android,,
CUST007638,Rahul Singh,,normal,21600.0,3,3,0,0.6,2,2,Ahmedabad,Android,,
CUST007639,Aarav Joshi,,normal,8700.0,5,4,1,1.6,1,1,Ahmedabad,Android,,
CUST007640,Neha Sharma,,normal,30300.0,3,3,0,0.5,0,0,Chennai,Android,,
CUST007641,Neha Singh,,dormant_high_ltv,410700.0,57,53,4,4.3,1,1,Indore,Android,,
CUST007642,Vivaan Joshi,,normal,33400.0,4,4,0,3.8,1,1,Delhi,Android,,
CUST007643,Aman Reddy,Malhotra Solutions Pvt Ltd,b2b,218400.0,38,35,3,12.3,4,4,Pune,Android,,
CUST007644,Meera Patel,,normal,19500.0,4,3,1,1.0,2,1,Hyderabad,Android,,
CUST007645,Saanvi Bose,,normal,21100.0,7,6,1,4.6,0,0,Nagpur,Android,,
CUST007646,Karan Chawla,Kapoor Solutions Pvt Ltd,b2b,305800.0,38,33,5,6.1,5,5,Lucknow,Android,,
CUST007647,Rahul Gupta,,dormant_high_ltv,408000.0,55,52,3,1.9,2,1,Bangalore,Android,,
CUST007648,Saanvi Kapoor,,normal,65700.0,7,6,1,1.7,2,2,Lucknow,Android,,
CUST007649,Kabir Mehta,Joshi Industries Pvt Ltd,b2b,210600.0,36,34,2,19.1,4,4,Pune,iOS,,
CUST007650,Saanvi Verma,,normal,9100.0,1,1,0,2.2,0,0,Ahmedabad,iOS,,
CUST007651,Aarav Joshi,,normal,23600.0,2,2,0,0.5,2,2,Indore,Android,,
CUST007652,Aarav Sharma,Kapoor Exports Pvt Ltd,b2b,284900.0,45,43,2,6.8,5,4,Bangalore,iOS,,
CUST007653,Ishaan Rao,,normal,29900.0,5,5,0,2.2,0,0,Bangalore,Android,,
CUST007654,Ananya Chawla,,dormant_high_ltv,390800.0,71,67,4,1.5,0,0,Nagpur,Android,,
CUST007655,Kabir Bose,Verma Foods Pvt Ltd,b2b,518300.0,65,56,9,11.2,4,3,Hyderabad,Android,,
CUST007656,Kiara Mehta,,normal,7400.0,3,3,0,1.3,0,0,Kolkata,Android,,
CUST007657,Ananya Reddy,,normal,7700.0,3,3,0,1.2,1,1,Indore,Desktop,,
CUST007658,Vivaan Malhotra,,normal,12800.0,1,1,0,16.1,1,1,Hyderabad,Desktop,,
CUST007659,Kabir Gupta,,group_d_broken_promise,43600.0,7,3,4,38.6,10,2,Delhi,Desktop,,
CUST007660,Ananya Singh,,normal,13400.0,2,2,0,0.0,0,0,Nagpur,Android,,
CUST007661,Rohan Patel,,normal,12400.0,2,2,0,0.9,0,0,Hyderabad,Android,,
CUST007662,Kabir Iyer,,normal,13700.0,1,1,0,0.9,0,0,Mumbai,Android,,
CUST007663,Aditya Malhotra,,normal,13800.0,5,4,1,2.0,0,0,Delhi,Android,,
CUST007664,Arjun Mehta,,normal,19400.0,4,3,1,4.4,0,0,Mumbai,iOS,,
CUST007665,Simran Joshi,,group_d_broken_promise,20000.0,5,2,3,34.3,7,2,Hyderabad,iOS,,
CUST007666,Vivaan Joshi,,normal,11500.0,2,2,0,5.5,1,1,Jaipur,iOS,,
CUST007667,Rohan Reddy,,normal,16500.0,3,2,1,1.6,1,1,Delhi,Android,,
CUST007668,Kabir Rao,,normal,18800.0,2,2,0,0.6,1,1,Kolkata,iOS,,
CUST007669,Saanvi Reddy,,normal,15300.0,2,2,0,3.8,1,1,Ahmedabad,Desktop,,
CUST007670,Myra Bose,,normal,23600.0,4,4,0,3.6,1,1,Ahmedabad,iOS,,
CUST007671,Kabir Reddy,,normal,38000.0,3,3,0,1.4,1,1,Bangalore,Android,,
CUST007672,Aman Patel,,group_d_broken_promise,14500.0,4,2,2,14.3,6,1,Hyderabad,Desktop,,
CUST007673,Aman Mehta,,normal,9000.0,3,2,1,3.0,1,1,Mumbai,Android,,
CUST007674,Vivaan Gupta,,normal,11100.0,6,5,1,6.6,0,0,Mumbai,Android,,
CUST007675,Arjun Verma,,normal,27800.0,4,4,0,2.8,1,1,Mumbai,iOS,,
CUST007676,Myra Sharma,,normal,22000.0,3,2,1,4.4,1,1,Mumbai,Android,,
CUST007677,Simran Chawla,Patel Industries Pvt Ltd,b2b,469000.0,55,50,5,5.6,4,4,Mumbai,Android,,
CUST007678,Ishaan Mehta,,normal,29000.0,5,4,1,0.9,1,1,Pune,Android,,
CUST007679,Kabir Singh,,normal,26900.0,6,5,1,2.3,1,1,Mumbai,iOS,,
CUST007680,Arjun Nair,,normal,13600.0,4,4,0,2.8,0,0,Chennai,iOS,,
CUST007681,Karan Nair,,normal,39500.0,7,6,1,1.8,1,1,Mumbai,iOS,,
CUST007682,Rohan Iyer,,normal,40000.0,4,3,1,3.2,2,2,Lucknow,Android,,
CUST007683,Kabir Nair,,normal,11300.0,3,2,1,2.5,0,0,Bangalore,Android,,
CUST007684,Aditya Singh,,normal,36700.0,7,5,2,5.1,0,0,Mumbai,Desktop,,
CUST007685,Ananya Nair,,dormant_high_ltv,315000.0,41,39,2,7.0,2,1,Lucknow,Android,,
CUST007686,Aditya Gupta,,normal,38700.0,10,9,1,1.3,0,0,Chennai,iOS,,
CUST007687,Vivaan Joshi,,normal,46200.0,8,7,1,0.1,2,2,Ahmedabad,Android,,
CUST007688,Priya Iyer,,normal,27200.0,4,3,1,0.4,0,0,Hyderabad,Android,,
CUST007689,Karan Bose,,normal,16000.0,2,2,0,0.4,2,2,Hyderabad,Android,,
CUST007690,Aarav Mehta,,normal,13100.0,1,1,0,1.5,0,0,Chennai,Desktop,,
CUST007691,Rohan Patel,,dormant_high_ltv,656900.0,69,67,2,0.2,1,1,Delhi,Android,,
CUST007692,Vivaan Nair,,normal,16000.0,3,3,0,2.3,0,0,Delhi,iOS,,
CUST007693,Karan Bose,,normal,9600.0,1,1,0,4.8,0,0,Hyderabad,Android,,
CUST007694,Vivaan Mehta,Gupta Industries Pvt Ltd,b2b,445700.0,46,40,6,13.9,3,3,Ahmedabad,iOS,,
CUST007695,Neha Sharma,Sharma Industries Pvt Ltd,b2b,306600.0,37,31,6,9.8,2,2,Mumbai,Android,,
CUST007696,Diya Kapoor,,normal,23800.0,3,3,0,3.5,1,1,Chennai,iOS,,
CUST007697,Vivaan Sharma,Chawla Tech Pvt Ltd,b2b,153500.0,26,25,1,2.9,3,3,Nagpur,Android,,
CUST007698,Vivaan Chawla,,normal,17500.0,2,2,0,2.8,0,0,Bangalore,Android,,
CUST007699,Aman Kapoor,,group_d_broken_promise,25200.0,4,2,2,22.7,11,3,Jaipur,iOS,,
CUST007700,Simran Bose,,normal,8700.0,3,3,0,1.9,1,1,Indore,Android,,
CUST007701,Arjun Verma,,group_d_broken_promise,27500.0,2,1,1,36.2,7,2,Jaipur,Desktop,,
CUST007702,Aman Patel,,normal,13300.0,1,1,0,9.5,1,1,Mumbai,Android,,
CUST007703,Priya Reddy,,normal,35100.0,3,3,0,0.4,0,0,Delhi,iOS,,
CUST007704,Rahul Patel,,normal,24100.0,5,4,1,4.0,1,1,Delhi,Android,,
CUST007705,Diya Kapoor,,normal,12500.0,1,1,0,1.9,0,0,Indore,iOS,,
CUST007706,Aman Reddy,,normal,45600.0,8,7,1,0.8,1,1,Indore,iOS,,
CUST007707,Saanvi Rao,,group_d_broken_promise,31500.0,5,3,2,40.3,5,1,Ahmedabad,Android,,
CUST007708,Rohan Nair,,normal,22400.0,6,4,2,2.6,1,1,Lucknow,Android,,
CUST007709,Diya Rao,,normal,10100.0,2,2,0,0.8,2,1,Kolkata,Android,,
CUST007710,Neha Patel,,normal,16000.0,2,2,0,2.9,2,2,Delhi,Android,,
CUST007711,Priya Mehta,,normal,8400.0,2,2,0,2.0,1,1,Hyderabad,iOS,,
CUST007712,Meera Verma,,normal,39500.0,6,5,1,3.4,0,0,Pune,iOS,,
CUST007713,Aarav Iyer,,normal,29500.0,3,2,1,6.5,0,0,Bangalore,Android,,
CUST007714,Aarav Bose,Malhotra Distributors Pvt Ltd,b2b,228300.0,23,21,2,10.9,4,4,Chennai,Android,,
CUST007715,Myra Gupta,Kapoor Tech Pvt Ltd,b2b,327000.0,52,49,3,3.0,4,4,Ahmedabad,Desktop,,
CUST007716,Aditya Reddy,,dormant_high_ltv,404700.0,46,42,4,0.0,0,0,Hyderabad,Android,,
CUST007717,Ananya Malhotra,,normal,12800.0,4,4,0,2.2,1,1,Jaipur,iOS,,
CUST007718,Karan Reddy,,normal,6600.0,2,2,0,6.0,2,1,Hyderabad,iOS,,
CUST007719,Meera Chawla,,normal,29200.0,4,3,1,3.4,0,0,Nagpur,iOS,,
CUST007720,Myra Gupta,,normal,22000.0,4,3,1,0.6,2,2,Pune,Android,,
CUST007721,Kabir Kapoor,,group_d_broken_promise,9000.0,2,1,1,22.8,4,1,Ahmedabad,Android,,
CUST007722,Myra Rao,,normal,36300.0,3,3,0,6.3,2,2,Indore,Android,,
CUST007723,Aditya Nair,,dormant_high_ltv,313700.0,47,41,6,0.9,1,1,Mumbai,Android,,
CUST007724,Karan Reddy,,normal,5600.0,2,2,0,1.2,0,0,Ahmedabad,Desktop,,
CUST007725,Ishaan Joshi,,normal,27700.0,5,4,1,1.2,2,2,Nagpur,Android,,
CUST007726,Ishaan Singh,,normal,18500.0,3,3,0,0.8,2,1,Jaipur,Android,,
CUST007727,Myra Rao,,group_d_broken_promise,21900.0,2,1,1,27.7,4,1,Nagpur,Android,,
CUST007728,Aditya Joshi,Mehta Textiles Pvt Ltd,b2b,244300.0,23,19,4,20.8,2,2,Ahmedabad,iOS,,
CUST007729,Diya Kapoor,,normal,55900.0,10,8,2,0.9,1,1,Jaipur,Android,,
CUST007730,Vivaan Malhotra,,group_d_broken_promise,61500.0,5,2,3,17.4,9,2,Kolkata,Desktop,,
CUST007731,Kabir Reddy,,normal,9700.0,3,3,0,1.6,1,1,Hyderabad,Android,,
CUST007732,Aarav Mehta,,normal,30900.0,6,5,1,5.9,1,1,Indore,Android,,
CUST007733,Aditya Reddy,Patel Traders Pvt Ltd,b2b,492300.0,52,48,4,5.9,3,2,Lucknow,Android,,
CUST007734,Rahul Joshi,Iyer Distributors Pvt Ltd,b2b,630800.0,49,41,8,8.9,4,3,Nagpur,Android,,
CUST007735,Kabir Reddy,,normal,28100.0,3,2,1,2.8,2,1,Bangalore,iOS,,
CUST007736,Vivaan Chawla,,normal,8700.0,3,2,1,2.7,1,1,Chennai,Android,,
CUST007737,Rahul Malhotra,,normal,16400.0,6,6,0,0.1,2,2,Nagpur,Desktop,,
CUST007738,Aman Sharma,,normal,26100.0,5,5,0,0.7,1,1,Bangalore,Desktop,,
CUST007739,Karan Iyer,,group_d_broken_promise,19300.0,1,0,1,20.9,7,1,Bangalore,Android,,
CUST007740,Karan Chawla,,normal,12800.0,2,2,0,1.1,0,0,Chennai,iOS,,
CUST007741,Rohan Reddy,,normal,13000.0,1,1,0,0.7,1,1,Bangalore,Desktop,,
CUST007742,Aditya Sharma,,normal,32900.0,4,3,1,3.4,2,2,Jaipur,Android,,
CUST007743,Aditya Rao,,normal,49000.0,11,9,2,2.3,0,0,Nagpur,Desktop,,
CUST007744,Myra Reddy,,normal,31400.0,5,5,0,1.4,0,0,Lucknow,Android,,
CUST007745,Sanya Rao,,normal,9000.0,1,1,0,3.3,1,1,Delhi,Android,,
CUST007746,Aditya Rao,,normal,4400.0,2,2,0,0.3,0,0,Jaipur,iOS,,
CUST007747,Ananya Patel,,normal,10500.0,2,1,1,1.2,0,0,Nagpur,Android,,
CUST007748,Simran Rao,,normal,27600.0,4,3,1,2.4,0,0,Delhi,Desktop,,
CUST007749,Sanya Kapoor,Gupta Distributors Pvt Ltd,b2b,402000.0,57,46,11,11.2,5,4,Hyderabad,Android,,
CUST007750,Neha Nair,,normal,29400.0,10,7,3,2.7,2,2,Lucknow,Android,,
CUST007751,Ishaan Joshi,,normal,15600.0,1,1,0,2.6,0,0,Indore,iOS,,
CUST007752,Kiara Gupta,Joshi Solutions Pvt Ltd,b2b,217600.0,26,23,3,19.6,3,2,Jaipur,Android,,
CUST007753,Aarav Rao,,normal,10400.0,2,2,0,4.2,2,2,Delhi,Android,,
CUST007754,Karan Joshi,,normal,16300.0,2,2,0,4.4,1,1,Jaipur,iOS,,
CUST007755,Kabir Gupta,,normal,7300.0,1,1,0,0.5,2,2,Hyderabad,iOS,,
CUST007756,Myra Singh,,normal,3700.0,2,1,1,15.7,1,1,Pune,Android,,
CUST007757,Aman Sharma,,group_d_broken_promise,39700.0,4,2,2,20.2,11,2,Nagpur,iOS,,
CUST007758,Arjun Sharma,,dormant_high_ltv,643800.0,64,59,5,1.0,1,1,Indore,Android,,
CUST007759,Karan Kapoor,Malhotra Retail Pvt Ltd,b2b,562500.0,54,45,9,8.8,1,1,Bangalore,iOS,,
CUST007760,Ishaan Bose,,normal,22800.0,4,3,1,1.0,2,2,Lucknow,iOS,,
CUST007761,Neha Kapoor,,normal,21400.0,6,5,1,4.7,1,1,Jaipur,iOS,,
CUST007762,Priya Patel,,normal,10000.0,1,1,0,4.7,0,0,Pune,Android,,
CUST007763,Priya Bose,Chawla Traders Pvt Ltd,b2b,370500.0,45,38,7,8.3,4,3,Indore,Desktop,,
CUST007764,Rahul Patel,Chawla Retail Pvt Ltd,b2b,352700.0,42,41,1,8.0,1,1,Ahmedabad,Android,,
CUST007765,Neha Singh,,normal,31700.0,6,4,2,2.3,2,1,Bangalore,iOS,,
CUST007766,Rohan Sharma,,dormant_high_ltv,458000.0,65,56,9,1.4,0,0,Lucknow,iOS,,
CUST007767,Sanya Patel,,normal,19800.0,4,3,1,4.5,0,0,Pune,Android,,
CUST007768,Kabir Rao,,normal,12200.0,2,1,1,1.6,1,1,Kolkata,iOS,,
CUST007769,Vivaan Bose,,normal,23300.0,6,5,1,4.1,1,1,Jaipur,Android,,
CUST007770,Kiara Joshi,,normal,55100.0,5,4,1,9.7,2,2,Delhi,Desktop,,
CUST007771,Aman Chawla,,dormant_high_ltv,465800.0,71,63,8,7.1,0,0,Nagpur,Android,,
CUST007772,Rahul Iyer,,group_d_broken_promise,93000.0,15,9,6,29.0,3,1,Bangalore,iOS,,
CUST007773,Arjun Mehta,,group_d_broken_promise,67300.0,8,3,5,21.9,3,1,Indore,Android,,
CUST007774,Karan Sharma,,normal,7500.0,3,3,0,0.8,0,0,Pune,iOS,,
CUST007775,Aarav Verma,,normal,57400.0,11,8,3,3.8,1,1,Chennai,Android,,
CUST007776,Kiara Gupta,,normal,19700.0,3,3,0,1.1,0,0,Indore,Desktop,,
CUST007777,Simran Kapoor,Joshi Enterprises Pvt Ltd,b2b,431900.0,60,54,6,8.1,2,2,Chennai,Android,,
CUST007778,Kiara Singh,,normal,26300.0,2,1,1,5.7,1,1,Mumbai,iOS,,
CUST007779,Kiara Rao,Chawla Logistics Pvt Ltd,b2b,231500.0,27,23,4,9.5,5,5,Lucknow,Android,,
CUST007780,Simran Chawla,,normal,27400.0,4,4,0,4.5,0,0,Lucknow,Android,,
CUST007781,Neha Reddy,,normal,12400.0,3,3,0,4.2,0,0,Kolkata,iOS,,
CUST007782,Simran Nair,Mehta Foods Pvt Ltd,b2b,308400.0,54,46,8,6.2,1,1,Mumbai,Desktop,,
CUST007783,Vivaan Kapoor,,normal,15400.0,5,4,1,2.9,0,0,Lucknow,iOS,,
CUST007784,Ishaan Patel,Mehta Exports Pvt Ltd,b2b,344100.0,49,43,6,6.2,4,3,Nagpur,Android,,
CUST007785,Karan Chawla,,normal,38400.0,6,4,2,2.3,2,2,Bangalore,iOS,,
CUST007786,Kiara Chawla,,normal,42200.0,7,6,1,2.4,0,0,Hyderabad,Desktop,,
CUST007787,Saanvi Kapoor,,normal,17500.0,4,3,1,1.4,2,2,Mumbai,Android,,
CUST007788,Ishaan Singh,,normal,50100.0,10,8,2,2.3,1,1,Indore,Android,,
CUST007789,Aman Rao,,normal,18500.0,2,2,0,4.2,2,2,Mumbai,iOS,,
CUST007790,Neha Iyer,Gupta Tech Pvt Ltd,b2b,389500.0,58,55,3,5.9,4,3,Nagpur,Android,,
CUST007791,Myra Joshi,,normal,30000.0,5,4,1,4.7,2,2,Nagpur,Android,,
CUST007792,Ishaan Singh,,normal,13000.0,2,2,0,2.4,1,1,Mumbai,iOS,,
CUST007793,Sanya Patel,,group_d_broken_promise,15500.0,4,2,2,27.6,5,1,Nagpur,Desktop,,
CUST007794,Rahul Nair,,normal,28900.0,5,4,1,0.3,2,2,Lucknow,Android,,
CUST007795,Kabir Joshi,,normal,16700.0,4,3,1,2.2,1,1,Chennai,Android,,
CUST007796,Rahul Verma,,normal,63900.0,6,5,1,4.8,1,1,Delhi,Android,,
CUST007797,Sanya Nair,Patel Logistics Pvt Ltd,b2b,403800.0,59,48,11,8.1,5,4,Lucknow,iOS,,
CUST007798,Priya Joshi,,normal,24000.0,4,4,0,1.7,1,1,Ahmedabad,iOS,,
CUST007799,Ananya Nair,,normal,46900.0,6,5,1,3.5,1,1,Pune,Android,,
CUST007800,Aditya Sharma,Sharma Logistics Pvt Ltd,b2b,431600.0,50,44,6,9.8,3,3,Ahmedabad,Desktop,,
CUST007801,Kabir Reddy,,group_d_broken_promise,38100.0,3,1,2,21.7,6,2,Mumbai,iOS,,
CUST007802,Aditya Kapoor,,normal,21800.0,3,3,0,8.2,2,1,Ahmedabad,Android,,
CUST007803,Kiara Sharma,,normal,19900.0,1,1,0,0.6,0,0,Hyderabad,Desktop,,
CUST007804,Sanya Singh,,normal,21500.0,4,4,0,1.1,2,2,Lucknow,iOS,,
CUST007805,Vivaan Verma,Kapoor Textiles Pvt Ltd,b2b,287500.0,32,29,3,6.9,5,4,Indore,iOS,,
CUST007806,Sanya Iyer,,normal,53400.0,5,5,0,1.5,2,2,Indore,iOS,,
CUST007807,Kiara Reddy,,normal,15000.0,3,3,0,1.6,2,2,Chennai,Android,,
CUST007808,Priya Joshi,Chawla Apparel Pvt Ltd,b2b,190700.0,27,22,5,4.1,1,1,Ahmedabad,Android,,
CUST007809,Aarav Singh,,normal,62400.0,5,5,0,0.1,1,1,Indore,iOS,,
CUST007810,Rahul Gupta,,dormant_high_ltv,691200.0,58,55,3,2.2,2,2,Delhi,Android,,
CUST007811,Ishaan Gupta,,group_d_broken_promise,39300.0,5,2,3,25.2,11,3,Indore,Android,,
CUST007812,Aditya Malhotra,,normal,32600.0,7,6,1,1.1,1,1,Lucknow,Desktop,,
CUST007813,Aman Singh,,normal,51900.0,7,6,1,1.0,0,0,Indore,Android,,
CUST007814,Myra Gupta,Kapoor Textiles Pvt Ltd,b2b,325900.0,35,32,3,6.5,2,2,Bangalore,Android,,
CUST007815,Ishaan Mehta,,normal,10400.0,2,2,0,4.0,0,0,Kolkata,Android,,
CUST007816,Kabir Chawla,Reddy Apparel Pvt Ltd,b2b,340200.0,46,40,6,5.8,5,5,Mumbai,iOS,,
CUST007817,Vivaan Mehta,,normal,29600.0,5,4,1,14.5,2,2,Nagpur,Android,,
CUST007818,Meera Malhotra,,normal,39200.0,8,7,1,0.6,1,1,Indore,Android,,
CUST007819,Ananya Gupta,,normal,39800.0,4,4,0,7.0,2,2,Kolkata,iOS,,
CUST007820,Kabir Reddy,,normal,29600.0,9,6,3,4.8,2,2,Mumbai,iOS,,
CUST007821,Rohan Verma,,normal,16000.0,3,2,1,3.6,0,0,Pune,Android,,
CUST007822,Vivaan Patel,,normal,15500.0,3,2,1,6.0,1,1,Hyderabad,Android,,
CUST007823,Neha Patel,Kapoor Enterprises Pvt Ltd,b2b,188100.0,19,17,2,9.6,3,2,Nagpur,iOS,,
CUST007824,Ishaan Chawla,Rao Distributors Pvt Ltd,b2b,282200.0,31,28,3,6.4,4,3,Ahmedabad,Android,,
CUST007825,Simran Gupta,,normal,14900.0,2,2,0,0.6,0,0,Lucknow,Desktop,,
CUST007826,Arjun Rao,Malhotra Solutions Pvt Ltd,b2b,376700.0,39,36,3,2.9,3,3,Indore,Android,,
CUST007827,Diya Kapoor,,normal,23300.0,5,4,1,3.5,1,1,Nagpur,iOS,,
CUST007828,Meera Nair,,group_d_broken_promise,35100.0,2,1,1,38.3,4,1,Lucknow,Android,,
CUST007829,Aarav Iyer,,normal,21300.0,2,2,0,6.0,0,0,Chennai,iOS,,
CUST007830,Rahul Patel,,group_d_broken_promise,14400.0,2,1,1,21.3,5,1,Indore,Android,,
CUST007831,Aman Gupta,,normal,16400.0,1,1,0,4.6,1,1,Lucknow,Android,,
CUST007832,Arjun Rao,,normal,17900.0,1,1,0,4.4,1,1,Hyderabad,Android,,
CUST007833,Sanya Mehta,,group_d_broken_promise,28700.0,8,4,4,26.7,8,1,Delhi,Android,,
CUST007834,Diya Kapoor,,normal,20000.0,6,5,1,1.3,1,1,Ahmedabad,iOS,,
CUST007835,Kiara Kapoor,,normal,6100.0,1,1,0,2.7,2,2,Lucknow,Desktop,,
CUST007836,Aman Gupta,Nair Retail Pvt Ltd,b2b,297200.0,48,43,5,7.4,3,3,Kolkata,Android,,
CUST007837,Rahul Rao,Reddy Foods Pvt Ltd,b2b,371300.0,48,40,8,4.3,5,5,Lucknow,iOS,,
CUST007838,Kabir Patel,,normal,16800.0,5,4,1,0.0,0,0,Bangalore,iOS,,
CUST007839,Arjun Nair,,normal,14400.0,2,2,0,3.5,2,1,Bangalore,Android,,
CUST007840,Kiara Bose,Sharma Exports Pvt Ltd,b2b,292800.0,38,30,8,9.6,4,3,Chennai,iOS,,
CUST007841,Kabir Gupta,,normal,10200.0,3,2,1,3.7,0,0,Bangalore,iOS,,
CUST007842,Vivaan Mehta,Chawla Textiles Pvt Ltd,b2b,443400.0,51,43,8,18.8,5,5,Pune,iOS,,
CUST007843,Kiara Singh,,dormant_high_ltv,484100.0,67,57,10,11.3,0,0,Pune,Android,,
CUST007844,Aman Sharma,,normal,10500.0,3,3,0,5.6,2,2,Nagpur,Desktop,,
CUST007845,Simran Verma,,group_d_broken_promise,28600.0,7,3,4,31.3,11,4,Hyderabad,iOS,,
CUST007846,Kabir Mehta,Sharma Tech Pvt Ltd,b2b,250700.0,26,25,1,3.7,1,1,Mumbai,Android,,
CUST007847,Vivaan Mehta,,normal,16700.0,2,2,0,4.2,1,1,Kolkata,iOS,,
CUST007848,Ananya Verma,Bose Logistics Pvt Ltd,b2b,354300.0,47,43,4,13.8,2,2,Bangalore,iOS,,
CUST007849,Priya Malhotra,Verma Retail Pvt Ltd,b2b,360400.0,44,39,5,17.4,4,3,Lucknow,Android,,
CUST007850,Kabir Bose,,normal,23800.0,5,5,0,2.6,2,2,Jaipur,Desktop,,
CUST007851,Vivaan Malhotra,,normal,24600.0,4,3,1,5.2,2,2,Bangalore,Android,,
CUST007852,Rohan Rao,,normal,26500.0,4,3,1,4.8,1,1,Lucknow,iOS,,
CUST007853,Rohan Rao,,normal,24600.0,5,4,1,2.5,0,0,Mumbai,Android,,
CUST007854,Karan Reddy,,normal,15300.0,1,1,0,0.8,1,1,Pune,iOS,,
CUST007855,Priya Mehta,Reddy Tech Pvt Ltd,b2b,485100.0,49,43,6,4.4,1,1,Delhi,Android,,
CUST007856,Karan Chawla,,normal,10500.0,3,2,1,5.2,0,0,Lucknow,iOS,,
CUST007857,Rahul Verma,,group_d_broken_promise,13500.0,4,2,2,16.7,10,3,Pune,Android,,
CUST007858,Kiara Gupta,Sharma Apparel Pvt Ltd,b2b,314000.0,30,26,4,5.0,4,3,Lucknow,Desktop,,
CUST007859,Ishaan Mehta,,normal,11800.0,1,1,0,3.1,2,2,Chennai,Android,,
CUST007860,Simran Patel,,normal,18800.0,3,3,0,6.0,2,2,Hyderabad,iOS,,
CUST007861,Ananya Reddy,,normal,21400.0,3,2,1,1.1,0,0,Ahmedabad,Desktop,,
CUST007862,Saanvi Sharma,,dormant_high_ltv,343100.0,51,48,3,5.4,1,1,Nagpur,iOS,,
CUST007863,Aarav Iyer,,group_d_broken_promise,22500.0,3,2,1,36.2,5,1,Nagpur,Android,,
CUST007864,Aarav Verma,,normal,30800.0,2,2,0,0.4,1,1,Pune,iOS,,
CUST007865,Myra Singh,,normal,40000.0,11,8,3,2.8,1,1,Bangalore,Desktop,,
CUST007866,Aarav Chawla,,normal,15800.0,5,4,1,0.8,0,0,Jaipur,Android,,
CUST007867,Saanvi Kapoor,,dormant_high_ltv,483900.0,58,51,7,0.2,2,2,Ahmedabad,Android,,
CUST007868,Simran Kapoor,,group_d_broken_promise,29300.0,4,2,2,21.7,4,1,Pune,iOS,,
CUST007869,Vivaan Bose,,normal,21800.0,5,4,1,0.5,1,1,Bangalore,Desktop,,
CUST007870,Vivaan Nair,,normal,27100.0,1,1,0,1.2,0,0,Bangalore,iOS,,
CUST007871,Vivaan Rao,,dormant_high_ltv,321800.0,43,40,3,6.0,2,2,Hyderabad,Android,,
CUST007872,Aditya Reddy,,dormant_high_ltv,359200.0,50,48,2,4.3,2,2,Hyderabad,Desktop,,
CUST007873,Aman Verma,Verma Traders Pvt Ltd,b2b,627300.0,51,48,3,6.2,5,4,Kolkata,Android,,
CUST007874,Arjun Gupta,,group_d_broken_promise,24800.0,5,2,3,30.0,8,3,Nagpur,Android,,
CUST007875,Aditya Verma,,normal,20000.0,4,4,0,2.5,0,0,Kolkata,iOS,,
CUST007876,Meera Rao,,group_d_broken_promise,36400.0,2,1,1,16.4,4,1,Pune,iOS,,
CUST007877,Rohan Mehta,,normal,12000.0,1,1,0,0.1,1,1,Bangalore,iOS,,
CUST007878,Meera Iyer,,normal,13100.0,4,3,1,2.8,2,2,Kolkata,Android,,
CUST007879,Myra Reddy,,normal,32200.0,6,5,1,4.3,1,1,Jaipur,Android,,
CUST007880,Aman Singh,,normal,16400.0,3,2,1,0.6,2,2,Nagpur,Desktop,,
CUST007881,Diya Nair,Chawla Distributors Pvt Ltd,b2b,617800.0,54,51,3,13.0,3,2,Kolkata,Android,,
CUST007882,Karan Joshi,,dormant_high_ltv,440100.0,56,54,2,5.6,1,1,Jaipur,Desktop,,
CUST007883,Meera Joshi,Bose Logistics Pvt Ltd,b2b,256100.0,39,37,2,9.6,5,4,Ahmedabad,Android,,
CUST007884,Rahul Malhotra,,normal,17300.0,5,4,1,4.4,1,1,Pune,Android,,
CUST007885,Arjun Verma,,dormant_high_ltv,525000.0,64,60,4,1.3,2,2,Nagpur,iOS,,
CUST007886,Aditya Mehta,,normal,5900.0,2,2,0,2.9,1,1,Mumbai,Desktop,,
CUST007887,Kabir Malhotra,Patel Solutions Pvt Ltd,b2b,350600.0,45,37,8,7.1,5,5,Delhi,Android,,
CUST007888,Myra Chawla,Malhotra Tech Pvt Ltd,b2b,224600.0,32,27,5,7.3,2,2,Hyderabad,iOS,,
CUST007889,Aditya Kapoor,,normal,36600.0,5,4,1,1.2,0,0,Hyderabad,iOS,,
CUST007890,Priya Bose,,normal,27600.0,5,4,1,1.5,0,0,Pune,Android,,
CUST007891,Simran Verma,,normal,8900.0,1,1,0,0.8,2,2,Hyderabad,iOS,,
CUST007892,Simran Bose,,normal,25800.0,2,2,0,1.9,1,1,Bangalore,Android,,
CUST007893,Saanvi Patel,,group_d_broken_promise,22200.0,6,3,3,33.2,10,1,Mumbai,Android,,
CUST007894,Neha Nair,,group_d_broken_promise,27300.0,3,2,1,40.2,11,1,Lucknow,Android,,
CUST007895,Simran Bose,,normal,26700.0,4,3,1,2.2,1,1,Lucknow,Android,,
CUST007896,Myra Reddy,,normal,46600.0,11,8,3,2.6,1,1,Mumbai,Android,,
CUST007897,Diya Iyer,,normal,12500.0,3,2,1,2.9,1,1,Chennai,Android,,
CUST007898,Saanvi Patel,,dormant_high_ltv,348000.0,60,54,6,1.3,2,2,Indore,iOS,,
CUST007899,Simran Kapoor,,normal,25000.0,1,1,0,2.7,0,0,Kolkata,iOS,,
CUST007900,Diya Gupta,Nair Industries Pvt Ltd,b2b,419300.0,44,36,8,5.9,1,1,Kolkata,iOS,,
CUST007901,Sanya Chawla,,normal,14600.0,4,3,1,10.8,0,0,Lucknow,iOS,,
CUST007902,Arjun Nair,,normal,14200.0,5,4,1,3.6,1,1,Jaipur,Android,,
CUST007903,Myra Mehta,,normal,41900.0,5,4,1,4.5,2,2,Chennai,Android,,
CUST007904,Kabir Mehta,,normal,32300.0,8,7,1,2.0,2,2,Indore,Android,,
CUST007905,Aman Malhotra,,normal,9000.0,2,2,0,0.5,2,1,Nagpur,Android,,
CUST007906,Karan Malhotra,,group_d_broken_promise,41000.0,4,2,2,45.5,7,2,Pune,Android,,
CUST007907,Aditya Verma,,normal,8300.0,1,1,0,2.1,1,1,Pune,Desktop,,
CUST007908,Vivaan Patel,,normal,26300.0,1,1,0,1.8,1,1,Jaipur,Android,,
CUST007909,Meera Nair,,normal,18100.0,2,2,0,0.3,2,2,Pune,iOS,,
CUST007910,Rohan Mehta,,normal,11700.0,3,2,1,2.0,1,1,Mumbai,iOS,,
CUST007911,Ishaan Patel,,normal,26600.0,5,4,1,5.9,0,0,Pune,iOS,,
CUST007912,Ananya Singh,,group_d_broken_promise,57800.0,6,3,3,21.3,5,2,Kolkata,Desktop,,
CUST007913,Kiara Singh,,normal,24800.0,1,1,0,1.0,0,0,Pune,iOS,,
CUST007914,Aditya Bose,,normal,19800.0,4,3,1,2.4,2,1,Ahmedabad,Desktop,,
CUST007915,Karan Patel,,normal,20800.0,4,3,1,2.0,1,1,Lucknow,iOS,,
CUST007916,Rohan Verma,,normal,12200.0,1,1,0,1.7,2,2,Lucknow,Android,,
CUST007917,Kabir Mehta,,normal,24700.0,5,5,0,1.1,1,1,Bangalore,Android,,
CUST007918,Vivaan Nair,,dormant_high_ltv,387800.0,53,47,6,1.9,0,0,Indore,Android,,
CUST007919,Aman Kapoor,,normal,50700.0,4,3,1,4.1,1,1,Bangalore,iOS,,
CUST007920,Neha Iyer,,normal,9800.0,2,2,0,0.3,0,0,Kolkata,iOS,,
CUST007921,Vivaan Malhotra,,normal,31700.0,5,4,1,6.1,2,2,Nagpur,Android,,
CUST007922,Priya Verma,,normal,10900.0,5,4,1,5.1,1,1,Chennai,iOS,,
CUST007923,Arjun Nair,,normal,28700.0,7,5,2,1.6,2,2,Ahmedabad,Android,,
CUST007924,Simran Bose,,normal,17900.0,4,3,1,4.8,2,2,Kolkata,Android,,
CUST007925,Sanya Bose,,normal,29100.0,3,2,1,1.4,2,1,Kolkata,Android,,
CUST007926,Sanya Joshi,,group_d_broken_promise,14200.0,1,0,1,27.2,10,1,Delhi,iOS,,
CUST007927,Ishaan Verma,,group_d_broken_promise,35700.0,7,4,3,24.3,9,1,Jaipur,iOS,,
CUST007928,Ishaan Gupta,,normal,10200.0,3,2,1,1.5,2,2,Nagpur,Android,,
CUST007929,Arjun Nair,,dormant_high_ltv,386700.0,49,43,6,0.1,2,2,Ahmedabad,iOS,,
CUST007930,Ananya Malhotra,,normal,4500.0,1,1,0,1.4,0,0,Hyderabad,Desktop,,
CUST007931,Myra Singh,Nair Textiles Pvt Ltd,b2b,295800.0,35,28,7,14.7,3,3,Jaipur,iOS,,
CUST007932,Myra Malhotra,,normal,21200.0,5,4,1,3.4,0,0,Chennai,Desktop,,
CUST007933,Aarav Joshi,,dormant_high_ltv,552200.0,54,52,2,2.3,1,1,Bangalore,iOS,,
CUST007934,Karan Rao,,group_d_broken_promise,20600.0,3,1,2,29.4,4,1,Delhi,Desktop,,
CUST007935,Ananya Malhotra,,normal,30500.0,7,6,1,2.3,1,1,Mumbai,Desktop,,
CUST007936,Meera Singh,Sharma Logistics Pvt Ltd,b2b,368700.0,51,47,4,7.6,3,2,Lucknow,iOS,,
CUST007937,Kabir Bose,Kapoor Industries Pvt Ltd,b2b,322900.0,46,43,3,17.4,4,3,Hyderabad,iOS,,
CUST007938,Aarav Gupta,Malhotra Foods Pvt Ltd,b2b,888100.0,75,64,11,4.4,1,1,Chennai,Desktop,,
CUST007939,Kiara Verma,Bose Industries Pvt Ltd,b2b,336000.0,47,42,5,7.2,4,4,Jaipur,Android,,
CUST007940,Priya Chawla,,normal,21700.0,5,4,1,3.2,0,0,Nagpur,iOS,,
CUST007941,Myra Gupta,,group_d_broken_promise,31700.0,6,3,3,26.6,8,2,Bangalore,Android,,
CUST007942,Priya Verma,,normal,27400.0,6,5,1,13.8,2,1,Ahmedabad,Android,,
CUST007943,Karan Iyer,,normal,15300.0,3,3,0,8.1,1,1,Chennai,Android,,
CUST007944,Diya Sharma,,normal,27800.0,3,3,0,5.5,0,0,Ahmedabad,iOS,,
CUST007945,Kiara Rao,,normal,41700.0,6,5,1,1.9,1,1,Bangalore,iOS,,
CUST007946,Saanvi Singh,Verma Exports Pvt Ltd,b2b,325600.0,40,36,4,10.8,5,5,Jaipur,Android,,
CUST007947,Ananya Singh,,normal,15200.0,3,3,0,1.7,2,2,Delhi,Android,,
CUST007948,Myra Rao,,normal,27200.0,2,2,0,0.2,0,0,Mumbai,Android,,
CUST007949,Karan Chawla,Patel Retail Pvt Ltd,b2b,497100.0,59,56,3,13.9,2,1,Chennai,Android,,
CUST007950,Saanvi Chawla,,normal,13100.0,2,2,0,5.6,1,1,Hyderabad,Android,,
CUST007951,Saanvi Malhotra,,normal,44100.0,10,7,3,1.2,2,2,Delhi,iOS,,
CUST007952,Myra Singh,,normal,9000.0,2,2,0,4.2,1,1,Hyderabad,Android,,
CUST007953,Meera Reddy,,normal,24100.0,2,2,0,1.4,0,0,Jaipur,iOS,,
CUST007954,Rahul Kapoor,,dormant_high_ltv,407900.0,42,36,6,2.8,0,0,Indore,iOS,,
CUST007955,Aditya Iyer,,normal,20100.0,2,2,0,0.2,2,2,Bangalore,iOS,,
CUST007956,Sanya Gupta,,normal,15300.0,1,1,0,0.5,0,0,Bangalore,Android,,
CUST007957,Aditya Mehta,,normal,15000.0,5,5,0,1.6,1,1,Pune,Android,,
CUST007958,Kiara Singh,Joshi Tech Pvt Ltd,b2b,524100.0,66,62,4,8.7,2,2,Mumbai,Android,,
CUST007959,Diya Nair,,group_d_broken_promise,13800.0,1,0,1,27.6,4,1,Bangalore,iOS,,
CUST007960,Myra Verma,,normal,19100.0,4,4,0,0.8,2,2,Jaipur,Android,,
CUST007961,Saanvi Kapoor,,group_d_broken_promise,46100.0,4,2,2,25.2,4,1,Ahmedabad,Android,,
CUST007962,Vivaan Nair,Gupta Textiles Pvt Ltd,b2b,387900.0,36,34,2,7.4,3,2,Ahmedabad,iOS,,
CUST007963,Sanya Chawla,,normal,40700.0,6,5,1,4.8,0,0,Mumbai,Android,,
CUST007964,Meera Rao,,normal,22500.0,4,3,1,5.3,2,2,Hyderabad,Android,,
CUST007965,Kabir Mehta,,group_d_broken_promise,17600.0,3,1,2,54.0,7,2,Mumbai,iOS,,
CUST007966,Kabir Gupta,,normal,7100.0,2,1,1,5.0,2,2,Lucknow,Android,,
CUST007967,Kabir Singh,,normal,8200.0,4,4,0,1.6,1,1,Bangalore,iOS,,
CUST007968,Saanvi Nair,,normal,22400.0,4,3,1,5.0,1,1,Bangalore,Android,,
CUST007969,Meera Patel,,group_d_broken_promise,41400.0,5,3,2,26.8,11,2,Mumbai,Android,,
CUST007970,Rahul Mehta,,dormant_high_ltv,671800.0,54,49,5,4.3,1,1,Pune,Android,,
CUST007971,Meera Rao,,normal,33500.0,9,8,1,2.5,2,2,Indore,iOS,,
CUST007972,Neha Malhotra,,group_d_broken_promise,14600.0,5,3,2,17.0,6,1,Nagpur,Desktop,,
CUST007973,Ishaan Malhotra,,normal,12400.0,3,3,0,3.4,1,1,Hyderabad,Android,,
CUST007974,Ananya Mehta,,dormant_high_ltv,359100.0,46,41,5,4.3,0,0,Bangalore,Android,,
CUST007975,Vivaan Patel,,normal,21700.0,5,5,0,5.3,1,1,Hyderabad,Android,,
CUST007976,Aarav Joshi,,normal,33800.0,6,5,1,0.4,0,0,Mumbai,Android,,
CUST007977,Rahul Joshi,,normal,23500.0,4,3,1,1.7,0,0,Hyderabad,Desktop,,
CUST007978,Aditya Mehta,,normal,20600.0,3,3,0,4.1,0,0,Ahmedabad,Android,,
CUST007979,Aditya Singh,,normal,16500.0,1,1,0,2.3,1,1,Kolkata,Android,,
CUST007980,Simran Sharma,,normal,17900.0,7,6,1,6.1,1,1,Hyderabad,iOS,,
CUST007981,Rahul Gupta,,normal,28000.0,3,3,0,0.4,2,2,Delhi,Android,,
CUST007982,Sanya Iyer,,normal,29800.0,5,4,1,0.7,1,1,Ahmedabad,Android,,
CUST007983,Meera Rao,,normal,29500.0,10,8,2,1.9,1,1,Pune,Desktop,,
CUST007984,Meera Joshi,,normal,13400.0,3,2,1,0.1,2,2,Bangalore,Android,,
CUST007985,Rohan Joshi,,normal,5000.0,2,1,1,2.1,2,2,Hyderabad,Desktop,,
CUST007986,Sanya Rao,Verma Enterprises Pvt Ltd,b2b,529700.0,57,48,9,2.3,5,4,Nagpur,iOS,,
CUST007987,Rahul Kapoor,,normal,15500.0,5,4,1,1.0,2,2,Ahmedabad,Desktop,,
CUST007988,Vivaan Mehta,,normal,31300.0,7,6,1,6.3,2,2,Ahmedabad,Android,,
CUST007989,Aman Verma,,normal,45700.0,9,8,1,0.7,1,1,Hyderabad,iOS,,
CUST007990,Aarav Gupta,,normal,11200.0,2,2,0,6.5,1,1,Chennai,Android,,
CUST007991,Rahul Mehta,,normal,27200.0,3,2,1,3.5,2,2,Bangalore,Android,,
CUST007992,Simran Patel,,normal,13900.0,1,1,0,7.6,0,0,Chennai,Android,,
CUST007993,Diya Gupta,,group_d_broken_promise,12500.0,4,2,2,37.6,3,1,Pune,Desktop,,
CUST007994,Saanvi Sharma,,normal,39200.0,5,4,1,1.7,0,0,Delhi,Desktop,,
CUST007995,Rohan Sharma,,dormant_high_ltv,351800.0,51,47,4,2.5,1,1,Pune,Desktop,,
CUST007996,Diya Joshi,Bose Distributors Pvt Ltd,b2b,824700.0,64,56,8,4.2,2,2,Mumbai,Android,,
CUST007997,Sanya Malhotra,,group_d_broken_promise,23400.0,4,2,2,22.5,6,2,Indore,iOS,,
CUST007998,Kabir Gupta,,normal,31100.0,5,4,1,2.9,1,1,Indore,Android,,
CUST007999,Kabir Sharma,Chawla Solutions Pvt Ltd,b2b,316900.0,47,42,5,12.3,3,3,Indore,iOS,,
CUST008000,Ishaan Mehta,,normal,23200.0,4,4,0,6.8,2,2,Chennai,Android,,
CUST008001,Rahul Mehta,,normal,24100.0,6,5,1,2.0,1,1,Bangalore,Desktop,,
CUST008002,Priya Joshi,,normal,36900.0,9,8,1,0.9,0,0,Ahmedabad,Android,,
CUST008003,Ananya Mehta,Rao Tech Pvt Ltd,b2b,233000.0,30,28,2,3.5,1,1,Kolkata,Desktop,,
CUST008004,Rahul Singh,,dormant_high_ltv,598400.0,58,55,3,0.8,1,1,Indore,Desktop,,
CUST008005,Priya Mehta,,normal,7400.0,2,1,1,9.0,1,1,Delhi,Desktop,,
CUST008006,Aditya Patel,,normal,18700.0,4,4,0,5.0,1,1,Nagpur,Desktop,,
CUST008007,Kiara Patel,,normal,10500.0,2,2,0,1.7,0,0,Ahmedabad,iOS,,
CUST008008,Saanvi Nair,,normal,23900.0,2,2,0,1.4,2,2,Delhi,Android,,
CUST008009,Karan Joshi,,normal,21400.0,2,1,1,5.1,2,2,Pune,iOS,,
CUST008010,Neha Reddy,,normal,23200.0,2,2,0,0.9,1,1,Lucknow,iOS,,
CUST008011,Meera Gupta,,normal,9700.0,2,2,0,1.6,2,2,Ahmedabad,Desktop,,
CUST008012,Rahul Rao,,normal,33700.0,5,4,1,10.0,2,2,Hyderabad,Android,,
CUST008013,Saanvi Reddy,,normal,28700.0,4,4,0,0.4,2,1,Bangalore,Android,,
CUST008014,Diya Reddy,,normal,15200.0,6,4,2,1.3,2,2,Delhi,iOS,,
CUST008015,Saanvi Malhotra,,dormant_high_ltv,472500.0,67,59,8,1.2,0,0,Nagpur,Android,,
CUST008016,Saanvi Rao,Mehta Traders Pvt Ltd,b2b,407500.0,42,34,8,18.0,3,2,Pune,iOS,,
CUST008017,Neha Joshi,,normal,29900.0,7,6,1,1.0,1,1,Hyderabad,Android,,
CUST008018,Kiara Rao,,normal,5800.0,2,2,0,0.8,1,1,Ahmedabad,iOS,,
CUST008019,Rahul Malhotra,Sharma Exports Pvt Ltd,b2b,510700.0,55,53,2,7.1,4,3,Delhi,iOS,,
CUST008020,Myra Singh,,normal,10600.0,2,1,1,3.4,2,2,Hyderabad,Android,,
CUST008021,Ananya Reddy,,group_d_broken_promise,28900.0,5,2,3,14.0,11,4,Mumbai,Android,,
CUST008022,Aarav Sharma,Kapoor Tech Pvt Ltd,b2b,607000.0,57,51,6,6.5,4,4,Mumbai,Android,,
CUST008023,Aditya Rao,,normal,19100.0,5,4,1,2.5,1,1,Nagpur,Desktop,,
CUST008024,Arjun Malhotra,,normal,16600.0,3,2,1,3.5,0,0,Nagpur,Desktop,,
CUST008025,Aman Singh,Patel Industries Pvt Ltd,b2b,434300.0,42,38,4,3.1,2,2,Jaipur,Android,,
CUST008026,Aman Singh,,normal,38200.0,4,3,1,3.9,2,2,Lucknow,Android,,
CUST008027,Arjun Patel,,normal,27700.0,4,3,1,2.8,1,1,Hyderabad,Android,,
CUST008028,Sanya Rao,,normal,42500.0,9,7,2,1.2,1,1,Mumbai,Android,,
CUST008029,Aman Iyer,,normal,8900.0,2,2,0,4.3,2,1,Nagpur,iOS,,
CUST008030,Arjun Gupta,,normal,16600.0,2,2,0,9.9,1,1,Bangalore,iOS,,
CUST008031,Aarav Rao,,normal,10300.0,1,1,0,0.5,1,1,Lucknow,Android,,
CUST008032,Aditya Malhotra,,normal,23300.0,4,3,1,0.7,2,2,Kolkata,Android,,
CUST008033,Aarav Reddy,,normal,8900.0,1,1,0,1.6,2,2,Mumbai,Android,,
CUST008034,Sanya Chawla,Sharma Enterprises Pvt Ltd,b2b,357400.0,44,37,7,2.8,1,1,Lucknow,Android,,
CUST008035,Rahul Gupta,,dormant_high_ltv,800200.0,70,63,7,4.1,2,2,Pune,Android,,
CUST008036,Rahul Singh,,normal,21600.0,2,2,0,0.1,2,2,Ahmedabad,Android,,
CUST008037,Simran Chawla,,normal,6000.0,3,2,1,6.9,1,1,Kolkata,Android,,
CUST008038,Rohan Sharma,,normal,13000.0,2,2,0,5.2,2,1,Kolkata,Android,,
CUST008039,Meera Verma,,group_d_broken_promise,70500.0,10,4,6,29.5,5,1,Jaipur,iOS,,
CUST008040,Priya Patel,,normal,30100.0,7,5,2,3.5,2,2,Pune,Android,,
CUST008041,Saanvi Malhotra,,group_d_broken_promise,28500.0,4,2,2,17.1,11,2,Delhi,Android,,
CUST008042,Saanvi Iyer,,normal,19200.0,2,2,0,1.9,0,0,Pune,Desktop,,
CUST008043,Simran Rao,,normal,8100.0,1,1,0,0.4,0,0,Jaipur,iOS,,
CUST008044,Vivaan Sharma,,normal,32700.0,3,2,1,2.8,0,0,Hyderabad,iOS,,
CUST008045,Aditya Singh,,normal,33000.0,6,6,0,0.8,2,2,Pune,iOS,,
CUST008046,Ananya Patel,Sharma Enterprises Pvt Ltd,b2b,268700.0,38,36,2,12.0,3,3,Jaipur,iOS,,
CUST008047,Rahul Singh,,normal,29300.0,7,5,2,3.4,2,1,Jaipur,Android,,
CUST008048,Karan Verma,,normal,15100.0,3,2,1,1.3,2,2,Bangalore,Android,,
CUST008049,Rahul Iyer,,normal,26100.0,2,2,0,8.7,2,2,Mumbai,iOS,,
CUST008050,Diya Gupta,,normal,34500.0,5,5,0,3.5,2,2,Bangalore,Android,,
CUST008051,Simran Gupta,,normal,18200.0,1,1,0,1.7,1,1,Nagpur,Android,,
CUST008052,Saanvi Bose,,normal,18600.0,3,2,1,6.1,1,1,Indore,Android,,
CUST008053,Ananya Chawla,,normal,20500.0,3,2,1,4.2,2,2,Chennai,Android,,
CUST008054,Ishaan Rao,,normal,29500.0,2,2,0,0.3,0,0,Pune,iOS,,
CUST008055,Aditya Malhotra,,normal,22100.0,3,2,1,0.4,0,0,Mumbai,Android,,
CUST008056,Kiara Kapoor,,normal,27100.0,2,2,0,4.0,0,0,Delhi,Android,,
CUST008057,Karan Sharma,,normal,17700.0,6,5,1,1.6,0,0,Nagpur,Android,,
CUST008058,Kiara Rao,Kapoor Enterprises Pvt Ltd,b2b,555500.0,67,60,7,12.0,1,1,Bangalore,Android,,
CUST008059,Meera Verma,,normal,17500.0,6,5,1,3.8,2,1,Lucknow,Desktop,,
CUST008060,Meera Rao,,normal,27600.0,4,3,1,1.1,1,1,Mumbai,Android,,
CUST008061,Diya Verma,,normal,14000.0,3,3,0,0.9,1,1,Nagpur,Android,,
CUST008062,Kabir Nair,Malhotra Foods Pvt Ltd,b2b,395200.0,50,41,9,16.0,1,1,Lucknow,Android,,
CUST008063,Kabir Kapoor,,normal,11300.0,2,1,1,0.3,0,0,Nagpur,iOS,,
CUST008064,Simran Reddy,,normal,13700.0,3,3,0,3.4,1,1,Mumbai,iOS,,
CUST008065,Kiara Rao,,normal,17100.0,2,2,0,4.3,0,0,Pune,Android,,
CUST008066,Myra Verma,,group_d_broken_promise,15500.0,3,1,2,21.4,7,1,Ahmedabad,Desktop,,
CUST008067,Sanya Iyer,,group_d_broken_promise,38000.0,7,3,4,31.8,4,1,Indore,Android,,
CUST008068,Aman Kapoor,,normal,19800.0,4,4,0,4.5,0,0,Indore,Android,,
CUST008069,Sanya Verma,,group_d_broken_promise,50000.0,4,2,2,21.8,8,1,Bangalore,iOS,,
CUST008070,Aman Bose,,normal,15100.0,6,5,1,4.1,0,0,Lucknow,iOS,,
CUST008071,Karan Kapoor,,normal,16000.0,3,3,0,1.4,0,0,Lucknow,iOS,,
CUST008072,Sanya Bose,,normal,23800.0,3,3,0,1.0,0,0,Jaipur,iOS,,
CUST008073,Vivaan Sharma,Joshi Enterprises Pvt Ltd,b2b,192100.0,23,19,4,8.3,4,3,Kolkata,Android,,
CUST008074,Simran Reddy,,normal,12900.0,5,5,0,6.3,0,0,Delhi,Android,,
CUST008075,Rohan Joshi,,normal,29000.0,6,5,1,4.3,2,1,Hyderabad,iOS,,
CUST008076,Ishaan Iyer,,normal,12100.0,2,1,1,4.0,2,1,Chennai,iOS,,
CUST008077,Aarav Gupta,,dormant_high_ltv,591300.0,65,61,4,0.2,0,0,Mumbai,iOS,,
CUST008078,Vivaan Reddy,Bose Enterprises Pvt Ltd,b2b,711400.0,60,55,5,5.4,4,3,Lucknow,Android,,
CUST008079,Neha Verma,,normal,19600.0,1,1,0,1.6,2,2,Nagpur,Android,,
CUST008080,Diya Chawla,,normal,18900.0,7,5,2,4.0,1,1,Pune,Android,,
CUST008081,Simran Iyer,Bose Industries Pvt Ltd,b2b,237700.0,30,29,1,9.4,1,1,Mumbai,Desktop,,
CUST008082,Vivaan Chawla,,normal,38000.0,8,6,2,11.1,1,1,Bangalore,Android,,
CUST008083,Meera Chawla,,dormant_high_ltv,293800.0,43,42,1,0.7,2,2,Bangalore,Android,,
CUST008084,Kiara Nair,,normal,17800.0,2,2,0,1.8,2,2,Nagpur,Android,,
CUST008085,Diya Rao,,group_d_broken_promise,17100.0,1,0,1,32.1,4,1,Pune,Android,,
CUST008086,Arjun Rao,,normal,31100.0,4,4,0,0.5,2,1,Pune,Android,,
CUST008087,Vivaan Mehta,,normal,27600.0,5,5,0,1.5,1,1,Chennai,iOS,,
CUST008088,Saanvi Rao,,group_d_broken_promise,40600.0,7,3,4,26.9,3,1,Indore,Android,,
CUST008089,Aman Nair,,normal,14700.0,2,1,1,5.6,1,1,Delhi,Desktop,,
CUST008090,Meera Bose,,group_d_broken_promise,46800.0,7,3,4,19.9,8,3,Ahmedabad,Android,,
CUST008091,Diya Sharma,Chawla Enterprises Pvt Ltd,b2b,514400.0,65,54,11,11.9,1,1,Hyderabad,Desktop,,
CUST008092,Aarav Iyer,,dormant_high_ltv,405300.0,63,61,2,6.0,1,1,Pune,Desktop,,
CUST008093,Kiara Iyer,Verma Enterprises Pvt Ltd,b2b,383500.0,52,48,4,3.0,5,5,Jaipur,Android,,
CUST008094,Meera Rao,,normal,36300.0,5,4,1,1.4,2,2,Bangalore,Android,,
CUST008095,Rahul Joshi,,dormant_high_ltv,439900.0,55,49,6,1.0,1,1,Hyderabad,Android,,
CUST008096,Karan Mehta,,normal,15000.0,2,1,1,1.0,2,2,Lucknow,iOS,,
CUST008097,Karan Sharma,,dormant_high_ltv,431400.0,51,47,4,3.6,0,0,Nagpur,Android,,
CUST008098,Rahul Verma,,normal,16700.0,2,1,1,2.9,1,1,Indore,Android,,
CUST008099,Karan Joshi,,normal,24800.0,4,3,1,3.3,0,0,Bangalore,Android,,
CUST008100,Meera Gupta,,normal,15900.0,1,1,0,1.1,0,0,Indore,iOS,,
CUST008101,Diya Malhotra,,group_d_broken_promise,38500.0,4,2,2,31.5,8,3,Hyderabad,iOS,,
CUST008102,Rahul Reddy,,group_d_broken_promise,18800.0,4,1,3,27.9,8,2,Jaipur,Desktop,,
CUST008103,Priya Joshi,,normal,9000.0,4,4,0,2.3,2,2,Nagpur,Android,,
CUST008104,Ishaan Joshi,,normal,16900.0,3,3,0,0.8,1,1,Pune,Android,,
CUST008105,Saanvi Patel,,normal,16700.0,5,4,1,1.9,1,1,Nagpur,Android,,
CUST008106,Aarav Chawla,,dormant_high_ltv,389400.0,49,44,5,0.8,0,0,Lucknow,Desktop,,
CUST008107,Ananya Reddy,Chawla Distributors Pvt Ltd,b2b,196500.0,33,30,3,5.6,1,1,Bangalore,Android,,
CUST008108,Saanvi Reddy,,normal,11700.0,3,3,0,3.3,2,2,Lucknow,Android,,
CUST008109,Priya Kapoor,,normal,19400.0,5,4,1,4.9,2,2,Nagpur,Android,,
CUST008110,Aditya Malhotra,,normal,19700.0,2,2,0,3.0,0,0,Bangalore,Android,,
CUST008111,Diya Reddy,Mehta Distributors Pvt Ltd,b2b,342700.0,49,46,3,12.5,3,3,Lucknow,Android,,
CUST008112,Sanya Verma,Iyer Textiles Pvt Ltd,b2b,317200.0,36,33,3,2.7,5,4,Jaipur,Android,,
CUST008113,Meera Reddy,,normal,23900.0,2,2,0,2.4,2,1,Chennai,iOS,,
CUST008114,Kiara Mehta,,normal,10600.0,1,1,0,6.7,0,0,Ahmedabad,Desktop,,
CUST008115,Myra Sharma,,group_d_broken_promise,29000.0,4,2,2,16.5,6,2,Hyderabad,Desktop,,
CUST008116,Saanvi Kapoor,,normal,11000.0,2,2,0,3.9,2,2,Mumbai,iOS,,
CUST008117,Aman Mehta,,normal,29500.0,8,7,1,2.0,2,2,Lucknow,Android,,
CUST008118,Priya Reddy,Nair Traders Pvt Ltd,b2b,210600.0,22,20,2,4.7,4,3,Kolkata,Android,,
CUST008119,Rahul Gupta,,normal,11900.0,3,2,1,3.1,1,1,Ahmedabad,Android,,
CUST008120,Aditya Gupta,,normal,22400.0,4,4,0,0.2,1,1,Ahmedabad,Android,,
CUST008121,Simran Reddy,,normal,17500.0,3,2,1,2.5,0,0,Lucknow,Android,,
CUST008122,Simran Nair,,normal,13300.0,1,1,0,0.1,1,1,Jaipur,Desktop,,
CUST008123,Myra Patel,,normal,37800.0,6,5,1,6.1,2,2,Indore,iOS,,
CUST008124,Ishaan Verma,,group_d_broken_promise,31700.0,7,4,3,16.4,7,2,Jaipur,Android,,
CUST008125,Rohan Verma,,normal,19800.0,4,4,0,3.6,2,1,Mumbai,Android,,
CUST008126,Saanvi Verma,,normal,14300.0,5,4,1,0.8,2,2,Hyderabad,iOS,,
CUST008127,Kabir Iyer,,normal,8200.0,2,2,0,4.5,2,2,Ahmedabad,Android,,
CUST008128,Vivaan Verma,,normal,26700.0,5,4,1,3.8,1,1,Nagpur,Android,,
CUST008129,Arjun Malhotra,,normal,11900.0,2,1,1,6.4,2,2,Indore,Android,,
CUST008130,Meera Joshi,,normal,36100.0,5,5,0,3.4,0,0,Pune,iOS,,
CUST008131,Simran Gupta,,normal,18700.0,6,5,1,5.0,2,1,Mumbai,Android,,
CUST008132,Ananya Verma,,normal,62700.0,5,4,1,2.8,2,2,Nagpur,Android,,
CUST008133,Rahul Gupta,,normal,16700.0,4,3,1,0.8,1,1,Jaipur,Android,,
CUST008134,Aarav Gupta,,normal,11600.0,2,2,0,3.3,2,2,Bangalore,Android,,
CUST008135,Priya Mehta,Rao Foods Pvt Ltd,b2b,418900.0,45,39,6,12.1,3,2,Jaipur,iOS,,
CUST008136,Rohan Kapoor,,normal,20000.0,3,3,0,3.3,1,1,Delhi,Android,,
CUST008137,Kabir Malhotra,,normal,14000.0,2,1,1,0.7,1,1,Chennai,Android,,
CUST008138,Saanvi Malhotra,,dormant_high_ltv,429000.0,57,51,6,5.5,2,1,Ahmedabad,Android,,
CUST008139,Sanya Iyer,,normal,6400.0,1,1,0,3.6,1,1,Lucknow,Android,,
CUST008140,Neha Mehta,Rao Logistics Pvt Ltd,b2b,486800.0,58,52,6,8.9,5,4,Jaipur,Android,,
CUST008141,Myra Chawla,Nair Enterprises Pvt Ltd,b2b,351100.0,48,41,7,5.7,4,3,Jaipur,Android,,
CUST008142,Kabir Reddy,Bose Apparel Pvt Ltd,b2b,314300.0,41,34,7,8.5,3,2,Delhi,Android,,
CUST008143,Arjun Reddy,Iyer Tech Pvt Ltd,b2b,430700.0,61,57,4,4.6,1,1,Chennai,Android,,
CUST008144,Arjun Rao,Gupta Industries Pvt Ltd,b2b,139600.0,19,17,2,5.8,5,5,Indore,Android,,
CUST008145,Aman Verma,,normal,30100.0,7,6,1,7.9,1,1,Delhi,iOS,,
CUST008146,Myra Chawla,,normal,22700.0,3,2,1,3.0,0,0,Delhi,iOS,,
CUST008147,Diya Reddy,Malhotra Enterprises Pvt Ltd,b2b,302000.0,47,41,6,9.4,4,3,Delhi,Desktop,,
CUST008148,Ananya Chawla,Singh Retail Pvt Ltd,b2b,309800.0,43,36,7,4.4,5,5,Jaipur,Android,,
CUST008149,Ananya Mehta,,normal,12700.0,3,2,1,5.1,2,2,Indore,iOS,,
CUST008150,Sanya Sharma,,group_d_broken_promise,45500.0,6,3,3,21.9,6,1,Mumbai,iOS,,
CUST008151,Meera Rao,,normal,10600.0,3,3,0,0.4,0,0,Indore,iOS,,
CUST008152,Aarav Mehta,,normal,11200.0,1,1,0,1.5,2,2,Ahmedabad,Android,,
CUST008153,Kiara Reddy,,normal,19500.0,3,3,0,4.4,1,1,Lucknow,Android,,
CUST008154,Meera Nair,,normal,48900.0,11,9,2,3.7,2,2,Delhi,iOS,,
CUST008155,Arjun Rao,,normal,17300.0,4,3,1,3.4,0,0,Kolkata,Android,,
CUST008156,Kiara Malhotra,,normal,8000.0,2,2,0,3.0,0,0,Pune,iOS,,
CUST008157,Saanvi Chawla,,normal,11800.0,2,2,0,1.6,2,2,Jaipur,Android,,
CUST008158,Arjun Sharma,Reddy Tech Pvt Ltd,b2b,355200.0,48,43,5,11.0,1,1,Jaipur,Android,,
CUST008159,Arjun Sharma,Kapoor Foods Pvt Ltd,b2b,206500.0,31,28,3,5.1,3,2,Bangalore,Android,,
CUST008160,Vivaan Sharma,Mehta Logistics Pvt Ltd,b2b,176400.0,24,20,4,3.5,4,3,Hyderabad,Android,,
CUST008161,Rahul Mehta,,normal,20700.0,7,5,2,2.9,1,1,Indore,iOS,,
CUST008162,Meera Kapoor,,normal,12900.0,1,1,0,11.3,2,2,Ahmedabad,Android,,
CUST008163,Rahul Verma,Gupta Textiles Pvt Ltd,b2b,245200.0,33,30,3,5.3,1,1,Bangalore,Android,,
CUST008164,Saanvi Chawla,Gupta Retail Pvt Ltd,b2b,416500.0,64,52,12,3.2,2,2,Indore,Android,,
CUST008165,Ishaan Gupta,,normal,9700.0,2,2,0,2.1,2,1,Mumbai,Android,,
CUST008166,Rahul Nair,,normal,17600.0,2,2,0,1.4,0,0,Chennai,Android,,
CUST008167,Vivaan Reddy,,normal,11800.0,3,2,1,5.2,1,1,Kolkata,iOS,,
CUST008168,Meera Singh,,normal,21300.0,3,3,0,0.9,0,0,Hyderabad,Android,,
CUST008169,Saanvi Nair,Patel Traders Pvt Ltd,b2b,308000.0,44,37,7,15.8,2,2,Indore,iOS,,
CUST008170,Sanya Patel,,normal,21600.0,3,3,0,2.1,1,1,Pune,iOS,,
CUST008171,Sanya Kapoor,,normal,25100.0,3,3,0,0.3,0,0,Nagpur,iOS,,
CUST008172,Priya Reddy,,normal,27300.0,3,2,1,3.8,0,0,Lucknow,Android,,
CUST008173,Myra Patel,,normal,12500.0,2,2,0,4.8,2,2,Mumbai,Android,,
CUST008174,Arjun Gupta,,normal,29800.0,5,4,1,1.5,1,1,Lucknow,Android,,
CUST008175,Kiara Sharma,,dormant_high_ltv,435300.0,52,47,5,4.4,1,1,Hyderabad,Android,,
CUST008176,Meera Rao,,normal,15800.0,2,1,1,5.4,2,2,Chennai,Desktop,,
CUST008177,Saanvi Bose,,normal,7000.0,5,4,1,6.1,2,2,Bangalore,Android,,
CUST008178,Vivaan Bose,,normal,28100.0,8,7,1,0.1,0,0,Mumbai,Android,,
CUST008179,Kabir Nair,,normal,37500.0,6,5,1,3.8,1,1,Bangalore,iOS,,
CUST008180,Simran Reddy,,normal,17100.0,4,3,1,3.2,2,2,Kolkata,iOS,,
CUST008181,Karan Patel,Mehta Tech Pvt Ltd,b2b,244600.0,27,22,5,7.8,5,4,Mumbai,Android,,
CUST008182,Vivaan Bose,,normal,30700.0,9,7,2,6.1,2,2,Kolkata,Android,,
CUST008183,Arjun Chawla,,normal,17800.0,4,4,0,7.9,1,1,Indore,Desktop,,
CUST008184,Meera Bose,,dormant_high_ltv,349400.0,53,48,5,3.1,1,1,Lucknow,iOS,,
CUST008185,Karan Patel,,normal,14100.0,3,2,1,1.9,2,2,Bangalore,iOS,,
CUST008186,Ishaan Joshi,,normal,17900.0,4,4,0,5.1,2,2,Kolkata,Android,,
CUST008187,Myra Malhotra,,normal,18900.0,3,3,0,4.4,2,2,Lucknow,Android,,
CUST008188,Aarav Kapoor,,normal,20800.0,4,3,1,2.4,1,1,Bangalore,Android,,
CUST008189,Kabir Rao,,normal,16200.0,1,1,0,2.2,1,1,Hyderabad,Desktop,,
CUST008190,Rohan Malhotra,,normal,27500.0,4,3,1,1.7,1,1,Hyderabad,iOS,,
CUST008191,Ishaan Singh,,normal,24400.0,3,2,1,1.3,1,1,Bangalore,iOS,,
CUST008192,Rahul Verma,,normal,11200.0,1,1,0,1.2,0,0,Delhi,Android,,
CUST008193,Ishaan Kapoor,,group_d_broken_promise,19400.0,3,1,2,29.0,9,2,Pune,iOS,,
CUST008194,Priya Malhotra,,normal,14600.0,4,3,1,1.8,2,2,Mumbai,Android,,
CUST008195,Neha Kapoor,,normal,26700.0,3,3,0,2.5,1,1,Bangalore,Android,,
CUST008196,Diya Patel,,normal,17600.0,1,1,0,1.0,0,0,Hyderabad,iOS,,
CUST008197,Aman Iyer,,normal,12900.0,3,2,1,3.1,0,0,Jaipur,Android,,
CUST008198,Vivaan Reddy,Sharma Exports Pvt Ltd,b2b,666300.0,65,53,12,4.6,4,4,Nagpur,iOS,,
CUST008199,Rahul Verma,,normal,17300.0,3,2,1,4.0,1,1,Chennai,Android,,
CUST008200,Arjun Kapoor,Verma Foods Pvt Ltd,b2b,314200.0,42,37,5,7.1,3,3,Nagpur,Android,,
CUST008201,Arjun Malhotra,,dormant_high_ltv,545400.0,72,64,8,2.7,2,2,Hyderabad,iOS,,
CUST008202,Rohan Singh,,normal,8800.0,2,2,0,2.5,1,1,Lucknow,Desktop,,
CUST008203,Aman Gupta,Chawla Exports Pvt Ltd,b2b,356000.0,51,45,6,7.2,5,4,Mumbai,Desktop,,
CUST008204,Vivaan Chawla,,normal,34800.0,6,5,1,2.2,2,2,Chennai,iOS,,
CUST008205,Neha Gupta,Singh Apparel Pvt Ltd,b2b,552300.0,59,54,5,3.6,5,4,Pune,Desktop,,
CUST008206,Diya Malhotra,,normal,19200.0,5,4,1,3.8,2,2,Hyderabad,Android,,
CUST008207,Rohan Singh,,normal,14000.0,3,3,0,3.9,0,0,Indore,Android,,
CUST008208,Vivaan Verma,Verma Traders Pvt Ltd,b2b,374500.0,62,60,2,4.1,5,4,Bangalore,iOS,,
CUST008209,Simran Bose,,normal,8600.0,1,1,0,7.5,1,1,Delhi,Android,,
CUST008210,Kiara Chawla,,normal,43700.0,6,6,0,4.8,1,1,Chennai,Android,,
CUST008211,Kabir Rao,,normal,8200.0,3,3,0,0.8,2,2,Pune,Android,,
CUST008212,Sanya Reddy,,normal,23100.0,4,4,0,1.0,0,0,Hyderabad,Android,,
CUST008213,Sanya Patel,,normal,16300.0,4,3,1,1.5,0,0,Jaipur,iOS,,
CUST008214,Aman Patel,,normal,17300.0,2,2,0,4.0,2,2,Hyderabad,iOS,,
CUST008215,Arjun Reddy,Sharma Textiles Pvt Ltd,b2b,429100.0,68,59,9,3.0,5,5,Kolkata,Android,,
CUST008216,Saanvi Iyer,,dormant_high_ltv,646300.0,51,50,1,0.2,2,2,Lucknow,Android,,
CUST008217,Kabir Kapoor,,normal,18300.0,7,7,0,6.3,0,0,Bangalore,Android,,
CUST008218,Myra Chawla,,normal,14300.0,1,1,0,1.2,2,2,Chennai,Desktop,,
CUST008219,Sanya Patel,,normal,19000.0,5,4,1,7.0,0,0,Ahmedabad,Android,,
CUST008220,Meera Bose,,normal,20400.0,2,2,0,4.9,0,0,Kolkata,Android,,
CUST008221,Sanya Mehta,Nair Foods Pvt Ltd,b2b,264200.0,37,35,2,8.9,4,3,Mumbai,Android,,
CUST008222,Ananya Malhotra,,normal,25800.0,5,4,1,3.6,2,1,Jaipur,Android,,
CUST008223,Rohan Bose,Patel Exports Pvt Ltd,b2b,362900.0,45,37,8,18.2,1,1,Ahmedabad,Android,,
CUST008224,Diya Singh,,normal,24400.0,5,4,1,3.6,0,0,Pune,iOS,,
CUST008225,Myra Sharma,Malhotra Distributors Pvt Ltd,b2b,632200.0,69,57,12,7.1,2,2,Indore,iOS,,
CUST008226,Aman Iyer,,group_d_broken_promise,41100.0,7,4,3,18.0,8,1,Mumbai,Android,,
CUST008227,Aarav Nair,,normal,11300.0,4,3,1,2.6,1,1,Indore,Desktop,,
CUST008228,Karan Rao,,group_d_broken_promise,24400.0,5,2,3,21.7,11,2,Jaipur,Desktop,,
CUST008229,Myra Rao,,normal,12400.0,4,3,1,3.8,0,0,Mumbai,Desktop,,
CUST008230,Simran Patel,,normal,29900.0,5,4,1,1.0,2,2,Lucknow,Desktop,,
CUST008231,Meera Rao,Nair Enterprises Pvt Ltd,b2b,409100.0,63,53,10,30.5,4,3,Ahmedabad,iOS,,
CUST008232,Vivaan Patel,Gupta Tech Pvt Ltd,b2b,387700.0,56,50,6,19.4,5,4,Mumbai,iOS,,
CUST008233,Meera Rao,,normal,15200.0,6,5,1,6.9,1,1,Hyderabad,Android,,
CUST008234,Aarav Bose,,normal,22400.0,4,4,0,10.4,0,0,Nagpur,Android,,
CUST008235,Ananya Reddy,,normal,33100.0,8,6,2,4.9,1,1,Nagpur,iOS,,
CUST008236,Ishaan Malhotra,,group_d_broken_promise,21900.0,2,1,1,17.9,11,2,Mumbai,iOS,,
CUST008237,Arjun Bose,,normal,19500.0,4,3,1,1.8,2,1,Bangalore,iOS,,
CUST008238,Ananya Verma,,normal,11000.0,3,2,1,0.6,1,1,Chennai,Android,,
CUST008239,Meera Sharma,,normal,11200.0,3,2,1,0.4,0,0,Nagpur,Android,,
CUST008240,Kiara Gupta,,normal,16200.0,3,2,1,9.0,0,0,Delhi,iOS,,
CUST008241,Vivaan Bose,,dormant_high_ltv,495800.0,52,51,1,1.9,1,1,Lucknow,Desktop,,
CUST008242,Kiara Sharma,,normal,16200.0,3,2,1,2.8,0,0,Hyderabad,Android,,
CUST008243,Rohan Gupta,,normal,10200.0,3,2,1,3.8,1,1,Chennai,iOS,,
CUST008244,Kiara Verma,,normal,12100.0,2,2,0,3.8,0,0,Ahmedabad,iOS,,
CUST008245,Myra Reddy,,normal,24600.0,5,4,1,3.6,0,0,Chennai,Android,,
CUST008246,Rahul Chawla,,group_d_broken_promise,26800.0,6,3,3,34.5,6,2,Hyderabad,Android,,
CUST008247,Priya Bose,,group_d_broken_promise,8400.0,1,1,0,33.3,6,2,Nagpur,Android,,
CUST008248,Kabir Joshi,,dormant_high_ltv,453900.0,70,67,3,2.5,0,0,Nagpur,iOS,,
CUST008249,Karan Patel,,normal,30200.0,10,9,1,3.2,0,0,Lucknow,Desktop,,
CUST008250,Rahul Gupta,,dormant_high_ltv,398400.0,51,49,2,0.7,0,0,Nagpur,iOS,,
CUST008251,Rohan Reddy,,normal,15400.0,5,4,1,1.9,0,0,Hyderabad,Android,,
CUST008252,Sanya Patel,,group_d_broken_promise,9500.0,3,1,2,18.3,6,1,Chennai,iOS,,
CUST008253,Rohan Kapoor,,normal,4300.0,2,2,0,0.4,1,1,Jaipur,Android,,
CUST008254,Kabir Iyer,,normal,23600.0,6,5,1,1.7,1,1,Chennai,Desktop,,
CUST008255,Arjun Patel,,normal,7600.0,1,1,0,2.2,2,2,Pune,Android,,
CUST008256,Simran Reddy,Bose Tech Pvt Ltd,b2b,325100.0,32,27,5,7.1,1,1,Indore,Android,,
CUST008257,Diya Iyer,,normal,9000.0,3,3,0,2.1,1,1,Kolkata,Desktop,,
CUST008258,Sanya Bose,Mehta Tech Pvt Ltd,b2b,223500.0,19,17,2,8.4,2,1,Bangalore,iOS,,
CUST008259,Rohan Chawla,,normal,17100.0,3,3,0,0.1,1,1,Delhi,Android,,
CUST008260,Aarav Chawla,,normal,34000.0,8,6,2,3.0,0,0,Delhi,iOS,,
CUST008261,Saanvi Kapoor,,normal,26500.0,4,3,1,2.1,0,0,Nagpur,iOS,,
CUST008262,Saanvi Iyer,,group_d_broken_promise,10500.0,3,1,2,23.6,9,2,Delhi,Android,,
CUST008263,Rohan Rao,,normal,25100.0,5,4,1,5.6,2,2,Bangalore,Android,,
CUST008264,Aditya Patel,,normal,17200.0,3,3,0,4.3,0,0,Chennai,iOS,,
CUST008265,Aditya Kapoor,,normal,9800.0,1,1,0,0.3,1,1,Jaipur,Android,,
CUST008266,Kabir Malhotra,,normal,31400.0,6,5,1,3.1,2,2,Pune,Android,,
CUST008267,Ananya Rao,,normal,10000.0,1,1,0,6.7,2,2,Indore,iOS,,
CUST008268,Vivaan Patel,,group_d_broken_promise,32400.0,3,1,2,15.7,4,1,Kolkata,Android,,
CUST008269,Neha Malhotra,,normal,22100.0,4,3,1,1.4,1,1,Jaipur,Android,,
CUST008270,Rohan Verma,Mehta Traders Pvt Ltd,b2b,529300.0,51,41,10,4.6,4,3,Jaipur,iOS,,
CUST008271,Kiara Joshi,,normal,20200.0,5,4,1,1.8,0,0,Hyderabad,Android,,
CUST008272,Aman Verma,,group_d_broken_promise,23100.0,3,1,2,25.3,6,1,Hyderabad,Android,,
CUST008273,Meera Chawla,,normal,9400.0,4,3,1,0.4,0,0,Ahmedabad,Desktop,,
CUST008274,Ananya Kapoor,,normal,7500.0,2,2,0,2.0,2,2,Pune,Desktop,,
CUST008275,Arjun Patel,Malhotra Industries Pvt Ltd,b2b,346000.0,42,37,5,6.8,4,3,Indore,iOS,,
CUST008276,Ishaan Sharma,,normal,25100.0,3,3,0,2.7,0,0,Hyderabad,iOS,,
CUST008277,Aditya Gupta,,normal,18700.0,2,2,0,0.8,1,1,Hyderabad,Android,,
CUST008278,Ananya Kapoor,,normal,31300.0,4,3,1,3.7,0,0,Chennai,Android,,
CUST008279,Rohan Verma,,normal,21600.0,7,6,1,0.5,1,1,Lucknow,Desktop,,
CUST008280,Rohan Sharma,Patel Textiles Pvt Ltd,b2b,277000.0,40,35,5,12.5,2,1,Bangalore,iOS,,
CUST008281,Aman Rao,,normal,20300.0,6,5,1,2.1,0,0,Delhi,iOS,,
CUST008282,Meera Mehta,,normal,6400.0,3,2,1,5.5,0,0,Indore,iOS,,
CUST008283,Aditya Malhotra,,normal,20000.0,2,2,0,1.3,1,1,Mumbai,iOS,,
CUST008284,Vivaan Joshi,,normal,17700.0,2,2,0,1.0,1,1,Bangalore,Android,,
CUST008285,Diya Bose,,group_d_broken_promise,18900.0,5,2,3,27.0,3,1,Bangalore,Desktop,,
CUST008286,Saanvi Bose,,group_d_broken_promise,25700.0,1,1,0,26.8,5,1,Chennai,Android,,
CUST008287,Aarav Rao,,normal,21800.0,1,1,0,7.9,1,1,Pune,iOS,,
CUST008288,Diya Kapoor,,normal,17800.0,2,2,0,2.0,1,1,Kolkata,iOS,,
CUST008289,Neha Gupta,Sharma Solutions Pvt Ltd,b2b,215800.0,23,20,3,6.2,4,3,Pune,Android,,
CUST008290,Ananya Joshi,Patel Retail Pvt Ltd,b2b,394900.0,41,35,6,15.6,2,1,Kolkata,Desktop,,
CUST008291,Aman Rao,,normal,17500.0,3,3,0,0.4,2,2,Hyderabad,Android,,
CUST008292,Ananya Mehta,,normal,17000.0,2,2,0,5.6,2,1,Delhi,Android,,
CUST008293,Meera Verma,,normal,13300.0,2,2,0,3.0,2,2,Mumbai,iOS,,
CUST008294,Kiara Verma,,dormant_high_ltv,438900.0,59,55,4,6.8,0,0,Kolkata,Android,,
CUST008295,Ishaan Reddy,,normal,24900.0,5,4,1,2.7,0,0,Jaipur,Android,,
CUST008296,Kabir Reddy,,normal,60600.0,9,7,2,0.8,1,1,Ahmedabad,Desktop,,
CUST008297,Rohan Mehta,,normal,9700.0,3,3,0,6.6,2,2,Pune,Android,,
CUST008298,Diya Malhotra,Gupta Foods Pvt Ltd,b2b,235100.0,27,23,4,6.1,1,1,Mumbai,Android,,
CUST008299,Vivaan Nair,,dormant_high_ltv,451200.0,55,52,3,4.6,0,0,Ahmedabad,iOS,,
CUST008300,Neha Mehta,Chawla Apparel Pvt Ltd,b2b,531100.0,58,56,2,9.2,5,4,Kolkata,Desktop,,
CUST008301,Priya Iyer,,normal,11400.0,1,1,0,6.5,2,1,Hyderabad,Desktop,,
CUST008302,Kiara Rao,,normal,24900.0,3,2,1,9.0,0,0,Pune,Desktop,,
CUST008303,Ananya Reddy,Patel Retail Pvt Ltd,b2b,282600.0,30,29,1,10.8,4,4,Lucknow,Android,,
CUST008304,Rahul Chawla,,normal,16000.0,5,5,0,0.5,1,1,Ahmedabad,Android,,
CUST008305,Karan Nair,,normal,14400.0,2,2,0,5.0,1,1,Chennai,Android,,
CUST008306,Priya Patel,,group_d_broken_promise,41600.0,6,4,2,22.9,7,2,Jaipur,iOS,,
CUST008307,Karan Nair,,normal,7500.0,2,2,0,1.5,2,2,Bangalore,Android,,
CUST008308,Aditya Chawla,,normal,11800.0,3,3,0,4.4,1,1,Jaipur,iOS,,
CUST008309,Aarav Reddy,,normal,10900.0,2,2,0,1.3,1,1,Mumbai,iOS,,
CUST008310,Aman Rao,,normal,7700.0,3,2,1,0.5,2,2,Mumbai,iOS,,
CUST008311,Arjun Bose,,normal,29200.0,4,3,1,3.0,0,0,Indore,Android,,
CUST008312,Kabir Bose,Chawla Apparel Pvt Ltd,b2b,365700.0,49,46,3,15.3,1,1,Ahmedabad,Desktop,,
CUST008313,Aarav Sharma,,dormant_high_ltv,315300.0,48,47,1,2.7,0,0,Delhi,iOS,,
CUST008314,Arjun Joshi,Joshi Industries Pvt Ltd,b2b,406100.0,62,55,7,5.1,3,3,Jaipur,Android,,
CUST008315,Ishaan Sharma,Malhotra Solutions Pvt Ltd,b2b,389200.0,54,46,8,8.7,1,1,Kolkata,iOS,,
CUST008316,Sanya Joshi,,normal,19500.0,2,2,0,3.4,0,0,Hyderabad,Android,,
CUST008317,Saanvi Sharma,,normal,57500.0,7,6,1,0.3,0,0,Nagpur,Desktop,,
CUST008318,Arjun Chawla,,normal,20600.0,5,4,1,0.5,0,0,Pune,Android,,
CUST008319,Ishaan Gupta,Patel Exports Pvt Ltd,b2b,487400.0,71,63,8,2.5,1,1,Ahmedabad,iOS,,
CUST008320,Saanvi Singh,,normal,10100.0,1,1,0,2.5,2,2,Lucknow,Android,,
CUST008321,Diya Nair,,dormant_high_ltv,537200.0,57,49,8,5.4,1,1,Delhi,Android,,
CUST008322,Sanya Kapoor,,normal,21600.0,5,4,1,5.6,0,0,Lucknow,Android,,
CUST008323,Kabir Bose,,dormant_high_ltv,365300.0,42,37,5,0.8,1,1,Indore,Android,,
CUST008324,Aarav Patel,,normal,23900.0,4,3,1,2.6,0,0,Ahmedabad,iOS,,
CUST008325,Karan Verma,,normal,13800.0,5,4,1,2.2,2,2,Delhi,Android,,
CUST008326,Priya Malhotra,Bose Logistics Pvt Ltd,b2b,291600.0,34,33,1,19.0,5,4,Hyderabad,Android,,
CUST008327,Ishaan Iyer,,normal,23500.0,6,6,0,0.7,1,1,Mumbai,Desktop,,
CUST008328,Sanya Malhotra,,normal,23200.0,5,4,1,2.6,2,2,Mumbai,Android,,
CUST008329,Myra Sharma,,normal,12200.0,2,1,1,1.1,1,1,Nagpur,Android,,
CUST008330,Priya Chawla,,normal,25700.0,4,3,1,4.1,0,0,Pune,Android,,
CUST008331,Sanya Iyer,,group_d_broken_promise,25100.0,3,1,2,32.4,8,2,Jaipur,Android,,
CUST008332,Arjun Nair,,normal,21100.0,3,2,1,2.3,1,1,Lucknow,Android,,
CUST008333,Arjun Nair,,group_d_broken_promise,15300.0,2,1,1,37.7,8,1,Jaipur,Android,,
CUST008334,Ananya Kapoor,,normal,18600.0,8,6,2,4.5,1,1,Hyderabad,Android,,
CUST008335,Arjun Patel,Nair Enterprises Pvt Ltd,b2b,356900.0,40,33,7,6.8,1,1,Mumbai,Android,,
CUST008336,Priya Sharma,,normal,19600.0,4,4,0,3.0,1,1,Mumbai,Android,,
CUST008337,Rohan Sharma,,normal,10000.0,1,1,0,1.1,0,0,Mumbai,Android,,
CUST008338,Karan Joshi,,group_d_broken_promise,76400.0,18,10,8,20.0,11,2,Kolkata,Android,,
CUST008339,Ananya Rao,,normal,35500.0,8,6,2,2.1,0,0,Pune,iOS,,
CUST008340,Sanya Chawla,,normal,15800.0,1,1,0,8.2,2,1,Hyderabad,Android,,
CUST008341,Aman Reddy,,group_d_broken_promise,26300.0,5,2,3,18.3,10,3,Hyderabad,iOS,,
CUST008342,Aditya Malhotra,,normal,15100.0,1,1,0,2.2,2,2,Pune,iOS,,
CUST008343,Ishaan Bose,,normal,22000.0,4,4,0,2.9,1,1,Mumbai,Android,,
CUST008344,Aditya Bose,,normal,53000.0,10,9,1,3.1,0,0,Nagpur,Android,,
CUST008345,Meera Iyer,,normal,26300.0,4,3,1,0.5,1,1,Mumbai,iOS,,
CUST008346,Rahul Chawla,,normal,16000.0,5,5,0,1.5,2,2,Jaipur,Android,,
CUST008347,Simran Kapoor,,normal,21900.0,2,2,0,1.2,1,1,Lucknow,Android,,
CUST008348,Simran Mehta,,group_d_broken_promise,47000.0,5,3,2,52.9,9,1,Lucknow,Android,,
CUST008349,Meera Sharma,,dormant_high_ltv,608500.0,56,49,7,0.5,2,2,Indore,Desktop,,
CUST008350,Kabir Chawla,,dormant_high_ltv,196800.0,27,25,2,2.2,1,1,Nagpur,iOS,,
CUST008351,Sanya Verma,,normal,21800.0,4,3,1,2.2,2,2,Mumbai,Desktop,,
CUST008352,Ishaan Sharma,,normal,18600.0,2,1,1,3.0,0,0,Delhi,Desktop,,
CUST008353,Saanvi Rao,,normal,10200.0,2,2,0,3.5,1,1,Pune,Android,,
CUST008354,Sanya Verma,,group_d_broken_promise,38700.0,4,2,2,38.0,9,3,Pune,iOS,,
CUST008355,Rahul Rao,,normal,26700.0,5,5,0,0.8,0,0,Mumbai,Android,,
CUST008356,Aditya Chawla,,normal,14600.0,2,2,0,4.4,0,0,Hyderabad,Android,,
CUST008357,Neha Mehta,,normal,12700.0,4,4,0,0.5,1,1,Mumbai,Android,,
CUST008358,Myra Verma,,group_d_broken_promise,21200.0,7,3,4,15.5,6,1,Chennai,Android,,
CUST008359,Aarav Bose,,normal,15300.0,4,3,1,2.1,2,2,Indore,Android,,
CUST008360,Rahul Reddy,,group_d_broken_promise,57400.0,7,4,3,30.6,7,1,Mumbai,Android,,
CUST008361,Ananya Joshi,,group_d_broken_promise,19600.0,3,1,2,19.2,9,1,Jaipur,Android,,
CUST008362,Saanvi Patel,,normal,30300.0,6,5,1,5.0,2,2,Hyderabad,Desktop,,
CUST008363,Saanvi Patel,,normal,14400.0,3,3,0,3.7,0,0,Mumbai,iOS,,
CUST008364,Aman Bose,,normal,17600.0,4,3,1,3.2,2,1,Indore,Android,,
CUST008365,Meera Chawla,,normal,46000.0,4,4,0,1.0,0,0,Bangalore,iOS,,
CUST008366,Aditya Bose,,normal,14900.0,3,3,0,0.4,2,2,Delhi,iOS,,
CUST008367,Simran Sharma,,group_d_broken_promise,32100.0,4,2,2,39.7,10,3,Nagpur,Android,,
CUST008368,Sanya Iyer,,normal,17300.0,6,6,0,9.9,1,1,Hyderabad,Android,,
CUST008369,Saanvi Bose,Sharma Textiles Pvt Ltd,b2b,437700.0,46,40,6,3.0,4,4,Kolkata,Desktop,,
CUST008370,Saanvi Nair,,group_d_broken_promise,30000.0,5,2,3,24.2,7,2,Chennai,Android,,
CUST008371,Kiara Gupta,,normal,18400.0,3,2,1,0.5,1,1,Indore,Android,,
CUST008372,Rahul Joshi,,normal,14800.0,2,2,0,2.6,1,1,Mumbai,Android,,
CUST008373,Diya Nair,Rao Apparel Pvt Ltd,b2b,607900.0,52,46,6,15.4,1,1,Kolkata,Desktop,,
CUST008374,Ananya Kapoor,,normal,17200.0,1,1,0,0.8,0,0,Kolkata,Desktop,,
CUST008375,Ishaan Sharma,,normal,19500.0,3,3,0,4.7,0,0,Indore,Android,,
CUST008376,Vivaan Singh,,normal,14500.0,5,4,1,0.1,0,0,Nagpur,Android,,
CUST008377,Sanya Bose,,normal,7300.0,1,1,0,3.6,2,2,Bangalore,Android,,
CUST008378,Vivaan Rao,,normal,8800.0,2,2,0,3.9,2,2,Kolkata,iOS,,
CUST008379,Myra Mehta,,normal,18100.0,6,4,2,0.7,1,1,Pune,iOS,,
CUST008380,Myra Mehta,,normal,38100.0,7,5,2,2.4,0,0,Kolkata,Android,,
CUST008381,Neha Gupta,,normal,15800.0,2,1,1,0.9,2,2,Lucknow,Android,,
CUST008382,Aman Malhotra,,normal,20900.0,2,2,0,4.4,1,1,Nagpur,iOS,,
CUST008383,Aditya Kapoor,,group_d_broken_promise,31400.0,4,2,2,29.4,4,1,Nagpur,Android,,
CUST008384,Ananya Chawla,Mehta Distributors Pvt Ltd,b2b,474300.0,66,55,11,3.6,2,2,Jaipur,Android,,
CUST008385,Arjun Chawla,,group_d_broken_promise,52500.0,6,2,4,23.2,4,1,Delhi,Desktop,,
CUST008386,Simran Sharma,,normal,31400.0,4,4,0,1.3,0,0,Chennai,Android,,
CUST008387,Kiara Kapoor,,normal,23400.0,5,5,0,1.7,1,1,Lucknow,Android,,
CUST008388,Rohan Malhotra,,normal,18300.0,2,2,0,0.9,1,1,Bangalore,iOS,,
CUST008389,Aman Kapoor,,normal,17300.0,3,3,0,2.5,2,2,Lucknow,iOS,,
CUST008390,Rahul Mehta,,normal,13100.0,4,3,1,1.3,2,2,Kolkata,Desktop,,
CUST008391,Rahul Verma,,normal,26300.0,5,4,1,4.6,0,0,Chennai,Android,,
CUST008392,Diya Reddy,,normal,30500.0,5,4,1,1.8,2,2,Hyderabad,Desktop,,
CUST008393,Kiara Kapoor,,normal,3900.0,3,3,0,8.3,2,2,Pune,Android,,
CUST008394,Aman Verma,,normal,26400.0,3,3,0,5.8,1,1,Indore,Desktop,,
CUST008395,Rohan Verma,,dormant_high_ltv,425100.0,53,47,6,5.3,1,1,Chennai,iOS,,
CUST008396,Myra Patel,,normal,24100.0,4,3,1,0.3,1,1,Indore,Android,,
CUST008397,Rahul Malhotra,,normal,15300.0,1,1,0,3.8,1,1,Pune,Android,,
CUST008398,Neha Kapoor,,normal,13100.0,1,1,0,4.2,2,2,Nagpur,iOS,,
CUST008399,Rohan Rao,,normal,22500.0,4,3,1,0.3,0,0,Delhi,iOS,,
CUST008400,Myra Verma,,normal,8800.0,1,1,0,4.4,1,1,Kolkata,iOS,,
CUST008401,Saanvi Iyer,,normal,15600.0,6,5,1,1.5,2,2,Bangalore,Android,,
CUST008402,Aditya Mehta,,group_d_broken_promise,26600.0,6,3,3,29.7,7,1,Kolkata,Desktop,,
CUST008403,Kiara Joshi,,normal,20900.0,2,2,0,1.4,2,2,Lucknow,iOS,,
CUST008404,Saanvi Malhotra,,normal,33600.0,5,4,1,2.9,0,0,Lucknow,Desktop,,
CUST008405,Aman Mehta,,normal,40200.0,3,2,1,0.1,2,1,Bangalore,Desktop,,
CUST008406,Rohan Sharma,,normal,10700.0,4,3,1,1.5,1,1,Jaipur,Android,,
CUST008407,Ananya Joshi,,group_d_broken_promise,29100.0,9,5,4,26.4,11,2,Kolkata,Android,,
CUST008408,Aditya Verma,,normal,21700.0,5,4,1,7.6,2,2,Indore,iOS,,
CUST008409,Priya Rao,,normal,18400.0,3,2,1,2.2,2,2,Delhi,Android,,
CUST008410,Arjun Nair,,normal,24700.0,4,3,1,13.3,2,2,Hyderabad,iOS,,
CUST008411,Myra Chawla,,normal,17000.0,5,4,1,3.6,2,2,Delhi,Desktop,,
CUST008412,Kabir Iyer,,normal,25400.0,7,6,1,1.2,1,1,Jaipur,Desktop,,
CUST008413,Kiara Joshi,,normal,20700.0,2,2,0,4.0,2,2,Nagpur,iOS,,
CUST008414,Aarav Rao,Joshi Textiles Pvt Ltd,b2b,507700.0,73,61,12,2.8,5,5,Indore,Android,,
CUST008415,Diya Bose,,group_d_broken_promise,29900.0,5,3,2,24.7,5,1,Indore,Android,,
CUST008416,Meera Reddy,,normal,13800.0,2,2,0,1.6,0,0,Ahmedabad,iOS,,
CUST008417,Neha Chawla,,normal,25500.0,3,2,1,2.7,2,2,Pune,Android,,
CUST008418,Arjun Nair,,normal,17200.0,1,1,0,1.6,1,1,Bangalore,Android,,
CUST008419,Vivaan Joshi,Chawla Logistics Pvt Ltd,b2b,317000.0,51,49,2,5.7,3,2,Jaipur,iOS,,
CUST008420,Ishaan Kapoor,,group_d_broken_promise,69000.0,11,5,6,26.6,10,1,Mumbai,Android,,
CUST008421,Saanvi Malhotra,Verma Foods Pvt Ltd,b2b,409000.0,39,32,7,6.4,5,4,Kolkata,Android,,
CUST008422,Saanvi Nair,,normal,19000.0,4,4,0,0.4,2,2,Delhi,Android,,
CUST008423,Rohan Singh,,normal,11700.0,4,3,1,3.9,1,1,Delhi,iOS,,
CUST008424,Rahul Sharma,,normal,16100.0,5,4,1,3.7,1,1,Jaipur,Android,,
CUST008425,Diya Iyer,Joshi Apparel Pvt Ltd,b2b,573100.0,61,57,4,3.0,5,4,Lucknow,Android,,
CUST008426,Karan Sharma,,normal,33200.0,6,5,1,6.2,1,1,Jaipur,Desktop,,
CUST008427,Aditya Singh,,normal,14000.0,3,2,1,8.2,0,0,Ahmedabad,Android,,
CUST008428,Aditya Singh,Bose Foods Pvt Ltd,b2b,350500.0,39,33,6,9.1,1,1,Chennai,Android,,
CUST008429,Priya Gupta,,normal,40300.0,7,6,1,6.9,1,1,Delhi,Desktop,,
CUST008430,Aditya Patel,,normal,19400.0,2,2,0,4.0,1,1,Bangalore,Android,,
CUST008431,Rahul Kapoor,,dormant_high_ltv,540000.0,59,55,4,0.7,0,0,Kolkata,Android,,
CUST008432,Simran Singh,,dormant_high_ltv,493700.0,71,69,2,2.6,2,2,Ahmedabad,Android,,
CUST008433,Aditya Sharma,,normal,21200.0,3,3,0,1.9,2,2,Ahmedabad,iOS,,
CUST008434,Kiara Joshi,,normal,12800.0,2,2,0,8.7,1,1,Kolkata,Desktop,,
CUST008435,Vivaan Singh,,normal,26400.0,4,3,1,4.4,0,0,Jaipur,iOS,,
CUST008436,Arjun Sharma,,normal,8500.0,3,3,0,2.1,0,0,Lucknow,Android,,
CUST008437,Myra Rao,,normal,16300.0,2,2,0,2.0,0,0,Jaipur,Android,,
CUST008438,Rohan Patel,,normal,12800.0,1,1,0,2.0,1,1,Chennai,iOS,,
CUST008439,Rahul Mehta,,normal,9300.0,3,3,0,3.0,2,2,Mumbai,Desktop,,
CUST008440,Kiara Iyer,,group_d_broken_promise,45300.0,4,2,2,30.4,5,1,Mumbai,Desktop,,
CUST008441,Kabir Chawla,,normal,24700.0,7,7,0,2.8,1,1,Nagpur,Android,,
CUST008442,Aarav Iyer,Joshi Textiles Pvt Ltd,b2b,409900.0,73,62,11,11.2,2,1,Mumbai,Android,,
CUST008443,Aditya Verma,Iyer Enterprises Pvt Ltd,b2b,200000.0,23,19,4,7.9,3,3,Pune,iOS,,
CUST008444,Aarav Malhotra,,normal,16700.0,2,2,0,0.2,1,1,Jaipur,Android,,
CUST008445,Diya Kapoor,,normal,19000.0,5,4,1,4.2,1,1,Chennai,Android,,
CUST008446,Kiara Joshi,,dormant_high_ltv,294600.0,36,32,4,1.8,0,0,Indore,iOS,,
CUST008447,Aditya Rao,,normal,13100.0,3,2,1,0.9,2,2,Jaipur,iOS,,
CUST008448,Kiara Bose,,normal,27300.0,4,3,1,4.7,1,1,Kolkata,iOS,,
CUST008449,Meera Patel,,group_d_broken_promise,12200.0,1,0,1,29.5,9,2,Lucknow,Desktop,,
CUST008450,Ishaan Chawla,,normal,20600.0,5,5,0,0.5,0,0,Indore,Desktop,,
CUST008451,Aditya Malhotra,,normal,36300.0,6,6,0,1.1,1,1,Kolkata,Android,,
CUST008452,Kiara Bose,,group_d_broken_promise,20000.0,3,1,2,29.5,5,1,Hyderabad,Android,,
CUST008453,Priya Verma,,group_d_broken_promise,27500.0,2,1,1,29.9,8,2,Mumbai,Android,,
CUST008454,Aarav Malhotra,,normal,13500.0,1,1,0,1.8,2,2,Mumbai,Android,,
CUST008455,Aditya Gupta,,group_d_broken_promise,51900.0,4,2,2,40.4,10,3,Nagpur,Android,,
CUST008456,Vivaan Malhotra,,dormant_high_ltv,591200.0,58,53,5,0.1,2,1,Mumbai,Desktop,,
CUST008457,Ananya Bose,,normal,13400.0,1,1,0,0.7,0,0,Hyderabad,iOS,,
CUST008458,Saanvi Kapoor,,normal,23500.0,2,1,1,0.5,2,2,Pune,iOS,,
CUST008459,Ishaan Mehta,,normal,38200.0,5,4,1,1.5,0,0,Mumbai,Android,,
CUST008460,Meera Nair,,normal,14400.0,4,3,1,0.1,1,1,Ahmedabad,iOS,,
CUST008461,Rahul Verma,,normal,5900.0,1,1,0,0.2,1,1,Indore,Android,,
CUST008462,Sanya Chawla,,normal,9900.0,2,2,0,3.2,2,2,Bangalore,Android,,
CUST008463,Vivaan Reddy,,normal,33200.0,4,4,0,1.2,1,1,Nagpur,Android,,
CUST008464,Simran Gupta,,normal,16000.0,1,1,0,4.1,1,1,Kolkata,Desktop,,
CUST008465,Rahul Sharma,,normal,42400.0,7,6,1,1.6,2,2,Pune,Android,,
CUST008466,Kiara Chawla,,normal,10700.0,3,3,0,1.6,1,1,Delhi,Android,,
CUST008467,Aarav Gupta,,normal,23600.0,4,4,0,1.2,0,0,Nagpur,iOS,,
CUST008468,Karan Joshi,,normal,23900.0,2,2,0,0.1,2,2,Delhi,Android,,
CUST008469,Aarav Sharma,,normal,8800.0,1,1,0,1.8,2,1,Hyderabad,Android,,
CUST008470,Arjun Nair,,normal,8900.0,1,1,0,4.2,1,1,Mumbai,Desktop,,
CUST008471,Sanya Sharma,,normal,16300.0,2,1,1,9.4,2,2,Delhi,Android,,
CUST008472,Saanvi Kapoor,,normal,24700.0,9,7,2,1.8,0,0,Pune,Android,,
CUST008473,Diya Patel,,normal,22100.0,5,4,1,0.2,1,1,Hyderabad,Android,,
CUST008474,Meera Singh,,dormant_high_ltv,334700.0,46,44,2,8.2,1,1,Lucknow,Android,,
CUST008475,Rahul Sharma,Nair Retail Pvt Ltd,b2b,453400.0,60,51,9,9.8,1,1,Pune,Android,,
CUST008476,Karan Verma,Kapoor Exports Pvt Ltd,b2b,386200.0,53,46,7,4.7,5,4,Chennai,iOS,,
CUST008477,Vivaan Iyer,,normal,17000.0,4,3,1,4.6,1,1,Indore,iOS,,
CUST008478,Rahul Sharma,,normal,16700.0,2,2,0,4.3,2,2,Ahmedabad,iOS,,
CUST008479,Neha Iyer,Joshi Industries Pvt Ltd,b2b,442200.0,55,50,5,17.5,4,4,Mumbai,Desktop,,
CUST008480,Rahul Malhotra,,normal,6600.0,2,2,0,2.6,0,0,Bangalore,Android,,
CUST008481,Arjun Malhotra,,dormant_high_ltv,359100.0,50,43,7,2.3,2,2,Kolkata,iOS,,
CUST008482,Sanya Mehta,,group_d_broken_promise,54500.0,8,3,5,31.6,11,1,Kolkata,Android,,
CUST008483,Priya Chawla,,normal,11900.0,4,3,1,5.2,2,1,Mumbai,Android,,
CUST008484,Myra Patel,,normal,8100.0,1,1,0,6.9,0,0,Nagpur,Android,,
CUST008485,Karan Rao,,normal,21900.0,3,2,1,0.7,1,1,Nagpur,Android,,
CUST008486,Arjun Iyer,,normal,10000.0,3,3,0,1.7,1,1,Nagpur,Desktop,,
CUST008487,Saanvi Rao,,normal,33000.0,7,5,2,0.5,1,1,Pune,Android,,
CUST008488,Saanvi Patel,,dormant_high_ltv,367100.0,44,43,1,2.1,1,1,Lucknow,Android,,
CUST008489,Aarav Patel,,normal,19000.0,3,3,0,1.5,1,1,Nagpur,Android,,
CUST008490,Neha Reddy,,normal,11700.0,4,4,0,3.7,1,1,Indore,iOS,,
CUST008491,Vivaan Rao,Reddy Industries Pvt Ltd,b2b,319700.0,51,45,6,7.0,1,1,Chennai,Android,,
CUST008492,Ishaan Sharma,,normal,30300.0,5,5,0,0.1,0,0,Jaipur,Desktop,,
CUST008493,Rohan Joshi,,normal,9500.0,4,3,1,5.2,0,0,Jaipur,iOS,,
CUST008494,Kiara Verma,,normal,9600.0,3,2,1,5.4,0,0,Delhi,Android,,
CUST008495,Rahul Verma,,normal,11500.0,4,3,1,1.6,0,0,Bangalore,iOS,,
CUST008496,Kiara Joshi,,normal,30400.0,7,6,1,1.1,1,1,Chennai,Android,,
CUST008497,Myra Malhotra,,group_d_broken_promise,25900.0,1,1,0,44.3,9,2,Bangalore,iOS,,
CUST008498,Aarav Rao,,normal,42600.0,6,5,1,0.2,1,1,Pune,Android,,
CUST008499,Kiara Sharma,,normal,8100.0,3,2,1,0.8,0,0,Bangalore,Android,,
CUST008500,Ishaan Verma,,dormant_high_ltv,270800.0,33,32,1,1.1,2,2,Ahmedabad,Android,,
CUST008501,Arjun Verma,,dormant_high_ltv,430500.0,51,47,4,3.3,0,0,Bangalore,Android,,
CUST008502,Myra Reddy,,normal,67300.0,9,6,3,3.6,2,1,Hyderabad,Android,,
CUST008503,Rahul Reddy,,group_d_broken_promise,19600.0,2,1,1,19.0,5,2,Ahmedabad,Android,,
CUST008504,Vivaan Iyer,,normal,25100.0,2,2,0,1.8,0,0,Lucknow,Android,,
CUST008505,Ishaan Kapoor,,normal,14700.0,1,1,0,4.9,1,1,Pune,iOS,,
CUST008506,Vivaan Gupta,Iyer Enterprises Pvt Ltd,b2b,185500.0,29,25,4,10.3,5,4,Delhi,Android,,
CUST008507,Meera Rao,,normal,23900.0,6,4,2,1.3,1,1,Kolkata,iOS,,
CUST008508,Ishaan Chawla,Singh Solutions Pvt Ltd,b2b,461400.0,51,46,5,4.3,4,3,Mumbai,Android,,
CUST008509,Saanvi Sharma,,normal,30700.0,5,4,1,4.3,1,1,Indore,iOS,,
CUST008510,Aditya Malhotra,,normal,11800.0,4,3,1,4.0,2,2,Pune,Desktop,,
CUST008511,Aman Bose,Reddy Traders Pvt Ltd,b2b,276100.0,32,31,1,4.9,5,5,Mumbai,Android,,
CUST008512,Myra Verma,,normal,30800.0,3,3,0,2.6,2,2,Kolkata,Android,,
CUST008513,Simran Malhotra,,normal,18300.0,8,7,1,2.5,2,2,Chennai,Android,,
CUST008514,Rohan Iyer,,normal,8000.0,1,1,0,10.8,0,0,Chennai,iOS,,
CUST008515,Rohan Patel,,normal,24900.0,3,3,0,1.4,2,2,Chennai,Android,,
CUST008516,Arjun Patel,,normal,37200.0,6,5,1,0.9,2,1,Ahmedabad,Desktop,,
CUST008517,Rohan Singh,,normal,22600.0,1,1,0,1.1,2,2,Hyderabad,iOS,,
CUST008518,Kabir Patel,,group_d_broken_promise,24100.0,4,2,2,28.3,9,1,Nagpur,Android,,
CUST008519,Diya Sharma,,normal,10500.0,2,2,0,2.7,0,0,Hyderabad,Android,,
CUST008520,Vivaan Verma,,group_d_broken_promise,28000.0,8,3,5,31.5,6,2,Hyderabad,Android,,
CUST008521,Priya Joshi,,normal,22800.0,4,3,1,8.6,1,1,Mumbai,Android,,
CUST008522,Ananya Malhotra,,normal,20900.0,3,2,1,1.0,0,0,Nagpur,Android,,
CUST008523,Kiara Gupta,,normal,23800.0,5,4,1,1.4,0,0,Chennai,Android,,
CUST008524,Kiara Iyer,,normal,7800.0,1,1,0,2.9,1,1,Jaipur,iOS,,
CUST008525,Arjun Iyer,,group_d_broken_promise,23300.0,2,1,1,18.0,9,3,Chennai,Android,,
CUST008526,Ananya Chawla,,normal,8200.0,3,3,0,0.4,2,2,Lucknow,Android,,
CUST008527,Rohan Gupta,,normal,13900.0,3,3,0,9.6,1,1,Lucknow,Android,,
CUST008528,Myra Verma,,normal,27900.0,5,5,0,2.0,1,1,Jaipur,Android,,
CUST008529,Rahul Patel,,normal,25700.0,5,5,0,7.4,2,2,Nagpur,Android,,
CUST008530,Ishaan Kapoor,Iyer Logistics Pvt Ltd,b2b,206900.0,32,31,1,5.6,3,3,Mumbai,Android,,
CUST008531,Karan Singh,,normal,29500.0,4,3,1,1.3,0,0,Kolkata,Android,,
CUST008532,Myra Iyer,,dormant_high_ltv,550200.0,47,45,2,3.8,1,1,Mumbai,Desktop,,
CUST008533,Simran Sharma,,group_d_broken_promise,47600.0,7,4,3,40.0,5,1,Ahmedabad,Android,,
CUST008534,Aarav Malhotra,,normal,24100.0,4,3,1,4.7,2,2,Chennai,iOS,,
CUST008535,Priya Rao,,normal,26900.0,5,4,1,4.9,0,0,Pune,iOS,,
CUST008536,Myra Reddy,Iyer Logistics Pvt Ltd,b2b,376600.0,45,37,8,4.8,5,4,Jaipur,Desktop,,
CUST008537,Vivaan Singh,,group_d_broken_promise,22200.0,4,2,2,42.0,4,1,Kolkata,Android,,
CUST008538,Simran Sharma,,normal,20900.0,4,3,1,0.5,2,1,Hyderabad,Android,,
CUST008539,Priya Joshi,,group_d_broken_promise,17200.0,5,3,2,27.6,10,3,Jaipur,Desktop,,
CUST008540,Neha Chawla,Joshi Enterprises Pvt Ltd,b2b,638900.0,69,67,2,12.3,5,5,Kolkata,Android,,
CUST008541,Ishaan Iyer,,group_d_broken_promise,23900.0,7,3,4,49.6,9,3,Delhi,Android,,
CUST008542,Kabir Gupta,,dormant_high_ltv,603800.0,80,69,11,2.0,0,0,Delhi,Android,,
CUST008543,Arjun Joshi,Gupta Retail Pvt Ltd,b2b,262100.0,33,28,5,7.6,2,2,Chennai,Android,,
CUST008544,Diya Sharma,,normal,17000.0,1,1,0,0.9,2,2,Mumbai,iOS,,
CUST008545,Vivaan Rao,Sharma Exports Pvt Ltd,b2b,280000.0,31,29,2,3.7,3,3,Delhi,Android,,
CUST008546,Rohan Rao,,normal,25300.0,3,2,1,6.0,0,0,Ahmedabad,iOS,,
CUST008547,Diya Rao,,normal,10000.0,2,1,1,1.7,0,0,Pune,Android,,
CUST008548,Diya Bose,,normal,11300.0,3,2,1,2.5,2,1,Delhi,Android,,
CUST008549,Ishaan Chawla,,normal,9500.0,1,1,0,1.2,2,1,Delhi,Android,,
CUST008550,Arjun Joshi,,normal,20100.0,5,4,1,3.7,1,1,Mumbai,Android,,
CUST008551,Aditya Malhotra,,normal,10100.0,3,3,0,1.3,1,1,Mumbai,iOS,,
CUST008552,Kiara Patel,,normal,5600.0,3,3,0,5.5,1,1,Ahmedabad,iOS,,
CUST008553,Rohan Kapoor,,normal,8700.0,2,2,0,1.2,0,0,Delhi,Android,,
CUST008554,Rohan Bose,,normal,37200.0,2,1,1,0.4,0,0,Indore,Desktop,,
CUST008555,Ananya Joshi,,normal,20200.0,4,3,1,1.7,2,2,Pune,iOS,,
CUST008556,Vivaan Gupta,,group_d_broken_promise,30800.0,5,2,3,43.4,6,2,Mumbai,iOS,,
CUST008557,Aarav Mehta,,normal,30300.0,5,4,1,4.1,1,1,Kolkata,iOS,,
CUST008558,Vivaan Verma,,normal,8100.0,1,1,0,1.2,1,1,Delhi,Android,,
CUST008559,Aman Kapoor,Reddy Enterprises Pvt Ltd,b2b,470000.0,52,44,8,12.4,4,3,Lucknow,Android,,
CUST008560,Rahul Rao,,normal,23500.0,4,3,1,1.7,0,0,Hyderabad,Android,,
CUST008561,Neha Sharma,Verma Solutions Pvt Ltd,b2b,330200.0,40,32,8,3.3,3,3,Indore,Android,,
CUST008562,Aman Rao,Chawla Retail Pvt Ltd,b2b,460800.0,63,53,10,4.5,3,3,Lucknow,Android,,
CUST008563,Meera Singh,,normal,9600.0,1,1,0,5.1,1,1,Jaipur,iOS,,
CUST008564,Simran Nair,Malhotra Solutions Pvt Ltd,b2b,323900.0,41,33,8,3.9,2,2,Kolkata,Android,,
CUST008565,Priya Mehta,,normal,23200.0,3,3,0,3.2,0,0,Pune,Desktop,,
CUST008566,Sanya Singh,,normal,5200.0,2,2,0,8.5,0,0,Pune,iOS,,
CUST008567,Ishaan Gupta,,normal,29500.0,2,2,0,2.4,1,1,Kolkata,iOS,,
CUST008568,Diya Mehta,,normal,25000.0,3,2,1,0.5,2,2,Delhi,Android,,
CUST008569,Ananya Patel,,normal,19100.0,8,6,2,6.4,2,2,Hyderabad,Android,,
CUST008570,Arjun Chawla,,normal,36200.0,5,4,1,3.3,2,2,Nagpur,Desktop,,
CUST008571,Priya Nair,,normal,27800.0,6,5,1,6.8,1,1,Chennai,Android,,
CUST008572,Saanvi Singh,,normal,12400.0,4,3,1,2.8,0,0,Jaipur,iOS,,
CUST008573,Simran Chawla,,normal,9800.0,2,1,1,1.5,1,1,Mumbai,iOS,,
CUST008574,Diya Rao,,normal,55100.0,11,9,2,1.9,1,1,Jaipur,Android,,
CUST008575,Sanya Gupta,,normal,12800.0,1,1,0,2.4,1,1,Ahmedabad,Desktop,,
CUST008576,Simran Rao,,normal,17400.0,3,2,1,3.9,0,0,Ahmedabad,Android,,
CUST008577,Aarav Gupta,,dormant_high_ltv,389400.0,45,40,5,1.2,0,0,Indore,iOS,,
CUST008578,Saanvi Verma,Malhotra Logistics Pvt Ltd,b2b,305900.0,38,32,6,5.3,5,4,Jaipur,Desktop,,
CUST008579,Aman Mehta,,normal,11100.0,1,1,0,0.6,0,0,Jaipur,Android,,
CUST008580,Simran Malhotra,,group_d_broken_promise,48100.0,6,3,3,40.1,9,3,Pune,iOS,,
CUST008581,Aditya Chawla,,normal,27100.0,1,1,0,2.9,2,2,Chennai,Android,,
CUST008582,Saanvi Iyer,,normal,11600.0,3,2,1,4.1,1,1,Indore,Android,,
CUST008583,Meera Patel,,normal,18700.0,6,5,1,3.9,1,1,Kolkata,Android,,
CUST008584,Aditya Verma,,dormant_high_ltv,406900.0,54,48,6,7.2,1,1,Hyderabad,iOS,,
CUST008585,Priya Singh,,normal,22700.0,4,3,1,1.2,1,1,Delhi,iOS,,
CUST008586,Kiara Kapoor,,normal,13300.0,1,1,0,0.8,0,0,Bangalore,Android,,
CUST008587,Ananya Chawla,,group_d_broken_promise,16600.0,2,1,1,49.3,8,2,Kolkata,iOS,,
CUST008588,Rohan Bose,,normal,22600.0,3,2,1,3.1,1,1,Ahmedabad,Android,,
CUST008589,Arjun Singh,,normal,40700.0,8,6,2,1.7,0,0,Indore,Android,,
CUST008590,Aman Patel,,normal,20800.0,3,2,1,0.5,0,0,Lucknow,Android,,
CUST008591,Karan Chawla,,normal,25900.0,5,4,1,2.2,2,2,Hyderabad,iOS,,
CUST008592,Meera Iyer,,dormant_high_ltv,503600.0,66,56,10,0.8,2,2,Hyderabad,Android,,
CUST008593,Ishaan Reddy,,normal,15200.0,2,2,0,2.3,1,1,Ahmedabad,Android,,
CUST008594,Karan Verma,,normal,14600.0,3,2,1,0.3,2,2,Pune,iOS,,
CUST008595,Rohan Iyer,,dormant_high_ltv,392200.0,45,44,1,4.9,1,1,Kolkata,Android,,
CUST008596,Meera Iyer,,normal,9600.0,2,2,0,0.5,0,0,Delhi,Android,,
CUST008597,Aditya Reddy,,normal,19900.0,5,4,1,1.1,1,1,Hyderabad,iOS,,
CUST008598,Ananya Chawla,,normal,30500.0,6,5,1,5.8,1,1,Lucknow,Desktop,,
CUST008599,Diya Chawla,,normal,25200.0,2,1,1,2.5,1,1,Lucknow,Android,,
CUST008600,Saanvi Kapoor,,normal,14500.0,3,3,0,5.9,0,0,Mumbai,Android,,
CUST008601,Saanvi Malhotra,,normal,16000.0,3,2,1,3.4,0,0,Lucknow,Desktop,,
CUST008602,Rohan Nair,,dormant_high_ltv,565300.0,76,73,3,3.9,2,2,Mumbai,iOS,,
CUST008603,Karan Singh,Verma Tech Pvt Ltd,b2b,266400.0,41,38,3,9.5,2,2,Ahmedabad,Android,,
CUST008604,Kiara Singh,,normal,41000.0,2,2,0,6.4,2,2,Delhi,Android,,
CUST008605,Aman Gupta,,normal,23700.0,4,3,1,2.0,1,1,Chennai,iOS,,
CUST008606,Simran Mehta,,normal,27400.0,1,1,0,0.6,2,2,Delhi,Android,,
CUST008607,Ishaan Malhotra,Bose Solutions Pvt Ltd,b2b,398500.0,38,33,5,7.4,5,4,Delhi,Android,,
CUST008608,Rohan Rao,,normal,29100.0,2,1,1,6.0,2,2,Chennai,iOS,,
CUST008609,Meera Mehta,Verma Tech Pvt Ltd,b2b,265900.0,30,29,1,5.6,5,4,Lucknow,Android,,
CUST008610,Neha Kapoor,,group_d_broken_promise,30900.0,6,2,4,31.5,10,3,Pune,Android,,
CUST008611,Sanya Malhotra,,group_d_broken_promise,31400.0,7,4,3,36.6,9,3,Indore,Android,,
CUST008612,Ishaan Rao,,normal,14900.0,1,1,0,3.7,2,2,Kolkata,Android,,
CUST008613,Arjun Chawla,,normal,14000.0,2,2,0,1.3,0,0,Bangalore,iOS,,
CUST008614,Neha Reddy,,dormant_high_ltv,401600.0,46,41,5,2.3,1,1,Jaipur,iOS,,
CUST008615,Neha Sharma,,group_d_broken_promise,34300.0,6,3,3,21.9,4,1,Nagpur,Desktop,,
CUST008616,Saanvi Kapoor,,normal,14700.0,1,1,0,3.1,2,2,Lucknow,Android,,
CUST008617,Arjun Malhotra,,normal,13800.0,3,2,1,11.3,1,1,Jaipur,Android,,
CUST008618,Aman Singh,,normal,36700.0,6,6,0,8.1,1,1,Bangalore,Android,,
CUST008619,Priya Iyer,,group_d_broken_promise,22200.0,5,3,2,24.0,6,1,Hyderabad,iOS,,
CUST008620,Priya Rao,,normal,16900.0,5,5,0,3.1,1,1,Mumbai,Desktop,,
CUST008621,Simran Mehta,,normal,34000.0,5,4,1,2.9,0,0,Kolkata,Android,,
CUST008622,Aditya Malhotra,,normal,17200.0,4,3,1,3.7,1,1,Chennai,Android,,
CUST008623,Kiara Kapoor,,group_d_broken_promise,34000.0,5,2,3,50.3,6,2,Jaipur,iOS,,
CUST008624,Vivaan Patel,,normal,17800.0,3,3,0,1.0,1,1,Ahmedabad,Desktop,,
CUST008625,Sanya Iyer,Kapoor Exports Pvt Ltd,b2b,299500.0,41,36,5,4.5,2,2,Delhi,Android,,
CUST008626,Aditya Mehta,,dormant_high_ltv,323700.0,36,31,5,1.2,2,2,Pune,iOS,,
CUST008627,Meera Singh,Gupta Enterprises Pvt Ltd,b2b,527800.0,57,55,2,7.4,3,3,Mumbai,Android,,
CUST008628,Arjun Mehta,,normal,6900.0,1,1,0,1.1,0,0,Kolkata,Android,,
CUST008629,Ananya Reddy,,normal,14300.0,3,3,0,1.3,1,1,Pune,iOS,,
CUST008630,Rohan Kapoor,,normal,37200.0,7,6,1,4.8,2,2,Bangalore,iOS,,
CUST008631,Meera Patel,,normal,36500.0,7,5,2,4.2,2,2,Nagpur,Android,,
CUST008632,Sanya Patel,,normal,14100.0,5,4,1,0.7,2,1,Ahmedabad,Android,,
CUST008633,Simran Joshi,,dormant_high_ltv,433500.0,58,50,8,4.1,2,2,Pune,Android,,
CUST008634,Arjun Singh,,normal,5800.0,2,2,0,10.9,1,1,Jaipur,Desktop,,
CUST008635,Simran Sharma,,group_d_broken_promise,38200.0,7,3,4,29.1,11,2,Lucknow,iOS,,
CUST008636,Ananya Rao,,normal,11200.0,1,1,0,2.1,2,2,Jaipur,iOS,,
CUST008637,Ishaan Malhotra,Chawla Distributors Pvt Ltd,b2b,746800.0,49,44,5,2.9,3,2,Chennai,iOS,,
CUST008638,Aman Kapoor,,normal,14100.0,1,1,0,0.8,2,2,Indore,Android,,
CUST008639,Myra Reddy,,normal,14100.0,4,3,1,2.0,0,0,Delhi,Desktop,,
CUST008640,Kiara Mehta,,dormant_high_ltv,281500.0,44,39,5,3.4,2,1,Jaipur,Android,,
CUST008641,Aditya Joshi,Gupta Solutions Pvt Ltd,b2b,416800.0,65,53,12,7.3,3,3,Kolkata,Android,,
CUST008642,Saanvi Iyer,,normal,14100.0,4,3,1,1.3,0,0,Indore,Android,,
CUST008643,Rohan Nair,,dormant_high_ltv,432000.0,54,46,8,5.9,0,0,Nagpur,iOS,,
CUST008644,Vivaan Chawla,Patel Apparel Pvt Ltd,b2b,535700.0,71,63,8,5.9,5,4,Ahmedabad,iOS,,
CUST008645,Rahul Singh,Malhotra Industries Pvt Ltd,b2b,312000.0,35,30,5,15.4,2,2,Mumbai,Android,,
CUST008646,Sanya Rao,,normal,18900.0,5,4,1,7.8,2,2,Pune,Android,,
CUST008647,Kiara Gupta,,normal,10600.0,4,4,0,0.3,0,0,Bangalore,Android,,
CUST008648,Myra Bose,Reddy Solutions Pvt Ltd,b2b,326600.0,49,43,6,6.0,1,1,Indore,Android,,
CUST008649,Karan Verma,,normal,17500.0,1,1,0,2.1,2,2,Delhi,Android,,
CUST008650,Meera Gupta,,normal,21500.0,3,3,0,1.8,1,1,Mumbai,Android,,
CUST008651,Arjun Patel,Verma Tech Pvt Ltd,b2b,383000.0,47,40,7,4.4,5,5,Indore,Android,,
CUST008652,Kiara Mehta,,normal,14700.0,4,3,1,2.3,2,1,Nagpur,Desktop,,
CUST008653,Arjun Gupta,,normal,19300.0,5,4,1,0.3,2,2,Nagpur,iOS,,
CUST008654,Ananya Singh,,group_d_broken_promise,22100.0,7,4,3,16.1,5,1,Mumbai,Desktop,,
CUST008655,Vivaan Kapoor,Verma Tech Pvt Ltd,b2b,277500.0,37,32,5,9.9,5,4,Lucknow,Android,,
CUST008656,Myra Singh,Kapoor Distributors Pvt Ltd,b2b,304400.0,28,26,2,8.3,3,3,Lucknow,Android,,
CUST008657,Priya Iyer,,group_d_broken_promise,29100.0,6,3,3,15.6,5,1,Lucknow,Android,,
CUST008658,Aman Sharma,,normal,40400.0,8,6,2,3.2,0,0,Hyderabad,Android,,
CUST008659,Rahul Iyer,,normal,25800.0,3,2,1,3.6,2,2,Jaipur,iOS,,
CUST008660,Sanya Gupta,,normal,23900.0,2,2,0,0.7,1,1,Ahmedabad,iOS,,
CUST008661,Ananya Joshi,Kapoor Traders Pvt Ltd,b2b,454900.0,64,59,5,6.6,2,2,Lucknow,Android,,
CUST008662,Rahul Gupta,Patel Retail Pvt Ltd,b2b,359800.0,47,41,6,9.3,2,1,Kolkata,Android,,
CUST008663,Priya Bose,,normal,15300.0,4,3,1,3.1,0,0,Jaipur,Android,,
CUST008664,Saanvi Sharma,,normal,13800.0,2,2,0,1.3,1,1,Kolkata,Android,,
CUST008665,Aman Malhotra,,dormant_high_ltv,454400.0,54,51,3,1.3,0,0,Chennai,Android,,
CUST008666,Aditya Verma,,normal,18000.0,3,3,0,5.1,2,2,Mumbai,iOS,,
CUST008667,Rahul Joshi,,normal,23700.0,5,4,1,3.1,1,1,Mumbai,iOS,,
CUST008668,Diya Patel,,normal,20700.0,2,2,0,7.2,2,2,Ahmedabad,iOS,,
CUST008669,Simran Reddy,,normal,19700.0,1,1,0,0.6,1,1,Lucknow,Android,,
CUST008670,Karan Verma,,normal,27900.0,7,5,2,2.4,2,2,Delhi,Android,,
CUST008671,Rahul Verma,,dormant_high_ltv,335100.0,39,37,2,0.2,2,2,Jaipur,iOS,,
CUST008672,Neha Malhotra,Verma Industries Pvt Ltd,b2b,338700.0,53,43,10,7.4,4,4,Hyderabad,iOS,,
CUST008673,Priya Mehta,,normal,23000.0,4,4,0,4.2,1,1,Indore,iOS,,
CUST008674,Myra Malhotra,,group_d_broken_promise,24600.0,2,1,1,17.1,6,2,Lucknow,iOS,,
CUST008675,Saanvi Nair,,group_d_broken_promise,18300.0,4,2,2,50.1,3,1,Indore,Desktop,,
CUST008676,Diya Patel,,normal,27000.0,9,6,3,1.3,1,1,Chennai,Android,,
CUST008677,Vivaan Singh,,normal,11600.0,1,1,0,0.7,0,0,Jaipur,Android,,
CUST008678,Simran Joshi,,normal,9800.0,2,2,0,1.3,0,0,Ahmedabad,Desktop,,
CUST008679,Rahul Patel,,normal,38600.0,7,5,2,3.7,1,1,Ahmedabad,Android,,
CUST008680,Kiara Singh,,normal,5600.0,2,2,0,4.8,2,2,Hyderabad,Android,,
CUST008681,Simran Reddy,,group_d_broken_promise,13900.0,2,1,1,39.7,7,2,Nagpur,Android,,
CUST008682,Sanya Singh,,normal,10400.0,1,1,0,5.6,1,1,Kolkata,Android,,
CUST008683,Karan Nair,,normal,15200.0,1,1,0,5.4,2,2,Chennai,Android,,
CUST008684,Vivaan Patel,,normal,33800.0,6,5,1,2.9,0,0,Indore,Android,,
CUST008685,Vivaan Reddy,Reddy Traders Pvt Ltd,b2b,332900.0,40,34,6,8.2,1,1,Lucknow,Android,,
CUST008686,Neha Kapoor,,group_d_broken_promise,19600.0,4,1,3,16.4,7,2,Delhi,iOS,,
CUST008687,Ananya Sharma,,normal,9600.0,1,1,0,2.1,1,1,Jaipur,iOS,,
CUST008688,Kabir Singh,Gupta Enterprises Pvt Ltd,b2b,245800.0,33,29,4,9.1,2,2,Jaipur,Android,,
CUST008689,Neha Chawla,,dormant_high_ltv,449400.0,60,56,4,1.7,2,2,Pune,Android,,
CUST008690,Rahul Bose,,normal,7100.0,2,2,0,0.5,2,2,Hyderabad,Android,,
CUST008691,Meera Singh,,normal,11900.0,4,3,1,6.4,2,2,Indore,Desktop,,
CUST008692,Rohan Mehta,Iyer Foods Pvt Ltd,b2b,377900.0,54,50,4,7.4,3,3,Kolkata,Android,,
CUST008693,Saanvi Malhotra,,dormant_high_ltv,379900.0,46,40,6,0.7,0,0,Nagpur,Android,,
CUST008694,Kiara Singh,,dormant_high_ltv,331800.0,42,37,5,3.0,1,1,Lucknow,Desktop,,
CUST008695,Neha Gupta,,normal,14300.0,4,3,1,3.6,2,2,Indore,iOS,,
CUST008696,Meera Iyer,,normal,19200.0,3,2,1,1.6,0,0,Bangalore,iOS,,
CUST008697,Arjun Rao,,group_d_broken_promise,20300.0,4,2,2,31.8,8,1,Kolkata,Android,,
CUST008698,Aditya Iyer,,normal,24200.0,5,4,1,0.9,2,2,Hyderabad,iOS,,
CUST008699,Aditya Chawla,,group_d_broken_promise,13800.0,1,1,0,26.3,6,2,Jaipur,Android,,
CUST008700,Aditya Gupta,,group_d_broken_promise,32900.0,4,2,2,15.1,11,3,Indore,Desktop,,
CUST008701,Rahul Reddy,Reddy Industries Pvt Ltd,b2b,277600.0,39,37,2,7.2,2,2,Jaipur,Android,,
CUST008702,Kabir Joshi,,normal,28400.0,5,5,0,3.6,0,0,Delhi,Android,,
CUST008703,Rahul Patel,Gupta Solutions Pvt Ltd,b2b,199400.0,30,25,5,6.7,4,3,Ahmedabad,Android,,
CUST008704,Karan Patel,Kapoor Textiles Pvt Ltd,b2b,234400.0,36,35,1,3.0,2,1,Mumbai,Android,,
CUST008705,Sanya Nair,,normal,8600.0,1,1,0,6.7,0,0,Lucknow,Android,,
CUST008706,Karan Mehta,,normal,5400.0,2,2,0,3.4,1,1,Mumbai,Android,,
CUST008707,Karan Reddy,,group_d_broken_promise,39600.0,7,4,3,33.7,6,1,Bangalore,Android,,
CUST008708,Saanvi Verma,,dormant_high_ltv,273300.0,27,25,2,4.5,1,1,Nagpur,iOS,,
CUST008709,Ananya Malhotra,,dormant_high_ltv,288200.0,32,31,1,0.9,0,0,Jaipur,iOS,,
CUST008710,Aman Nair,,normal,18900.0,4,3,1,4.8,1,1,Mumbai,Desktop,,
CUST008711,Meera Malhotra,,normal,9500.0,2,2,0,6.5,1,1,Jaipur,Android,,
CUST008712,Myra Singh,,group_d_broken_promise,24300.0,4,2,2,11.1,9,2,Chennai,Android,,
CUST008713,Vivaan Bose,,normal,13600.0,2,2,0,6.5,0,0,Pune,Android,,
CUST008714,Meera Joshi,,normal,15700.0,1,1,0,2.9,0,0,Hyderabad,Android,,
CUST008715,Kiara Verma,,dormant_high_ltv,628200.0,60,56,4,3.3,0,0,Indore,Desktop,,
CUST008716,Karan Iyer,,dormant_high_ltv,375900.0,62,57,5,2.4,2,2,Jaipur,Android,,
CUST008717,Myra Patel,,group_d_broken_promise,26000.0,4,2,2,21.0,9,2,Indore,Android,,
CUST008718,Sanya Mehta,,dormant_high_ltv,451300.0,58,51,7,5.2,1,1,Nagpur,Desktop,,
CUST008719,Aarav Iyer,,normal,14100.0,2,2,0,5.5,0,0,Jaipur,Android,,
CUST008720,Aditya Patel,,dormant_high_ltv,388600.0,52,49,3,7.5,1,1,Bangalore,iOS,,
CUST008721,Ishaan Verma,,normal,6700.0,3,2,1,0.6,1,1,Ahmedabad,Android,,
CUST008722,Karan Mehta,,normal,19900.0,4,4,0,2.9,0,0,Kolkata,Android,,
CUST008723,Sanya Verma,,normal,46000.0,8,6,2,10.8,1,1,Mumbai,Android,,
CUST008724,Priya Gupta,,normal,17500.0,4,4,0,2.2,0,0,Jaipur,Android,,
CUST008725,Rohan Joshi,,normal,49900.0,9,7,2,1.9,2,2,Chennai,iOS,,
CUST008726,Vivaan Iyer,,normal,5600.0,2,1,1,2.8,0,0,Ahmedabad,Android,,
CUST008727,Priya Reddy,,normal,11800.0,1,1,0,4.3,0,0,Lucknow,Android,,
CUST008728,Vivaan Singh,,normal,42100.0,4,4,0,5.5,2,2,Chennai,Desktop,,
CUST008729,Saanvi Malhotra,,group_d_broken_promise,20900.0,1,0,1,31.9,3,1,Delhi,Android,,
CUST008730,Sanya Gupta,,normal,11700.0,4,4,0,2.8,0,0,Delhi,Android,,
CUST008731,Aarav Joshi,Chawla Solutions Pvt Ltd,b2b,335100.0,44,40,4,10.9,4,3,Pune,Android,,
CUST008732,Vivaan Rao,,normal,20600.0,4,3,1,1.7,2,1,Bangalore,Android,,
CUST008733,Simran Patel,,normal,17700.0,4,3,1,2.8,2,2,Kolkata,Android,,
CUST008734,Diya Nair,,normal,15400.0,2,2,0,3.1,1,1,Nagpur,iOS,,
CUST008735,Saanvi Verma,,normal,28500.0,4,3,1,4.9,1,1,Mumbai,iOS,,
CUST008736,Simran Iyer,Verma Industries Pvt Ltd,b2b,441200.0,63,56,7,3.2,4,3,Jaipur,Android,,
CUST008737,Rahul Mehta,,normal,18000.0,4,3,1,4.3,0,0,Nagpur,Android,,
CUST008738,Rahul Nair,Malhotra Traders Pvt Ltd,b2b,483900.0,79,65,14,3.8,4,4,Bangalore,iOS,,
CUST008739,Sanya Sharma,,normal,26000.0,4,4,0,11.1,2,2,Hyderabad,Android,,
CUST008740,Vivaan Iyer,,normal,42600.0,7,5,2,4.8,0,0,Hyderabad,iOS,,
CUST008741,Vivaan Rao,,dormant_high_ltv,633200.0,54,46,8,1.3,1,1,Ahmedabad,iOS,,
CUST008742,Priya Patel,,normal,29000.0,5,4,1,1.1,1,1,Jaipur,Android,,
CUST008743,Vivaan Bose,,group_d_broken_promise,25300.0,4,2,2,19.1,9,3,Ahmedabad,Desktop,,
CUST008744,Myra Verma,,normal,10300.0,1,1,0,1.3,2,2,Hyderabad,Android,,
CUST008745,Simran Sharma,,normal,55600.0,7,7,0,1.3,1,1,Pune,Desktop,,
CUST008746,Aditya Gupta,,normal,23800.0,3,3,0,0.9,1,1,Bangalore,Android,,
CUST008747,Arjun Malhotra,,normal,16100.0,5,4,1,0.5,2,2,Lucknow,iOS,,
CUST008748,Arjun Mehta,,normal,9400.0,2,2,0,2.2,1,1,Chennai,iOS,,
CUST008749,Rohan Patel,,normal,18600.0,4,4,0,0.7,2,2,Ahmedabad,Android,,
CUST008750,Meera Joshi,,normal,12300.0,1,1,0,0.2,0,0,Kolkata,Android,,
CUST008751,Simran Gupta,,normal,8300.0,2,1,1,2.5,0,0,Indore,iOS,,
CUST008752,Kiara Malhotra,,normal,9900.0,3,2,1,1.1,0,0,Indore,Android,,
CUST008753,Ishaan Malhotra,,normal,7700.0,1,1,0,4.5,2,2,Hyderabad,iOS,,
CUST008754,Karan Rao,,normal,6200.0,1,1,0,0.9,0,0,Indore,iOS,,
CUST008755,Meera Kapoor,,group_d_broken_promise,34100.0,6,3,3,15.8,9,2,Delhi,Desktop,,
CUST008756,Karan Nair,Verma Solutions Pvt Ltd,b2b,216500.0,27,23,4,12.5,4,4,Kolkata,iOS,,
CUST008757,Kabir Rao,Iyer Retail Pvt Ltd,b2b,425100.0,52,50,2,13.7,3,3,Ahmedabad,Android,,
CUST008758,Aarav Kapoor,,group_d_broken_promise,30900.0,6,2,4,50.9,8,2,Bangalore,iOS,,
CUST008759,Aarav Joshi,,normal,14900.0,1,1,0,0.3,0,0,Chennai,iOS,,
CUST008760,Ishaan Verma,,group_d_broken_promise,25200.0,4,2,2,25.1,7,2,Delhi,Android,,
CUST008761,Aman Bose,,normal,16900.0,1,1,0,1.2,0,0,Nagpur,Android,,
CUST008762,Rahul Mehta,,group_d_broken_promise,20300.0,3,2,1,20.5,7,2,Lucknow,iOS,,
CUST008763,Diya Chawla,Joshi Retail Pvt Ltd,b2b,654300.0,58,55,3,2.7,2,2,Jaipur,Android,,
CUST008764,Neha Bose,,normal,22100.0,5,5,0,1.4,0,0,Nagpur,Android,,
CUST008765,Myra Rao,,normal,56100.0,4,4,0,4.7,0,0,Mumbai,Desktop,,
CUST008766,Myra Kapoor,,normal,23400.0,3,3,0,2.3,1,1,Delhi,iOS,,
CUST008767,Sanya Verma,,normal,13700.0,3,2,1,1.9,0,0,Indore,Android,,
CUST008768,Neha Joshi,,normal,14600.0,3,2,1,3.6,2,2,Mumbai,iOS,,
CUST008769,Vivaan Verma,,normal,20000.0,5,5,0,4.7,1,1,Bangalore,iOS,,
CUST008770,Diya Bose,,dormant_high_ltv,332100.0,38,33,5,1.0,2,2,Kolkata,Android,,
CUST008771,Arjun Verma,,group_d_broken_promise,37900.0,6,3,3,33.0,5,1,Ahmedabad,Android,,
CUST008772,Sanya Malhotra,,normal,10100.0,1,1,0,1.4,1,1,Nagpur,Android,,
CUST008773,Simran Sharma,,normal,25500.0,8,7,1,5.4,0,0,Chennai,Android,,
CUST008774,Ananya Verma,,normal,15200.0,2,2,0,0.3,1,1,Bangalore,Android,,
CUST008775,Kabir Malhotra,,normal,27700.0,5,4,1,2.1,1,1,Chennai,Android,,
CUST008776,Priya Nair,,group_d_broken_promise,21300.0,3,1,2,32.3,10,3,Pune,iOS,,
CUST008777,Kabir Chawla,,normal,19000.0,5,4,1,1.1,1,1,Jaipur,Android,,
CUST008778,Myra Rao,,normal,16100.0,2,2,0,3.8,2,2,Chennai,Desktop,,
CUST008779,Kabir Joshi,,normal,31700.0,5,4,1,2.1,0,0,Kolkata,Android,,
CUST008780,Meera Iyer,Chawla Apparel Pvt Ltd,b2b,493000.0,60,52,8,4.3,4,4,Ahmedabad,iOS,,
CUST008781,Saanvi Rao,,normal,8100.0,1,1,0,5.7,0,0,Mumbai,Android,,
CUST008782,Aman Iyer,,group_d_broken_promise,14300.0,4,2,2,12.6,6,1,Ahmedabad,Android,,
CUST008783,Ishaan Iyer,,normal,21600.0,4,3,1,0.1,0,0,Nagpur,Android,,
CUST008784,Priya Kapoor,Kapoor Logistics Pvt Ltd,b2b,372700.0,54,51,3,6.2,1,1,Pune,iOS,,
CUST008785,Vivaan Rao,,normal,38700.0,9,8,1,2.1,2,2,Hyderabad,Android,,
CUST008786,Myra Sharma,Bose Textiles Pvt Ltd,b2b,383600.0,47,39,8,13.0,4,3,Bangalore,Android,,
CUST008787,Ishaan Singh,,normal,19500.0,2,2,0,5.2,1,1,Nagpur,Android,,
CUST008788,Diya Joshi,,normal,17500.0,3,3,0,1.4,0,0,Pune,Android,,
CUST008789,Rohan Joshi,Patel Traders Pvt Ltd,b2b,368900.0,51,47,4,9.9,1,1,Chennai,Android,,
CUST008790,Ishaan Rao,,normal,28000.0,5,4,1,4.4,2,1,Pune,Android,,
CUST008791,Simran Malhotra,,normal,13600.0,3,2,1,2.1,0,0,Delhi,Android,,
CUST008792,Aditya Nair,,normal,15600.0,2,2,0,0.7,0,0,Pune,iOS,,
CUST008793,Aditya Joshi,Malhotra Apparel Pvt Ltd,b2b,296800.0,37,34,3,5.5,5,5,Jaipur,iOS,,
CUST008794,Karan Singh,,normal,9500.0,3,2,1,1.7,0,0,Chennai,iOS,,
CUST008795,Myra Sharma,,normal,13200.0,4,4,0,4.8,2,2,Delhi,Desktop,,
CUST008796,Saanvi Gupta,,normal,24600.0,4,4,0,1.4,0,0,Pune,Android,,
CUST008797,Rohan Gupta,,normal,15800.0,3,2,1,5.3,1,1,Delhi,iOS,,
CUST008798,Aman Rao,,normal,11200.0,2,2,0,2.1,0,0,Lucknow,iOS,,
CUST008799,Simran Sharma,,group_d_broken_promise,28300.0,5,2,3,46.7,9,2,Nagpur,Android,,
CUST008800,Rahul Verma,,normal,32500.0,4,4,0,0.9,0,0,Pune,iOS,,
CUST008801,Neha Nair,,group_d_broken_promise,11300.0,2,1,1,43.1,10,3,Hyderabad,iOS,,
CUST008802,Aarav Gupta,Chawla Industries Pvt Ltd,b2b,502000.0,76,62,14,2.9,5,4,Jaipur,Android,,
CUST008803,Kabir Nair,,group_d_broken_promise,30300.0,3,2,1,48.4,7,2,Chennai,Android,,
CUST008804,Simran Bose,Singh Exports Pvt Ltd,b2b,252800.0,30,27,3,4.2,5,4,Mumbai,Android,,
CUST008805,Ishaan Joshi,,normal,30200.0,5,4,1,0.1,0,0,Delhi,Desktop,,
CUST008806,Vivaan Singh,,normal,51200.0,6,5,1,0.9,0,0,Ahmedabad,Android,,
CUST008807,Rahul Nair,,dormant_high_ltv,416200.0,49,48,1,2.0,2,1,Indore,Android,,
CUST008808,Karan Chawla,,normal,11900.0,5,4,1,9.2,0,0,Mumbai,iOS,,
CUST008809,Aditya Nair,,normal,30100.0,5,5,0,1.5,0,0,Mumbai,iOS,,
CUST008810,Karan Singh,,normal,24200.0,7,5,2,5.1,1,1,Lucknow,Android,,
CUST008811,Myra Rao,,normal,20000.0,4,3,1,1.7,1,1,Mumbai,iOS,,
CUST008812,Neha Patel,,normal,40000.0,11,10,1,0.4,1,1,Hyderabad,Desktop,,
CUST008813,Neha Patel,,normal,21500.0,7,6,1,1.9,1,1,Mumbai,Android,,
CUST008814,Vivaan Iyer,,normal,12500.0,1,1,0,1.7,0,0,Bangalore,iOS,,
CUST008815,Myra Chawla,,normal,15000.0,6,5,1,3.4,0,0,Delhi,iOS,,
CUST008816,Ananya Iyer,Kapoor Tech Pvt Ltd,b2b,379700.0,47,42,5,2.6,5,4,Lucknow,Desktop,,
CUST008817,Vivaan Joshi,,normal,7900.0,2,2,0,1.3,2,2,Kolkata,iOS,,
CUST008818,Ananya Kapoor,,normal,23800.0,7,5,2,3.0,2,2,Lucknow,iOS,,
CUST008819,Meera Mehta,,normal,39600.0,4,4,0,2.9,0,0,Lucknow,iOS,,
CUST008820,Myra Patel,,normal,21700.0,4,3,1,4.8,0,0,Kolkata,iOS,,
CUST008821,Myra Bose,,normal,20100.0,3,3,0,0.5,2,2,Ahmedabad,Desktop,,
CUST008822,Rohan Mehta,,normal,27600.0,2,2,0,2.6,0,0,Indore,Android,,
CUST008823,Aarav Nair,,normal,25400.0,4,3,1,1.3,0,0,Kolkata,Android,,
CUST008824,Vivaan Chawla,,normal,32900.0,7,5,2,8.5,0,0,Lucknow,Android,,
CUST008825,Aditya Chawla,,normal,18000.0,3,2,1,0.7,0,0,Chennai,Android,,
CUST008826,Neha Malhotra,,normal,22700.0,4,3,1,0.1,1,1,Bangalore,Android,,
CUST008827,Rahul Mehta,,normal,17500.0,1,1,0,4.6,0,0,Kolkata,iOS,,
CUST008828,Aarav Verma,,normal,9400.0,2,1,1,2.0,1,1,Indore,iOS,,
CUST008829,Saanvi Malhotra,,group_d_broken_promise,31400.0,5,3,2,12.4,4,1,Lucknow,Desktop,,
CUST008830,Kabir Verma,,normal,10400.0,1,1,0,2.1,2,2,Bangalore,iOS,,
CUST008831,Vivaan Joshi,,dormant_high_ltv,358500.0,44,41,3,1.7,1,1,Ahmedabad,Android,,
CUST008832,Ishaan Iyer,,normal,12900.0,2,1,1,7.0,1,1,Jaipur,Android,,
CUST008833,Kiara Gupta,,group_d_broken_promise,19500.0,5,2,3,27.9,7,1,Ahmedabad,Desktop,,
CUST008834,Sanya Malhotra,,normal,9200.0,3,2,1,0.6,1,1,Chennai,Desktop,,
CUST008835,Karan Joshi,,normal,19700.0,4,3,1,3.3,2,2,Pune,Android,,
CUST008836,Aditya Malhotra,,group_d_broken_promise,20800.0,6,2,4,46.4,4,1,Kolkata,Desktop,,
CUST008837,Kiara Sharma,,normal,28600.0,4,4,0,3.0,0,0,Bangalore,Android,,
CUST008838,Priya Malhotra,,normal,13700.0,3,2,1,1.4,1,1,Indore,Android,,
CUST008839,Rahul Malhotra,,group_d_broken_promise,40600.0,8,4,4,22.9,8,1,Nagpur,iOS,,
CUST008840,Ananya Malhotra,,normal,7200.0,1,1,0,2.0,2,1,Lucknow,iOS,,
CUST008841,Kabir Patel,,group_d_broken_promise,65500.0,9,4,5,24.9,7,1,Hyderabad,Android,,
CUST008842,Ananya Malhotra,,group_d_broken_promise,26700.0,5,2,3,16.3,7,1,Hyderabad,Desktop,,
CUST008843,Sanya Iyer,,group_d_broken_promise,9600.0,5,3,2,16.1,9,3,Pune,Android,,
CUST008844,Ishaan Chawla,,normal,12200.0,1,1,0,1.0,1,1,Indore,Android,,
CUST008845,Meera Nair,,normal,15900.0,5,4,1,1.6,1,1,Chennai,iOS,,
CUST008846,Meera Nair,,normal,27500.0,2,2,0,3.0,1,1,Pune,Android,,
CUST008847,Simran Reddy,,normal,18800.0,5,4,1,1.9,2,2,Kolkata,Desktop,,
CUST008848,Rohan Verma,,normal,18800.0,5,4,1,7.1,0,0,Hyderabad,Android,,
CUST008849,Aman Rao,,normal,23200.0,4,4,0,0.9,0,0,Indore,Android,,
CUST008850,Vivaan Reddy,,normal,29800.0,7,5,2,2.7,1,1,Pune,Desktop,,
CUST008851,Aarav Bose,,normal,38800.0,6,6,0,12.3,1,1,Jaipur,Android,,
CUST008852,Meera Rao,,group_d_broken_promise,19700.0,6,3,3,24.4,3,1,Indore,iOS,,
CUST008853,Rohan Patel,,group_d_broken_promise,31500.0,5,2,3,29.2,9,3,Bangalore,Android,,
CUST008854,Arjun Chawla,,normal,13700.0,1,1,0,5.9,1,1,Pune,Android,,
CUST008855,Kabir Iyer,,normal,18000.0,4,4,0,3.5,0,0,Mumbai,Android,,
CUST008856,Ananya Verma,,group_d_broken_promise,24800.0,3,1,2,18.4,7,1,Kolkata,Android,,
CUST008857,Karan Iyer,,normal,13700.0,2,2,0,2.7,2,2,Mumbai,iOS,,
CUST008858,Ishaan Malhotra,,normal,22600.0,2,2,0,3.6,1,1,Jaipur,Android,,
CUST008859,Myra Mehta,Gupta Enterprises Pvt Ltd,b2b,198300.0,23,20,3,5.4,1,1,Indore,Android,,
CUST008860,Aman Singh,Nair Solutions Pvt Ltd,b2b,519300.0,55,45,10,5.5,3,3,Jaipur,iOS,,
CUST008861,Arjun Sharma,Joshi Foods Pvt Ltd,b2b,374200.0,47,39,8,20.5,1,1,Kolkata,iOS,,
CUST008862,Sanya Iyer,,normal,7200.0,3,3,0,0.9,1,1,Jaipur,iOS,,
CUST008863,Kabir Gupta,,normal,44400.0,5,4,1,3.9,2,2,Jaipur,iOS,,
CUST008864,Neha Sharma,,normal,23900.0,1,1,0,0.7,2,2,Jaipur,Android,,
CUST008865,Rahul Verma,,dormant_high_ltv,538200.0,58,54,4,0.3,2,2,Chennai,Desktop,,
CUST008866,Rahul Sharma,,normal,22000.0,5,4,1,2.3,0,0,Mumbai,Android,,
CUST008867,Rohan Bose,,group_d_broken_promise,30500.0,7,3,4,24.6,3,1,Jaipur,Android,,
CUST008868,Aditya Patel,,normal,12400.0,4,3,1,3.3,2,2,Delhi,Android,,
CUST008869,Simran Malhotra,,normal,14800.0,2,2,0,2.9,0,0,Lucknow,Android,,
CUST008870,Saanvi Patel,,normal,9200.0,1,1,0,0.9,1,1,Hyderabad,Android,,
CUST008871,Myra Sharma,,normal,12000.0,3,2,1,3.8,0,0,Mumbai,Android,,
CUST008872,Aarav Iyer,,normal,29800.0,2,2,0,4.8,0,0,Jaipur,Android,,
CUST008873,Aditya Chawla,,dormant_high_ltv,449900.0,60,53,7,2.5,2,2,Mumbai,iOS,,
CUST008874,Sanya Rao,,normal,7900.0,3,2,1,4.4,0,0,Chennai,iOS,,
CUST008875,Ananya Chawla,,dormant_high_ltv,412100.0,61,58,3,5.2,1,1,Bangalore,iOS,,
CUST008876,Vivaan Reddy,Gupta Industries Pvt Ltd,b2b,211500.0,29,26,3,8.8,1,1,Pune,iOS,,
CUST008877,Priya Patel,,normal,49300.0,4,3,1,3.1,0,0,Ahmedabad,Android,,
CUST008878,Rohan Chawla,,normal,32800.0,3,2,1,3.1,0,0,Delhi,Android,,
CUST008879,Aditya Reddy,,group_d_broken_promise,28300.0,2,1,1,21.1,8,2,Pune,iOS,,
CUST008880,Ishaan Singh,,normal,21700.0,5,4,1,3.7,0,0,Bangalore,Android,,
CUST008881,Ishaan Joshi,,normal,11600.0,6,4,2,2.6,2,1,Indore,Android,,
CUST008882,Vivaan Rao,,normal,26000.0,2,2,0,6.5,0,0,Kolkata,Android,,
CUST008883,Sanya Mehta,,normal,24700.0,3,2,1,1.4,2,2,Hyderabad,Android,,
CUST008884,Aditya Sharma,,dormant_high_ltv,296600.0,38,36,2,6.3,2,1,Indore,Android,,
CUST008885,Meera Iyer,,normal,13600.0,2,2,0,1.6,2,2,Hyderabad,Android,,
CUST008886,Aarav Mehta,,group_d_broken_promise,28700.0,4,2,2,22.5,10,2,Delhi,Android,,
CUST008887,Aarav Iyer,,dormant_high_ltv,722800.0,62,58,4,3.5,2,1,Pune,Android,,
CUST008888,Aditya Bose,,normal,23600.0,4,3,1,1.7,0,0,Mumbai,Android,,
CUST008889,Aditya Sharma,,normal,15800.0,1,1,0,4.6,1,1,Hyderabad,Android,,
CUST008890,Ananya Verma,,dormant_high_ltv,391500.0,54,50,4,1.8,1,1,Lucknow,Android,,
CUST008891,Kiara Gupta,,normal,6900.0,2,1,1,4.2,2,2,Hyderabad,Android,,
CUST008892,Meera Singh,,normal,9500.0,3,3,0,4.5,1,1,Kolkata,Android,,
CUST008893,Ananya Bose,,normal,32200.0,3,3,0,6.0,0,0,Lucknow,Android,,
CUST008894,Neha Joshi,Gupta Retail Pvt Ltd,b2b,585100.0,62,54,8,4.2,4,4,Nagpur,iOS,,
CUST008895,Ishaan Kapoor,,normal,14500.0,3,3,0,4.8,1,1,Ahmedabad,Android,,
CUST008896,Aman Patel,,group_d_broken_promise,9900.0,6,3,3,30.9,3,1,Ahmedabad,Desktop,,
CUST008897,Neha Rao,Nair Traders Pvt Ltd,b2b,344100.0,41,40,1,15.2,4,3,Kolkata,Android,,
CUST008898,Priya Gupta,Kapoor Distributors Pvt Ltd,b2b,226500.0,30,27,3,11.1,1,1,Ahmedabad,Android,,
CUST008899,Rahul Patel,Chawla Apparel Pvt Ltd,b2b,677700.0,54,45,9,6.5,2,2,Kolkata,Android,,
CUST008900,Kabir Malhotra,,group_d_broken_promise,20800.0,5,3,2,34.1,10,3,Ahmedabad,Android,,
CUST008901,Priya Iyer,,group_d_broken_promise,19900.0,3,1,2,19.1,4,1,Pune,Android,,
CUST008902,Ishaan Mehta,,normal,12700.0,3,3,0,5.7,1,1,Kolkata,Desktop,,
CUST008903,Kiara Rao,,normal,19700.0,2,1,1,5.1,2,2,Kolkata,iOS,,
CUST008904,Kabir Verma,Rao Foods Pvt Ltd,b2b,324200.0,38,35,3,9.6,5,4,Indore,Desktop,,
CUST008905,Sanya Patel,,normal,5900.0,1,1,0,2.7,2,2,Mumbai,Android,,
CUST008906,Aarav Kapoor,Iyer Retail Pvt Ltd,b2b,267900.0,38,33,5,10.9,4,4,Hyderabad,iOS,,
CUST008907,Meera Singh,,normal,18600.0,2,2,0,3.0,2,2,Indore,iOS,,
CUST008908,Saanvi Kapoor,,normal,20300.0,3,2,1,2.0,1,1,Nagpur,iOS,,
CUST008909,Aman Mehta,,normal,25600.0,6,4,2,6.0,1,1,Hyderabad,Android,,
CUST008910,Myra Mehta,Chawla Retail Pvt Ltd,b2b,386400.0,48,46,2,5.8,2,2,Hyderabad,iOS,,
CUST008911,Saanvi Rao,,normal,10400.0,2,2,0,4.6,2,2,Lucknow,Android,,
CUST008912,Meera Kapoor,,normal,13500.0,6,5,1,8.4,2,1,Chennai,Android,,
CUST008913,Aman Kapoor,,normal,20100.0,4,4,0,4.7,1,1,Ahmedabad,Android,,
CUST008914,Meera Kapoor,,normal,10900.0,4,4,0,1.9,1,1,Pune,iOS,,
CUST008915,Saanvi Reddy,,normal,21000.0,4,3,1,2.6,2,2,Bangalore,iOS,,
CUST008916,Diya Sharma,Iyer Textiles Pvt Ltd,b2b,235000.0,39,32,7,3.4,5,4,Lucknow,Desktop,,
CUST008917,Aditya Nair,,normal,19600.0,5,4,1,1.0,2,2,Mumbai,Android,,
CUST008918,Saanvi Gupta,Reddy Retail Pvt Ltd,b2b,296800.0,41,39,2,4.7,3,2,Indore,iOS,,
CUST008919,Diya Rao,,normal,5800.0,3,3,0,3.2,1,1,Indore,Android,,
CUST008920,Aarav Verma,,normal,29400.0,7,6,1,7.6,2,2,Kolkata,Android,,
CUST008921,Kiara Rao,,normal,11100.0,3,3,0,3.5,2,1,Mumbai,Android,,
CUST008922,Ananya Verma,,normal,18800.0,2,2,0,0.4,1,1,Kolkata,iOS,,
CUST008923,Rahul Mehta,,dormant_high_ltv,319000.0,43,41,2,1.2,2,2,Jaipur,Android,,
CUST008924,Ananya Verma,Singh Apparel Pvt Ltd,b2b,558400.0,76,62,14,5.3,4,3,Ahmedabad,Android,,
CUST008925,Arjun Singh,,normal,44700.0,3,2,1,3.6,2,2,Hyderabad,Android,,
CUST008926,Diya Bose,,normal,11700.0,2,2,0,1.3,2,2,Kolkata,Desktop,,
CUST008927,Ishaan Joshi,,normal,23300.0,4,3,1,2.5,0,0,Jaipur,Android,,
CUST008928,Kiara Reddy,,normal,50700.0,6,5,1,0.7,1,1,Bangalore,Desktop,,
CUST008929,Rahul Rao,,normal,25100.0,3,2,1,0.7,2,2,Lucknow,iOS,,
CUST008930,Rahul Patel,,normal,32700.0,8,7,1,0.5,0,0,Hyderabad,iOS,,
CUST008931,Saanvi Gupta,,normal,9900.0,2,2,0,6.3,1,1,Pune,Android,,
CUST008932,Priya Malhotra,Patel Apparel Pvt Ltd,b2b,694800.0,68,58,10,2.6,3,2,Hyderabad,iOS,,
CUST008933,Priya Nair,,group_d_broken_promise,19700.0,3,2,1,38.3,5,1,Nagpur,iOS,,
CUST008934,Aman Mehta,,normal,38700.0,6,5,1,7.5,1,1,Kolkata,Desktop,,
CUST008935,Rahul Singh,,normal,7000.0,2,1,1,1.1,0,0,Jaipur,iOS,,
CUST008936,Aman Joshi,,normal,24200.0,3,2,1,3.2,0,0,Jaipur,Android,,
CUST008937,Arjun Patel,Iyer Traders Pvt Ltd,b2b,327000.0,41,36,5,14.1,4,3,Hyderabad,iOS,,
CUST008938,Aman Patel,,dormant_high_ltv,273500.0,31,27,4,5.1,0,0,Delhi,Android,,
CUST008939,Ishaan Chawla,,normal,18400.0,3,2,1,1.6,1,1,Hyderabad,Android,,
CUST008940,Meera Singh,,normal,15600.0,3,2,1,2.7,2,2,Pune,Android,,
CUST008941,Myra Patel,,group_d_broken_promise,35400.0,4,2,2,44.0,9,2,Kolkata,iOS,,
CUST008942,Aman Rao,,group_d_broken_promise,14900.0,1,1,0,30.7,7,2,Chennai,Android,,
CUST008943,Priya Joshi,,dormant_high_ltv,286200.0,40,36,4,6.6,0,0,Lucknow,Android,,
CUST008944,Rohan Patel,,normal,14200.0,3,2,1,1.7,1,1,Delhi,Android,,
CUST008945,Arjun Malhotra,,normal,25400.0,4,3,1,4.1,2,2,Hyderabad,iOS,,
CUST008946,Vivaan Gupta,,normal,12400.0,4,4,0,2.4,1,1,Chennai,Android,,
CUST008947,Arjun Singh,,dormant_high_ltv,411000.0,60,58,2,5.8,0,0,Mumbai,Desktop,,
CUST008948,Kabir Bose,,normal,14600.0,4,3,1,2.5,1,1,Ahmedabad,Android,,
CUST008949,Neha Singh,,normal,24300.0,3,2,1,1.4,1,1,Indore,Android,,
CUST008950,Ishaan Rao,,group_d_broken_promise,9900.0,2,1,1,27.7,11,4,Mumbai,Android,,
CUST008951,Kabir Gupta,Chawla Apparel Pvt Ltd,b2b,415900.0,53,49,4,23.1,5,4,Kolkata,Android,,
CUST008952,Diya Mehta,,normal,32000.0,5,4,1,4.9,1,1,Jaipur,Android,,
CUST008953,Meera Iyer,Reddy Enterprises Pvt Ltd,b2b,568100.0,53,51,2,2.7,3,3,Mumbai,Desktop,,
CUST008954,Priya Singh,,normal,17400.0,4,3,1,4.0,1,1,Jaipur,iOS,,
CUST008955,Ananya Reddy,,normal,39500.0,5,4,1,0.5,1,1,Nagpur,Android,,
CUST008956,Myra Bose,,normal,20300.0,3,3,0,1.2,0,0,Mumbai,Android,,
CUST008957,Kabir Joshi,,normal,19300.0,3,2,1,3.9,0,0,Delhi,iOS,,
CUST008958,Diya Reddy,,normal,64700.0,10,9,1,1.5,1,1,Delhi,Desktop,,
CUST008959,Rohan Kapoor,,dormant_high_ltv,540800.0,76,69,7,9.7,1,1,Pune,Android,,
CUST008960,Simran Singh,,normal,22500.0,5,5,0,0.5,1,1,Nagpur,Desktop,,
CUST008961,Aarav Verma,Sharma Enterprises Pvt Ltd,b2b,323400.0,43,38,5,17.4,3,2,Pune,Desktop,,
CUST008962,Simran Mehta,,normal,47300.0,9,8,1,4.4,2,1,Indore,Android,,
CUST008963,Saanvi Joshi,,normal,61700.0,10,9,1,4.4,1,1,Delhi,Android,,
CUST008964,Ananya Iyer,,normal,10100.0,1,1,0,3.3,0,0,Hyderabad,Android,,
CUST008965,Aarav Joshi,,normal,12300.0,3,3,0,2.7,2,2,Nagpur,Android,,
CUST008966,Neha Sharma,,group_d_broken_promise,19500.0,3,1,2,17.6,10,2,Lucknow,iOS,,
CUST008967,Aditya Gupta,,normal,7700.0,2,2,0,0.5,2,2,Hyderabad,iOS,,
CUST008968,Ishaan Malhotra,Joshi Textiles Pvt Ltd,b2b,264100.0,35,32,3,6.0,4,3,Ahmedabad,Android,,
CUST008969,Sanya Reddy,,normal,26400.0,5,4,1,4.7,2,2,Ahmedabad,Android,,
CUST008970,Rahul Nair,,normal,26600.0,3,2,1,1.5,0,0,Ahmedabad,Android,,
CUST008971,Meera Sharma,,normal,13800.0,2,2,0,4.6,0,0,Ahmedabad,iOS,,
CUST008972,Diya Rao,,normal,5600.0,2,2,0,4.5,2,1,Jaipur,Desktop,,
CUST008973,Arjun Gupta,,normal,23100.0,2,2,0,3.2,2,1,Jaipur,iOS,,
CUST008974,Neha Patel,,dormant_high_ltv,441600.0,42,36,6,2.0,0,0,Pune,iOS,,
CUST008975,Simran Gupta,Joshi Retail Pvt Ltd,b2b,444200.0,49,40,9,20.2,4,3,Pune,Android,,
CUST008976,Priya Patel,,dormant_high_ltv,276800.0,29,25,4,0.6,2,2,Delhi,Android,,
CUST008977,Aditya Gupta,,dormant_high_ltv,410800.0,61,57,4,0.7,2,2,Delhi,Android,,
CUST008978,Myra Kapoor,,normal,8000.0,1,1,0,5.1,0,0,Jaipur,Android,,
CUST008979,Rahul Mehta,,normal,16700.0,2,1,1,1.0,0,0,Delhi,Desktop,,
CUST008980,Arjun Bose,,normal,27200.0,4,3,1,6.8,1,1,Nagpur,iOS,,
CUST008981,Karan Verma,,normal,20000.0,4,4,0,2.8,2,2,Bangalore,Android,,
CUST008982,Ishaan Reddy,,normal,31900.0,8,6,2,2.1,1,1,Ahmedabad,iOS,,
CUST008983,Rohan Kapoor,,normal,16200.0,1,1,0,2.3,2,2,Jaipur,iOS,,
CUST008984,Karan Reddy,,normal,12600.0,2,2,0,6.6,0,0,Bangalore,iOS,,
CUST008985,Neha Joshi,,normal,11400.0,1,1,0,5.6,1,1,Ahmedabad,Android,,
CUST008986,Rohan Rao,,normal,26800.0,3,3,0,1.2,2,2,Mumbai,Android,,
CUST008987,Saanvi Patel,Malhotra Traders Pvt Ltd,b2b,223500.0,34,28,6,5.7,5,5,Ahmedabad,Android,,
CUST008988,Aman Mehta,,normal,17800.0,3,2,1,1.5,0,0,Mumbai,Android,,
CUST008989,Karan Verma,,dormant_high_ltv,589600.0,60,54,6,2.4,1,1,Delhi,iOS,,
CUST008990,Vivaan Rao,,normal,12300.0,3,3,0,3.0,0,0,Pune,Android,,
CUST008991,Priya Patel,,normal,22500.0,4,3,1,7.4,1,1,Mumbai,Android,,
CUST008992,Ishaan Sharma,,group_d_broken_promise,17700.0,4,2,2,16.3,10,3,Mumbai,Desktop,,
CUST008993,Simran Rao,,group_d_broken_promise,26800.0,7,3,4,29.5,11,4,Lucknow,Android,,
CUST008994,Vivaan Sharma,,normal,7300.0,2,2,0,4.9,0,0,Nagpur,iOS,,
CUST008995,Simran Nair,,normal,19100.0,3,2,1,3.3,1,1,Ahmedabad,Android,,
CUST008996,Aman Bose,,normal,21400.0,4,4,0,2.3,1,1,Chennai,Android,,
CUST008997,Aditya Sharma,,normal,22900.0,2,2,0,8.4,0,0,Kolkata,Android,,
CUST008998,Saanvi Singh,,normal,39600.0,7,5,2,5.1,0,0,Ahmedabad,Android,,
CUST008999,Arjun Malhotra,,normal,15700.0,5,5,0,2.9,2,1,Bangalore,Android,,
CUST009000,Priya Iyer,,normal,21500.0,6,5,1,0.7,0,0,Jaipur,iOS,,
CUST009001,Neha Bose,,normal,23400.0,4,3,1,0.3,2,2,Bangalore,Desktop,,
CUST009002,Karan Singh,Joshi Tech Pvt Ltd,b2b,254400.0,31,30,1,7.8,4,3,Bangalore,Android,,
CUST009003,Rahul Rao,,normal,17900.0,2,2,0,2.9,1,1,Ahmedabad,iOS,,
CUST009004,Sanya Sharma,,dormant_high_ltv,372600.0,45,38,7,1.4,0,0,Jaipur,Android,,
CUST009005,Arjun Mehta,,dormant_high_ltv,442000.0,51,44,7,0.7,1,1,Kolkata,iOS,,
CUST009006,Aditya Nair,,normal,9500.0,2,2,0,1.8,0,0,Pune,Android,,
CUST009007,Ananya Gupta,,group_d_broken_promise,17600.0,4,2,2,48.5,7,2,Hyderabad,iOS,,
CUST009008,Aditya Malhotra,,normal,28200.0,3,2,1,1.8,2,2,Kolkata,iOS,,
CUST009009,Neha Mehta,,normal,5600.0,2,2,0,8.6,0,0,Nagpur,Android,,
CUST009010,Priya Reddy,,dormant_high_ltv,376800.0,49,47,2,1.6,0,0,Chennai,Android,,
CUST009011,Simran Iyer,,normal,9800.0,1,1,0,5.2,2,2,Hyderabad,Desktop,,
CUST009012,Priya Verma,,normal,15500.0,2,2,0,4.1,2,2,Jaipur,iOS,,
CUST009013,Karan Rao,,normal,9800.0,2,2,0,4.7,1,1,Hyderabad,Android,,
CUST009014,Priya Malhotra,Bose Tech Pvt Ltd,b2b,209700.0,28,27,1,8.0,2,2,Ahmedabad,Android,,
CUST009015,Sanya Gupta,,normal,19100.0,3,3,0,7.4,2,1,Kolkata,iOS,,
CUST009016,Vivaan Joshi,,normal,33500.0,4,3,1,3.9,1,1,Pune,Android,,
CUST009017,Aman Joshi,,normal,48200.0,4,4,0,2.1,1,1,Chennai,iOS,,
CUST009018,Rohan Nair,,normal,18000.0,4,3,1,3.7,1,1,Chennai,Android,,
CUST009019,Neha Patel,,normal,22400.0,5,4,1,1.4,2,2,Kolkata,Android,,
CUST009020,Vivaan Verma,,normal,19000.0,2,2,0,0.3,2,1,Mumbai,Android,,
CUST009021,Simran Bose,Malhotra Solutions Pvt Ltd,b2b,552200.0,63,61,2,6.9,2,2,Pune,iOS,,
CUST009022,Aarav Rao,,normal,17500.0,5,4,1,0.5,2,1,Chennai,Desktop,,
CUST009023,Priya Joshi,,normal,17600.0,1,1,0,2.5,2,2,Delhi,Android,,
CUST009024,Rahul Rao,,normal,43400.0,6,4,2,2.4,2,1,Chennai,iOS,,
CUST009025,Aman Singh,,normal,6100.0,2,2,0,1.1,1,1,Delhi,iOS,,
CUST009026,Saanvi Chawla,,normal,29500.0,5,4,1,4.9,2,2,Pune,Desktop,,
CUST009027,Rahul Reddy,,normal,11600.0,1,1,0,1.0,1,1,Ahmedabad,iOS,,
CUST009028,Ishaan Mehta,,normal,16400.0,1,1,0,3.7,1,1,Kolkata,Desktop,,
CUST009029,Kabir Joshi,,dormant_high_ltv,468800.0,56,54,2,4.3,2,2,Kolkata,Android,,
CUST009030,Myra Reddy,,dormant_high_ltv,330900.0,34,30,4,1.3,2,2,Delhi,Android,,
CUST009031,Ishaan Chawla,Gupta Textiles Pvt Ltd,b2b,364100.0,41,37,4,5.7,1,1,Delhi,Desktop,,
CUST009032,Karan Patel,,normal,9600.0,3,3,0,2.5,0,0,Hyderabad,Android,,
CUST009033,Simran Rao,,normal,9200.0,3,2,1,0.8,2,2,Bangalore,Desktop,,
CUST009034,Diya Reddy,,normal,32000.0,2,2,0,3.1,0,0,Mumbai,Android,,
CUST009035,Meera Iyer,,normal,13000.0,2,2,0,9.2,0,0,Nagpur,iOS,,
CUST009036,Meera Verma,Verma Traders Pvt Ltd,b2b,450400.0,53,47,6,9.3,3,3,Bangalore,iOS,,
CUST009037,Vivaan Malhotra,,normal,18700.0,4,3,1,1.7,1,1,Chennai,iOS,,
CUST009038,Arjun Reddy,,normal,24000.0,3,2,1,4.2,1,1,Nagpur,Android,,
CUST009039,Kabir Verma,,normal,39600.0,9,8,1,0.5,0,0,Bangalore,iOS,,
CUST009040,Ishaan Malhotra,,dormant_high_ltv,198800.0,19,18,1,1.2,2,1,Ahmedabad,iOS,,
CUST009041,Arjun Verma,,group_d_broken_promise,23100.0,3,1,2,36.6,4,1,Bangalore,Desktop,,
CUST009042,Arjun Patel,,group_d_broken_promise,21500.0,3,2,1,37.3,6,1,Ahmedabad,Android,,
CUST009043,Ananya Sharma,,normal,9300.0,3,2,1,1.9,0,0,Ahmedabad,Android,,
CUST009044,Karan Joshi,,normal,41000.0,7,5,2,2.7,0,0,Kolkata,Android,,
CUST009045,Vivaan Singh,Sharma Exports Pvt Ltd,b2b,260000.0,30,28,2,6.4,2,2,Mumbai,Android,,
CUST009046,Saanvi Verma,,dormant_high_ltv,300500.0,38,35,3,6.8,2,1,Pune,Desktop,,
CUST009047,Sanya Patel,Gupta Traders Pvt Ltd,b2b,409900.0,52,43,9,8.0,5,4,Nagpur,iOS,,
CUST009048,Aman Malhotra,,normal,21100.0,3,2,1,1.0,1,1,Jaipur,Desktop,,
CUST009049,Ishaan Sharma,,normal,20600.0,2,2,0,1.1,2,2,Lucknow,Android,,
CUST009050,Aman Mehta,,normal,15600.0,3,2,1,3.3,1,1,Nagpur,iOS,,
CUST009051,Myra Singh,,group_d_broken_promise,46900.0,6,3,3,12.2,8,1,Pune,Android,,
CUST009052,Myra Joshi,,normal,14400.0,3,3,0,4.2,2,2,Indore,iOS,,
CUST009053,Kabir Rao,,normal,7500.0,4,3,1,2.0,0,0,Delhi,Android,,
CUST009054,Simran Nair,,normal,34900.0,3,3,0,1.7,2,2,Kolkata,Desktop,,
CUST009055,Kiara Singh,,normal,8900.0,3,2,1,1.0,1,1,Bangalore,iOS,,
CUST009056,Kiara Malhotra,,normal,13400.0,2,2,0,8.7,1,1,Bangalore,iOS,,
CUST009057,Aditya Verma,,normal,32000.0,8,7,1,6.3,2,1,Pune,Desktop,,
CUST009058,Ishaan Singh,,normal,17400.0,2,2,0,13.2,0,0,Chennai,iOS,,
CUST009059,Vivaan Patel,,dormant_high_ltv,360600.0,50,47,3,2.7,2,2,Ahmedabad,Android,,
CUST009060,Arjun Reddy,,normal,10100.0,3,2,1,1.5,2,2,Hyderabad,Android,,
CUST009061,Aarav Gupta,,normal,28400.0,2,2,0,1.0,1,1,Delhi,Android,,
CUST009062,Meera Patel,,normal,14500.0,1,1,0,1.5,2,2,Jaipur,iOS,,
CUST009063,Arjun Sharma,,normal,13300.0,2,2,0,2.2,2,2,Kolkata,iOS,,
CUST009064,Ananya Verma,,normal,9100.0,2,2,0,4.7,0,0,Hyderabad,Android,,
CUST009065,Sanya Iyer,,group_d_broken_promise,17800.0,5,2,3,42.7,6,1,Nagpur,Desktop,,
CUST009066,Sanya Reddy,,normal,13900.0,4,4,0,1.5,0,0,Mumbai,Desktop,,
CUST009067,Vivaan Iyer,,normal,15400.0,4,4,0,1.3,2,2,Ahmedabad,Android,,
CUST009068,Priya Rao,,normal,23700.0,6,5,1,0.4,1,1,Nagpur,Desktop,,
CUST009069,Neha Sharma,,normal,12100.0,5,4,1,2.1,0,0,Pune,Desktop,,
CUST009070,Rahul Malhotra,Bose Exports Pvt Ltd,b2b,415100.0,53,45,8,13.2,2,2,Lucknow,Android,,
CUST009071,Karan Nair,Patel Retail Pvt Ltd,b2b,676300.0,59,55,4,7.7,4,3,Nagpur,Android,,
CUST009072,Neha Bose,Joshi Distributors Pvt Ltd,b2b,436200.0,46,39,7,6.8,1,1,Ahmedabad,iOS,,
CUST009073,Sanya Rao,,normal,35500.0,6,5,1,1.8,1,1,Bangalore,Android,,
CUST009074,Aditya Rao,,normal,32500.0,7,6,1,1.6,1,1,Mumbai,Android,,
CUST009075,Ananya Verma,,normal,32500.0,8,7,1,4.5,2,1,Kolkata,Android,,
CUST009076,Aditya Joshi,,group_d_broken_promise,34400.0,6,2,4,24.9,6,1,Nagpur,iOS,,
CUST009077,Priya Patel,,normal,20300.0,7,6,1,1.5,1,1,Lucknow,iOS,,
CUST009078,Kiara Chawla,,normal,27400.0,2,2,0,3.7,0,0,Jaipur,Android,,
CUST009079,Kiara Verma,,dormant_high_ltv,399800.0,42,38,4,1.3,0,0,Pune,Android,,
CUST009080,Ananya Singh,Reddy Foods Pvt Ltd,b2b,483400.0,60,48,12,9.8,1,1,Indore,Android,,
CUST009081,Neha Patel,,normal,26100.0,9,8,1,1.4,2,1,Ahmedabad,iOS,,
CUST009082,Arjun Nair,,normal,30600.0,4,4,0,1.9,2,2,Kolkata,Desktop,,
CUST009083,Aditya Gupta,,group_d_broken_promise,25200.0,6,4,2,17.1,7,1,Hyderabad,Android,,
CUST009084,Myra Joshi,Joshi Textiles Pvt Ltd,b2b,374400.0,48,46,2,5.1,5,4,Ahmedabad,Android,,
CUST009085,Kiara Patel,,dormant_high_ltv,364300.0,49,43,6,5.5,0,0,Chennai,Android,,
CUST009086,Aarav Kapoor,,group_d_broken_promise,41000.0,4,2,2,13.3,5,1,Delhi,iOS,,
CUST009087,Aman Chawla,Reddy Distributors Pvt Ltd,b2b,144700.0,25,21,4,6.3,3,2,Chennai,Android,,
CUST009088,Myra Mehta,,normal,32200.0,9,8,1,5.9,2,2,Chennai,Android,,
CUST009089,Aditya Rao,,normal,26700.0,3,2,1,2.3,0,0,Indore,Android,,
CUST009090,Myra Chawla,,normal,27000.0,7,6,1,1.1,2,2,Ahmedabad,iOS,,
CUST009091,Rohan Bose,,normal,25700.0,2,2,0,1.3,2,2,Lucknow,Android,,
CUST009092,Diya Rao,,normal,27000.0,3,3,0,5.5,2,2,Lucknow,Desktop,,
CUST009093,Karan Reddy,,group_d_broken_promise,54000.0,6,3,3,33.9,8,2,Delhi,Android,,
CUST009094,Ishaan Gupta,Malhotra Foods Pvt Ltd,b2b,396700.0,43,37,6,7.0,1,1,Chennai,Android,,
CUST009095,Rohan Nair,Patel Exports Pvt Ltd,b2b,334300.0,42,37,5,14.1,3,3,Chennai,Desktop,,
CUST009096,Kabir Rao,,normal,19300.0,2,2,0,5.9,2,2,Chennai,iOS,,
CUST009097,Vivaan Verma,,normal,13500.0,1,1,0,2.6,2,2,Ahmedabad,iOS,,
CUST009098,Saanvi Sharma,,normal,10300.0,1,1,0,0.3,2,2,Chennai,iOS,,
CUST009099,Ananya Patel,,normal,9100.0,1,1,0,1.6,1,1,Nagpur,iOS,,
CUST009100,Rohan Bose,,normal,10800.0,1,1,0,1.7,2,2,Bangalore,Android,,
CUST009101,Saanvi Patel,Gupta Enterprises Pvt Ltd,b2b,328600.0,41,33,8,7.3,5,4,Jaipur,iOS,,
CUST009102,Saanvi Bose,,normal,31100.0,6,5,1,4.6,0,0,Pune,iOS,,
CUST009103,Aarav Mehta,,normal,38200.0,6,5,1,0.8,0,0,Nagpur,Android,,
CUST009104,Aman Verma,,normal,26400.0,7,6,1,2.6,2,2,Pune,Desktop,,
CUST009105,Sanya Mehta,,normal,21300.0,3,3,0,2.6,1,1,Ahmedabad,Android,,
CUST009106,Karan Gupta,,normal,7500.0,1,1,0,1.4,1,1,Pune,Android,,
CUST009107,Sanya Singh,Patel Apparel Pvt Ltd,b2b,301400.0,37,30,7,5.7,5,4,Kolkata,Android,,
CUST009108,Ananya Gupta,,normal,17600.0,1,1,0,5.5,1,1,Hyderabad,Android,,
CUST009109,Rahul Bose,,normal,13100.0,1,1,0,1.1,0,0,Lucknow,iOS,,
CUST009110,Kabir Nair,,normal,13100.0,1,1,0,1.6,0,0,Kolkata,Android,,
CUST009111,Rahul Bose,,normal,20000.0,4,4,0,0.6,0,0,Mumbai,iOS,,
CUST009112,Neha Malhotra,,normal,26300.0,3,2,1,4.1,0,0,Delhi,Android,,
CUST009113,Myra Joshi,,normal,18900.0,4,3,1,2.0,0,0,Nagpur,Android,,
CUST009114,Sanya Joshi,,normal,53000.0,6,5,1,0.6,2,2,Ahmedabad,Android,,
CUST009115,Myra Mehta,,normal,21000.0,1,1,0,0.8,2,2,Mumbai,Android,,
CUST009116,Rohan Singh,,normal,7000.0,1,1,0,1.3,2,2,Chennai,Desktop,,
CUST009117,Myra Reddy,,group_d_broken_promise,25000.0,2,1,1,30.9,3,1,Nagpur,Desktop,,
CUST009118,Ishaan Nair,,normal,43600.0,12,10,2,1.0,2,2,Lucknow,iOS,,
CUST009119,Meera Bose,,normal,18400.0,2,2,0,2.3,0,0,Kolkata,Android,,
CUST009120,Sanya Kapoor,,normal,38100.0,5,4,1,2.9,0,0,Lucknow,Android,,
CUST009121,Aarav Malhotra,,normal,9000.0,3,2,1,0.2,2,2,Lucknow,Android,,
CUST009122,Kiara Iyer,,normal,12100.0,6,5,1,4.2,1,1,Jaipur,Android,,
CUST009123,Arjun Nair,,normal,10700.0,3,2,1,4.7,2,2,Lucknow,iOS,,
CUST009124,Vivaan Malhotra,Malhotra Distributors Pvt Ltd,b2b,328600.0,39,35,4,9.2,5,4,Kolkata,Android,,
CUST009125,Vivaan Iyer,,normal,30700.0,6,5,1,1.8,1,1,Chennai,Android,,
CUST009126,Saanvi Malhotra,,normal,34800.0,5,4,1,1.8,2,2,Ahmedabad,Android,,
CUST009127,Kiara Reddy,Reddy Foods Pvt Ltd,b2b,281900.0,49,40,9,4.1,2,2,Nagpur,Desktop,,
CUST009128,Simran Malhotra,,normal,24500.0,3,3,0,3.7,1,1,Ahmedabad,Android,,
CUST009129,Rohan Chawla,Rao Logistics Pvt Ltd,b2b,466200.0,63,53,10,6.5,3,2,Hyderabad,iOS,,
CUST009130,Ananya Sharma,,normal,21900.0,3,2,1,6.4,0,0,Jaipur,Android,,
CUST009131,Myra Joshi,,group_d_broken_promise,11400.0,3,1,2,28.1,6,1,Kolkata,iOS,,
CUST009132,Saanvi Bose,,normal,7300.0,2,1,1,4.3,1,1,Nagpur,iOS,,
CUST009133,Ananya Verma,,normal,12700.0,2,1,1,7.3,0,0,Chennai,Android,,
CUST009134,Saanvi Gupta,,normal,13700.0,3,2,1,3.7,1,1,Lucknow,Android,,
CUST009135,Vivaan Verma,,dormant_high_ltv,362400.0,52,46,6,1.4,0,0,Pune,Android,,
CUST009136,Meera Verma,,normal,8100.0,2,2,0,1.3,1,1,Delhi,iOS,,
CUST009137,Aman Patel,,normal,17900.0,2,1,1,1.2,0,0,Chennai,iOS,,
CUST009138,Kabir Kapoor,,normal,24900.0,4,3,1,2.9,1,1,Pune,Android,,
CUST009139,Aditya Mehta,Joshi Apparel Pvt Ltd,b2b,246800.0,41,38,3,4.4,5,5,Indore,iOS,,
CUST009140,Arjun Sharma,,group_d_broken_promise,14900.0,5,2,3,26.7,10,3,Hyderabad,iOS,,
CUST009141,Priya Joshi,,normal,29000.0,4,4,0,3.0,2,2,Delhi,iOS,,
CUST009142,Priya Mehta,,normal,25800.0,5,4,1,5.7,0,0,Bangalore,iOS,,
CUST009143,Neha Patel,Nair Tech Pvt Ltd,b2b,640300.0,69,59,10,12.9,2,2,Bangalore,iOS,,
CUST009144,Kabir Rao,,normal,16100.0,3,2,1,5.0,0,0,Hyderabad,iOS,,
CUST009145,Saanvi Iyer,,dormant_high_ltv,542200.0,62,55,7,0.1,2,2,Ahmedabad,iOS,,
CUST009146,Priya Nair,,normal,14200.0,2,2,0,7.4,0,0,Mumbai,Desktop,,
CUST009147,Sanya Reddy,Joshi Enterprises Pvt Ltd,b2b,451600.0,40,35,5,5.1,4,3,Kolkata,iOS,,
CUST009148,Ishaan Joshi,,normal,16600.0,3,3,0,0.6,0,0,Chennai,Android,,
CUST009149,Rohan Patel,,normal,17700.0,4,3,1,3.7,0,0,Hyderabad,Android,,
CUST009150,Ishaan Reddy,,group_d_broken_promise,13400.0,3,2,1,30.3,3,1,Indore,Android,,
CUST009151,Vivaan Singh,Gupta Industries Pvt Ltd,b2b,512100.0,76,68,8,7.1,2,2,Lucknow,Android,,
CUST009152,Karan Verma,,normal,10500.0,1,1,0,2.1,0,0,Mumbai,Android,,
CUST009153,Rahul Malhotra,,normal,14600.0,1,1,0,1.0,1,1,Indore,Android,,
CUST009154,Rohan Iyer,,normal,13300.0,3,2,1,5.6,1,1,Indore,Android,,
CUST009155,Rahul Patel,,normal,40800.0,7,5,2,1.6,1,1,Pune,Android,,
CUST009156,Ananya Sharma,,normal,30300.0,4,4,0,3.7,1,1,Bangalore,Android,,
CUST009157,Ishaan Reddy,,normal,24700.0,5,4,1,4.8,0,0,Delhi,Desktop,,
CUST009158,Simran Singh,,group_d_broken_promise,20800.0,6,2,4,13.3,8,1,Indore,Android,,
CUST009159,Saanvi Rao,Verma Logistics Pvt Ltd,b2b,252800.0,23,19,4,4.6,5,4,Chennai,iOS,,
CUST009160,Neha Patel,,normal,11400.0,4,4,0,6.4,1,1,Mumbai,iOS,,
CUST009161,Arjun Singh,Singh Apparel Pvt Ltd,b2b,294200.0,40,37,3,19.8,1,1,Jaipur,iOS,,
CUST009162,Aarav Joshi,,normal,27300.0,3,3,0,1.8,1,1,Jaipur,Android,,
CUST009163,Aditya Chawla,,normal,12500.0,2,2,0,2.1,0,0,Pune,iOS,,
CUST009164,Aman Malhotra,,normal,27500.0,5,4,1,1.3,2,2,Ahmedabad,iOS,,
CUST009165,Kiara Sharma,,normal,16400.0,4,3,1,1.8,1,1,Lucknow,Android,,
CUST009166,Neha Iyer,,normal,33100.0,2,2,0,1.0,1,1,Chennai,Desktop,,
CUST009167,Diya Gupta,,normal,8800.0,2,1,1,0.4,0,0,Indore,iOS,,
CUST009168,Rahul Rao,,group_d_broken_promise,19300.0,1,1,0,17.5,9,2,Hyderabad,Desktop,,
CUST009169,Saanvi Kapoor,,group_d_broken_promise,29000.0,4,2,2,14.3,9,2,Kolkata,Android,,
CUST009170,Ananya Kapoor,Gupta Solutions Pvt Ltd,b2b,369100.0,49,44,5,2.4,4,4,Ahmedabad,Desktop,,
CUST009171,Ishaan Malhotra,,group_d_broken_promise,39500.0,5,3,2,20.6,3,0,Kolkata,iOS,,
CUST009172,Priya Reddy,,normal,26800.0,4,4,0,3.0,2,2,Chennai,iOS,,
CUST009173,Kiara Verma,,dormant_high_ltv,311400.0,39,33,6,2.1,1,1,Hyderabad,iOS,,
CUST009174,Arjun Patel,,group_d_broken_promise,11000.0,3,1,2,32.7,5,1,Mumbai,iOS,,
CUST009175,Myra Iyer,,normal,34600.0,6,5,1,1.3,1,1,Pune,Android,,
CUST009176,Simran Chawla,,normal,16800.0,3,3,0,0.2,0,0,Lucknow,Android,,
CUST009177,Aarav Malhotra,,normal,16200.0,4,3,1,1.8,1,1,Lucknow,Desktop,,
CUST009178,Neha Rao,,normal,18800.0,2,2,0,0.6,0,0,Delhi,iOS,,
CUST009179,Aarav Sharma,,normal,24600.0,5,4,1,9.7,2,2,Jaipur,Android,,
CUST009180,Kabir Joshi,,dormant_high_ltv,411600.0,57,49,8,2.1,0,0,Nagpur,Android,,
CUST009181,Neha Joshi,,normal,13900.0,1,1,0,2.1,0,0,Mumbai,Android,,
CUST009182,Meera Mehta,,group_d_broken_promise,26100.0,5,2,3,26.0,6,1,Pune,iOS,,
CUST009183,Arjun Chawla,,normal,12900.0,3,3,0,1.3,1,1,Ahmedabad,iOS,,
CUST009184,Priya Malhotra,,normal,44100.0,7,6,1,9.2,1,1,Jaipur,Android,,
CUST009185,Meera Singh,,normal,15800.0,2,2,0,5.7,2,2,Lucknow,Android,,
CUST009186,Myra Sharma,,normal,18200.0,4,4,0,1.7,2,1,Kolkata,Android,,
CUST009187,Karan Iyer,,normal,14900.0,4,3,1,0.9,2,1,Hyderabad,iOS,,
CUST009188,Priya Mehta,,normal,25600.0,6,5,1,0.6,0,0,Indore,Desktop,,
CUST009189,Vivaan Gupta,,normal,13300.0,1,1,0,2.4,2,2,Chennai,iOS,,
CUST009190,Saanvi Gupta,,normal,17500.0,6,6,0,7.6,0,0,Mumbai,iOS,,
CUST009191,Sanya Nair,,normal,31200.0,3,2,1,7.5,1,1,Chennai,Android,,
CUST009192,Karan Gupta,Reddy Foods Pvt Ltd,b2b,356400.0,49,46,3,7.3,4,3,Mumbai,Android,,
CUST009193,Kiara Chawla,,normal,29100.0,6,5,1,0.7,1,1,Pune,Android,,
CUST009194,Aarav Nair,Rao Foods Pvt Ltd,b2b,452000.0,61,50,11,8.8,5,5,Nagpur,Android,,
CUST009195,Ishaan Malhotra,,normal,15700.0,2,1,1,2.2,0,0,Delhi,iOS,,
CUST009196,Kiara Patel,,group_d_broken_promise,18100.0,3,2,1,38.6,4,1,Ahmedabad,Android,,
CUST009197,Rohan Mehta,,normal,19100.0,4,3,1,2.3,2,2,Delhi,iOS,,
CUST009198,Rahul Joshi,Malhotra Traders Pvt Ltd,b2b,356900.0,39,32,7,2.9,1,1,Pune,Android,,
CUST009199,Vivaan Rao,Gupta Industries Pvt Ltd,b2b,654000.0,50,44,6,13.5,5,5,Chennai,Android,,
CUST009200,Karan Verma,,normal,11700.0,2,2,0,2.1,2,2,Bangalore,Android,,
CUST009201,Meera Joshi,,group_d_broken_promise,26500.0,8,3,5,26.8,7,1,Kolkata,iOS,,
CUST009202,Saanvi Singh,,normal,19000.0,4,4,0,4.1,1,1,Ahmedabad,iOS,,
CUST009203,Aman Rao,,normal,48500.0,12,8,4,3.0,2,2,Hyderabad,Android,,
CUST009204,Diya Malhotra,,normal,28100.0,4,3,1,0.2,1,1,Chennai,Android,,
CUST009205,Aman Malhotra,,dormant_high_ltv,280600.0,37,33,4,1.2,0,0,Chennai,Android,,
CUST009206,Ishaan Singh,,normal,11600.0,2,2,0,0.5,0,0,Kolkata,iOS,,
CUST009207,Simran Mehta,,normal,8200.0,1,1,0,5.1,0,0,Delhi,Android,,
CUST009208,Neha Chawla,,normal,11800.0,2,2,0,2.6,0,0,Chennai,Desktop,,
CUST009209,Kabir Kapoor,Reddy Exports Pvt Ltd,b2b,254600.0,25,23,2,2.6,1,1,Bangalore,Android,,
CUST009210,Myra Bose,,normal,9700.0,2,1,1,1.4,2,2,Indore,Android,,
CUST009211,Neha Bose,,normal,17500.0,3,3,0,3.1,1,1,Hyderabad,iOS,,
CUST009212,Myra Sharma,,normal,32600.0,6,5,1,2.1,0,0,Lucknow,iOS,,
CUST009213,Karan Patel,,group_d_broken_promise,20900.0,4,2,2,27.4,11,3,Hyderabad,iOS,,
CUST009214,Rahul Sharma,,group_d_broken_promise,36200.0,9,5,4,32.5,4,1,Delhi,Android,,
CUST009215,Rahul Reddy,,dormant_high_ltv,495900.0,70,69,1,2.8,2,2,Hyderabad,Desktop,,
CUST009216,Sanya Rao,,normal,17600.0,3,2,1,0.7,2,2,Lucknow,Desktop,,
CUST009217,Arjun Chawla,,normal,13400.0,1,1,0,2.7,1,1,Lucknow,Android,,
CUST009218,Rahul Reddy,,normal,15800.0,2,2,0,2.6,0,0,Jaipur,iOS,,
CUST009219,Priya Patel,,normal,24300.0,5,4,1,0.1,1,1,Hyderabad,Android,,
CUST009220,Aarav Mehta,,group_d_broken_promise,15400.0,2,1,1,21.1,4,1,Delhi,iOS,,
CUST009221,Diya Verma,,normal,20500.0,2,1,1,2.0,2,2,Hyderabad,Android,,
CUST009222,Saanvi Sharma,Verma Retail Pvt Ltd,b2b,237400.0,37,33,4,4.8,2,2,Ahmedabad,Desktop,,
CUST009223,Rahul Malhotra,Nair Traders Pvt Ltd,b2b,289300.0,47,43,4,5.7,3,2,Indore,Android,,
CUST009224,Saanvi Kapoor,,normal,11900.0,5,4,1,0.4,1,1,Lucknow,iOS,,
CUST009225,Neha Reddy,,dormant_high_ltv,438500.0,50,44,6,0.5,0,0,Indore,Android,,
CUST009226,Rahul Sharma,,normal,28200.0,5,5,0,3.4,2,2,Jaipur,Desktop,,
CUST009227,Saanvi Singh,,normal,10800.0,3,2,1,2.6,1,1,Lucknow,Desktop,,
CUST009228,Diya Joshi,,normal,19800.0,2,2,0,0.3,0,0,Mumbai,iOS,,
CUST009229,Aditya Mehta,,normal,14700.0,1,1,0,0.6,1,1,Hyderabad,iOS,,
CUST009230,Neha Iyer,,normal,16900.0,5,4,1,0.7,1,1,Delhi,Android,,
CUST009231,Diya Kapoor,,dormant_high_ltv,718000.0,63,60,3,3.5,2,2,Nagpur,Android,,
CUST009232,Diya Chawla,,normal,11000.0,2,2,0,2.6,0,0,Kolkata,Android,,
CUST009233,Priya Iyer,,normal,19200.0,3,3,0,1.5,1,1,Delhi,Android,,
CUST009234,Kiara Reddy,,normal,10400.0,3,3,0,1.8,0,0,Kolkata,Android,,
CUST009235,Rohan Sharma,,group_d_broken_promise,18600.0,4,1,3,22.9,4,1,Hyderabad,iOS,,
CUST009236,Ishaan Chawla,Mehta Tech Pvt Ltd,b2b,328800.0,36,30,6,4.8,5,5,Indore,Android,,
CUST009237,Aarav Verma,,normal,14200.0,3,2,1,1.9,2,1,Indore,iOS,,
CUST009238,Ananya Iyer,,normal,16400.0,2,2,0,2.1,1,1,Indore,Desktop,,
CUST009239,Aarav Kapoor,,normal,12000.0,1,1,0,5.2,1,1,Hyderabad,Android,,
CUST009240,Diya Joshi,,normal,35700.0,4,3,1,4.8,0,0,Ahmedabad,Android,,
CUST009241,Arjun Singh,Singh Distributors Pvt Ltd,b2b,529200.0,72,65,7,5.4,1,1,Mumbai,Android,,
CUST009242,Neha Joshi,,normal,14200.0,3,3,0,1.4,0,0,Chennai,iOS,,
CUST009243,Rahul Singh,,dormant_high_ltv,308600.0,37,36,1,0.5,0,0,Nagpur,Desktop,,
CUST009244,Simran Chawla,Malhotra Industries Pvt Ltd,b2b,405900.0,52,45,7,4.5,5,4,Hyderabad,iOS,,
CUST009245,Rohan Joshi,,normal,15800.0,2,2,0,2.9,2,1,Jaipur,Android,,
CUST009246,Rahul Gupta,,normal,18800.0,1,1,0,1.9,2,1,Chennai,iOS,,
CUST009247,Neha Reddy,,normal,9000.0,2,1,1,2.6,0,0,Ahmedabad,Android,,
CUST009248,Myra Gupta,,normal,7400.0,2,2,0,2.2,1,1,Mumbai,iOS,,
CUST009249,Diya Verma,,normal,16400.0,3,2,1,3.6,1,1,Nagpur,Desktop,,
CUST009250,Arjun Chawla,,normal,8000.0,3,3,0,4.7,2,1,Jaipur,iOS,,
CUST009251,Myra Sharma,Verma Solutions Pvt Ltd,b2b,152100.0,24,22,2,3.2,5,5,Mumbai,iOS,,
CUST009252,Myra Kapoor,Joshi Distributors Pvt Ltd,b2b,156300.0,12,10,2,4.2,5,5,Ahmedabad,iOS,,
CUST009253,Diya Malhotra,,normal,22000.0,3,3,0,1.5,0,0,Jaipur,iOS,,
CUST009254,Vivaan Verma,,normal,22600.0,2,1,1,8.6,2,2,Mumbai,Desktop,,
CUST009255,Simran Gupta,,normal,22000.0,6,5,1,2.0,2,2,Delhi,Android,,
CUST009256,Meera Mehta,Rao Tech Pvt Ltd,b2b,339600.0,38,36,2,10.4,5,4,Lucknow,Android,,
CUST009257,Rahul Rao,,normal,27100.0,4,3,1,2.4,0,0,Nagpur,Desktop,,
CUST009258,Kiara Sharma,,normal,16300.0,2,2,0,4.5,2,2,Pune,iOS,,
CUST009259,Saanvi Singh,,normal,36200.0,7,5,2,1.0,2,2,Ahmedabad,Android,,
CUST009260,Myra Verma,,normal,20900.0,3,2,1,3.5,1,1,Indore,Android,,
CUST009261,Sanya Bose,,normal,34700.0,3,3,0,2.9,1,1,Bangalore,Android,,
CUST009262,Simran Verma,,group_d_broken_promise,24100.0,3,2,1,24.1,11,2,Kolkata,iOS,,
CUST009263,Ishaan Joshi,,normal,26400.0,6,5,1,2.7,0,0,Bangalore,Android,,
CUST009264,Sanya Joshi,,normal,16600.0,4,3,1,1.6,2,1,Ahmedabad,iOS,,
CUST009265,Neha Joshi,,group_d_broken_promise,21900.0,6,3,3,21.1,5,2,Jaipur,Desktop,,
CUST009266,Meera Chawla,,normal,20800.0,3,3,0,0.2,0,0,Pune,Android,,
CUST009267,Aditya Rao,,normal,24200.0,3,2,1,1.3,2,2,Ahmedabad,Android,,
CUST009268,Simran Patel,,normal,7200.0,2,2,0,1.6,0,0,Hyderabad,Android,,
CUST009269,Priya Chawla,,normal,9100.0,5,4,1,3.1,1,1,Bangalore,Android,,
CUST009270,Aditya Malhotra,,normal,39800.0,6,5,1,2.2,1,1,Nagpur,iOS,,
CUST009271,Saanvi Rao,,dormant_high_ltv,643100.0,53,51,2,1.1,0,0,Indore,Android,,
CUST009272,Ananya Nair,,normal,24100.0,2,2,0,7.4,2,2,Delhi,iOS,,
CUST009273,Vivaan Bose,,normal,30800.0,4,3,1,1.7,1,1,Nagpur,Android,,
CUST009274,Saanvi Gupta,,normal,16200.0,6,4,2,7.7,0,0,Kolkata,Android,,
CUST009275,Rahul Chawla,,normal,35000.0,8,7,1,0.5,1,1,Indore,iOS,,
CUST009276,Rohan Mehta,,dormant_high_ltv,318200.0,35,32,3,1.3,1,1,Jaipur,Android,,
CUST009277,Priya Singh,,normal,16700.0,6,6,0,2.2,0,0,Nagpur,Android,,
CUST009278,Aditya Reddy,,dormant_high_ltv,371800.0,44,41,3,2.6,1,1,Delhi,iOS,,
CUST009279,Kiara Iyer,Singh Retail Pvt Ltd,b2b,305500.0,50,44,6,8.4,1,1,Kolkata,iOS,,
CUST009280,Aman Nair,,normal,24000.0,3,2,1,3.2,1,1,Nagpur,iOS,,
CUST009281,Myra Joshi,,normal,37600.0,3,2,1,4.8,1,1,Ahmedabad,Android,,
CUST009282,Priya Mehta,,normal,25500.0,3,2,1,0.4,1,1,Indore,Android,,
CUST009283,Saanvi Mehta,,normal,10800.0,3,2,1,1.9,2,1,Jaipur,Android,,
CUST009284,Aarav Mehta,,group_d_broken_promise,24100.0,5,3,2,26.0,9,1,Indore,iOS,,
CUST009285,Sanya Sharma,,normal,17300.0,4,3,1,2.9,1,1,Lucknow,iOS,,
CUST009286,Arjun Chawla,,group_d_broken_promise,12000.0,2,1,1,42.0,7,2,Mumbai,Android,,
CUST009287,Rohan Joshi,,normal,21300.0,4,3,1,2.2,1,1,Hyderabad,Android,,
CUST009288,Meera Malhotra,,normal,24800.0,5,4,1,1.9,2,2,Indore,Android,,
CUST009289,Ishaan Kapoor,,normal,32900.0,4,3,1,0.6,2,2,Delhi,Android,,
CUST009290,Kiara Mehta,,dormant_high_ltv,290500.0,31,27,4,5.2,1,1,Delhi,Android,,
CUST009291,Neha Patel,,normal,24900.0,4,4,0,0.4,2,1,Jaipur,iOS,,
CUST009292,Vivaan Patel,,normal,17700.0,2,2,0,5.1,2,2,Indore,Desktop,,
CUST009293,Aditya Verma,,normal,15900.0,2,2,0,6.5,2,2,Jaipur,Android,,
CUST009294,Priya Singh,,group_d_broken_promise,49900.0,6,3,3,25.0,5,1,Indore,Desktop,,
CUST009295,Ananya Joshi,,group_d_broken_promise,20100.0,5,3,2,31.6,3,1,Indore,Desktop,,
CUST009296,Myra Singh,,normal,16300.0,5,4,1,1.6,1,1,Ahmedabad,iOS,,
CUST009297,Arjun Mehta,,group_d_broken_promise,15900.0,4,2,2,49.2,9,1,Pune,Android,,
CUST009298,Saanvi Iyer,,normal,14300.0,2,2,0,6.6,2,2,Jaipur,iOS,,
CUST009299,Sanya Gupta,,normal,14000.0,1,1,0,2.0,0,0,Jaipur,Android,,
CUST009300,Vivaan Malhotra,,group_d_broken_promise,24400.0,6,3,3,17.7,9,2,Pune,Android,,
CUST009301,Sanya Singh,,normal,30400.0,3,2,1,0.9,2,2,Nagpur,iOS,,
CUST009302,Vivaan Sharma,,normal,19800.0,3,2,1,4.4,0,0,Bangalore,Android,,
CUST009303,Karan Malhotra,Mehta Foods Pvt Ltd,b2b,343100.0,39,34,5,2.7,2,2,Nagpur,Desktop,,
CUST009304,Ananya Iyer,,normal,14400.0,2,1,1,0.2,2,2,Pune,Desktop,,
CUST009305,Aarav Mehta,,dormant_high_ltv,714800.0,49,44,5,1.0,2,2,Mumbai,iOS,,
CUST009306,Aditya Malhotra,,normal,18600.0,5,5,0,0.2,2,2,Kolkata,Desktop,,
CUST009307,Aarav Sharma,,normal,14900.0,4,3,1,7.1,1,1,Hyderabad,Android,,
CUST009308,Myra Sharma,,normal,7600.0,2,2,0,2.1,1,1,Bangalore,Android,,
CUST009309,Arjun Sharma,Iyer Tech Pvt Ltd,b2b,328900.0,50,41,9,7.9,5,5,Jaipur,Desktop,,
CUST009310,Priya Rao,,normal,25100.0,3,3,0,2.8,1,1,Hyderabad,Android,,
CUST009311,Sanya Kapoor,Iyer Foods Pvt Ltd,b2b,615800.0,70,57,13,8.6,4,3,Ahmedabad,iOS,,
CUST009312,Kiara Iyer,,normal,31400.0,8,6,2,4.2,2,2,Nagpur,Android,,
CUST009313,Aman Joshi,Patel Exports Pvt Ltd,b2b,498700.0,63,61,2,2.6,4,3,Hyderabad,Desktop,,
CUST009314,Rohan Bose,,normal,28600.0,7,6,1,5.2,1,1,Mumbai,Android,,
CUST009315,Rohan Gupta,,group_d_broken_promise,26200.0,10,6,4,42.6,7,1,Chennai,iOS,,
CUST009316,Aman Joshi,,normal,27700.0,4,3,1,9.6,2,2,Nagpur,iOS,,
CUST009317,Kiara Rao,,normal,10500.0,4,3,1,1.1,2,2,Indore,Android,,
CUST009318,Diya Malhotra,Kapoor Industries Pvt Ltd,b2b,294600.0,47,46,1,21.1,4,4,Nagpur,Android,,
CUST009319,Saanvi Rao,,normal,35000.0,5,5,0,1.5,2,2,Nagpur,Android,,
CUST009320,Arjun Joshi,,group_d_broken_promise,60900.0,9,3,6,33.3,5,2,Mumbai,Android,,
CUST009321,Saanvi Patel,,normal,13600.0,3,2,1,5.7,0,0,Bangalore,Desktop,,
CUST009322,Diya Singh,Verma Exports Pvt Ltd,b2b,354500.0,44,38,6,11.4,3,3,Chennai,Android,,
CUST009323,Kabir Verma,,group_d_broken_promise,42600.0,7,3,4,33.4,9,1,Delhi,Android,,
CUST009324,Arjun Gupta,,normal,9600.0,1,1,0,4.3,0,0,Delhi,iOS,,
CUST009325,Aarav Reddy,,normal,5900.0,2,1,1,2.0,2,2,Chennai,Android,,
CUST009326,Ishaan Sharma,,normal,21000.0,2,2,0,0.7,0,0,Chennai,Android,,
CUST009327,Ishaan Verma,,normal,35400.0,4,3,1,2.1,0,0,Nagpur,iOS,,
CUST009328,Aditya Malhotra,,dormant_high_ltv,456800.0,65,60,5,3.0,1,1,Chennai,iOS,,
CUST009329,Arjun Rao,,dormant_high_ltv,458200.0,45,40,5,2.6,0,0,Bangalore,iOS,,
CUST009330,Rohan Reddy,,normal,32900.0,5,4,1,0.9,0,0,Pune,Android,,
CUST009331,Vivaan Joshi,,normal,18900.0,2,2,0,4.4,2,2,Chennai,Android,,
CUST009332,Karan Singh,,dormant_high_ltv,325100.0,34,33,1,3.1,0,0,Pune,iOS,,
CUST009333,Myra Bose,,normal,29900.0,5,4,1,3.8,2,2,Bangalore,Android,,
CUST009334,Aarav Joshi,,normal,49300.0,7,6,1,4.7,2,2,Mumbai,Android,,
CUST009335,Vivaan Mehta,,normal,15400.0,4,3,1,0.9,0,0,Bangalore,Android,,
CUST009336,Aditya Joshi,,normal,23500.0,3,3,0,0.8,2,2,Indore,iOS,,
CUST009337,Myra Patel,,normal,35800.0,4,4,0,0.7,2,2,Lucknow,Android,,
CUST009338,Karan Kapoor,,normal,9800.0,3,2,1,4.3,2,2,Hyderabad,Android,,
CUST009339,Sanya Gupta,,normal,10200.0,1,1,0,6.8,1,1,Indore,iOS,,
CUST009340,Aman Kapoor,Singh Retail Pvt Ltd,b2b,319500.0,43,36,7,6.0,3,3,Mumbai,Desktop,,
CUST009341,Aditya Nair,,dormant_high_ltv,230900.0,27,24,3,3.6,0,0,Nagpur,iOS,,
CUST009342,Saanvi Rao,,dormant_high_ltv,367900.0,47,40,7,1.2,0,0,Hyderabad,Desktop,,
CUST009343,Myra Rao,,normal,38700.0,5,4,1,1.4,0,0,Indore,Android,,
CUST009344,Simran Bose,Rao Exports Pvt Ltd,b2b,173600.0,25,21,4,9.9,2,1,Chennai,Desktop,,
CUST009345,Aarav Iyer,,normal,30400.0,4,4,0,2.0,1,1,Ahmedabad,Android,,
CUST009346,Aman Gupta,,normal,13000.0,1,1,0,6.2,1,1,Pune,Android,,
CUST009347,Aarav Kapoor,,normal,11000.0,4,3,1,4.5,2,2,Delhi,Android,,
CUST009348,Myra Nair,,normal,10400.0,3,3,0,0.5,0,0,Lucknow,Android,,
CUST009349,Simran Reddy,,normal,20700.0,2,2,0,0.9,1,1,Pune,iOS,,
CUST009350,Diya Gupta,,dormant_high_ltv,350400.0,37,36,1,1.2,1,1,Chennai,Android,,
CUST009351,Saanvi Patel,,normal,13100.0,3,3,0,2.8,2,2,Hyderabad,Android,,
CUST009352,Karan Bose,,normal,13300.0,2,2,0,6.9,2,2,Indore,iOS,,
CUST009353,Kabir Singh,Mehta Traders Pvt Ltd,b2b,299300.0,38,31,7,4.7,2,1,Hyderabad,iOS,,
CUST009354,Kiara Patel,,normal,10400.0,4,4,0,2.0,2,2,Hyderabad,iOS,,
CUST009355,Diya Joshi,,normal,19200.0,3,2,1,1.2,2,1,Bangalore,Android,,
CUST009356,Aditya Joshi,Patel Industries Pvt Ltd,b2b,300700.0,37,32,5,10.0,1,1,Jaipur,Android,,
CUST009357,Vivaan Kapoor,,normal,9800.0,3,2,1,10.5,0,0,Bangalore,Android,,
CUST009358,Arjun Singh,,normal,25300.0,5,4,1,6.6,1,1,Lucknow,Android,,
CUST009359,Aarav Joshi,,normal,33400.0,3,3,0,1.9,2,2,Indore,Android,,
CUST009360,Arjun Joshi,,dormant_high_ltv,255400.0,30,26,4,6.5,2,2,Mumbai,Android,,
CUST009361,Arjun Nair,Joshi Retail Pvt Ltd,b2b,278100.0,50,48,2,8.4,1,1,Delhi,Desktop,,
CUST009362,Diya Joshi,,normal,21200.0,2,2,0,2.1,2,2,Lucknow,iOS,,
CUST009363,Myra Bose,,normal,30300.0,4,3,1,3.1,2,1,Delhi,iOS,,
CUST009364,Arjun Kapoor,,normal,17300.0,3,2,1,3.4,0,0,Hyderabad,Android,,
CUST009365,Saanvi Rao,,normal,12300.0,4,3,1,1.7,2,2,Nagpur,Android,,
CUST009366,Neha Sharma,Singh Tech Pvt Ltd,b2b,296300.0,36,31,5,10.9,1,1,Kolkata,iOS,,
CUST009367,Aarav Rao,,normal,15500.0,4,4,0,5.1,1,1,Bangalore,Android,,
CUST009368,Arjun Kapoor,,normal,8200.0,3,2,1,1.6,0,0,Chennai,Android,,
CUST009369,Ananya Iyer,,normal,13600.0,2,2,0,2.7,1,1,Hyderabad,iOS,,
CUST009370,Aditya Nair,,normal,16900.0,1,1,0,2.2,2,1,Chennai,iOS,,
CUST009371,Vivaan Reddy,,normal,18800.0,3,3,0,4.4,1,1,Pune,Android,,
CUST009372,Kiara Singh,,group_d_broken_promise,21700.0,3,2,1,14.6,6,2,Jaipur,Android,,
CUST009373,Kiara Rao,,normal,30800.0,4,4,0,0.6,0,0,Kolkata,Desktop,,
CUST009374,Simran Gupta,,normal,36500.0,6,5,1,1.7,2,2,Chennai,Android,,
CUST009375,Arjun Singh,,normal,20700.0,3,2,1,2.5,1,1,Lucknow,Android,,
CUST009376,Myra Kapoor,Iyer Solutions Pvt Ltd,b2b,321700.0,43,37,6,10.8,5,4,Hyderabad,Desktop,,
CUST009377,Diya Singh,,normal,10800.0,3,2,1,2.5,0,0,Pune,Android,,
CUST009378,Aditya Chawla,,group_d_broken_promise,55400.0,8,4,4,27.9,5,1,Ahmedabad,iOS,,
CUST009379,Sanya Kapoor,Patel Industries Pvt Ltd,b2b,417900.0,58,53,5,15.5,3,2,Delhi,Android,,
CUST009380,Rohan Chawla,,group_d_broken_promise,50000.0,8,3,5,25.0,11,2,Nagpur,Android,,
CUST009381,Simran Reddy,,normal,10800.0,1,1,0,1.4,1,1,Lucknow,iOS,,
CUST009382,Aarav Verma,,normal,13800.0,1,1,0,3.2,1,1,Kolkata,Desktop,,
CUST009383,Vivaan Patel,,normal,12600.0,3,3,0,6.1,1,1,Bangalore,Android,,
CUST009384,Simran Bose,,normal,21000.0,3,3,0,3.2,0,0,Hyderabad,iOS,,
CUST009385,Vivaan Mehta,,normal,11100.0,4,3,1,8.2,2,1,Pune,Desktop,,
CUST009386,Ishaan Singh,,normal,36900.0,8,7,1,2.9,1,1,Delhi,Android,,
CUST009387,Saanvi Malhotra,,normal,28300.0,6,5,1,1.3,2,2,Chennai,iOS,,
CUST009388,Kiara Patel,,normal,31400.0,7,5,2,1.3,1,1,Lucknow,iOS,,
CUST009389,Kiara Gupta,Patel Enterprises Pvt Ltd,b2b,285600.0,42,38,4,6.9,5,4,Lucknow,Android,,
CUST009390,Saanvi Singh,,dormant_high_ltv,374200.0,46,40,6,2.7,1,1,Nagpur,Android,,
CUST009391,Vivaan Kapoor,,normal,13400.0,2,2,0,8.3,2,2,Indore,iOS,,
CUST009392,Neha Mehta,,normal,11100.0,1,1,0,2.0,1,1,Nagpur,Android,,
CUST009393,Meera Verma,,normal,13100.0,5,5,0,1.1,0,0,Jaipur,Desktop,,
CUST009394,Vivaan Gupta,Patel Apparel Pvt Ltd,b2b,559300.0,69,56,13,15.3,4,3,Nagpur,iOS,,
CUST009395,Rahul Mehta,,normal,19500.0,7,6,1,2.2,2,2,Jaipur,Android,,
CUST009396,Diya Bose,,normal,18500.0,5,4,1,2.0,0,0,Hyderabad,Android,,
CUST009397,Meera Gupta,,normal,35000.0,4,3,1,0.4,2,1,Lucknow,Android,,
CUST009398,Rohan Chawla,,normal,38300.0,4,4,0,4.1,0,0,Delhi,Android,,
CUST009399,Diya Singh,,normal,20000.0,2,2,0,1.2,1,1,Chennai,Android,,
CUST009400,Aditya Chawla,,normal,9100.0,1,1,0,2.5,2,2,Bangalore,iOS,,
CUST009401,Kabir Malhotra,,normal,16000.0,5,4,1,2.3,1,1,Ahmedabad,Desktop,,
CUST009402,Vivaan Patel,,normal,61400.0,4,3,1,1.8,2,2,Indore,Desktop,,
CUST009403,Diya Verma,,normal,9300.0,3,2,1,5.5,0,0,Kolkata,iOS,,
CUST009404,Karan Bose,,normal,21400.0,4,3,1,0.9,2,2,Jaipur,iOS,,
CUST009405,Arjun Mehta,,normal,13000.0,1,1,0,5.1,0,0,Kolkata,Android,,
CUST009406,Kabir Malhotra,,normal,46600.0,8,7,1,3.9,1,1,Chennai,Desktop,,
CUST009407,Arjun Rao,,normal,22400.0,3,3,0,4.9,2,1,Delhi,iOS,,
CUST009408,Rohan Verma,,group_d_broken_promise,16000.0,3,1,2,23.8,8,1,Jaipur,Android,,
CUST009409,Ishaan Gupta,,normal,13100.0,7,5,2,0.7,0,0,Indore,Android,,
CUST009410,Vivaan Patel,,normal,14800.0,1,1,0,1.1,2,2,Jaipur,Android,,
CUST009411,Sanya Sharma,Rao Logistics Pvt Ltd,b2b,253600.0,31,28,3,13.3,5,5,Mumbai,Desktop,,
CUST009412,Myra Iyer,,normal,7000.0,1,1,0,1.8,2,2,Chennai,Android,,
CUST009413,Priya Patel,Iyer Logistics Pvt Ltd,b2b,522500.0,56,51,5,5.3,3,3,Delhi,Android,,
CUST009414,Myra Sharma,,normal,21200.0,4,4,0,3.6,2,1,Lucknow,Android,,
CUST009415,Sanya Mehta,,normal,21500.0,1,1,0,5.1,0,0,Bangalore,Android,,
CUST009416,Vivaan Kapoor,,normal,9300.0,2,2,0,1.7,1,1,Lucknow,Android,,
CUST009417,Simran Bose,,normal,25100.0,3,2,1,8.3,0,0,Delhi,iOS,,
CUST009418,Aditya Joshi,,normal,38000.0,5,4,1,7.5,0,0,Pune,Desktop,,
CUST009419,Arjun Reddy,,normal,10200.0,2,2,0,1.1,2,1,Lucknow,Android,,
CUST009420,Aman Patel,,normal,24800.0,2,2,0,1.4,0,0,Lucknow,Android,,
CUST009421,Myra Bose,,dormant_high_ltv,411800.0,61,55,6,3.5,2,2,Lucknow,Android,,
CUST009422,Priya Joshi,,dormant_high_ltv,465600.0,59,57,2,0.8,0,0,Lucknow,Desktop,,
CUST009423,Rahul Sharma,,normal,25200.0,3,2,1,0.5,2,2,Pune,Desktop,,
CUST009424,Meera Nair,Gupta Distributors Pvt Ltd,b2b,393800.0,55,51,4,3.6,4,4,Jaipur,Android,,
CUST009425,Kiara Reddy,,normal,20100.0,5,4,1,3.1,0,0,Chennai,Android,,
CUST009426,Aarav Sharma,,normal,20800.0,2,1,1,6.2,2,1,Jaipur,Android,,
CUST009427,Saanvi Joshi,,group_d_broken_promise,68100.0,12,6,6,35.5,4,1,Lucknow,iOS,,
CUST009428,Neha Verma,,normal,14500.0,4,3,1,2.0,2,2,Nagpur,Android,,
CUST009429,Rohan Reddy,,normal,6800.0,1,1,0,3.9,1,1,Delhi,Android,,
CUST009430,Saanvi Nair,,normal,22100.0,4,3,1,1.5,1,1,Chennai,Android,,
CUST009431,Rohan Malhotra,,normal,28100.0,6,5,1,3.5,1,1,Kolkata,Android,,
CUST009432,Simran Sharma,Mehta Textiles Pvt Ltd,b2b,230700.0,34,30,4,4.9,1,1,Jaipur,iOS,,
CUST009433,Neha Malhotra,,normal,11500.0,2,2,0,8.0,1,1,Jaipur,Android,,
CUST009434,Vivaan Chawla,,normal,13200.0,3,2,1,3.9,2,2,Kolkata,Desktop,,
CUST009435,Aarav Malhotra,,normal,12400.0,2,2,0,3.9,1,1,Indore,Android,,
CUST009436,Sanya Joshi,,normal,22900.0,3,3,0,0.8,2,2,Hyderabad,iOS,,
CUST009437,Simran Singh,Joshi Retail Pvt Ltd,b2b,318800.0,46,39,7,33.2,3,2,Ahmedabad,Desktop,,
CUST009438,Sanya Verma,,normal,21300.0,4,3,1,6.5,1,1,Ahmedabad,Android,,
CUST009439,Ananya Singh,,normal,11800.0,5,5,0,3.3,2,1,Kolkata,Android,,
CUST009440,Simran Rao,,group_d_broken_promise,20300.0,4,2,2,19.8,10,1,Kolkata,iOS,,
CUST009441,Kabir Iyer,,normal,18200.0,3,3,0,0.2,0,0,Delhi,Android,,
CUST009442,Kiara Malhotra,,normal,18500.0,2,2,0,1.5,1,1,Mumbai,iOS,,
CUST009443,Ananya Bose,,normal,22300.0,3,3,0,2.6,2,2,Bangalore,iOS,,
CUST009444,Ananya Nair,Joshi Tech Pvt Ltd,b2b,625100.0,58,46,12,16.2,4,3,Kolkata,Android,,
CUST009445,Priya Malhotra,,normal,15300.0,4,3,1,0.2,1,1,Delhi,iOS,,
CUST009446,Vivaan Chawla,Reddy Apparel Pvt Ltd,b2b,255200.0,41,34,7,3.8,4,3,Jaipur,iOS,,
CUST009447,Kabir Patel,,normal,32100.0,2,2,0,1.0,0,0,Ahmedabad,Android,,
CUST009448,Aditya Mehta,,normal,22400.0,4,3,1,3.6,1,1,Nagpur,iOS,,
CUST009449,Meera Kapoor,Bose Industries Pvt Ltd,b2b,632100.0,55,48,7,6.5,4,3,Chennai,iOS,,
CUST009450,Neha Nair,Kapoor Traders Pvt Ltd,b2b,422200.0,51,49,2,15.9,4,3,Indore,Android,,
CUST009451,Rohan Malhotra,,normal,31800.0,5,4,1,0.4,2,2,Pune,Android,,
CUST009452,Sanya Patel,Sharma Enterprises Pvt Ltd,b2b,396200.0,53,48,5,8.9,2,2,Kolkata,Android,,
CUST009453,Saanvi Joshi,,normal,22200.0,5,4,1,8.2,2,2,Mumbai,Android,,
CUST009454,Ananya Patel,,normal,23100.0,3,3,0,4.5,1,1,Chennai,iOS,,
CUST009455,Ishaan Patel,,normal,8400.0,2,2,0,1.8,2,1,Kolkata,Android,,
CUST009456,Karan Chawla,,group_d_broken_promise,27700.0,3,1,2,19.8,6,2,Ahmedabad,iOS,,
CUST009457,Priya Chawla,Bose Industries Pvt Ltd,b2b,413200.0,49,44,5,3.3,3,3,Jaipur,Android,,
CUST009458,Aditya Bose,,group_d_broken_promise,46200.0,4,2,2,17.0,10,3,Jaipur,iOS,,
CUST009459,Saanvi Verma,,normal,21300.0,1,1,0,1.7,0,0,Bangalore,Android,,
CUST009460,Neha Mehta,,normal,18000.0,6,5,1,2.6,2,2,Indore,iOS,,
CUST009461,Vivaan Gupta,,normal,33500.0,4,4,0,1.0,1,1,Jaipur,iOS,,
CUST009462,Kiara Singh,,dormant_high_ltv,236700.0,30,27,3,3.4,2,2,Bangalore,Android,,
CUST009463,Myra Singh,Rao Traders Pvt Ltd,b2b,316000.0,42,39,3,12.3,4,4,Kolkata,Android,,
CUST009464,Kabir Verma,,group_d_broken_promise,11000.0,3,1,2,14.4,8,1,Indore,Android,,
CUST009465,Ananya Sharma,,normal,31100.0,5,5,0,6.6,1,1,Pune,Android,,
CUST009466,Sanya Sharma,Gupta Logistics Pvt Ltd,b2b,114500.0,16,13,3,11.5,5,4,Nagpur,Desktop,,
CUST009467,Aman Mehta,Sharma Retail Pvt Ltd,b2b,258900.0,30,26,4,8.5,1,1,Delhi,Desktop,,
CUST009468,Saanvi Verma,,normal,35300.0,4,4,0,2.5,2,2,Bangalore,iOS,,
CUST009469,Saanvi Patel,,normal,13300.0,1,1,0,4.8,0,0,Lucknow,Android,,
CUST009470,Saanvi Mehta,Rao Logistics Pvt Ltd,b2b,360200.0,36,33,3,27.0,2,2,Jaipur,iOS,,
CUST009471,Arjun Gupta,,normal,18700.0,4,4,0,6.6,0,0,Indore,iOS,,
CUST009472,Priya Nair,,group_d_broken_promise,24100.0,1,0,1,42.9,4,1,Bangalore,Desktop,,
CUST009473,Ananya Patel,,dormant_high_ltv,294400.0,41,38,3,0.5,2,2,Delhi,Desktop,,
CUST009474,Rohan Sharma,,group_d_broken_promise,29800.0,6,3,3,14.6,7,2,Kolkata,Android,,
CUST009475,Rahul Singh,,normal,37100.0,9,8,1,0.3,1,1,Indore,Desktop,,
CUST009476,Ananya Rao,,normal,13100.0,1,1,0,3.4,0,0,Pune,Android,,
CUST009477,Aman Malhotra,,normal,33700.0,5,5,0,1.7,2,2,Ahmedabad,Android,,
CUST009478,Neha Verma,,normal,31800.0,9,7,2,5.8,0,0,Ahmedabad,iOS,,
CUST009479,Karan Chawla,Verma Distributors Pvt Ltd,b2b,401400.0,63,54,9,3.9,3,3,Mumbai,iOS,,
CUST009480,Arjun Bose,,normal,18400.0,5,5,0,6.2,0,0,Jaipur,iOS,,
CUST009481,Rahul Verma,,normal,41900.0,9,7,2,3.2,2,2,Kolkata,Android,,
CUST009482,Meera Chawla,,normal,32500.0,3,3,0,6.4,1,1,Ahmedabad,Android,,
CUST009483,Karan Gupta,,normal,9900.0,2,2,0,2.2,1,1,Pune,iOS,,
CUST009484,Priya Malhotra,,normal,38600.0,5,4,1,2.8,2,2,Indore,Android,,
CUST009485,Arjun Gupta,,normal,18400.0,2,2,0,1.9,2,2,Delhi,Android,,
CUST009486,Saanvi Joshi,Gupta Textiles Pvt Ltd,b2b,429300.0,59,54,5,3.3,1,1,Kolkata,Android,,
CUST009487,Sanya Rao,,normal,22900.0,6,5,1,0.9,1,1,Bangalore,Desktop,,
CUST009488,Neha Gupta,,normal,23000.0,4,3,1,3.6,0,0,Lucknow,Android,,
CUST009489,Vivaan Patel,,normal,25800.0,9,8,1,2.8,2,2,Bangalore,Android,,
CUST009490,Neha Verma,,normal,37500.0,9,7,2,8.7,2,2,Chennai,Android,,
CUST009491,Kabir Gupta,,normal,22700.0,5,4,1,1.3,1,1,Mumbai,iOS,,
CUST009492,Myra Kapoor,,normal,17700.0,5,4,1,9.6,2,2,Delhi,Desktop,,
CUST009493,Aman Verma,,normal,11600.0,4,3,1,4.1,2,2,Mumbai,Desktop,,
CUST009494,Diya Chawla,,normal,14900.0,1,1,0,0.2,2,2,Mumbai,Android,,
CUST009495,Priya Reddy,,group_d_broken_promise,41800.0,6,3,3,34.7,7,2,Hyderabad,Android,,
CUST009496,Aarav Chawla,,group_d_broken_promise,25600.0,4,2,2,19.0,8,2,Pune,iOS,,
CUST009497,Meera Chawla,,dormant_high_ltv,327800.0,39,36,3,3.0,2,2,Pune,Android,,
CUST009498,Neha Kapoor,,group_d_broken_promise,11000.0,4,2,2,25.5,6,2,Ahmedabad,iOS,,
CUST009499,Rahul Nair,,normal,31300.0,2,2,0,0.4,0,0,Nagpur,Android,,
CUST009500,Vivaan Patel,Reddy Industries Pvt Ltd,b2b,423100.0,50,43,7,4.6,3,3,Nagpur,iOS,,
CUST009501,Rohan Reddy,,normal,34800.0,2,2,0,0.6,0,0,Lucknow,Android,,
CUST009502,Vivaan Reddy,,normal,15800.0,2,2,0,3.0,2,2,Indore,iOS,,
CUST009503,Diya Mehta,,normal,28300.0,3,2,1,2.2,2,2,Delhi,Android,,
CUST009504,Aditya Nair,Chawla Tech Pvt Ltd,b2b,462700.0,44,42,2,12.7,1,1,Nagpur,iOS,,
CUST009505,Simran Bose,,normal,14300.0,3,3,0,1.1,2,1,Lucknow,Android,,
CUST009506,Neha Bose,,normal,7500.0,1,1,0,6.7,2,2,Indore,iOS,,
CUST009507,Simran Mehta,,normal,9100.0,2,2,0,0.1,1,1,Nagpur,Desktop,,
CUST009508,Meera Nair,,group_d_broken_promise,60600.0,8,3,5,39.2,3,0,Delhi,Android,,
CUST009509,Kabir Mehta,,normal,32800.0,5,4,1,0.5,1,1,Delhi,Android,,
CUST009510,Ananya Gupta,,dormant_high_ltv,549400.0,72,62,10,3.3,0,0,Kolkata,Android,,
CUST009511,Kiara Rao,,normal,7700.0,1,1,0,0.6,1,1,Delhi,iOS,,
CUST009512,Sanya Rao,,normal,27100.0,3,2,1,0.4,0,0,Ahmedabad,Android,,
CUST009513,Karan Verma,Chawla Distributors Pvt Ltd,b2b,727400.0,59,51,8,9.8,5,4,Mumbai,Android,,
CUST009514,Saanvi Mehta,,normal,21900.0,4,4,0,1.0,0,0,Kolkata,iOS,,
CUST009515,Kabir Reddy,,group_d_broken_promise,26000.0,3,2,1,36.0,6,1,Chennai,Desktop,,
CUST009516,Myra Reddy,,normal,33800.0,5,4,1,10.6,0,0,Pune,Android,,
CUST009517,Sanya Chawla,,normal,20700.0,4,3,1,5.4,1,1,Bangalore,iOS,,
CUST009518,Rahul Chawla,,normal,24500.0,2,1,1,0.7,1,1,Kolkata,iOS,,
CUST009519,Karan Mehta,Mehta Apparel Pvt Ltd,b2b,389100.0,45,43,2,8.2,5,5,Nagpur,Android,,
CUST009520,Kabir Chawla,,group_d_broken_promise,30300.0,4,2,2,34.7,8,3,Bangalore,Android,,
CUST009521,Vivaan Verma,,normal,21600.0,1,1,0,3.8,0,0,Hyderabad,Android,,
CUST009522,Neha Singh,,normal,23000.0,2,2,0,3.4,0,0,Chennai,iOS,,
CUST009523,Ananya Iyer,,dormant_high_ltv,546200.0,51,49,2,0.8,1,1,Ahmedabad,iOS,,
CUST009524,Saanvi Rao,,normal,19000.0,2,2,0,3.6,0,0,Mumbai,Android,,
CUST009525,Rohan Nair,,group_d_broken_promise,12600.0,5,2,3,54.2,11,3,Chennai,Android,,
CUST009526,Aman Nair,,normal,24700.0,5,4,1,3.1,1,1,Pune,Android,,
CUST009527,Rahul Sharma,,normal,16700.0,3,3,0,3.6,0,0,Hyderabad,iOS,,
CUST009528,Vivaan Verma,,group_d_broken_promise,48900.0,7,3,4,27.4,6,2,Bangalore,Android,,
CUST009529,Meera Singh,,normal,30200.0,2,2,0,5.0,1,1,Lucknow,iOS,,
CUST009530,Neha Malhotra,Gupta Foods Pvt Ltd,b2b,548000.0,66,56,10,15.6,3,3,Kolkata,Desktop,,
CUST009531,Kabir Malhotra,,normal,20500.0,5,5,0,6.4,1,1,Lucknow,Desktop,,
CUST009532,Priya Iyer,,normal,29100.0,5,4,1,2.9,1,1,Kolkata,iOS,,
CUST009533,Myra Joshi,,normal,13300.0,2,2,0,1.6,1,1,Jaipur,Android,,
CUST009534,Sanya Singh,,normal,16000.0,3,3,0,1.2,2,2,Chennai,iOS,,
CUST009535,Meera Chawla,,normal,9200.0,1,1,0,7.9,0,0,Nagpur,Desktop,,
CUST009536,Aman Verma,,normal,23300.0,3,3,0,2.4,2,2,Pune,Android,,
CUST009537,Sanya Reddy,,normal,22700.0,4,4,0,0.9,1,1,Lucknow,Android,,
CUST009538,Ananya Singh,Singh Logistics Pvt Ltd,b2b,435000.0,45,37,8,6.6,5,4,Mumbai,Android,,
CUST009539,Karan Verma,,normal,14700.0,4,4,0,0.2,2,2,Mumbai,Android,,
CUST009540,Meera Mehta,,group_d_broken_promise,20400.0,5,2,3,23.7,5,1,Nagpur,iOS,,
CUST009541,Myra Bose,,normal,19500.0,5,4,1,1.6,2,2,Nagpur,iOS,,
CUST009542,Aarav Patel,,normal,11500.0,4,3,1,1.8,0,0,Jaipur,Android,,
CUST009543,Aarav Singh,,normal,31800.0,3,3,0,3.0,2,2,Jaipur,Android,,
CUST009544,Ananya Singh,,normal,31200.0,6,5,1,3.3,0,0,Ahmedabad,Desktop,,
CUST009545,Kiara Chawla,,normal,19000.0,5,4,1,0.7,0,0,Lucknow,Android,,
CUST009546,Priya Gupta,Rao Textiles Pvt Ltd,b2b,759100.0,54,43,11,10.8,1,1,Delhi,Android,,
CUST009547,Karan Patel,,normal,17300.0,2,1,1,0.5,0,0,Chennai,iOS,,
CUST009548,Priya Chawla,,normal,8400.0,2,2,0,1.3,0,0,Mumbai,iOS,,
CUST009549,Saanvi Mehta,,normal,28700.0,6,5,1,5.7,1,1,Bangalore,Android,,
CUST009550,Diya Joshi,,group_d_broken_promise,18100.0,3,2,1,41.8,5,2,Nagpur,Android,,
CUST009551,Ishaan Kapoor,,normal,12600.0,3,3,0,0.4,2,2,Bangalore,Android,,
CUST009552,Priya Malhotra,,group_d_broken_promise,43500.0,5,3,2,25.2,11,3,Hyderabad,Desktop,,
CUST009553,Saanvi Nair,,normal,29900.0,4,3,1,0.9,2,2,Lucknow,Android,,
CUST009554,Rahul Malhotra,,group_d_broken_promise,13200.0,2,1,1,26.5,6,2,Kolkata,iOS,,
CUST009555,Simran Malhotra,,group_d_broken_promise,30500.0,3,2,1,27.3,11,3,Kolkata,Android,,
CUST009556,Aditya Sharma,,dormant_high_ltv,449800.0,59,57,2,1.2,0,0,Hyderabad,Android,,
CUST009557,Karan Gupta,,normal,9100.0,2,2,0,2.1,2,2,Ahmedabad,Android,,
CUST009558,Arjun Malhotra,,normal,11300.0,2,1,1,2.4,2,1,Hyderabad,iOS,,
CUST009559,Aditya Malhotra,,normal,10200.0,1,1,0,2.0,2,2,Chennai,Android,,
CUST009560,Simran Singh,,normal,12300.0,1,1,0,2.3,0,0,Ahmedabad,iOS,,
CUST009561,Saanvi Nair,,normal,55300.0,8,7,1,7.8,2,2,Kolkata,iOS,,
CUST009562,Sanya Rao,,group_d_broken_promise,17900.0,2,1,1,22.2,10,2,Mumbai,Android,,
CUST009563,Ishaan Rao,,dormant_high_ltv,372500.0,52,49,3,3.7,0,0,Chennai,iOS,,
CUST009564,Kabir Malhotra,,normal,17900.0,5,4,1,1.7,2,2,Lucknow,iOS,,
CUST009565,Vivaan Chawla,,normal,26500.0,5,4,1,3.3,0,0,Bangalore,iOS,,
CUST009566,Kabir Rao,,normal,11000.0,3,2,1,7.6,0,0,Pune,Android,,
CUST009567,Priya Kapoor,Reddy Textiles Pvt Ltd,b2b,369000.0,43,40,3,4.1,4,3,Pune,Android,,
CUST009568,Meera Chawla,,normal,13300.0,2,2,0,1.3,1,1,Hyderabad,Android,,
CUST009569,Diya Verma,,dormant_high_ltv,559800.0,57,52,5,2.6,1,1,Nagpur,Desktop,,
CUST009570,Aditya Verma,,normal,44400.0,6,6,0,0.1,1,1,Pune,Android,,
CUST009571,Meera Joshi,,group_d_broken_promise,32300.0,6,3,3,27.4,4,1,Delhi,Desktop,,
CUST009572,Kabir Patel,,normal,18200.0,2,2,0,1.2,2,2,Bangalore,Android,,
CUST009573,Neha Singh,,normal,20900.0,3,2,1,4.9,2,2,Bangalore,Desktop,,
CUST009574,Arjun Verma,,normal,24000.0,5,4,1,5.3,1,1,Lucknow,Android,,
CUST009575,Ishaan Iyer,,dormant_high_ltv,434400.0,40,36,4,6.9,0,0,Chennai,Android,,
CUST009576,Aman Reddy,,normal,41500.0,7,7,0,5.2,1,1,Ahmedabad,Desktop,,
CUST009577,Simran Malhotra,,group_d_broken_promise,36500.0,4,2,2,28.8,7,2,Nagpur,iOS,,
CUST009578,Neha Patel,,normal,5500.0,3,2,1,7.2,0,0,Ahmedabad,Android,,
CUST009579,Sanya Malhotra,,group_d_broken_promise,20100.0,3,2,1,41.4,3,1,Pune,Desktop,,
CUST009580,Arjun Bose,,dormant_high_ltv,550200.0,76,66,10,2.6,2,1,Pune,iOS,,
CUST009581,Priya Gupta,,normal,32800.0,2,2,0,2.6,2,2,Chennai,iOS,,
CUST009582,Aarav Bose,,dormant_high_ltv,455600.0,51,44,7,3.3,0,0,Delhi,Desktop,,
CUST009583,Ishaan Reddy,Bose Exports Pvt Ltd,b2b,354700.0,43,39,4,4.7,3,2,Bangalore,Android,,
CUST009584,Saanvi Chawla,,normal,36200.0,8,7,1,2.6,0,0,Pune,Desktop,,
CUST009585,Aditya Reddy,,normal,25300.0,7,5,2,2.1,1,1,Jaipur,Android,,
CUST009586,Kiara Joshi,,normal,16600.0,4,3,1,1.4,0,0,Indore,iOS,,
CUST009587,Aditya Chawla,Chawla Exports Pvt Ltd,b2b,534800.0,68,57,11,11.4,3,3,Bangalore,Android,,
CUST009588,Priya Patel,,normal,22300.0,4,3,1,3.2,2,2,Jaipur,Android,,
CUST009589,Rohan Sharma,,normal,10700.0,3,2,1,0.3,1,1,Nagpur,Desktop,,
CUST009590,Neha Nair,,group_d_broken_promise,47400.0,7,3,4,33.2,9,2,Ahmedabad,Android,,
CUST009591,Karan Mehta,,normal,7000.0,3,3,0,2.8,0,0,Delhi,iOS,,
CUST009592,Sanya Gupta,,group_d_broken_promise,26000.0,3,1,2,18.0,3,0,Jaipur,Android,,
CUST009593,Neha Reddy,,normal,21000.0,1,1,0,0.8,1,1,Nagpur,iOS,,
CUST009594,Sanya Patel,,normal,4600.0,2,2,0,1.0,0,0,Ahmedabad,iOS,,
CUST009595,Myra Gupta,,normal,14500.0,4,3,1,1.2,1,1,Hyderabad,Desktop,,
CUST009596,Karan Rao,,normal,11400.0,4,4,0,1.1,0,0,Lucknow,iOS,,
CUST009597,Priya Joshi,,group_d_broken_promise,61100.0,8,4,4,26.6,7,1,Indore,Android,,
CUST009598,Sanya Rao,Kapoor Logistics Pvt Ltd,b2b,535000.0,57,51,6,5.2,5,4,Nagpur,iOS,,
CUST009599,Priya Iyer,,normal,16600.0,6,6,0,3.0,0,0,Ahmedabad,Android,,
CUST009600,Vivaan Mehta,,normal,17200.0,4,3,1,3.4,0,0,Lucknow,iOS,,
CUST009601,Diya Mehta,,normal,10000.0,2,2,0,1.9,2,2,Chennai,iOS,,
CUST009602,Neha Bose,,group_d_broken_promise,43700.0,8,3,5,17.3,5,1,Pune,Android,,
CUST009603,Neha Joshi,,normal,24600.0,4,3,1,5.4,2,2,Kolkata,iOS,,
CUST009604,Simran Nair,,normal,35100.0,4,3,1,8.5,2,2,Indore,Desktop,,
CUST009605,Diya Joshi,,group_d_broken_promise,27500.0,4,2,2,19.9,5,1,Delhi,Android,,
CUST009606,Ananya Iyer,,normal,10700.0,3,2,1,1.4,0,0,Jaipur,Android,,
CUST009607,Rahul Singh,,normal,10300.0,4,3,1,4.3,0,0,Indore,iOS,,
CUST009608,Rahul Rao,,normal,18600.0,3,3,0,0.7,2,2,Hyderabad,iOS,,
CUST009609,Ananya Verma,,normal,7100.0,1,1,0,1.2,0,0,Mumbai,iOS,,
CUST009610,Aarav Patel,,normal,18800.0,2,2,0,2.6,1,1,Kolkata,Desktop,,
CUST009611,Rohan Patel,,normal,32800.0,6,5,1,0.5,1,1,Indore,Android,,
CUST009612,Rahul Gupta,,normal,10300.0,2,2,0,0.1,1,1,Pune,Android,,
CUST009613,Sanya Rao,,normal,40100.0,10,9,1,1.9,0,0,Delhi,Android,,
CUST009614,Kiara Reddy,Joshi Industries Pvt Ltd,b2b,325000.0,45,36,9,6.4,4,3,Mumbai,Desktop,,
CUST009615,Myra Kapoor,,dormant_high_ltv,262500.0,30,28,2,4.8,2,1,Mumbai,iOS,,
CUST009616,Ananya Bose,,normal,15300.0,3,2,1,3.6,2,2,Pune,iOS,,
CUST009617,Diya Malhotra,,dormant_high_ltv,230300.0,28,25,3,4.0,2,2,Jaipur,Android,,
CUST009618,Ishaan Verma,,dormant_high_ltv,362800.0,59,55,4,5.0,2,2,Jaipur,Android,,
CUST009619,Rohan Patel,,normal,16500.0,3,2,1,0.9,0,0,Hyderabad,Android,,
CUST009620,Myra Malhotra,,normal,13900.0,3,3,0,4.1,1,1,Nagpur,iOS,,
CUST009621,Aman Chawla,,group_d_broken_promise,27400.0,3,1,2,20.7,5,1,Bangalore,Desktop,,
CUST009622,Sanya Nair,,normal,28100.0,6,5,1,2.8,1,1,Jaipur,Desktop,,
CUST009623,Karan Mehta,,normal,20100.0,4,4,0,3.2,0,0,Bangalore,Android,,
CUST009624,Sanya Malhotra,,normal,15800.0,2,2,0,0.8,2,2,Jaipur,iOS,,
CUST009625,Neha Malhotra,,normal,12500.0,1,1,0,1.3,1,1,Pune,iOS,,
CUST009626,Ananya Mehta,,normal,21800.0,1,1,0,0.1,1,1,Jaipur,Android,,
CUST009627,Arjun Chawla,Sharma Solutions Pvt Ltd,b2b,429300.0,55,51,4,10.8,3,3,Chennai,iOS,,
CUST009628,Saanvi Bose,,normal,36300.0,5,4,1,2.9,0,0,Ahmedabad,Android,,
CUST009629,Kabir Malhotra,,normal,16500.0,4,3,1,5.5,1,1,Mumbai,Android,,
CUST009630,Ananya Reddy,,normal,19800.0,1,1,0,4.9,2,2,Bangalore,Android,,
CUST009631,Arjun Nair,,normal,8500.0,1,1,0,9.9,1,1,Mumbai,Desktop,,
CUST009632,Kiara Patel,,normal,19700.0,2,1,1,2.9,0,0,Mumbai,iOS,,
CUST009633,Neha Singh,Iyer Distributors Pvt Ltd,b2b,464400.0,55,46,9,4.2,5,4,Pune,iOS,,
CUST009634,Meera Gupta,Iyer Traders Pvt Ltd,b2b,454800.0,67,64,3,5.9,3,3,Mumbai,iOS,,
CUST009635,Kabir Rao,,normal,55700.0,13,10,3,9.2,0,0,Kolkata,Android,,
CUST009636,Myra Mehta,,dormant_high_ltv,513600.0,68,65,3,2.8,2,2,Jaipur,Android,,
CUST009637,Aarav Reddy,,normal,9800.0,2,2,0,1.0,0,0,Pune,Android,,
CUST009638,Diya Malhotra,,normal,22700.0,3,2,1,5.6,0,0,Kolkata,Android,,
CUST009639,Saanvi Joshi,,normal,14300.0,3,2,1,1.1,2,2,Hyderabad,iOS,,
CUST009640,Rohan Reddy,Chawla Apparel Pvt Ltd,b2b,413500.0,42,36,6,13.2,5,5,Delhi,iOS,,
CUST009641,Sanya Gupta,,normal,8200.0,1,1,0,0.7,1,1,Indore,Desktop,,
CUST009642,Kabir Chawla,,group_d_broken_promise,13800.0,4,1,3,16.7,3,0,Nagpur,iOS,,
CUST009643,Ishaan Bose,,normal,15300.0,3,2,1,1.5,2,1,Ahmedabad,Android,,
CUST009644,Simran Malhotra,,group_d_broken_promise,43400.0,11,6,5,21.7,4,1,Indore,Android,,
CUST009645,Priya Kapoor,,normal,49000.0,7,7,0,5.0,0,0,Nagpur,Desktop,,
CUST009646,Sanya Malhotra,,normal,22500.0,4,3,1,1.3,1,1,Bangalore,iOS,,
CUST009647,Saanvi Nair,,normal,21300.0,1,1,0,5.2,1,1,Hyderabad,iOS,,
CUST009648,Rohan Chawla,,normal,10200.0,1,1,0,1.6,2,2,Nagpur,iOS,,
CUST009649,Kabir Patel,Verma Textiles Pvt Ltd,b2b,193800.0,27,24,3,5.0,4,4,Kolkata,iOS,,
CUST009650,Neha Joshi,,normal,31400.0,2,2,0,3.2,0,0,Indore,iOS,,
CUST009651,Vivaan Sharma,,normal,37600.0,4,3,1,16.4,2,1,Lucknow,Android,,
CUST009652,Aarav Mehta,,normal,36900.0,8,7,1,3.7,0,0,Pune,Android,,
CUST009653,Ishaan Kapoor,,group_d_broken_promise,19200.0,2,1,1,34.8,10,3,Delhi,Android,,
CUST009654,Ananya Kapoor,,normal,30300.0,5,4,1,3.3,1,1,Nagpur,Android,,
CUST009655,Kabir Gupta,,normal,11900.0,3,3,0,2.1,2,2,Jaipur,Android,,
CUST009656,Karan Kapoor,,normal,10500.0,4,3,1,1.3,0,0,Ahmedabad,Android,,
CUST009657,Saanvi Rao,,normal,6700.0,1,1,0,1.2,2,2,Nagpur,Desktop,,
CUST009658,Diya Patel,,dormant_high_ltv,349300.0,47,41,6,2.1,0,0,Bangalore,Android,,
CUST009659,Rohan Iyer,,normal,11100.0,3,2,1,1.5,1,1,Jaipur,Android,,
CUST009660,Kiara Malhotra,,normal,22100.0,3,2,1,3.5,0,0,Nagpur,Android,,
CUST009661,Arjun Joshi,,normal,11000.0,1,1,0,1.4,2,2,Mumbai,Android,,
CUST009662,Priya Gupta,,normal,32100.0,5,5,0,4.0,1,1,Pune,Android,,
CUST009663,Ananya Malhotra,Mehta Enterprises Pvt Ltd,b2b,457200.0,53,51,2,4.6,4,3,Delhi,Android,,
CUST009664,Aditya Rao,,normal,34700.0,7,6,1,5.7,1,1,Lucknow,iOS,,
CUST009665,Neha Gupta,,dormant_high_ltv,593000.0,63,54,9,4.4,0,0,Ahmedabad,iOS,,
CUST009666,Myra Malhotra,,normal,33700.0,3,3,0,3.1,2,2,Lucknow,iOS,,
CUST009667,Aman Sharma,,normal,7500.0,2,2,0,3.3,1,1,Indore,Android,,
CUST009668,Rohan Malhotra,,normal,21300.0,4,3,1,1.2,1,1,Lucknow,Android,,
CUST009669,Rahul Rao,,normal,20100.0,7,5,2,4.4,2,1,Kolkata,Android,,
CUST009670,Myra Verma,,normal,33200.0,4,3,1,1.7,1,1,Pune,Android,,
CUST009671,Vivaan Patel,Rao Foods Pvt Ltd,b2b,465000.0,53,45,8,3.8,5,4,Lucknow,Android,,
CUST009672,Neha Nair,,normal,8300.0,1,1,0,0.2,1,1,Nagpur,iOS,,
CUST009673,Ishaan Rao,,normal,19900.0,2,2,0,5.4,1,1,Lucknow,Android,,
CUST009674,Rohan Singh,,normal,8200.0,2,2,0,3.7,0,0,Pune,Android,,
CUST009675,Priya Sharma,,normal,30700.0,8,7,1,3.9,0,0,Pune,Android,,
CUST009676,Aarav Chawla,,group_d_broken_promise,28900.0,8,3,5,17.9,9,2,Hyderabad,Android,,
CUST009677,Ishaan Gupta,,normal,5300.0,1,1,0,1.9,2,2,Lucknow,Android,,
CUST009678,Priya Rao,,normal,48400.0,7,7,0,6.6,0,0,Kolkata,iOS,,
CUST009679,Aman Joshi,,normal,24800.0,3,2,1,1.6,1,1,Pune,Desktop,,
CUST009680,Karan Sharma,,normal,18500.0,2,2,0,2.0,0,0,Pune,Android,,
CUST009681,Rahul Malhotra,,normal,13400.0,4,4,0,5.0,2,2,Lucknow,Desktop,,
CUST009682,Karan Kapoor,,dormant_high_ltv,499800.0,58,51,7,3.5,0,0,Lucknow,Android,,
CUST009683,Simran Reddy,,normal,34000.0,4,3,1,1.1,2,1,Kolkata,Android,,
CUST009684,Aditya Patel,Mehta Traders Pvt Ltd,b2b,419500.0,56,51,5,3.5,1,1,Chennai,Android,,
CUST009685,Saanvi Rao,,group_d_broken_promise,60800.0,12,6,6,46.5,7,2,Indore,Android,,
CUST009686,Rahul Reddy,,dormant_high_ltv,576500.0,60,57,3,0.7,1,1,Pune,Android,,
CUST009687,Saanvi Bose,,normal,8400.0,2,2,0,5.1,0,0,Delhi,iOS,,
CUST009688,Sanya Sharma,,normal,5300.0,1,1,0,3.0,0,0,Pune,Android,,
CUST009689,Aman Gupta,,group_d_broken_promise,47000.0,10,4,6,32.5,7,1,Hyderabad,Android,,
CUST009690,Kiara Nair,,group_d_broken_promise,16400.0,2,1,1,26.3,11,3,Nagpur,iOS,,
CUST009691,Priya Chawla,,normal,24100.0,3,2,1,1.5,0,0,Pune,iOS,,
CUST009692,Kabir Sharma,,group_d_broken_promise,26100.0,5,2,3,28.7,3,1,Delhi,Desktop,,
CUST009693,Aarav Gupta,,normal,17800.0,3,2,1,2.9,2,2,Pune,Android,,
CUST009694,Myra Patel,,dormant_high_ltv,365400.0,51,44,7,1.7,0,0,Pune,Desktop,,
CUST009695,Kiara Mehta,,normal,22100.0,4,4,0,4.2,1,1,Lucknow,iOS,,
CUST009696,Sanya Rao,,normal,20500.0,4,3,1,4.3,0,0,Mumbai,Android,,
CUST009697,Kabir Kapoor,,normal,25900.0,7,6,1,4.6,2,2,Ahmedabad,iOS,,
CUST009698,Myra Singh,,normal,18600.0,4,4,0,4.4,2,2,Chennai,iOS,,
CUST009699,Aman Sharma,,group_d_broken_promise,30400.0,2,1,1,23.1,4,0,Chennai,iOS,,
CUST009700,Aman Rao,Bose Retail Pvt Ltd,b2b,312700.0,43,38,5,7.7,2,2,Pune,Android,,
CUST009701,Rahul Joshi,,dormant_high_ltv,313900.0,42,41,1,2.4,0,0,Pune,Desktop,,
CUST009702,Priya Mehta,,group_d_broken_promise,49900.0,3,1,2,32.6,10,3,Hyderabad,iOS,,
CUST009703,Simran Chawla,,normal,15200.0,2,1,1,5.1,1,1,Jaipur,Android,,
CUST009704,Ananya Mehta,Patel Solutions Pvt Ltd,b2b,600300.0,63,61,2,8.2,5,4,Kolkata,iOS,,
CUST009705,Rahul Verma,Reddy Textiles Pvt Ltd,b2b,257300.0,35,29,6,6.3,3,3,Ahmedabad,Android,,
CUST009706,Simran Nair,,group_d_broken_promise,46200.0,13,7,6,28.7,7,2,Hyderabad,Android,,
CUST009707,Kabir Mehta,,normal,18900.0,2,2,0,3.6,2,2,Delhi,Android,,
CUST009708,Aman Kapoor,,normal,28100.0,6,5,1,5.8,1,1,Delhi,Android,,
CUST009709,Arjun Joshi,,normal,29100.0,3,3,0,4.8,2,2,Hyderabad,iOS,,
CUST009710,Aditya Nair,,normal,22600.0,4,3,1,1.2,1,1,Mumbai,Desktop,,
CUST009711,Ananya Mehta,,normal,6000.0,1,1,0,0.8,1,1,Mumbai,iOS,,
CUST009712,Karan Kapoor,,normal,21300.0,3,2,1,1.2,0,0,Kolkata,iOS,,
CUST009713,Saanvi Mehta,,normal,7700.0,3,3,0,3.4,2,2,Kolkata,Android,,
CUST009714,Kabir Rao,,normal,29900.0,4,3,1,0.5,0,0,Delhi,Android,,
CUST009715,Simran Nair,,dormant_high_ltv,303100.0,33,31,2,1.1,0,0,Nagpur,Desktop,,
CUST009716,Ananya Bose,,normal,27800.0,5,4,1,1.4,1,1,Delhi,Android,,
CUST009717,Sanya Singh,Kapoor Tech Pvt Ltd,b2b,538800.0,65,53,12,8.5,3,3,Delhi,Android,,
CUST009718,Priya Nair,,group_d_broken_promise,34200.0,5,3,2,24.4,6,1,Lucknow,iOS,,
CUST009719,Kabir Sharma,,normal,11600.0,3,3,0,11.7,0,0,Ahmedabad,iOS,,
CUST009720,Neha Reddy,,dormant_high_ltv,467800.0,58,51,7,0.3,2,2,Indore,Desktop,,
CUST009721,Myra Mehta,,normal,25500.0,3,2,1,3.1,1,1,Jaipur,Android,,
CUST009722,Karan Nair,,normal,19600.0,1,1,0,13.5,0,0,Hyderabad,iOS,,
CUST009723,Myra Reddy,,normal,12700.0,3,3,0,3.1,0,0,Chennai,Android,,
CUST009724,Simran Malhotra,,normal,25200.0,5,5,0,5.9,1,1,Lucknow,iOS,,
CUST009725,Meera Rao,,normal,39200.0,7,5,2,1.8,0,0,Bangalore,Android,,
CUST009726,Diya Malhotra,,normal,14900.0,3,2,1,4.5,1,1,Jaipur,iOS,,
CUST009727,Kabir Reddy,Iyer Retail Pvt Ltd,b2b,256200.0,30,24,6,13.2,1,1,Nagpur,Android,,
CUST009728,Neha Rao,Kapoor Distributors Pvt Ltd,b2b,513400.0,47,43,4,12.7,3,3,Jaipur,Android,,
CUST009729,Arjun Kapoor,,normal,22800.0,3,2,1,0.6,1,1,Bangalore,iOS,,
CUST009730,Aman Verma,,normal,11200.0,2,2,0,3.7,1,1,Nagpur,Desktop,,
CUST009731,Simran Rao,Bose Textiles Pvt Ltd,b2b,260100.0,32,26,6,6.4,4,4,Hyderabad,Android,,
CUST009732,Myra Joshi,,normal,13300.0,2,2,0,0.4,0,0,Nagpur,iOS,,
CUST009733,Simran Malhotra,,normal,19000.0,4,3,1,4.3,2,2,Pune,iOS,,
CUST009734,Neha Chawla,,group_d_broken_promise,32600.0,4,2,2,67.5,7,2,Chennai,Android,,
CUST009735,Arjun Rao,,dormant_high_ltv,267300.0,38,36,2,5.3,2,2,Kolkata,Android,,
CUST009736,Aman Sharma,,normal,12400.0,1,1,0,2.9,0,0,Bangalore,Desktop,,
CUST009737,Aditya Reddy,,dormant_high_ltv,270900.0,39,37,2,13.3,2,1,Nagpur,iOS,,
CUST009738,Karan Nair,,group_d_broken_promise,25900.0,3,1,2,14.6,11,2,Ahmedabad,Android,,
CUST009739,Simran Bose,,normal,12000.0,4,3,1,2.5,1,1,Hyderabad,Android,,
CUST009740,Saanvi Joshi,,normal,10300.0,3,3,0,11.2,0,0,Nagpur,Android,,
CUST009741,Rahul Mehta,,normal,34600.0,4,3,1,1.7,2,2,Nagpur,Desktop,,
CUST009742,Kiara Rao,,normal,28400.0,5,4,1,0.5,1,1,Indore,iOS,,
CUST009743,Sanya Kapoor,,normal,18700.0,2,1,1,2.3,1,1,Bangalore,Android,,
CUST009744,Saanvi Mehta,,normal,29400.0,4,4,0,0.8,2,2,Delhi,Android,,
CUST009745,Myra Nair,,normal,30600.0,8,7,1,3.9,2,2,Nagpur,iOS,,
CUST009746,Kabir Malhotra,,normal,17200.0,2,2,0,5.1,1,1,Jaipur,iOS,,
CUST009747,Karan Malhotra,,normal,10900.0,2,2,0,7.9,0,0,Nagpur,Android,,
CUST009748,Priya Mehta,,normal,22900.0,3,2,1,3.0,1,1,Delhi,Android,,
CUST009749,Rohan Reddy,,normal,34800.0,4,3,1,0.1,2,1,Kolkata,Android,,
CUST009750,Saanvi Kapoor,,group_d_broken_promise,29900.0,4,2,2,26.3,6,2,Pune,Android,,
CUST009751,Ananya Gupta,,normal,27100.0,2,2,0,1.2,2,2,Jaipur,Android,,
CUST009752,Rahul Mehta,,normal,38300.0,6,4,2,3.6,1,1,Hyderabad,iOS,,
CUST009753,Neha Joshi,Sharma Textiles Pvt Ltd,b2b,502100.0,53,49,4,6.1,5,5,Bangalore,Android,,
CUST009754,Ananya Iyer,,dormant_high_ltv,344100.0,48,46,2,0.5,1,1,Bangalore,iOS,,
CUST009755,Myra Reddy,,normal,30400.0,4,3,1,2.3,1,1,Bangalore,iOS,,
CUST009756,Ishaan Singh,,normal,51300.0,9,7,2,1.7,1,1,Nagpur,Desktop,,
CUST009757,Karan Chawla,,normal,23600.0,5,4,1,3.7,1,1,Jaipur,iOS,,
CUST009758,Vivaan Gupta,,normal,16200.0,5,4,1,0.7,1,1,Bangalore,Android,,
CUST009759,Kiara Patel,,dormant_high_ltv,429900.0,58,53,5,1.0,1,1,Chennai,Desktop,,
CUST009760,Priya Kapoor,Joshi Enterprises Pvt Ltd,b2b,652500.0,69,64,5,6.6,5,4,Jaipur,Android,,
CUST009761,Simran Nair,,normal,28100.0,6,5,1,8.3,0,0,Lucknow,iOS,,
CUST009762,Sanya Malhotra,,dormant_high_ltv,329200.0,36,31,5,2.8,2,2,Nagpur,Android,,
CUST009763,Aman Sharma,,normal,35600.0,8,6,2,4.8,0,0,Hyderabad,iOS,,
CUST009764,Ananya Iyer,Joshi Solutions Pvt Ltd,b2b,653500.0,55,53,2,10.1,4,3,Kolkata,Android,,
CUST009765,Aditya Joshi,,normal,21400.0,6,6,0,3.3,2,1,Delhi,Desktop,,
CUST009766,Priya Bose,,normal,30800.0,4,4,0,4.6,2,2,Ahmedabad,Android,,
CUST009767,Simran Singh,Kapoor Exports Pvt Ltd,b2b,596300.0,62,58,4,7.8,2,2,Kolkata,Android,,
CUST009768,Arjun Bose,,normal,15400.0,2,2,0,3.7,1,1,Pune,Desktop,,
CUST009769,Vivaan Iyer,,normal,30400.0,2,1,1,0.1,0,0,Nagpur,Android,,
CUST009770,Saanvi Gupta,,group_d_broken_promise,23000.0,6,2,4,30.5,8,1,Jaipur,Android,,
CUST009771,Kabir Sharma,,normal,64000.0,10,9,1,1.1,1,1,Delhi,Android,,
CUST009772,Sanya Singh,,normal,15400.0,1,1,0,1.6,0,0,Kolkata,iOS,,
CUST009773,Ishaan Rao,,normal,22100.0,2,2,0,3.4,0,0,Indore,iOS,,
CUST009774,Saanvi Verma,,normal,26300.0,4,3,1,0.6,1,1,Pune,iOS,,
CUST009775,Karan Iyer,,normal,18300.0,1,1,0,2.6,2,2,Pune,iOS,,
CUST009776,Kabir Reddy,,group_d_broken_promise,38200.0,5,3,2,12.1,8,2,Indore,Android,,
CUST009777,Priya Sharma,,group_d_broken_promise,33500.0,2,1,1,17.5,11,1,Lucknow,Android,,
CUST009778,Saanvi Patel,,normal,16000.0,5,4,1,3.0,0,0,Indore,Desktop,,
CUST009779,Karan Patel,,normal,20000.0,1,1,0,0.8,2,2,Pune,Android,,
CUST009780,Aarav Gupta,,normal,33100.0,5,4,1,1.5,2,2,Chennai,iOS,,
CUST009781,Kiara Nair,,group_d_broken_promise,42700.0,7,2,5,24.1,11,3,Nagpur,iOS,,
CUST009782,Neha Malhotra,,normal,8600.0,3,2,1,0.9,2,1,Mumbai,Android,,
CUST009783,Vivaan Reddy,,normal,12200.0,6,5,1,2.0,2,1,Delhi,Android,,
CUST009784,Vivaan Rao,Iyer Apparel Pvt Ltd,b2b,368200.0,49,43,6,8.0,5,5,Kolkata,Android,,
CUST009785,Aman Reddy,,normal,18000.0,1,1,0,0.8,1,1,Ahmedabad,iOS,,
CUST009786,Kabir Bose,,normal,31200.0,10,8,2,2.8,1,1,Hyderabad,iOS,,
CUST009787,Myra Joshi,Kapoor Solutions Pvt Ltd,b2b,294600.0,30,27,3,10.4,2,1,Kolkata,Android,,
CUST009788,Ananya Reddy,,normal,19900.0,2,1,1,1.8,1,1,Indore,Android,,
CUST009789,Aman Verma,Rao Foods Pvt Ltd,b2b,147600.0,24,21,3,5.3,5,4,Delhi,iOS,,
CUST009790,Aarav Sharma,,normal,14000.0,5,4,1,3.2,0,0,Kolkata,Android,,
CUST009791,Ananya Bose,Reddy Distributors Pvt Ltd,b2b,347400.0,36,32,4,11.9,2,2,Indore,iOS,,
CUST009792,Rohan Malhotra,,group_d_broken_promise,42100.0,6,3,3,44.5,6,2,Delhi,Android,,
CUST009793,Ishaan Kapoor,,dormant_high_ltv,546600.0,73,65,8,2.7,0,0,Lucknow,iOS,,
CUST009794,Ishaan Reddy,,dormant_high_ltv,579000.0,68,66,2,2.4,0,0,Pune,Desktop,,
CUST009795,Ananya Mehta,,group_d_broken_promise,19200.0,1,1,0,17.4,7,2,Mumbai,Android,,
CUST009796,Saanvi Verma,,normal,40300.0,6,5,1,12.7,0,0,Kolkata,iOS,,
CUST009797,Kiara Gupta,,dormant_high_ltv,213800.0,26,25,1,1.0,0,0,Hyderabad,Android,,
CUST009798,Kabir Malhotra,Patel Distributors Pvt Ltd,b2b,523200.0,65,55,10,4.8,2,1,Delhi,Desktop,,
CUST009799,Sanya Sharma,,dormant_high_ltv,458100.0,58,51,7,2.0,0,0,Mumbai,iOS,,
CUST009800,Simran Sharma,,normal,21800.0,3,2,1,3.7,2,2,Hyderabad,Desktop,,
CUST009801,Simran Joshi,,dormant_high_ltv,349700.0,44,40,4,2.9,0,0,Ahmedabad,iOS,,
CUST009802,Ananya Kapoor,,normal,15800.0,4,3,1,0.2,2,2,Kolkata,Android,,
CUST009803,Aditya Gupta,,normal,26100.0,5,4,1,0.4,0,0,Bangalore,iOS,,
CUST009804,Rahul Bose,,normal,25400.0,6,6,0,1.2,0,0,Jaipur,iOS,,
CUST009805,Ishaan Joshi,Joshi Distributors Pvt Ltd,b2b,454500.0,58,55,3,6.8,1,1,Chennai,Desktop,,
CUST009806,Rahul Reddy,,normal,22100.0,5,4,1,2.8,2,2,Delhi,iOS,,
CUST009807,Myra Singh,,normal,13600.0,2,2,0,2.6,0,0,Jaipur,Android,,
CUST009808,Aman Gupta,,dormant_high_ltv,520600.0,74,68,6,4.8,0,0,Chennai,Android,,
CUST009809,Kiara Sharma,,normal,30900.0,8,6,2,5.0,2,2,Pune,Android,,
CUST009810,Meera Gupta,,normal,44000.0,7,6,1,1.6,1,1,Hyderabad,iOS,,
CUST009811,Aman Singh,Singh Logistics Pvt Ltd,b2b,787400.0,61,52,9,16.2,5,4,Delhi,iOS,,
CUST009812,Aditya Patel,,normal,24000.0,2,2,0,1.4,0,0,Chennai,Android,,
CUST009813,Aditya Singh,,normal,9200.0,2,1,1,7.3,1,1,Kolkata,Android,,
CUST009814,Meera Malhotra,,dormant_high_ltv,462500.0,55,49,6,1.6,0,0,Ahmedabad,Android,,
CUST009815,Kabir Malhotra,,normal,55500.0,10,9,1,1.2,0,0,Delhi,Android,,
CUST009816,Simran Singh,,group_d_broken_promise,9000.0,2,1,1,36.4,4,1,Ahmedabad,Desktop,,
CUST009817,Rohan Chawla,,dormant_high_ltv,424400.0,49,43,6,5.1,2,2,Hyderabad,Android,,
CUST009818,Myra Kapoor,,dormant_high_ltv,391300.0,45,42,3,4.5,1,1,Hyderabad,Android,,
CUST009819,Simran Chawla,,normal,25900.0,6,6,0,0.5,1,1,Mumbai,Android,,
CUST009820,Karan Reddy,,normal,11500.0,2,2,0,2.4,2,2,Pune,Desktop,,
CUST009821,Aarav Chawla,,normal,30100.0,5,5,0,1.1,1,1,Mumbai,Android,,
CUST009822,Aditya Bose,,normal,34900.0,9,8,1,2.3,0,0,Pune,Android,,
CUST009823,Neha Kapoor,,normal,20300.0,4,3,1,0.3,2,2,Nagpur,Android,,
CUST009824,Meera Chawla,,normal,7800.0,3,3,0,5.3,0,0,Delhi,Android,,
CUST009825,Rahul Mehta,,normal,22700.0,4,3,1,4.7,0,0,Delhi,Android,,
CUST009826,Kabir Reddy,,dormant_high_ltv,271200.0,22,19,3,5.6,1,1,Nagpur,Android,,
CUST009827,Vivaan Joshi,,normal,11300.0,5,4,1,10.0,0,0,Bangalore,Android,,
CUST009828,Aditya Sharma,,normal,26400.0,3,3,0,6.2,2,2,Nagpur,iOS,,
CUST009829,Aarav Joshi,,normal,13900.0,5,4,1,8.4,2,2,Ahmedabad,iOS,,
CUST009830,Meera Reddy,,normal,24800.0,3,3,0,0.2,2,2,Hyderabad,iOS,,
CUST009831,Ishaan Malhotra,,normal,16100.0,4,3,1,0.9,2,2,Indore,Desktop,,
CUST009832,Arjun Verma,Rao Industries Pvt Ltd,b2b,304600.0,45,40,5,3.4,4,4,Mumbai,Android,,
CUST009833,Priya Rao,,normal,23200.0,3,2,1,2.2,2,2,Bangalore,iOS,,
CUST009834,Ishaan Gupta,,normal,30600.0,7,6,1,1.5,1,1,Hyderabad,iOS,,
CUST009835,Ishaan Patel,,normal,31000.0,5,4,1,5.4,1,1,Pune,iOS,,
CUST009836,Rohan Joshi,,dormant_high_ltv,753400.0,58,53,5,4.6,1,1,Indore,Android,,
CUST009837,Ishaan Verma,,group_d_broken_promise,18500.0,4,2,2,13.7,5,2,Indore,Desktop,,
CUST009838,Aarav Gupta,,normal,12900.0,5,4,1,0.0,0,0,Indore,Android,,
CUST009839,Aarav Rao,,normal,17100.0,6,5,1,8.7,0,0,Jaipur,Desktop,,
CUST009840,Saanvi Iyer,,normal,17500.0,1,1,0,4.5,0,0,Indore,Desktop,,
CUST009841,Aarav Rao,,normal,22500.0,4,3,1,1.4,2,1,Pune,Desktop,,
CUST009842,Simran Bose,Mehta Textiles Pvt Ltd,b2b,670300.0,58,47,11,4.3,1,1,Bangalore,Android,,
CUST009843,Karan Gupta,,group_d_broken_promise,29800.0,4,2,2,24.2,7,1,Indore,Desktop,,
CUST009844,Myra Reddy,,normal,36200.0,9,7,2,2.8,2,1,Indore,Desktop,,
CUST009845,Ishaan Chawla,Mehta Exports Pvt Ltd,b2b,357200.0,41,37,4,5.1,4,3,Indore,Android,,
CUST009846,Rahul Singh,,normal,18600.0,2,2,0,1.4,1,1,Mumbai,iOS,,
CUST009847,Ishaan Iyer,,normal,25000.0,4,3,1,5.6,0,0,Hyderabad,Desktop,,
CUST009848,Aarav Gupta,,normal,18100.0,2,2,0,1.6,2,2,Jaipur,Android,,
CUST009849,Aditya Iyer,,normal,13900.0,2,1,1,2.4,0,0,Chennai,Android,,
CUST009850,Sanya Joshi,,dormant_high_ltv,293600.0,35,31,4,4.0,0,0,Hyderabad,Android,,
CUST009851,Aarav Patel,Iyer Logistics Pvt Ltd,b2b,255800.0,34,29,5,14.8,2,2,Chennai,Desktop,,
CUST009852,Ananya Rao,,normal,8900.0,3,3,0,0.1,2,2,Delhi,Android,,
CUST009853,Kiara Nair,,normal,15600.0,3,3,0,3.8,0,0,Kolkata,Android,,
CUST009854,Ishaan Chawla,,group_d_broken_promise,23000.0,2,1,1,22.2,4,1,Jaipur,Android,,
CUST009855,Diya Verma,,group_d_broken_promise,22600.0,2,1,1,18.5,6,2,Pune,Desktop,,
CUST009856,Ananya Chawla,,group_d_broken_promise,17900.0,2,1,1,23.6,6,1,Bangalore,Android,,
CUST009857,Aarav Nair,,normal,10500.0,1,1,0,5.6,2,2,Hyderabad,Android,,
CUST009858,Neha Sharma,,normal,10800.0,5,4,1,2.9,0,0,Bangalore,Android,,
CUST009859,Aditya Mehta,,normal,23500.0,3,2,1,6.8,0,0,Kolkata,Desktop,,
CUST009860,Sanya Iyer,,normal,24900.0,3,3,0,1.5,0,0,Chennai,Android,,
CUST009861,Meera Chawla,,group_d_broken_promise,31900.0,4,2,2,44.0,7,1,Hyderabad,Android,,
CUST009862,Aarav Gupta,,normal,31700.0,4,3,1,4.5,0,0,Pune,Android,,
CUST009863,Neha Verma,,dormant_high_ltv,645400.0,57,54,3,0.5,0,0,Nagpur,Android,,
CUST009864,Rahul Mehta,,normal,7200.0,1,1,0,2.4,0,0,Pune,Android,,
CUST009865,Karan Verma,,dormant_high_ltv,487900.0,71,62,9,4.0,0,0,Chennai,Android,,
CUST009866,Neha Mehta,,normal,29000.0,3,3,0,0.8,1,1,Ahmedabad,Android,,
CUST009867,Priya Mehta,,dormant_high_ltv,354100.0,41,37,4,1.5,1,1,Mumbai,Android,,
CUST009868,Vivaan Nair,,normal,5100.0,1,1,0,2.4,1,1,Nagpur,Android,,
CUST009869,Diya Kapoor,,group_d_broken_promise,11200.0,1,0,1,21.5,9,3,Pune,Desktop,,
CUST009870,Kabir Reddy,,normal,14000.0,2,2,0,7.8,2,2,Delhi,Android,,
CUST009871,Kiara Patel,,dormant_high_ltv,340800.0,37,36,1,3.7,2,2,Kolkata,Desktop,,
CUST009872,Sanya Rao,,normal,18100.0,6,5,1,0.6,0,0,Chennai,Android,,
CUST009873,Saanvi Bose,,normal,13900.0,2,2,0,7.2,0,0,Hyderabad,iOS,,
CUST009874,Ananya Malhotra,Nair Retail Pvt Ltd,b2b,408400.0,66,63,3,4.7,2,1,Pune,iOS,,
CUST009875,Meera Reddy,Singh Distributors Pvt Ltd,b2b,450300.0,53,49,4,2.5,1,1,Lucknow,Desktop,,
CUST009876,Saanvi Reddy,,normal,19600.0,8,8,0,9.1,1,1,Kolkata,iOS,,
CUST009877,Priya Bose,,normal,21700.0,7,7,0,1.8,1,1,Pune,Desktop,,
CUST009878,Sanya Malhotra,,normal,4700.0,2,2,0,4.6,2,2,Kolkata,Desktop,,
CUST009879,Karan Bose,,group_d_broken_promise,34100.0,6,3,3,24.8,4,1,Delhi,iOS,,
CUST009880,Neha Mehta,,normal,25300.0,3,2,1,6.9,1,1,Bangalore,Android,,
CUST009881,Vivaan Reddy,Gupta Industries Pvt Ltd,b2b,574700.0,71,68,3,4.8,1,1,Ahmedabad,Android,,
CUST009882,Ishaan Verma,,group_d_broken_promise,34400.0,9,4,5,20.5,6,1,Pune,Desktop,,
CUST009883,Meera Gupta,,normal,15000.0,9,8,1,0.1,2,2,Delhi,iOS,,
CUST009884,Arjun Nair,Chawla Traders Pvt Ltd,b2b,304100.0,40,38,2,6.1,4,4,Nagpur,Desktop,,
CUST009885,Neha Reddy,Rao Textiles Pvt Ltd,b2b,408400.0,44,38,6,2.8,1,1,Delhi,iOS,,
CUST009886,Ishaan Chawla,,normal,28400.0,2,2,0,5.4,0,0,Nagpur,Desktop,,
CUST009887,Aarav Mehta,,normal,29000.0,7,7,0,3.5,0,0,Nagpur,iOS,,
CUST009888,Kabir Mehta,,normal,20700.0,4,3,1,3.8,2,2,Mumbai,Android,,
CUST009889,Rohan Chawla,,dormant_high_ltv,268700.0,36,31,5,2.2,1,1,Chennai,Android,,
CUST009890,Aarav Patel,,normal,31000.0,5,5,0,2.4,2,2,Bangalore,Android,,
CUST009891,Kiara Nair,,normal,12300.0,3,2,1,1.0,0,0,Pune,iOS,,
CUST009892,Vivaan Gupta,,normal,14100.0,3,2,1,0.6,2,2,Nagpur,Android,,
CUST009893,Aarav Reddy,,dormant_high_ltv,409200.0,47,45,2,9.0,2,2,Jaipur,Android,,
CUST009894,Ishaan Bose,,normal,7100.0,2,2,0,7.8,2,2,Delhi,Desktop,,
CUST009895,Kabir Kapoor,,normal,25800.0,3,3,0,0.6,0,0,Bangalore,iOS,,
CUST009896,Rahul Patel,,normal,19700.0,4,4,0,0.9,1,1,Bangalore,iOS,,
CUST009897,Rohan Kapoor,,normal,18000.0,4,3,1,2.6,2,2,Jaipur,iOS,,
CUST009898,Aman Sharma,,normal,17400.0,6,5,1,1.8,2,2,Pune,Android,,
CUST009899,Kabir Joshi,,normal,16200.0,4,4,0,3.0,0,0,Delhi,iOS,,
CUST009900,Priya Gupta,,normal,10800.0,2,1,1,1.3,1,1,Delhi,Android,,
CUST009901,Ananya Gupta,Joshi Apparel Pvt Ltd,b2b,370600.0,37,30,7,9.2,5,5,Nagpur,Android,,
CUST009902,Karan Verma,Malhotra Foods Pvt Ltd,b2b,324600.0,43,37,6,4.1,1,1,Bangalore,iOS,,
CUST009903,Meera Kapoor,,normal,9700.0,2,2,0,4.4,1,1,Delhi,Android,,
CUST009904,Kabir Rao,,normal,44200.0,6,6,0,3.7,2,2,Ahmedabad,Android,,
CUST009905,Arjun Reddy,,normal,24500.0,5,5,0,4.0,0,0,Chennai,iOS,,
CUST009906,Priya Singh,,normal,17800.0,1,1,0,1.8,1,1,Hyderabad,iOS,,
CUST009907,Aarav Mehta,,normal,16600.0,3,2,1,0.6,0,0,Bangalore,Android,,
CUST009908,Simran Iyer,,normal,23100.0,5,5,0,9.8,0,0,Pune,iOS,,
CUST009909,Rohan Gupta,Rao Apparel Pvt Ltd,b2b,642800.0,58,50,8,9.8,5,4,Lucknow,Android,,
CUST009910,Myra Nair,,normal,34200.0,12,11,1,2.5,0,0,Lucknow,Android,,
CUST009911,Diya Iyer,,group_d_broken_promise,42200.0,6,3,3,27.0,3,1,Ahmedabad,Android,,
CUST009912,Aarav Iyer,,normal,21000.0,1,1,0,5.4,2,2,Bangalore,Desktop,,
CUST009913,Myra Chawla,,normal,52800.0,4,3,1,0.2,2,1,Jaipur,iOS,,
CUST009914,Meera Rao,Nair Enterprises Pvt Ltd,b2b,452700.0,49,43,6,10.8,2,1,Chennai,iOS,,
CUST009915,Sanya Iyer,Singh Solutions Pvt Ltd,b2b,168500.0,21,17,4,10.3,5,5,Bangalore,Desktop,,
CUST009916,Karan Singh,Nair Exports Pvt Ltd,b2b,410800.0,46,37,9,4.8,5,4,Bangalore,Desktop,,
CUST009917,Neha Bose,,normal,26300.0,5,4,1,1.2,0,0,Indore,iOS,,
CUST009918,Ananya Gupta,,normal,15100.0,2,1,1,1.7,0,0,Ahmedabad,iOS,,
CUST009919,Ishaan Malhotra,,group_d_broken_promise,97900.0,18,10,8,21.2,7,1,Chennai,Android,,
CUST009920,Meera Kapoor,,normal,9600.0,3,3,0,2.2,0,0,Indore,iOS,,
CUST009921,Aditya Chawla,Nair Retail Pvt Ltd,b2b,207400.0,44,43,1,6.3,3,3,Jaipur,iOS,,
CUST009922,Diya Nair,,normal,33300.0,4,4,0,0.2,0,0,Jaipur,iOS,,
CUST009923,Aditya Chawla,,normal,11600.0,4,3,1,4.4,1,1,Kolkata,Android,,
CUST009924,Meera Rao,,dormant_high_ltv,266400.0,36,35,1,6.4,1,1,Kolkata,iOS,,
CUST009925,Neha Chawla,,group_d_broken_promise,8600.0,1,1,0,16.4,8,1,Lucknow,iOS,,
CUST009926,Karan Malhotra,,normal,28500.0,6,4,2,1.3,2,1,Hyderabad,Android,,
CUST009927,Rahul Kapoor,,normal,23400.0,6,4,2,1.8,0,0,Ahmedabad,Desktop,,
CUST009928,Vivaan Verma,,dormant_high_ltv,556200.0,49,42,7,3.1,0,0,Hyderabad,iOS,,
CUST009929,Aarav Reddy,,normal,8600.0,1,1,0,2.8,2,2,Hyderabad,iOS,,
CUST009930,Kabir Reddy,,normal,22800.0,4,3,1,3.0,2,2,Chennai,iOS,,
CUST009931,Aman Bose,,dormant_high_ltv,436000.0,49,46,3,1.3,1,1,Mumbai,Android,,
CUST009932,Aman Malhotra,,normal,25100.0,4,3,1,2.0,0,0,Bangalore,iOS,,
CUST009933,Aman Nair,,normal,16300.0,1,1,0,4.5,1,1,Jaipur,Android,,
CUST009934,Arjun Sharma,Iyer Tech Pvt Ltd,b2b,396000.0,60,51,9,5.0,5,5,Bangalore,Android,,
CUST009935,Kiara Singh,,normal,15800.0,5,4,1,1.2,0,0,Ahmedabad,iOS,,
CUST009936,Diya Patel,Reddy Foods Pvt Ltd,b2b,218700.0,36,34,2,3.5,5,4,Ahmedabad,iOS,,
CUST009937,Sanya Kapoor,Verma Distributors Pvt Ltd,b2b,453400.0,51,47,4,4.9,1,1,Mumbai,Desktop,,
CUST009938,Sanya Kapoor,Singh Exports Pvt Ltd,b2b,206400.0,27,22,5,8.6,1,1,Lucknow,Android,,
CUST009939,Rahul Chawla,,normal,16800.0,1,1,0,6.3,0,0,Indore,iOS,,
CUST009940,Diya Chawla,,normal,32800.0,5,4,1,1.3,0,0,Hyderabad,Android,,
CUST009941,Rahul Mehta,,normal,15300.0,3,2,1,2.4,1,1,Bangalore,Android,,
CUST009942,Karan Singh,Rao Textiles Pvt Ltd,b2b,260600.0,31,29,2,8.2,2,2,Jaipur,Desktop,,
CUST009943,Ananya Sharma,,normal,7300.0,1,1,0,0.6,1,1,Mumbai,Android,,
CUST009944,Vivaan Bose,,normal,19800.0,3,3,0,9.4,1,1,Ahmedabad,Android,,
CUST009945,Ananya Joshi,Patel Solutions Pvt Ltd,b2b,491400.0,63,52,11,8.5,1,1,Ahmedabad,iOS,,
CUST009946,Rahul Verma,,dormant_high_ltv,401900.0,52,47,5,0.2,0,0,Ahmedabad,Android,,
CUST009947,Rahul Iyer,,normal,6900.0,4,3,1,2.3,2,2,Ahmedabad,Android,,
CUST009948,Aarav Malhotra,Reddy Tech Pvt Ltd,b2b,368300.0,44,42,2,6.5,3,2,Pune,iOS,,
CUST009949,Sanya Kapoor,,normal,22500.0,4,3,1,3.6,0,0,Hyderabad,Android,,
CUST009950,Ananya Chawla,,normal,11100.0,1,1,0,16.4,2,2,Nagpur,Desktop,,
CUST009951,Karan Verma,,dormant_high_ltv,415800.0,51,47,4,7.3,2,2,Lucknow,iOS,,
CUST009952,Arjun Sharma,,normal,17300.0,4,3,1,2.4,0,0,Indore,Android,,
CUST009953,Diya Iyer,,normal,11200.0,2,2,0,8.4,1,1,Kolkata,Android,,
CUST009954,Vivaan Verma,,normal,38800.0,10,7,3,1.2,2,1,Pune,iOS,,
CUST009955,Ishaan Nair,,normal,23300.0,6,6,0,1.5,2,2,Ahmedabad,Desktop,,
CUST009956,Ananya Sharma,,normal,10900.0,2,2,0,7.4,2,2,Ahmedabad,Android,,
CUST009957,Myra Iyer,,normal,20900.0,3,2,1,0.4,1,1,Delhi,iOS,,
CUST009958,Sanya Singh,,group_d_broken_promise,33600.0,7,3,4,24.4,9,2,Hyderabad,Desktop,,
CUST009959,Meera Reddy,,normal,9900.0,2,1,1,3.8,1,1,Delhi,iOS,,
CUST009960,Priya Rao,Joshi Industries Pvt Ltd,b2b,225100.0,38,33,5,3.8,2,2,Chennai,Android,,
CUST009961,Rahul Verma,,normal,17200.0,7,6,1,2.5,0,0,Pune,Android,,
CUST009962,Kiara Gupta,,normal,34100.0,6,5,1,4.7,2,1,Nagpur,iOS,,
CUST009963,Ishaan Verma,,group_d_broken_promise,36900.0,9,5,4,31.5,5,1,Bangalore,Android,,
CUST009964,Rahul Iyer,,normal,23500.0,4,3,1,14.1,1,1,Lucknow,iOS,,
CUST009965,Neha Malhotra,,dormant_high_ltv,440900.0,51,48,3,2.0,1,1,Hyderabad,Android,,
CUST009966,Kiara Rao,,dormant_high_ltv,370100.0,41,38,3,0.9,0,0,Nagpur,iOS,,
CUST009967,Aman Malhotra,,normal,11600.0,1,1,0,0.9,1,1,Hyderabad,Desktop,,
CUST009968,Vivaan Chawla,,normal,9100.0,2,2,0,1.6,1,1,Nagpur,iOS,,
CUST009969,Sanya Gupta,,group_d_broken_promise,18500.0,5,3,2,34.2,11,2,Mumbai,Android,,
CUST009970,Karan Chawla,,normal,25200.0,3,2,1,7.7,0,0,Delhi,Android,,
CUST009971,Aditya Sharma,,normal,42600.0,4,3,1,1.4,0,0,Bangalore,Android,,
CUST009972,Simran Sharma,,group_d_broken_promise,23800.0,4,2,2,23.2,10,1,Hyderabad,iOS,,
CUST009973,Sanya Nair,,normal,17700.0,2,2,0,0.6,0,0,Mumbai,Android,,
CUST009974,Ananya Patel,Singh Foods Pvt Ltd,b2b,626700.0,65,58,7,3.7,3,2,Indore,Desktop,,
CUST009975,Saanvi Kapoor,,normal,33300.0,8,6,2,2.2,2,2,Jaipur,Desktop,,
CUST009976,Ishaan Mehta,,group_d_broken_promise,20600.0,4,2,2,18.6,5,2,Ahmedabad,Android,,
CUST009977,Diya Nair,,normal,23700.0,4,4,0,2.0,0,0,Pune,Android,,
CUST009978,Karan Reddy,,normal,25000.0,5,4,1,3.5,2,2,Pune,iOS,,
CUST009979,Aditya Mehta,,group_d_broken_promise,34700.0,8,4,4,24.6,5,1,Indore,Android,,
CUST009980,Aditya Patel,,group_d_broken_promise,44500.0,10,4,6,36.8,8,3,Pune,Android,,
CUST009981,Myra Rao,Malhotra Traders Pvt Ltd,b2b,317900.0,28,24,4,13.9,1,1,Delhi,iOS,,
CUST009982,Priya Patel,,dormant_high_ltv,383000.0,41,40,1,2.1,2,1,Bangalore,Android,,
CUST009983,Saanvi Singh,,normal,9800.0,4,3,1,1.0,2,1,Jaipur,iOS,,
CUST009984,Vivaan Reddy,,normal,17100.0,3,3,0,2.2,2,2,Pune,Android,,
CUST009985,Kiara Bose,,normal,17700.0,5,4,1,3.0,1,1,Indore,Android,,
CUST009986,Arjun Iyer,,normal,5900.0,2,2,0,2.1,1,1,Ahmedabad,Android,,
CUST009987,Ishaan Verma,,normal,13300.0,2,1,1,2.2,1,1,Mumbai,Android,,
CUST009988,Simran Bose,,normal,14100.0,4,3,1,1.0,1,1,Jaipur,Desktop,,
CUST009989,Ishaan Reddy,Chawla Traders Pvt Ltd,b2b,336600.0,41,36,5,6.4,3,3,Nagpur,iOS,,
CUST009990,Simran Reddy,Iyer Foods Pvt Ltd,b2b,347400.0,44,36,8,6.2,2,1,Ahmedabad,Android,,
CUST009991,Karan Verma,Malhotra Distributors Pvt Ltd,b2b,467300.0,59,53,6,8.1,2,2,Pune,iOS,,
CUST009992,Priya Chawla,Singh Distributors Pvt Ltd,b2b,326500.0,43,39,4,4.9,4,3,Mumbai,iOS,,
CUST009993,Kabir Verma,,normal,11400.0,1,1,0,0.6,2,2,Jaipur,Android,,
CUST009994,Aditya Patel,,group_d_broken_promise,14700.0,1,0,1,16.4,11,2,Chennai,iOS,,
CUST009995,Arjun Verma,,normal,16800.0,6,5,1,0.5,2,2,Pune,iOS,,
CUST009996,Kiara Reddy,,normal,27800.0,6,5,1,0.1,1,1,Pune,Android,,
CUST009997,Arjun Malhotra,Mehta Foods Pvt Ltd,b2b,352300.0,49,44,5,7.7,3,3,Ahmedabad,Android,,
CUST009998,Kiara Patel,,group_d_broken_promise,32100.0,6,3,3,34.2,3,1,Hyderabad,iOS,,
CUST009999,Aditya Iyer,,normal,28200.0,1,1,0,3.4,2,2,Chennai,Desktop,,
CUST010000,Kiara Singh,,normal,36400.0,6,5,1,5.7,0,0,Mumbai,iOS,,
CUST_DEMO_001,Test Seed Customer,Demo Enterprise,high_value,110000.0,12,10,2,15.0,1,1,Mumbai,Desktop,test.seed@example.com,919998887776.0
CUST_DEMO_002,Shreyanshu Kumar,Demo Enterprise,high_value,20.0,12,10,2,15.0,1,1,Mumbai,Desktop,niruramesh501@gmail.com,+919110058109
