invoice_id,customer_id,amount,issue_date,due_date,days_overdue,status
INV000001,CUST000068,111700.0,2026-08-07,2026-08-22,9,overdue
INV000002,CUST004019,18200.0,2026-02-16,2026-04-02,151,written_off
INV000003,CUST006267,161500.0,2026-07-12,2026-08-11,20,paid
INV000004,CUST006629,228400.0,2026-08-10,2026-09-09,-9,not_yet_due
INV000005,CUST000264,22800.0,2026-06-30,2026-08-14,17,overdue
INV000006,CUST005890,17700.0,2026-07-19,2026-09-02,-2,overdue
INV000007,CUST009080,118000.0,2026-04-14,2026-05-29,94,overdue
INV000008,CUST000395,80700.0,2026-04-25,2026-05-25,98,overdue
INV000009,CUST005534,47700.0,2026-03-20,2026-04-19,134,overdue
INV000010,CUST008326,108200.0,2026-03-16,2026-04-15,138,overdue
INV000011,CUST003185,41300.0,2026-06-21,2026-07-21,41,overdue
INV000012,CUST000561,38500.0,2026-03-23,2026-04-22,131,written_off
INV000013,CUST003077,106100.0,2026-07-31,2026-08-30,1,overdue
INV000014,CUST001341,14500.0,2026-05-03,2026-07-02,60,overdue
INV000015,CUST003553,234000.0,2026-06-30,2026-07-30,32,overdue
INV000016,CUST007100,27100.0,2026-05-21,2026-07-05,57,overdue
INV000017,CUST005414,28200.0,2026-02-22,2026-03-24,160,overdue
INV000018,CUST004745,62600.0,2026-06-24,2026-07-24,38,paid
INV000019,CUST004568,114400.0,2026-07-25,2026-08-24,7,overdue
INV000020,CUST004703,21300.0,2026-03-08,2026-03-23,161,overdue
INV000021,CUST005223,20300.0,2026-04-30,2026-06-14,78,overdue
INV000022,CUST009538,249200.0,2026-04-27,2026-06-11,81,overdue
INV000023,CUST009689,17200.0,2026-04-14,2026-05-29,94,written_off
INV000024,CUST009129,80500.0,2026-07-24,2026-08-23,8,overdue
INV000025,CUST001697,5200.0,2026-07-06,2026-07-21,41,written_off
INV000026,CUST004333,25500.0,2026-08-10,2026-08-25,6,paid
INV000027,CUST009379,132000.0,2026-06-18,2026-07-18,44,overdue
INV000028,CUST003123,278700.0,2026-06-15,2026-07-15,47,overdue
INV000029,CUST004634,129600.0,2026-06-23,2026-07-08,54,paid
INV000030,CUST007655,86000.0,2026-06-04,2026-07-04,58,overdue
INV000031,CUST005030,28300.0,2026-04-08,2026-04-23,130,paid
INV000032,CUST004631,76000.0,2026-03-21,2026-04-20,133,paid
INV000033,CUST004639,17700.0,2026-07-08,2026-08-22,9,written_off
INV000034,CUST002956,150000.0,2026-08-10,2026-09-09,-9,not_yet_due
INV000035,CUST000409,18500.0,2026-06-10,2026-06-25,67,written_off
INV000036,CUST004851,41600.0,2026-07-14,2026-08-13,18,paid
INV000037,CUST000184,186500.0,2026-03-17,2026-05-16,107,overdue
INV000038,CUST004911,32700.0,2026-07-21,2026-08-05,26,overdue
INV000039,CUST006552,130400.0,2026-08-08,2026-09-22,-10,not_yet_due
INV000040,CUST003102,47600.0,2026-02-20,2026-03-22,162,written_off
INV000041,CUST009151,28300.0,2026-05-21,2026-06-05,87,paid
INV000042,CUST005558,108700.0,2026-07-05,2026-08-19,12,overdue
INV000043,CUST000682,500000.0,2026-03-11,2026-04-10,143,overdue
INV000044,CUST008025,75800.0,2026-05-14,2026-06-13,79,overdue
INV000045,CUST007862,222500.0,2026-06-10,2026-07-25,37,overdue
INV000046,CUST008941,26100.0,2026-07-31,2026-09-29,-10,written_off
INV000047,CUST006927,48300.0,2026-06-26,2026-08-10,21,paid
INV000048,CUST008743,11500.0,2026-03-21,2026-05-20,103,written_off
INV000049,CUST007307,186000.0,2026-03-05,2026-05-04,119,paid
INV000050,CUST002059,56700.0,2026-05-02,2026-06-16,76,overdue
INV000051,CUST004766,272500.0,2026-05-03,2026-05-18,105,overdue
INV000052,CUST002814,39100.0,2026-07-03,2026-08-02,29,overdue
INV000053,CUST003805,15000.0,2026-07-20,2026-08-19,12,paid
INV000054,CUST005979,24000.0,2026-04-10,2026-04-25,128,written_off
INV000055,CUST001941,172400.0,2026-07-05,2026-07-20,42,paid
INV000056,CUST000413,39800.0,2026-03-29,2026-04-28,125,written_off
INV000057,CUST003453,83400.0,2026-06-20,2026-07-20,42,overdue
INV000058,CUST009036,91400.0,2026-03-17,2026-04-16,137,overdue
INV000059,CUST000523,24300.0,2026-07-29,2026-09-12,-10,written_off
INV000060,CUST007366,34000.0,2026-04-06,2026-05-06,117,written_off
INV000061,CUST003184,7600.0,2026-07-07,2026-08-06,25,written_off
INV000062,CUST004256,72400.0,2026-06-28,2026-08-27,4,paid
INV000063,CUST009466,13100.0,2026-02-21,2026-03-08,176,paid
INV000064,CUST003667,75500.0,2026-03-10,2026-03-25,159,paid
INV000065,CUST007845,20300.0,2026-04-06,2026-04-21,132,overdue
INV000066,CUST001661,22500.0,2026-03-31,2026-04-30,123,written_off
INV000067,CUST009718,21400.0,2026-03-15,2026-04-29,124,written_off
INV000068,CUST000535,107700.0,2026-07-11,2026-08-10,21,paid
INV000069,CUST006893,135500.0,2026-04-07,2026-05-22,101,overdue
INV000070,CUST003590,39300.0,2026-05-29,2026-06-28,64,paid
INV000071,CUST006385,97400.0,2026-03-26,2026-04-10,143,written_off
INV000072,CUST001994,73200.0,2026-06-30,2026-07-30,32,paid
INV000073,CUST005081,59200.0,2026-08-02,2026-09-01,-1,overdue
INV000074,CUST008853,27100.0,2026-06-28,2026-08-12,19,written_off
INV000075,CUST003352,23500.0,2026-04-02,2026-04-17,136,written_off
INV000076,CUST004388,16100.0,2026-06-02,2026-07-17,45,written_off
INV000077,CUST003303,18900.0,2026-03-05,2026-04-04,149,paid
INV000078,CUST008338,16400.0,2026-08-02,2026-08-17,14,overdue
INV000079,CUST009473,24000.0,2026-03-18,2026-05-17,106,overdue
INV000080,CUST003673,100300.0,2026-02-16,2026-04-17,136,overdue
INV000081,CUST009192,126700.0,2026-03-11,2026-04-25,128,overdue
INV000082,CUST006992,27800.0,2026-05-29,2026-07-13,49,overdue
INV000083,CUST007248,18100.0,2026-04-11,2026-05-26,97,written_off
INV000084,CUST008961,90600.0,2026-04-09,2026-05-09,114,overdue
INV000085,CUST000762,47900.0,2026-05-16,2026-07-15,47,written_off
INV000086,CUST003032,29100.0,2026-06-26,2026-07-11,51,paid
INV000087,CUST001674,32500.0,2026-07-29,2026-08-13,18,written_off
INV000088,CUST009717,256100.0,2026-07-16,2026-08-30,1,overdue
INV000089,CUST004260,5000.0,2026-05-05,2026-06-04,88,paid
INV000090,CUST008543,153800.0,2026-05-23,2026-06-22,70,overdue
INV000091,CUST006054,64600.0,2026-06-26,2026-07-26,36,overdue
INV000092,CUST004972,98400.0,2026-03-06,2026-04-05,148,overdue
INV000093,CUST002388,136400.0,2026-08-11,2026-09-25,-10,not_yet_due
INV000094,CUST009580,84300.0,2026-04-28,2026-05-28,95,overdue
INV000095,CUST007221,227600.0,2026-05-23,2026-06-07,85,overdue
INV000096,CUST001660,320500.0,2026-05-06,2026-05-21,102,overdue
INV000097,CUST001669,49100.0,2026-04-04,2026-05-04,119,overdue
INV000098,CUST004778,31700.0,2026-04-10,2026-05-25,98,overdue
INV000099,CUST001053,89300.0,2026-06-14,2026-07-14,48,overdue
INV000100,CUST001792,68700.0,2026-04-04,2026-05-04,119,overdue
INV000101,CUST003655,64200.0,2026-05-28,2026-06-12,80,overdue
INV000102,CUST004927,176600.0,2026-03-20,2026-04-19,134,overdue
INV000103,CUST002940,71600.0,2026-03-08,2026-04-07,146,overdue
INV000104,CUST000294,61900.0,2026-04-18,2026-06-17,75,overdue
INV000105,CUST007389,25800.0,2026-07-11,2026-08-10,21,overdue
INV000106,CUST000781,57400.0,2026-06-23,2026-07-23,39,overdue
INV000107,CUST004043,8000.0,2026-08-07,2026-09-21,-10,written_off
INV000108,CUST004325,37700.0,2026-07-08,2026-07-23,39,paid
INV000109,CUST006824,233000.0,2026-02-22,2026-03-24,160,paid
INV000110,CUST008614,76200.0,2026-06-22,2026-08-06,25,overdue
INV000111,CUST009508,16700.0,2026-02-27,2026-03-14,170,written_off
INV000112,CUST006136,84500.0,2026-05-14,2026-06-13,79,overdue
INV000113,CUST004565,36300.0,2026-08-01,2026-08-31,0,written_off
INV000114,CUST002382,29900.0,2026-04-22,2026-05-22,101,paid
INV000115,CUST005289,62800.0,2026-03-05,2026-05-04,119,paid
INV000116,CUST007444,48800.0,2026-02-23,2026-03-25,159,written_off
INV000117,CUST006957,157600.0,2026-07-28,2026-09-11,-10,not_yet_due
INV000118,CUST005622,102400.0,2026-03-08,2026-04-07,146,paid
INV000119,CUST001179,36100.0,2026-04-08,2026-05-08,115,overdue
INV000120,CUST004070,25900.0,2026-04-09,2026-06-08,84,written_off
INV000121,CUST005465,46400.0,2026-05-28,2026-07-27,35,paid
INV000122,CUST001434,18900.0,2026-05-25,2026-06-24,68,written_off
INV000123,CUST006402,43200.0,2026-04-08,2026-04-23,130,paid
INV000124,CUST004358,135900.0,2026-03-17,2026-04-01,152,overdue
INV000125,CUST000482,131000.0,2026-04-02,2026-05-17,106,overdue
INV000126,CUST007763,183000.0,2026-07-03,2026-08-02,29,overdue
INV000127,CUST002145,134400.0,2026-07-12,2026-08-11,20,overdue
INV000128,CUST003758,63700.0,2026-03-24,2026-04-23,130,overdue
INV000129,CUST008712,27500.0,2026-07-16,2026-08-15,16,written_off
INV000130,CUST003097,9000.0,2026-04-09,2026-05-24,99,written_off
INV000131,CUST006534,133700.0,2026-08-05,2026-09-04,-4,not_yet_due
INV000132,CUST000693,101400.0,2026-06-16,2026-07-01,61,overdue
INV000133,CUST000339,38800.0,2026-08-01,2026-08-31,0,written_off
INV000134,CUST008611,12500.0,2026-02-26,2026-04-27,126,written_off
INV000135,CUST004573,16300.0,2026-04-14,2026-04-29,124,overdue
INV000136,CUST000281,114200.0,2026-05-17,2026-06-16,76,overdue
INV000137,CUST002367,58300.0,2026-02-25,2026-04-11,142,overdue
INV000138,CUST008262,72100.0,2026-04-04,2026-06-03,89,overdue
INV000139,CUST004796,5000.0,2026-07-28,2026-09-26,-10,written_off
INV000140,CUST009776,22600.0,2026-07-19,2026-09-17,-10,overdue
INV000141,CUST007042,25200.0,2026-08-03,2026-09-17,-10,overdue
INV000142,CUST000071,178800.0,2026-02-20,2026-04-06,147,paid
INV000143,CUST003619,166900.0,2026-03-06,2026-05-05,118,overdue
INV000144,CUST006833,38300.0,2026-04-09,2026-05-09,114,overdue
INV000145,CUST000204,9400.0,2026-04-30,2026-05-15,108,overdue
INV000146,CUST003270,21200.0,2026-04-13,2026-04-28,125,overdue
INV000147,CUST004629,30900.0,2026-08-04,2026-09-03,-3,written_off
INV000148,CUST005064,30400.0,2026-07-27,2026-09-10,-10,written_off
INV000149,CUST009555,22800.0,2026-04-05,2026-05-05,118,written_off
INV000150,CUST006542,28600.0,2026-07-20,2026-08-19,12,overdue
INV000151,CUST003330,58100.0,2026-07-17,2026-08-16,15,overdue
INV000152,CUST008358,18000.0,2026-04-27,2026-06-26,66,written_off
INV000153,CUST000445,161400.0,2026-04-17,2026-05-17,106,overdue
INV000154,CUST009885,161000.0,2026-04-24,2026-05-24,99,paid
INV000155,CUST001764,37200.0,2026-03-29,2026-04-28,125,written_off
INV000156,CUST000633,41700.0,2026-07-24,2026-08-08,23,paid
INV000157,CUST009328,174300.0,2026-03-06,2026-04-20,133,paid
INV000158,CUST008968,142400.0,2026-07-15,2026-08-29,2,overdue
INV000159,CUST008950,59000.0,2026-05-24,2026-06-23,69,overdue
INV000160,CUST006452,31900.0,2026-06-14,2026-06-29,63,paid
INV000161,CUST007023,158700.0,2026-06-23,2026-07-23,39,overdue
INV000162,CUST003261,24600.0,2026-05-16,2026-06-15,77,overdue
INV000163,CUST002937,75700.0,2026-04-13,2026-04-28,125,overdue
INV000164,CUST009173,116600.0,2026-07-11,2026-09-09,-9,not_yet_due
INV000165,CUST007463,60600.0,2026-03-11,2026-04-25,128,overdue
INV000166,CUST008443,49400.0,2026-05-14,2026-06-13,79,overdue
INV000167,CUST009147,183700.0,2026-08-10,2026-09-24,-10,not_yet_due
INV000168,CUST003133,9100.0,2026-02-26,2026-03-28,156,overdue
INV000169,CUST004548,108900.0,2026-06-23,2026-07-23,39,overdue
INV000170,CUST009871,100000.0,2026-04-13,2026-05-13,110,paid
INV000171,CUST002463,8400.0,2026-03-18,2026-05-02,121,written_off
INV000172,CUST002771,16100.0,2026-06-14,2026-08-13,18,written_off
INV000173,CUST002374,56400.0,2026-04-30,2026-06-14,78,overdue
INV000174,CUST003038,113300.0,2026-05-07,2026-07-06,56,paid
INV000175,CUST004863,13700.0,2026-06-08,2026-06-23,69,overdue
INV000176,CUST002568,39500.0,2026-02-26,2026-03-13,171,overdue
INV000177,CUST002398,13800.0,2026-06-17,2026-07-02,60,overdue
INV000178,CUST008884,169900.0,2026-03-14,2026-04-28,125,overdue
INV000179,CUST002127,59400.0,2026-08-07,2026-09-06,-6,not_yet_due
INV000180,CUST007647,100600.0,2026-05-31,2026-07-30,32,overdue
INV000181,CUST002810,118500.0,2026-07-13,2026-08-12,19,written_off
INV000182,CUST009731,9800.0,2026-06-01,2026-07-01,61,overdue
INV000183,CUST003595,179900.0,2026-05-17,2026-06-16,76,overdue
INV000184,CUST005201,65600.0,2026-04-13,2026-05-13,110,overdue
INV000185,CUST000902,91000.0,2026-07-26,2026-08-25,6,paid
INV000186,CUST007558,153100.0,2026-06-12,2026-08-11,20,overdue
INV000187,CUST003442,53400.0,2026-04-11,2026-04-26,127,written_off
INV000188,CUST009789,21900.0,2026-05-14,2026-06-28,64,overdue
INV000189,CUST000938,55000.0,2026-03-31,2026-05-15,108,overdue
INV000190,CUST006765,117400.0,2026-06-06,2026-07-06,56,overdue
INV000191,CUST001026,45400.0,2026-05-05,2026-06-04,88,paid
INV000192,CUST008938,68500.0,2026-04-21,2026-05-21,102,paid
INV000193,CUST001814,129500.0,2026-07-16,2026-09-14,-10,not_yet_due
INV000194,CUST006988,266900.0,2026-02-24,2026-04-10,143,paid
INV000195,CUST000267,25900.0,2026-07-12,2026-08-26,5,overdue
INV000196,CUST002809,39600.0,2026-06-15,2026-06-30,62,overdue
INV000197,CUST003300,145100.0,2026-07-13,2026-08-12,19,paid
INV000198,CUST006784,207900.0,2026-07-29,2026-08-28,3,overdue
INV000199,CUST001587,110600.0,2026-03-19,2026-05-18,105,paid
INV000200,CUST006978,5900.0,2026-03-18,2026-04-17,136,written_off
INV000201,CUST000583,38100.0,2026-05-07,2026-06-21,71,written_off
INV000202,CUST000209,20000.0,2026-08-11,2026-09-10,-10,written_off
INV000203,CUST000261,16500.0,2026-07-13,2026-07-28,34,written_off
INV000204,CUST001236,37000.0,2026-06-27,2026-07-12,50,overdue
INV000205,CUST001686,193000.0,2026-06-23,2026-07-23,39,overdue
INV000206,CUST003665,180300.0,2026-02-24,2026-04-10,143,overdue
INV000207,CUST004421,69700.0,2026-02-28,2026-04-14,139,overdue
INV000208,CUST009998,20400.0,2026-07-27,2026-08-26,5,overdue
INV000209,CUST005062,18600.0,2026-03-01,2026-03-31,153,written_off
INV000210,CUST002296,112800.0,2026-03-17,2026-04-16,137,paid
INV000211,CUST009361,204500.0,2026-02-17,2026-03-19,165,overdue
INV000212,CUST006065,55400.0,2026-05-15,2026-06-14,78,overdue
INV000213,CUST003192,173900.0,2026-03-28,2026-05-12,111,paid
INV000214,CUST002328,29700.0,2026-06-20,2026-07-20,42,overdue
INV000215,CUST006056,149900.0,2026-07-13,2026-08-12,19,paid
INV000216,CUST005869,11800.0,2026-03-03,2026-03-18,166,overdue
INV000217,CUST004429,84900.0,2026-06-16,2026-07-16,46,paid
INV000218,CUST002817,70700.0,2026-07-18,2026-08-17,14,paid
INV000219,CUST009980,22100.0,2026-07-12,2026-07-27,35,written_off
INV000220,CUST007526,60400.0,2026-05-04,2026-06-18,74,overdue
INV000221,CUST007478,122000.0,2026-07-11,2026-08-10,21,paid
INV000222,CUST005286,49000.0,2026-02-14,2026-03-01,183,overdue
INV000223,CUST003661,174900.0,2026-04-04,2026-04-19,134,paid
INV000224,CUST004224,14800.0,2026-04-13,2026-05-13,110,written_off
INV000225,CUST005207,90100.0,2026-06-25,2026-08-24,7,overdue
INV000226,CUST009702,36300.0,2026-04-30,2026-05-30,93,overdue
INV000227,CUST006055,113200.0,2026-07-06,2026-07-21,41,paid
INV000228,CUST000656,92300.0,2026-07-16,2026-08-15,16,paid
INV000229,CUST006181,175200.0,2026-06-21,2026-08-05,26,paid
INV000230,CUST002597,14700.0,2026-08-01,2026-08-16,15,overdue
INV000231,CUST008924,167600.0,2026-05-08,2026-06-07,85,paid
INV000232,CUST001472,16100.0,2026-06-23,2026-08-22,9,written_off
INV000233,CUST008816,232300.0,2026-08-03,2026-09-02,-2,not_yet_due
INV000234,CUST005920,188400.0,2026-03-12,2026-04-26,127,overdue
INV000235,CUST002731,50200.0,2026-08-07,2026-10-06,-10,not_yet_due
INV000236,CUST004816,97200.0,2026-07-01,2026-07-16,46,overdue
INV000237,CUST000273,142200.0,2026-06-05,2026-07-05,57,paid
INV000238,CUST005976,203800.0,2026-04-22,2026-05-22,101,overdue
INV000239,CUST009715,272000.0,2026-05-09,2026-06-08,84,paid
INV000240,CUST003539,17500.0,2026-04-13,2026-04-28,125,written_off
INV000241,CUST005103,84000.0,2026-03-07,2026-05-06,117,paid
INV000242,CUST004218,155700.0,2026-04-07,2026-05-07,116,overdue
INV000243,CUST004781,292200.0,2026-06-07,2026-06-22,70,overdue
INV000244,CUST001871,122000.0,2026-06-07,2026-08-06,25,overdue
INV000245,CUST004769,40900.0,2026-07-14,2026-07-29,33,paid
INV000246,CUST002399,9600.0,2026-06-02,2026-08-01,30,written_off
INV000247,CUST001766,157200.0,2026-05-10,2026-05-25,98,paid
INV000248,CUST000372,48800.0,2026-08-06,2026-09-05,-5,not_yet_due
INV000249,CUST008361,28200.0,2026-03-05,2026-03-20,164,overdue
INV000250,CUST007758,154100.0,2026-05-27,2026-06-26,66,overdue
INV000251,CUST003260,53500.0,2026-06-04,2026-07-04,58,overdue
INV000252,CUST002217,21800.0,2026-06-19,2026-07-19,43,written_off
INV000253,CUST009795,24500.0,2026-05-05,2026-05-20,103,written_off
INV000254,CUST004648,47900.0,2026-04-12,2026-05-12,111,paid
INV000255,CUST007222,21000.0,2026-07-29,2026-08-28,3,written_off
INV000256,CUST008208,125000.0,2026-03-06,2026-04-20,133,paid
INV000257,CUST000196,16100.0,2026-03-12,2026-04-26,127,written_off
INV000258,CUST003435,112400.0,2026-05-22,2026-06-21,71,overdue
INV000259,CUST006277,51300.0,2026-08-02,2026-09-01,-1,not_yet_due
INV000260,CUST004207,23100.0,2026-06-18,2026-08-17,14,overdue
INV000261,CUST001529,5600.0,2026-04-12,2026-05-27,96,written_off
INV000262,CUST000589,34500.0,2026-04-16,2026-05-16,107,written_off
INV000263,CUST007147,84700.0,2026-08-10,2026-09-09,-9,not_yet_due
INV000264,CUST003011,43600.0,2026-06-20,2026-07-20,42,overdue
INV000265,CUST007995,132500.0,2026-07-17,2026-08-31,0,paid
INV000266,CUST007367,16700.0,2026-06-02,2026-08-01,30,written_off
INV000267,CUST002306,78300.0,2026-03-24,2026-04-23,130,overdue
INV000268,CUST005463,6700.0,2026-05-05,2026-06-04,88,overdue
INV000269,CUST007772,80700.0,2026-04-28,2026-06-27,65,written_off
INV000270,CUST003879,182500.0,2026-08-09,2026-09-08,-8,not_yet_due
INV000271,CUST001406,56200.0,2026-04-25,2026-05-10,113,paid
INV000272,CUST004082,231000.0,2026-06-19,2026-07-04,58,paid
INV000273,CUST004486,115100.0,2026-05-24,2026-07-23,39,paid
INV000274,CUST002505,107700.0,2026-06-16,2026-07-16,46,paid
INV000275,CUST009311,48100.0,2026-04-16,2026-05-31,92,overdue
INV000276,CUST003970,36300.0,2026-06-11,2026-06-26,66,overdue
INV000277,CUST005041,207600.0,2026-05-27,2026-06-11,81,paid
INV000278,CUST006143,23600.0,2026-04-12,2026-05-12,111,overdue
INV000279,CUST008641,228200.0,2026-08-04,2026-09-03,-3,not_yet_due
INV000280,CUST007101,28200.0,2026-07-05,2026-08-04,27,overdue
INV000281,CUST000213,64700.0,2026-04-19,2026-05-04,119,overdue
INV000282,CUST004687,36200.0,2026-07-03,2026-08-02,29,paid
INV000283,CUST001886,79200.0,2026-03-13,2026-03-28,156,paid
INV000284,CUST008306,54400.0,2026-06-01,2026-07-01,61,overdue
INV000285,CUST001555,330800.0,2026-03-29,2026-05-13,110,paid
INV000286,CUST004982,146600.0,2026-05-24,2026-06-23,69,paid
INV000287,CUST000287,90300.0,2026-05-15,2026-06-14,78,paid
INV000288,CUST009728,75900.0,2026-07-23,2026-09-06,-6,not_yet_due
INV000289,CUST006857,68800.0,2026-08-11,2026-08-26,5,overdue
INV000290,CUST000812,85100.0,2026-07-23,2026-08-22,9,paid
INV000291,CUST005157,87900.0,2026-06-16,2026-07-01,61,paid
INV000292,CUST005568,45800.0,2026-05-07,2026-06-06,86,written_off
INV000293,CUST002845,50500.0,2026-05-19,2026-06-18,74,overdue
INV000294,CUST009101,71300.0,2026-07-30,2026-08-29,2,overdue
INV000295,CUST005746,93400.0,2026-07-01,2026-08-15,16,overdue
INV000296,CUST005613,6300.0,2026-06-24,2026-07-24,38,overdue
INV000297,CUST008298,20400.0,2026-03-28,2026-04-27,126,overdue
INV000298,CUST005775,78400.0,2026-05-13,2026-06-27,65,overdue
INV000299,CUST005498,54500.0,2026-04-25,2026-05-10,113,overdue
INV000300,CUST004518,39400.0,2026-03-25,2026-05-24,99,paid
INV000301,CUST000076,112000.0,2026-04-05,2026-04-20,133,overdue
INV000302,CUST002321,73500.0,2026-05-15,2026-05-30,93,overdue
INV000303,CUST002555,73800.0,2026-03-10,2026-04-24,129,overdue
INV000304,CUST003210,33700.0,2026-04-12,2026-05-12,111,overdue
INV000305,CUST007426,28400.0,2026-05-08,2026-06-07,85,written_off
INV000306,CUST003060,31300.0,2026-08-01,2026-09-15,-10,not_yet_due
INV000307,CUST003266,74100.0,2026-04-10,2026-05-25,98,overdue
INV000308,CUST009784,71900.0,2026-03-23,2026-04-22,131,paid
INV000309,CUST006361,153400.0,2026-04-02,2026-05-17,106,overdue
INV000310,CUST008475,89200.0,2026-06-28,2026-07-28,34,paid
INV000311,CUST000941,158100.0,2026-06-25,2026-07-10,52,overdue
INV000312,CUST007256,226000.0,2026-05-17,2026-06-01,91,overdue
INV000313,CUST000931,27000.0,2026-03-01,2026-03-16,168,paid
INV000314,CUST003936,182200.0,2026-05-25,2026-06-24,68,overdue
INV000315,CUST004383,148300.0,2026-06-18,2026-08-02,29,overdue
INV000316,CUST005650,23200.0,2026-02-17,2026-03-19,165,overdue
INV000317,CUST003840,25300.0,2026-06-09,2026-07-09,53,overdue
INV000318,CUST001647,68500.0,2026-05-10,2026-06-24,68,paid
INV000319,CUST008225,70400.0,2026-06-06,2026-06-21,71,paid
INV000320,CUST000309,94500.0,2026-02-14,2026-03-31,153,overdue
INV000321,CUST000337,5500.0,2026-06-10,2026-07-10,52,overdue
INV000322,CUST004983,27700.0,2026-06-19,2026-07-19,43,paid
INV000323,CUST004991,57600.0,2026-07-04,2026-09-02,-2,not_yet_due
INV000324,CUST003572,20600.0,2026-07-10,2026-08-09,22,overdue
INV000325,CUST005909,47100.0,2026-06-16,2026-07-01,61,paid
INV000326,CUST006393,156100.0,2026-06-07,2026-06-22,70,overdue
INV000327,CUST000052,29000.0,2026-03-16,2026-04-30,123,paid
INV000328,CUST009792,31400.0,2026-04-18,2026-05-18,105,overdue
INV000329,CUST007697,57700.0,2026-07-23,2026-08-22,9,overdue
INV000330,CUST005964,149300.0,2026-04-15,2026-05-15,108,overdue
INV000331,CUST008350,31000.0,2026-08-10,2026-08-25,6,overdue
INV000332,CUST008331,44400.0,2026-04-11,2026-06-10,82,overdue
INV000333,CUST004973,259900.0,2026-07-12,2026-09-10,-10,not_yet_due
INV000334,CUST000741,127000.0,2026-06-08,2026-07-08,54,overdue
INV000335,CUST005454,15800.0,2026-07-14,2026-09-12,-10,overdue
INV000336,CUST000664,26500.0,2026-08-06,2026-09-20,-10,written_off
INV000337,CUST006625,260400.0,2026-04-04,2026-06-03,89,overdue
INV000338,CUST001710,51900.0,2026-03-02,2026-04-16,137,overdue
INV000339,CUST001470,23300.0,2026-05-28,2026-06-12,80,overdue
INV000340,CUST009577,31500.0,2026-05-01,2026-05-16,107,overdue
INV000341,CUST007805,29800.0,2026-05-22,2026-07-06,56,paid
INV000342,CUST003219,250600.0,2026-06-14,2026-07-14,48,paid
INV000343,CUST008112,191800.0,2026-07-26,2026-09-09,-9,not_yet_due
INV000344,CUST006814,15200.0,2026-03-27,2026-04-26,127,written_off
INV000345,CUST004744,85800.0,2026-03-10,2026-04-09,144,overdue
INV000346,CUST001971,101400.0,2026-03-08,2026-05-07,116,overdue
INV000347,CUST006506,68000.0,2026-02-22,2026-04-08,145,overdue
INV000348,CUST008203,121700.0,2026-06-17,2026-07-17,45,overdue
INV000349,CUST008520,19400.0,2026-07-14,2026-08-13,18,overdue
INV000350,CUST009209,73400.0,2026-03-24,2026-04-08,145,paid
INV000351,CUST008158,74700.0,2026-07-28,2026-08-27,4,overdue
INV000352,CUST000878,133100.0,2026-04-21,2026-05-21,102,overdue
INV000353,CUST002959,169900.0,2026-03-12,2026-03-27,157,overdue
INV000354,CUST004495,118100.0,2026-07-26,2026-08-25,6,paid
INV000355,CUST002216,35000.0,2026-06-18,2026-07-18,44,written_off
INV000356,CUST008736,52700.0,2026-07-15,2026-09-13,-10,not_yet_due
INV000357,CUST007345,80400.0,2026-04-19,2026-05-04,119,overdue
INV000358,CUST005451,193900.0,2026-04-21,2026-06-05,87,overdue
INV000359,CUST002383,24100.0,2026-02-25,2026-04-26,127,written_off
INV000360,CUST000086,25800.0,2026-07-21,2026-08-20,11,overdue
INV000361,CUST006084,36600.0,2026-03-26,2026-04-25,128,overdue
INV000362,CUST002743,18800.0,2026-05-26,2026-06-25,67,overdue
INV000363,CUST009981,101500.0,2026-05-31,2026-06-15,77,paid
INV000364,CUST008959,124300.0,2026-06-17,2026-08-16,15,overdue
INV000365,CUST008953,136100.0,2026-05-14,2026-06-28,64,overdue
INV000366,CUST003573,237300.0,2026-05-11,2026-07-10,52,paid
INV000367,CUST001568,50200.0,2026-04-24,2026-06-23,69,paid
INV000368,CUST003789,74500.0,2026-02-16,2026-03-03,181,overdue
INV000369,CUST007752,103100.0,2026-05-01,2026-05-16,107,paid
INV000370,CUST004849,16000.0,2026-06-14,2026-06-29,63,written_off
INV000371,CUST005972,103500.0,2026-07-20,2026-08-19,12,paid
INV000372,CUST000889,30900.0,2026-05-02,2026-07-01,61,written_off
INV000373,CUST000362,21300.0,2026-08-06,2026-08-21,10,overdue
INV000374,CUST006849,101100.0,2026-03-19,2026-04-03,150,overdue
INV000375,CUST005298,16100.0,2026-07-23,2026-08-07,24,overdue
INV000376,CUST002024,105900.0,2026-04-08,2026-05-08,115,overdue
INV000377,CUST007972,34300.0,2026-05-29,2026-07-13,49,written_off
INV000378,CUST003644,64100.0,2026-03-15,2026-04-14,139,overdue
INV000379,CUST008897,39300.0,2026-04-10,2026-05-10,113,overdue
INV000380,CUST003306,132500.0,2026-05-20,2026-06-19,73,overdue
INV000381,CUST003948,12500.0,2026-07-23,2026-08-07,24,overdue
INV000382,CUST006669,8700.0,2026-07-20,2026-08-04,27,written_off
INV000383,CUST004692,146700.0,2026-05-05,2026-07-04,58,paid
INV000384,CUST006326,18100.0,2026-07-13,2026-08-12,19,overdue
INV000385,CUST009079,65500.0,2026-06-29,2026-07-29,33,paid
INV000386,CUST002434,73400.0,2026-07-04,2026-09-02,-2,not_yet_due
INV000387,CUST001337,42700.0,2026-04-11,2026-05-11,112,written_off
INV000388,CUST000752,65100.0,2026-03-09,2026-05-08,115,paid
INV000389,CUST006033,16300.0,2026-03-02,2026-04-01,152,written_off
INV000390,CUST006856,89800.0,2026-02-25,2026-03-27,157,overdue
INV000391,CUST009408,18300.0,2026-08-10,2026-10-09,-10,overdue
INV000392,CUST005563,16600.0,2026-02-13,2026-03-15,169,overdue
INV000393,CUST009569,74500.0,2026-05-18,2026-07-17,45,overdue
INV000394,CUST003134,302100.0,2026-08-01,2026-09-15,-10,not_yet_due
INV000395,CUST005370,62300.0,2026-02-22,2026-03-24,160,paid
INV000396,CUST002751,36400.0,2026-06-30,2026-07-30,32,paid
INV000397,CUST004382,94300.0,2026-03-06,2026-04-05,148,paid
INV000398,CUST000429,160700.0,2026-03-14,2026-03-29,155,overdue
INV000399,CUST001356,196400.0,2026-02-25,2026-03-27,157,paid
INV000400,CUST007209,22700.0,2026-03-30,2026-04-14,139,written_off
INV000401,CUST008592,90200.0,2026-04-15,2026-05-30,93,overdue
INV000402,CUST000968,25200.0,2026-08-06,2026-08-21,10,overdue
INV000403,CUST000791,36300.0,2026-05-10,2026-06-24,68,overdue
INV000404,CUST009252,51400.0,2026-04-06,2026-05-21,102,overdue
INV000405,CUST007766,141600.0,2026-02-14,2026-03-16,168,overdue
INV000406,CUST009215,129100.0,2026-03-10,2026-04-09,144,overdue
INV000407,CUST001511,8400.0,2026-07-09,2026-08-08,23,overdue
INV000408,CUST006555,25600.0,2026-03-27,2026-04-26,127,written_off
INV000409,CUST005912,22400.0,2026-06-06,2026-07-21,41,overdue
INV000410,CUST000987,54200.0,2026-06-17,2026-08-16,15,paid
INV000411,CUST006965,15200.0,2026-04-02,2026-05-02,121,written_off
INV000412,CUST005227,20500.0,2026-03-04,2026-04-03,150,overdue
INV000413,CUST000738,123500.0,2026-03-20,2026-04-19,134,overdue
INV000414,CUST005028,62200.0,2026-03-25,2026-05-09,114,paid
INV000415,CUST003801,47500.0,2026-04-11,2026-06-10,82,overdue
INV000416,CUST005212,94400.0,2026-07-28,2026-08-27,4,paid
INV000417,CUST001482,162100.0,2026-06-30,2026-07-15,47,paid
INV000418,CUST004208,249900.0,2026-03-30,2026-04-14,139,overdue
INV000419,CUST007531,5000.0,2026-07-08,2026-08-22,9,overdue
INV000420,CUST003176,80900.0,2026-05-21,2026-07-20,42,overdue
INV000421,CUST004591,332600.0,2026-06-03,2026-07-03,59,paid
INV000422,CUST006193,28400.0,2026-06-11,2026-07-11,51,written_off
INV000423,CUST006243,190300.0,2026-04-06,2026-05-06,117,overdue
INV000424,CUST009856,19100.0,2026-05-12,2026-05-27,96,overdue
INV000425,CUST007392,53000.0,2026-03-30,2026-05-29,94,paid
INV000426,CUST000545,6200.0,2026-04-30,2026-05-30,93,written_off
INV000427,CUST001499,138300.0,2026-06-24,2026-08-08,23,paid
INV000428,CUST006284,29700.0,2026-07-26,2026-08-10,21,overdue
INV000429,CUST001427,7600.0,2026-06-18,2026-08-02,29,written_off
INV000430,CUST002035,40200.0,2026-07-13,2026-08-27,4,written_off
INV000431,CUST002285,71300.0,2026-03-15,2026-04-14,139,paid
INV000432,CUST001297,39600.0,2026-02-26,2026-03-13,171,overdue
INV000433,CUST001329,141900.0,2026-05-05,2026-06-04,88,paid
INV000434,CUST008476,174600.0,2026-02-17,2026-03-19,165,overdue
INV000435,CUST002084,72500.0,2026-04-17,2026-05-17,106,overdue
INV000436,CUST000375,43700.0,2026-04-16,2026-05-01,122,overdue
INV000437,CUST004189,216600.0,2026-07-01,2026-07-31,31,paid
INV000438,CUST007797,26400.0,2026-03-12,2026-05-11,112,paid
INV000439,CUST006616,31000.0,2026-05-16,2026-05-31,92,written_off
INV000440,CUST006048,34600.0,2026-08-06,2026-09-05,-5,written_off
INV000441,CUST005133,56400.0,2026-04-06,2026-04-21,132,overdue
INV000442,CUST009556,143500.0,2026-05-17,2026-06-01,91,overdue
INV000443,CUST003555,16400.0,2026-03-11,2026-03-26,158,overdue
INV000444,CUST000146,121500.0,2026-06-27,2026-07-27,35,paid
INV000445,CUST003169,46600.0,2026-06-12,2026-07-12,50,overdue
INV000446,CUST002747,143700.0,2026-07-01,2026-08-15,16,overdue
INV000447,CUST006515,17900.0,2026-02-21,2026-03-08,176,overdue
INV000448,CUST007929,79800.0,2026-05-17,2026-06-01,91,paid
INV000449,CUST005131,137100.0,2026-04-25,2026-06-09,83,overdue
INV000450,CUST006554,5000.0,2026-03-16,2026-03-31,153,overdue
INV000451,CUST006357,77800.0,2026-08-01,2026-09-15,-10,not_yet_due
INV000452,CUST000205,129200.0,2026-06-01,2026-06-16,76,overdue
INV000453,CUST006609,8400.0,2026-06-12,2026-07-27,35,overdue
INV000454,CUST001620,75000.0,2026-05-11,2026-07-10,52,paid
INV000455,CUST004191,33800.0,2026-04-01,2026-05-01,122,written_off
INV000456,CUST009901,46700.0,2026-06-26,2026-08-25,6,overdue
INV000457,CUST007188,76100.0,2026-04-06,2026-05-06,117,overdue
INV000458,CUST008951,116600.0,2026-05-19,2026-07-18,44,paid
INV000459,CUST007837,199700.0,2026-08-09,2026-09-08,-8,not_yet_due
INV000460,CUST009934,70400.0,2026-05-28,2026-06-27,65,overdue
INV000461,CUST002109,106900.0,2026-07-07,2026-08-21,10,overdue
INV000462,CUST009117,7400.0,2026-06-09,2026-08-08,23,written_off
INV000463,CUST005279,38900.0,2026-05-03,2026-06-17,75,written_off
INV000464,CUST009205,34600.0,2026-07-26,2026-09-24,-10,not_yet_due
INV000465,CUST006309,77300.0,2026-04-30,2026-05-15,108,overdue
INV000466,CUST009836,59000.0,2026-03-28,2026-04-27,126,paid
INV000467,CUST007739,78000.0,2026-06-02,2026-07-17,45,overdue
INV000468,CUST008718,40400.0,2026-04-10,2026-05-10,113,overdue
INV000469,CUST006211,96200.0,2026-03-25,2026-05-09,114,paid
INV000470,CUST009332,33600.0,2026-05-27,2026-06-26,66,paid
INV000471,CUST007757,42700.0,2026-06-21,2026-08-20,11,written_off
INV000472,CUST003955,29300.0,2026-05-11,2026-07-10,52,paid
INV000473,CUST003198,11500.0,2026-07-08,2026-08-07,24,written_off
INV000474,CUST003653,20600.0,2026-04-18,2026-06-02,90,paid
INV000475,CUST004536,24600.0,2026-06-21,2026-07-06,56,written_off
INV000476,CUST000950,45500.0,2026-07-13,2026-08-12,19,paid
INV000477,CUST004021,15700.0,2026-03-27,2026-05-11,112,paid
INV000478,CUST005866,42800.0,2026-02-23,2026-03-25,159,overdue
INV000479,CUST009295,26200.0,2026-04-28,2026-05-13,110,written_off
INV000480,CUST009271,102800.0,2026-06-27,2026-08-26,5,paid
INV000481,CUST002515,130700.0,2026-05-12,2026-06-11,81,paid
INV000482,CUST005519,10100.0,2026-07-15,2026-08-14,17,written_off
INV000483,CUST009818,49800.0,2026-03-12,2026-04-11,142,overdue
INV000484,CUST001939,16100.0,2026-07-14,2026-07-29,33,paid
INV000485,CUST005137,74500.0,2026-06-19,2026-07-19,43,overdue
INV000486,CUST000221,236600.0,2026-02-26,2026-04-27,126,paid
INV000487,CUST004014,185900.0,2026-07-25,2026-09-23,-10,not_yet_due
INV000488,CUST008290,106500.0,2026-03-12,2026-04-11,142,paid
INV000489,CUST007035,39600.0,2026-07-30,2026-08-14,17,written_off
INV000490,CUST001768,59500.0,2026-02-21,2026-03-23,161,overdue
INV000491,CUST005203,12700.0,2026-06-06,2026-07-06,56,written_off
INV000492,CUST009692,27800.0,2026-05-02,2026-06-16,76,overdue
INV000493,CUST002189,407600.0,2026-03-24,2026-04-23,130,paid
INV000494,CUST008016,107700.0,2026-05-02,2026-05-17,106,paid
INV000495,CUST009286,85600.0,2026-04-29,2026-05-29,94,written_off
INV000496,CUST003657,37800.0,2026-05-08,2026-07-07,55,overdue
INV000497,CUST008452,11500.0,2026-02-27,2026-03-29,155,overdue
INV000498,CUST000364,13500.0,2026-07-23,2026-09-21,-10,written_off
INV000499,CUST008693,69200.0,2026-05-15,2026-06-14,78,overdue
INV000500,CUST006034,68200.0,2026-07-27,2026-08-26,5,paid
INV000501,CUST004985,271600.0,2026-05-22,2026-07-21,41,overdue
INV000502,CUST008093,94300.0,2026-08-09,2026-08-24,7,overdue
INV000503,CUST003899,39400.0,2026-05-23,2026-06-22,70,written_off
INV000504,CUST005571,9600.0,2026-05-22,2026-06-06,86,written_off
INV000505,CUST003122,145100.0,2026-03-14,2026-03-29,155,overdue
INV000506,CUST005218,345800.0,2026-04-06,2026-05-06,117,overdue
INV000507,CUST001076,33600.0,2026-06-29,2026-08-28,3,paid
INV000508,CUST002209,17900.0,2026-03-05,2026-04-04,149,written_off
INV000509,CUST009427,37500.0,2026-06-29,2026-08-13,18,overdue
INV000510,CUST005460,139100.0,2026-05-28,2026-06-27,65,paid
INV000511,CUST001925,124100.0,2026-06-03,2026-07-03,59,overdue
INV000512,CUST000026,45100.0,2026-04-28,2026-05-13,110,written_off
INV000513,CUST001376,21900.0,2026-04-13,2026-05-13,110,written_off
INV000514,CUST006746,29200.0,2026-05-10,2026-06-24,68,written_off
INV000515,CUST000044,78000.0,2026-04-16,2026-05-16,107,paid
INV000516,CUST003950,42400.0,2026-07-25,2026-09-23,-10,not_yet_due
INV000517,CUST003425,31000.0,2026-07-07,2026-08-06,25,overdue
INV000518,CUST006679,101100.0,2026-06-09,2026-07-09,53,paid
INV000519,CUST000805,7600.0,2026-03-31,2026-04-30,123,written_off
INV000520,CUST000161,48200.0,2026-03-04,2026-04-03,150,overdue
INV000521,CUST002629,176000.0,2026-05-08,2026-07-07,55,overdue
INV000522,CUST009737,43100.0,2026-04-22,2026-05-07,116,overdue
INV000523,CUST007749,34600.0,2026-05-19,2026-07-03,59,overdue
INV000524,CUST009047,99500.0,2026-06-04,2026-07-04,58,overdue
INV000525,CUST002735,40600.0,2026-06-24,2026-07-24,38,overdue
INV000526,CUST002484,89400.0,2026-06-20,2026-07-20,42,paid
INV000527,CUST002073,86700.0,2026-03-04,2026-04-03,150,paid
INV000528,CUST007790,139700.0,2026-05-26,2026-06-25,67,paid
INV000529,CUST008717,39400.0,2026-04-12,2026-05-12,111,written_off
INV000530,CUST009863,109600.0,2026-02-24,2026-03-26,158,paid
INV000531,CUST000188,36600.0,2026-05-19,2026-06-03,89,overdue
INV000532,CUST009462,21200.0,2026-02-19,2026-03-06,178,paid
INV000533,CUST009700,111200.0,2026-03-17,2026-04-16,137,overdue
INV000534,CUST009793,110300.0,2026-03-01,2026-04-30,123,overdue
INV000535,CUST003975,19000.0,2026-05-24,2026-07-08,54,overdue
INV000536,CUST007406,41900.0,2026-04-03,2026-05-03,120,paid
INV000537,CUST005665,137000.0,2026-06-28,2026-07-13,49,paid
INV000538,CUST000737,124600.0,2026-06-07,2026-06-22,70,overdue
INV000539,CUST000926,137800.0,2026-03-21,2026-04-20,133,overdue
INV000540,CUST002179,46100.0,2026-08-05,2026-10-04,-10,not_yet_due
INV000541,CUST005178,93300.0,2026-02-16,2026-03-03,181,overdue
INV000542,CUST008839,17100.0,2026-04-26,2026-05-11,112,written_off
INV000543,CUST000270,74600.0,2026-02-21,2026-03-23,161,overdue
INV000544,CUST009969,45100.0,2026-03-03,2026-04-02,151,overdue
INV000545,CUST004897,123100.0,2026-06-14,2026-07-29,33,overdue
INV000546,CUST003540,78700.0,2026-06-09,2026-06-24,68,paid
INV000547,CUST002226,302700.0,2026-06-28,2026-07-13,49,overdue
INV000548,CUST006209,294900.0,2026-04-01,2026-05-01,122,overdue
INV000549,CUST000332,56000.0,2026-05-22,2026-07-06,56,paid
INV000550,CUST009979,34000.0,2026-05-10,2026-06-09,83,written_off
INV000551,CUST004195,58500.0,2026-03-27,2026-04-26,127,paid
INV000552,CUST001652,66900.0,2026-08-05,2026-08-20,11,overdue
INV000553,CUST002737,46500.0,2026-02-25,2026-03-12,172,overdue
INV000554,CUST005817,59500.0,2026-04-24,2026-05-24,99,paid
INV000555,CUST001602,23500.0,2026-07-20,2026-08-19,12,written_off
INV000556,CUST004571,55600.0,2026-04-15,2026-05-30,93,overdue
INV000557,CUST005648,23300.0,2026-02-24,2026-03-11,173,written_off
INV000558,CUST008633,75400.0,2026-03-29,2026-05-13,110,overdue
INV000559,CUST008095,96700.0,2026-06-23,2026-08-22,9,overdue
INV000560,CUST007649,48400.0,2026-06-24,2026-07-09,53,overdue
INV000561,CUST007110,38100.0,2026-03-25,2026-04-24,129,overdue
INV000562,CUST005751,121700.0,2026-03-15,2026-04-29,124,paid
INV000563,CUST007587,12200.0,2026-04-10,2026-06-09,83,written_off
INV000564,CUST008221,41200.0,2026-05-24,2026-06-23,69,overdue
INV000565,CUST005720,18400.0,2026-05-18,2026-06-17,75,written_off
INV000566,CUST005001,75500.0,2026-06-01,2026-07-01,61,overdue
INV000567,CUST005310,40500.0,2026-05-04,2026-06-18,74,overdue
INV000568,CUST003636,71100.0,2026-04-12,2026-04-27,126,overdue
INV000569,CUST001314,106400.0,2026-07-28,2026-09-26,-10,not_yet_due
INV000570,CUST000885,24600.0,2026-07-26,2026-09-24,-10,written_off
INV000571,CUST003068,15700.0,2026-02-27,2026-03-29,155,written_off
INV000572,CUST008231,91700.0,2026-03-16,2026-03-31,153,overdue
INV000573,CUST004089,213500.0,2026-06-10,2026-06-25,67,overdue
INV000574,CUST004847,45500.0,2026-03-15,2026-04-14,139,overdue
INV000575,CUST001589,71300.0,2026-05-29,2026-07-13,49,paid
INV000576,CUST008205,334300.0,2026-06-09,2026-07-09,53,overdue
INV000577,CUST007882,34200.0,2026-07-02,2026-08-16,15,paid
INV000578,CUST006598,56000.0,2026-08-05,2026-09-04,-4,not_yet_due
INV000579,CUST004707,14700.0,2026-02-24,2026-03-26,158,written_off
INV000580,CUST003087,332300.0,2026-04-05,2026-05-05,118,paid
INV000581,CUST009236,54900.0,2026-04-18,2026-05-18,105,paid
INV000582,CUST006520,36400.0,2026-05-28,2026-07-12,50,paid
INV000583,CUST002917,61800.0,2026-03-03,2026-04-02,151,overdue
INV000584,CUST004067,25700.0,2026-05-12,2026-06-11,81,overdue
INV000585,CUST002157,44500.0,2026-07-25,2026-09-08,-8,written_off
INV000586,CUST003578,66100.0,2026-08-04,2026-09-18,-10,not_yet_due
INV000587,CUST005128,78700.0,2026-03-28,2026-04-27,126,paid
INV000588,CUST002082,10700.0,2026-06-20,2026-07-20,42,paid
INV000589,CUST005324,64900.0,2026-06-15,2026-07-15,47,overdue
INV000590,CUST003705,34000.0,2026-02-18,2026-04-19,134,overdue
INV000591,CUST003607,43400.0,2026-05-09,2026-06-23,69,overdue
INV000592,CUST003850,169300.0,2026-07-27,2026-09-10,-10,not_yet_due
INV000593,CUST009879,36500.0,2026-06-02,2026-07-02,60,written_off
INV000594,CUST002344,60700.0,2026-08-07,2026-10-06,-10,not_yet_due
INV000595,CUST007733,126800.0,2026-04-05,2026-05-20,103,paid
INV000596,CUST000855,35900.0,2026-05-27,2026-07-26,36,overdue
INV000597,CUST004539,29100.0,2026-02-21,2026-03-23,161,overdue
INV000598,CUST008280,67300.0,2026-06-11,2026-06-26,66,overdue
INV000599,CUST000444,5000.0,2026-06-20,2026-07-20,42,overdue
INV000600,CUST009158,46200.0,2026-06-07,2026-06-22,70,overdue
INV000601,CUST004529,95800.0,2026-03-07,2026-03-22,162,overdue
INV000602,CUST006877,108000.0,2026-06-25,2026-07-25,37,overdue
INV000603,CUST005583,124800.0,2026-07-04,2026-09-02,-2,not_yet_due
INV000604,CUST007814,81500.0,2026-07-20,2026-08-19,12,overdue
INV000605,CUST009214,39900.0,2026-06-21,2026-08-05,26,written_off
INV000606,CUST008500,108800.0,2026-07-02,2026-08-01,30,overdue
INV000607,CUST000590,234400.0,2026-04-06,2026-05-21,102,overdue
INV000608,CUST001275,40900.0,2026-08-08,2026-09-07,-7,overdue
INV000609,CUST001443,11800.0,2026-02-24,2026-04-25,128,overdue
INV000610,CUST002424,53400.0,2026-04-18,2026-06-02,90,written_off
INV000611,CUST005554,5000.0,2026-06-12,2026-06-27,65,written_off
INV000612,CUST002340,81000.0,2026-06-25,2026-07-25,37,paid
INV000613,CUST003207,35300.0,2026-07-07,2026-08-06,25,paid
INV000614,CUST006192,36500.0,2026-06-04,2026-07-04,58,written_off
INV000615,CUST000694,48100.0,2026-04-23,2026-06-07,85,overdue
INV000616,CUST004550,29600.0,2026-05-28,2026-06-12,80,overdue
INV000617,CUST004459,94300.0,2026-02-22,2026-03-24,160,paid
INV000618,CUST007887,125700.0,2026-05-28,2026-06-27,65,overdue
INV000619,CUST007160,42100.0,2026-05-04,2026-05-19,104,written_off
INV000620,CUST007224,55800.0,2026-02-17,2026-03-19,165,written_off
INV000621,CUST001041,22700.0,2026-06-13,2026-07-13,49,written_off
INV000622,CUST003828,91800.0,2026-06-30,2026-08-14,17,overdue
INV000623,CUST002080,116000.0,2026-04-05,2026-05-20,103,overdue
INV000624,CUST002605,74700.0,2026-07-07,2026-08-21,10,paid
INV000625,CUST009223,114100.0,2026-04-11,2026-04-26,127,overdue
INV000626,CUST009634,63100.0,2026-05-25,2026-07-09,53,overdue
INV000627,CUST001455,173800.0,2026-03-27,2026-05-11,112,overdue
INV000628,CUST005079,63300.0,2026-02-17,2026-03-19,165,overdue
INV000629,CUST009449,99800.0,2026-07-18,2026-08-17,14,overdue
INV000630,CUST000643,52100.0,2026-05-09,2026-06-23,69,overdue
INV000631,CUST007326,65300.0,2026-08-04,2026-09-03,-3,not_yet_due
INV000632,CUST004940,15700.0,2026-03-06,2026-04-20,133,overdue
INV000633,CUST008989,89900.0,2026-05-22,2026-06-21,71,overdue
INV000634,CUST004668,94200.0,2026-06-07,2026-08-06,25,paid
INV000635,CUST009071,109300.0,2026-05-20,2026-06-19,73,overdue
INV000636,CUST004095,200500.0,2026-03-13,2026-04-27,126,paid
INV000637,CUST004230,202900.0,2026-06-21,2026-07-21,41,paid
INV000638,CUST008533,24300.0,2026-05-13,2026-06-12,80,overdue
INV000639,CUST003996,92100.0,2026-05-15,2026-06-14,78,paid
INV000640,CUST004965,62300.0,2026-03-06,2026-04-20,133,paid
INV000641,CUST005503,8600.0,2026-06-02,2026-07-02,60,overdue
INV000642,CUST005143,56100.0,2026-06-06,2026-07-06,56,paid
INV000643,CUST004341,48000.0,2026-06-13,2026-07-13,49,overdue
INV000644,CUST009007,40300.0,2026-05-25,2026-06-24,68,written_off
INV000645,CUST005205,15500.0,2026-07-07,2026-08-06,25,written_off
INV000646,CUST005515,10200.0,2026-06-06,2026-07-06,56,overdue
INV000647,CUST005481,68000.0,2026-05-19,2026-06-18,74,overdue
INV000648,CUST005632,48000.0,2026-08-11,2026-09-10,-10,written_off
INV000649,CUST004984,28400.0,2026-05-11,2026-05-26,97,overdue
INV000650,CUST001836,47300.0,2026-03-20,2026-04-19,134,overdue
INV000651,CUST005887,66800.0,2026-03-10,2026-04-24,129,paid
INV000652,CUST006088,65300.0,2026-05-18,2026-06-17,75,paid
INV000653,CUST005156,75900.0,2026-02-24,2026-03-26,158,overdue
INV000654,CUST000239,158100.0,2026-07-26,2026-09-09,-9,not_yet_due
INV000655,CUST004642,178600.0,2026-04-16,2026-05-31,92,paid
INV000656,CUST003439,42900.0,2026-07-19,2026-09-17,-10,not_yet_due
INV000657,CUST005045,95800.0,2026-05-02,2026-06-16,76,paid
INV000658,CUST004866,10400.0,2026-06-30,2026-07-15,47,written_off
INV000659,CUST004594,119800.0,2026-03-12,2026-04-26,127,paid
INV000660,CUST003706,57800.0,2026-08-02,2026-09-16,-10,written_off
INV000661,CUST001742,52900.0,2026-07-02,2026-07-17,45,overdue
INV000662,CUST000230,11900.0,2026-06-08,2026-07-23,39,overdue
INV000663,CUST005984,108400.0,2026-03-26,2026-04-25,128,paid
INV000664,CUST009690,21700.0,2026-07-02,2026-08-01,30,overdue
INV000665,CUST003544,109500.0,2026-04-13,2026-05-13,110,paid
INV000666,CUST001394,70000.0,2026-07-23,2026-09-21,-10,not_yet_due
INV000667,CUST007961,44200.0,2026-04-02,2026-05-02,121,written_off
INV000668,CUST009982,67000.0,2026-03-25,2026-04-09,144,overdue
INV000669,CUST006513,22700.0,2026-03-01,2026-03-31,153,overdue
INV000670,CUST002732,47700.0,2026-05-26,2026-06-10,82,overdue
INV000671,CUST006411,113800.0,2026-05-11,2026-07-10,52,overdue
INV000672,CUST001037,218600.0,2026-07-27,2026-08-26,5,overdue
INV000673,CUST008066,5000.0,2026-06-14,2026-08-13,18,written_off
INV000674,CUST007699,8500.0,2026-07-10,2026-09-08,-8,written_off
INV000675,CUST007554,158400.0,2026-06-25,2026-07-25,37,overdue
INV000676,CUST001851,69000.0,2026-07-25,2026-08-24,7,overdue
INV000677,CUST005688,5000.0,2026-06-15,2026-07-15,47,overdue
INV000678,CUST009300,14300.0,2026-02-22,2026-04-23,130,overdue
INV000679,CUST007626,133300.0,2026-03-12,2026-04-26,127,overdue
INV000680,CUST004817,61700.0,2026-07-05,2026-08-04,27,paid
INV000681,CUST005910,12100.0,2026-03-01,2026-03-31,153,overdue
INV000682,CUST003631,9100.0,2026-07-22,2026-08-21,10,written_off
INV000683,CUST007872,67800.0,2026-04-14,2026-05-14,109,overdue
INV000684,CUST007294,17500.0,2026-08-07,2026-08-22,9,overdue
INV000685,CUST001908,231300.0,2026-07-14,2026-08-13,18,overdue
INV000686,CUST004953,40900.0,2026-04-22,2026-06-06,86,paid
INV000687,CUST001325,54800.0,2026-03-17,2026-05-16,107,overdue
INV000688,CUST008662,183800.0,2026-03-13,2026-04-12,141,paid
INV000689,CUST004374,19700.0,2026-03-28,2026-04-27,126,written_off
INV000690,CUST009243,76400.0,2026-07-23,2026-08-07,24,paid
INV000691,CUST006425,6000.0,2026-03-31,2026-04-15,138,overdue
INV000692,CUST005576,13900.0,2026-05-11,2026-06-10,82,written_off
INV000693,CUST009107,39800.0,2026-03-21,2026-05-20,103,paid
INV000694,CUST006525,127100.0,2026-07-24,2026-09-22,-10,not_yet_due
INV000695,CUST009030,68800.0,2026-06-17,2026-07-02,60,overdue
INV000696,CUST001639,54100.0,2026-07-04,2026-08-18,13,overdue
INV000697,CUST007090,68500.0,2026-03-12,2026-04-11,142,paid
INV000698,CUST005616,40700.0,2026-06-13,2026-07-13,49,paid
INV000699,CUST005345,33100.0,2026-07-02,2026-08-16,15,overdue
INV000700,CUST008966,12400.0,2026-07-22,2026-08-21,10,written_off
INV000701,CUST009496,26800.0,2026-06-09,2026-06-24,68,written_off
INV000702,CUST001654,27000.0,2026-08-01,2026-09-15,-10,written_off
INV000703,CUST000658,34700.0,2026-05-18,2026-06-17,75,paid
INV000704,CUST008709,39000.0,2026-06-07,2026-07-22,40,overdue
INV000705,CUST006698,16200.0,2026-07-10,2026-08-09,22,written_off
INV000706,CUST007494,25900.0,2026-07-03,2026-08-17,14,written_off
INV000707,CUST006125,85400.0,2026-04-18,2026-06-02,90,paid
INV000708,CUST008645,61100.0,2026-08-01,2026-09-15,-10,not_yet_due
INV000709,CUST002119,8800.0,2026-03-16,2026-04-15,138,overdue
INV000710,CUST007185,235000.0,2026-05-29,2026-06-28,64,overdue
INV000711,CUST008947,123900.0,2026-07-05,2026-08-04,27,overdue
INV000712,CUST008755,64200.0,2026-05-05,2026-06-04,88,written_off
INV000713,CUST003394,79700.0,2026-06-04,2026-07-04,58,paid
INV000714,CUST007534,104900.0,2026-04-13,2026-05-13,110,overdue
INV000715,CUST008537,35500.0,2026-03-27,2026-04-26,127,overdue
INV000716,CUST005488,24600.0,2026-08-10,2026-10-09,-10,overdue
INV000717,CUST005072,50800.0,2026-08-10,2026-09-09,-9,not_yet_due
INV000718,CUST003144,53900.0,2026-02-27,2026-03-14,170,overdue
INV000719,CUST007949,141600.0,2026-06-25,2026-08-24,7,overdue
INV000720,CUST009513,103800.0,2026-04-11,2026-04-26,127,overdue
INV000721,CUST004450,58600.0,2026-07-19,2026-09-02,-2,not_yet_due
INV000722,CUST002608,69300.0,2026-03-24,2026-04-23,130,overdue
INV000723,CUST000893,131100.0,2026-06-28,2026-07-28,34,overdue
INV000724,CUST003874,11900.0,2026-07-15,2026-08-14,17,written_off
INV000725,CUST004846,184000.0,2026-05-29,2026-07-28,34,overdue
INV000726,CUST005646,63600.0,2026-05-25,2026-06-09,83,overdue
INV000727,CUST002312,31600.0,2026-06-20,2026-07-05,57,paid
INV000728,CUST007646,50600.0,2026-04-05,2026-04-20,133,overdue
INV000729,CUST001894,80900.0,2026-02-28,2026-03-15,169,paid
INV000730,CUST008407,23900.0,2026-06-28,2026-07-13,49,written_off
INV000731,CUST005537,58600.0,2026-02-18,2026-03-05,179,overdue
INV000732,CUST007417,21500.0,2026-02-18,2026-03-20,164,paid
INV000733,CUST005551,164100.0,2026-05-08,2026-06-22,70,overdue
INV000734,CUST007322,213500.0,2026-03-07,2026-03-22,162,overdue
INV000735,CUST006418,95900.0,2026-04-07,2026-05-22,101,overdue
INV000736,CUST000175,11000.0,2026-05-27,2026-06-26,66,written_off
INV000737,CUST006121,108000.0,2026-02-20,2026-04-21,132,overdue
INV000738,CUST007672,11000.0,2026-04-03,2026-04-18,135,overdue
INV000739,CUST008731,72300.0,2026-06-10,2026-07-25,37,paid
INV000740,CUST009303,42500.0,2026-03-25,2026-04-24,129,paid
INV000741,CUST006531,43800.0,2026-06-12,2026-07-27,35,paid
INV000742,CUST000199,29100.0,2026-08-06,2026-10-05,-10,written_off
INV000743,CUST006272,94200.0,2026-06-21,2026-07-06,56,overdue
INV000744,CUST009086,19000.0,2026-03-31,2026-04-30,123,overdue
INV000745,CUST001444,40100.0,2026-04-30,2026-05-30,93,overdue
INV000746,CUST005051,63000.0,2026-05-25,2026-06-24,68,overdue
INV000747,CUST006636,91000.0,2026-07-20,2026-08-04,27,overdue
INV000748,CUST008236,12500.0,2026-05-17,2026-06-01,91,written_off
INV000749,CUST007168,13100.0,2026-03-08,2026-04-07,146,overdue
INV000750,CUST003059,51000.0,2026-02-16,2026-04-17,136,overdue
INV000751,CUST002244,170400.0,2026-05-02,2026-06-01,91,overdue
INV000752,CUST004286,20900.0,2026-03-16,2026-05-15,108,overdue
INV000753,CUST008078,156600.0,2026-03-03,2026-04-02,151,overdue
INV000754,CUST000635,60000.0,2026-04-20,2026-05-20,103,overdue
INV000755,CUST002659,17900.0,2026-05-03,2026-06-02,90,overdue
INV000756,CUST003890,109400.0,2026-05-12,2026-05-27,96,paid
INV000757,CUST001276,121600.0,2026-05-05,2026-06-19,73,paid
INV000758,CUST003189,32500.0,2026-06-18,2026-07-03,59,written_off
INV000759,CUST005723,143000.0,2026-05-27,2026-06-26,66,paid
INV000760,CUST002147,12300.0,2026-04-18,2026-06-02,90,written_off
INV000761,CUST004004,138900.0,2026-05-05,2026-06-04,88,overdue
INV000762,CUST000728,135300.0,2026-08-04,2026-09-03,-3,not_yet_due
INV000763,CUST004908,31200.0,2026-06-29,2026-07-29,33,written_off
INV000764,CUST006704,22700.0,2026-03-16,2026-04-15,138,written_off
INV000765,CUST006837,120900.0,2026-03-02,2026-04-01,152,overdue
INV000766,CUST008474,161500.0,2026-05-18,2026-06-17,75,overdue
INV000767,CUST007423,55700.0,2026-05-13,2026-06-12,80,overdue
INV000768,CUST002584,9800.0,2026-06-17,2026-07-02,60,written_off
INV000769,CUST001657,25900.0,2026-02-13,2026-02-28,184,overdue
INV000770,CUST005043,131400.0,2026-05-13,2026-06-12,80,paid
INV000771,CUST006858,86700.0,2026-05-01,2026-05-31,92,paid
INV000772,CUST005417,30200.0,2026-04-06,2026-06-05,87,paid
INV000773,CUST007857,5000.0,2026-05-04,2026-06-18,74,written_off
INV000774,CUST002698,99100.0,2026-07-12,2026-08-26,5,overdue
INV000775,CUST004187,29100.0,2026-04-24,2026-05-09,114,written_off
INV000776,CUST000442,13400.0,2026-04-20,2026-05-20,103,written_off
INV000777,CUST002088,7300.0,2026-04-01,2026-05-16,107,paid
INV000778,CUST008910,170100.0,2026-05-20,2026-06-04,88,overdue
INV000779,CUST007119,84400.0,2026-08-03,2026-08-18,13,overdue
INV000780,CUST004649,97200.0,2026-02-13,2026-04-14,139,overdue
INV000781,CUST004872,103500.0,2026-05-23,2026-06-22,70,overdue
INV000782,CUST009582,83700.0,2026-07-07,2026-08-21,10,overdue
INV000783,CUST003800,45800.0,2026-04-27,2026-05-12,111,paid
INV000784,CUST007410,35900.0,2026-03-20,2026-04-19,134,overdue
INV000785,CUST001787,167000.0,2026-07-19,2026-09-02,-2,not_yet_due
INV000786,CUST003344,5800.0,2026-04-19,2026-05-19,104,overdue
INV000787,CUST000917,72100.0,2026-08-05,2026-08-20,11,paid
INV000788,CUST004430,136600.0,2026-05-19,2026-06-03,89,overdue
INV000789,CUST000292,50300.0,2026-04-24,2026-05-24,99,paid
INV000790,CUST000519,13900.0,2026-03-27,2026-05-11,112,paid
INV000791,CUST004902,126100.0,2026-07-12,2026-08-11,20,overdue
INV000792,CUST006430,11100.0,2026-05-17,2026-06-01,91,overdue
INV000793,CUST003257,34700.0,2026-06-09,2026-07-09,53,written_off
INV000794,CUST009965,66000.0,2026-05-27,2026-06-11,81,paid
INV000795,CUST004742,85700.0,2026-05-05,2026-07-04,58,overdue
INV000796,CUST004775,21800.0,2026-03-14,2026-04-28,125,overdue
INV000797,CUST007938,130000.0,2026-06-29,2026-08-13,18,paid
INV000798,CUST002501,33200.0,2026-06-11,2026-06-26,66,paid
INV000799,CUST000759,175300.0,2026-06-10,2026-07-10,52,overdue
INV000800,CUST007359,109400.0,2026-08-07,2026-09-21,-10,not_yet_due
INV000801,CUST008804,54700.0,2026-04-16,2026-05-31,92,overdue
INV000802,CUST002376,28200.0,2026-03-20,2026-04-04,149,overdue
INV000803,CUST005634,23100.0,2026-05-28,2026-06-27,65,paid
INV000804,CUST009685,44000.0,2026-08-04,2026-10-03,-10,overdue
INV000805,CUST004023,19400.0,2026-03-17,2026-05-01,122,paid
INV000806,CUST002417,73600.0,2026-07-07,2026-08-21,10,paid
INV000807,CUST005843,167300.0,2026-06-20,2026-07-20,42,overdue
INV000808,CUST006892,61900.0,2026-03-08,2026-04-07,146,paid
INV000809,CUST009704,172800.0,2026-06-16,2026-08-15,16,paid
INV000810,CUST006898,171200.0,2026-04-29,2026-06-28,64,overdue
INV000811,CUST006280,146900.0,2026-07-01,2026-07-16,46,paid
INV000812,CUST005630,186700.0,2026-03-11,2026-03-26,158,overdue
INV000813,CUST003877,98800.0,2026-07-04,2026-08-03,28,overdue
INV000814,CUST007654,70700.0,2026-08-05,2026-09-04,-4,not_yet_due
INV000815,CUST005716,10200.0,2026-07-18,2026-09-01,-1,written_off
INV000816,CUST005880,112600.0,2026-08-07,2026-09-06,-6,not_yet_due
INV000817,CUST002780,8200.0,2026-06-18,2026-08-02,29,written_off
INV000818,CUST006138,81400.0,2026-03-29,2026-04-28,125,written_off
INV000819,CUST005061,17800.0,2026-06-02,2026-07-02,60,overdue
INV000820,CUST008536,72900.0,2026-07-03,2026-08-02,29,overdue
INV000821,CUST007597,95600.0,2026-05-24,2026-07-23,39,overdue
INV000822,CUST005160,259900.0,2026-03-09,2026-04-08,145,paid
INV000823,CUST004403,44300.0,2026-06-17,2026-07-17,45,overdue
INV000824,CUST009633,72800.0,2026-04-22,2026-05-22,101,paid
INV000825,CUST003489,204600.0,2026-04-16,2026-05-16,107,paid
INV000826,CUST007266,299900.0,2026-03-02,2026-03-17,167,overdue
INV000827,CUST009727,111400.0,2026-03-03,2026-04-02,151,paid
INV000828,CUST000277,32000.0,2026-04-25,2026-05-25,98,paid
INV000829,CUST003454,139700.0,2026-07-08,2026-09-06,-6,not_yet_due
INV000830,CUST008118,96900.0,2026-04-27,2026-06-26,66,overdue
INV000831,CUST006128,29100.0,2026-05-26,2026-06-25,67,overdue
INV000832,CUST004922,28900.0,2026-05-26,2026-07-10,52,written_off
INV000833,CUST005438,160400.0,2026-02-18,2026-04-04,149,overdue
INV000834,CUST000369,72600.0,2026-06-01,2026-07-01,61,overdue
INV000835,CUST008201,157300.0,2026-02-26,2026-03-13,171,overdue
INV000836,CUST000514,309300.0,2026-06-17,2026-07-02,60,paid
INV000837,CUST008561,51800.0,2026-07-31,2026-08-30,1,overdue
INV000838,CUST007376,21300.0,2026-03-30,2026-05-29,94,written_off
INV000839,CUST003018,18200.0,2026-04-21,2026-05-21,102,written_off
INV000840,CUST003687,64800.0,2026-04-11,2026-05-26,97,paid
INV000841,CUST001309,41600.0,2026-08-07,2026-09-06,-6,not_yet_due
INV000842,CUST004835,61600.0,2026-08-02,2026-09-01,-1,not_yet_due
INV000843,CUST002220,117700.0,2026-04-27,2026-05-27,96,overdue
INV000844,CUST005755,19800.0,2026-07-03,2026-08-02,29,overdue
INV000845,CUST001122,10800.0,2026-02-13,2026-02-28,184,overdue
INV000846,CUST005945,140200.0,2026-07-24,2026-08-08,23,overdue
INV000847,CUST006558,11900.0,2026-06-07,2026-07-07,55,overdue
INV000848,CUST000747,109700.0,2026-05-23,2026-07-07,55,paid
INV000849,CUST008102,21500.0,2026-05-29,2026-07-28,34,written_off
INV000850,CUST009845,54600.0,2026-03-12,2026-04-11,142,overdue
INV000851,CUST001722,13400.0,2026-07-02,2026-08-01,30,paid
INV000852,CUST000404,35700.0,2026-04-14,2026-06-13,79,written_off
INV000853,CUST005005,5000.0,2026-06-19,2026-07-19,43,overdue
INV000854,CUST009919,17800.0,2026-05-09,2026-06-08,84,written_off
INV000855,CUST001784,84800.0,2026-08-01,2026-08-31,0,written_off
INV000856,CUST002353,29500.0,2026-07-23,2026-08-22,9,paid
INV000857,CUST002631,49500.0,2026-03-06,2026-03-21,163,overdue
INV000858,CUST000766,34700.0,2026-06-11,2026-06-26,66,overdue
INV000859,CUST005150,77400.0,2026-07-20,2026-08-19,12,overdue
INV000860,CUST009640,131300.0,2026-03-28,2026-05-27,96,overdue
INV000861,CUST007936,116100.0,2026-02-16,2026-04-02,151,overdue
INV000862,CUST006487,115700.0,2026-04-12,2026-05-12,111,paid
INV000863,CUST008228,41200.0,2026-04-07,2026-05-22,101,written_off
INV000864,CUST005662,164800.0,2026-06-03,2026-07-03,59,paid
INV000865,CUST005697,27400.0,2026-03-06,2026-03-21,163,written_off
INV000866,CUST009805,160800.0,2026-03-06,2026-05-05,118,overdue
INV000867,CUST001008,74900.0,2026-03-05,2026-04-04,149,paid
INV000868,CUST005154,50600.0,2026-06-15,2026-07-15,47,paid
INV000869,CUST001215,107900.0,2026-03-04,2026-04-03,150,paid
INV000870,CUST007106,24300.0,2026-05-05,2026-06-04,88,overdue
INV000871,CUST002951,15000.0,2026-04-25,2026-06-24,68,written_off
INV000872,CUST000985,35000.0,2026-06-09,2026-06-24,68,written_off
INV000873,CUST006118,16700.0,2026-07-24,2026-08-23,8,overdue
INV000874,CUST003236,7700.0,2026-07-10,2026-08-09,22,overdue
INV000875,CUST004617,24400.0,2026-05-13,2026-06-12,80,written_off
INV000876,CUST006262,11300.0,2026-08-05,2026-08-20,11,overdue
INV000877,CUST001456,13200.0,2026-07-07,2026-08-06,25,written_off
INV000878,CUST007939,84800.0,2026-03-03,2026-04-02,151,overdue
INV000879,CUST003263,112600.0,2026-06-11,2026-06-26,66,overdue
INV000880,CUST004654,21900.0,2026-05-17,2026-06-16,76,written_off
INV000881,CUST009305,83900.0,2026-04-29,2026-06-13,79,overdue
INV000882,CUST001993,131900.0,2026-04-12,2026-04-27,126,overdue
INV000883,CUST002873,62700.0,2026-03-31,2026-04-30,123,overdue
INV000884,CUST009076,29900.0,2026-05-03,2026-06-17,75,overdue
INV000885,CUST006072,185800.0,2026-06-25,2026-08-09,22,paid
INV000886,CUST008918,63500.0,2026-04-07,2026-05-22,101,overdue
INV000887,CUST008890,207900.0,2026-06-15,2026-07-30,32,paid
INV000888,CUST008035,89400.0,2026-03-01,2026-04-30,123,paid
INV000889,CUST007959,22600.0,2026-08-06,2026-09-05,-5,written_off
INV000890,CUST005703,52200.0,2026-02-27,2026-03-14,170,overdue
INV000891,CUST006560,30000.0,2026-04-21,2026-06-05,87,overdue
INV000892,CUST005687,182800.0,2026-05-30,2026-06-29,63,overdue
INV000893,CUST009617,140100.0,2026-06-21,2026-08-20,11,overdue
INV000894,CUST008431,194400.0,2026-04-16,2026-06-15,77,paid
INV000895,CUST007220,27500.0,2026-05-28,2026-06-27,65,overdue
INV000896,CUST005620,102500.0,2026-07-20,2026-08-19,12,paid
INV000897,CUST001350,31900.0,2026-08-10,2026-08-25,6,written_off
INV000898,CUST005854,39700.0,2026-08-03,2026-08-18,13,overdue
INV000899,CUST006530,14700.0,2026-07-28,2026-09-11,-10,written_off
INV000900,CUST001173,55600.0,2026-02-20,2026-04-21,132,overdue
INV000901,CUST003333,55900.0,2026-04-18,2026-06-17,75,paid
INV000902,CUST000918,21900.0,2026-04-11,2026-04-26,127,written_off
INV000903,CUST003374,11000.0,2026-05-15,2026-05-30,93,overdue
INV000904,CUST004580,209600.0,2026-02-24,2026-03-26,158,overdue
INV000905,CUST000302,26800.0,2026-08-02,2026-09-01,-1,written_off
INV000906,CUST001551,27000.0,2026-07-07,2026-07-22,40,overdue
INV000907,CUST008226,39800.0,2026-07-30,2026-08-14,17,overdue
INV000908,CUST009497,48000.0,2026-08-03,2026-08-18,13,overdue
INV000909,CUST000422,32500.0,2026-03-17,2026-05-01,122,overdue
INV000910,CUST004104,153700.0,2026-06-06,2026-06-21,71,overdue
INV000911,CUST002174,10700.0,2026-07-30,2026-08-29,2,written_off
INV000912,CUST001050,101400.0,2026-07-15,2026-08-14,17,overdue
INV000913,CUST001512,6400.0,2026-07-05,2026-08-04,27,written_off
INV000914,CUST006896,7600.0,2026-05-09,2026-05-24,99,overdue
INV000915,CUST002844,162600.0,2026-07-07,2026-08-06,25,paid
INV000916,CUST007109,91400.0,2026-05-25,2026-06-24,68,overdue
INV000917,CUST009916,74800.0,2026-05-31,2026-07-30,32,paid
INV000918,CUST009094,117400.0,2026-05-02,2026-05-17,106,overdue
INV000919,CUST009686,72300.0,2026-06-25,2026-07-25,37,overdue
INV000920,CUST002242,54400.0,2026-03-11,2026-04-25,128,overdue
INV000921,CUST008021,18400.0,2026-06-01,2026-07-01,61,overdue
INV000922,CUST009808,125100.0,2026-02-22,2026-03-09,175,overdue
INV000923,CUST004047,41300.0,2026-02-23,2026-04-09,144,overdue
INV000924,CUST008762,20700.0,2026-07-20,2026-09-03,-3,written_off
INV000925,CUST002887,14200.0,2026-07-25,2026-09-23,-10,not_yet_due
INV000926,CUST002630,138200.0,2026-05-22,2026-07-06,56,overdue
INV000927,CUST008786,40400.0,2026-02-21,2026-03-23,161,overdue
INV000928,CUST000757,66400.0,2026-05-30,2026-07-14,48,paid
INV000929,CUST008556,43000.0,2026-03-18,2026-05-17,106,overdue
INV000930,CUST009994,39800.0,2026-06-25,2026-07-25,37,written_off
INV000931,CUST000994,186700.0,2026-04-22,2026-05-07,116,paid
INV000932,CUST007530,48000.0,2026-03-29,2026-04-28,125,overdue
INV000933,CUST007801,8100.0,2026-06-30,2026-07-30,32,written_off
INV000934,CUST005244,84900.0,2026-07-30,2026-08-14,17,paid
INV000935,CUST005629,15500.0,2026-05-24,2026-06-08,84,overdue
INV000936,CUST001004,27000.0,2026-03-26,2026-04-25,128,overdue
INV000937,CUST009960,125400.0,2026-05-04,2026-05-19,104,overdue
INV000938,CUST003117,38400.0,2026-03-25,2026-04-24,129,written_off
INV000939,CUST000103,44800.0,2026-03-04,2026-03-19,165,paid
INV000940,CUST000919,21600.0,2026-05-26,2026-07-25,37,overdue
INV000941,CUST005076,106500.0,2026-04-30,2026-05-30,93,overdue
INV000942,CUST007320,31600.0,2026-08-10,2026-09-09,-9,not_yet_due
INV000943,CUST006242,11100.0,2026-04-30,2026-06-14,78,written_off
INV000944,CUST001433,280200.0,2026-05-27,2026-06-11,81,paid
INV000945,CUST002012,99600.0,2026-05-14,2026-06-13,79,overdue
INV000946,CUST001590,15200.0,2026-06-30,2026-08-29,2,written_off
INV000947,CUST009801,67300.0,2026-02-21,2026-03-23,161,paid
INV000948,CUST000775,173900.0,2026-06-28,2026-07-28,34,overdue
INV000949,CUST006215,99800.0,2026-05-06,2026-06-20,72,overdue
INV000950,CUST007793,9700.0,2026-07-29,2026-08-28,3,written_off
INV000951,CUST006692,82900.0,2026-05-30,2026-07-14,48,overdue
INV000952,CUST001003,8500.0,2026-08-06,2026-09-20,-10,written_off
INV000953,CUST006881,23400.0,2026-03-19,2026-04-18,135,paid
INV000954,CUST008348,16400.0,2026-04-11,2026-05-11,112,written_off
INV000955,CUST000290,11600.0,2026-06-29,2026-07-29,33,overdue
INV000956,CUST002923,24200.0,2026-03-29,2026-05-13,110,written_off
INV000957,CUST005299,72900.0,2026-08-07,2026-10-06,-10,not_yet_due
INV000958,CUST001949,99500.0,2026-08-09,2026-09-23,-10,not_yet_due
INV000959,CUST005373,48900.0,2026-04-27,2026-06-11,81,overdue
INV000960,CUST004369,13400.0,2026-05-05,2026-06-19,73,written_off
INV000961,CUST001111,7400.0,2026-04-20,2026-05-20,103,written_off
INV000962,CUST003638,126700.0,2026-04-09,2026-06-08,84,paid
INV000963,CUST001835,204900.0,2026-08-06,2026-09-05,-5,not_yet_due
INV000964,CUST008829,39900.0,2026-05-03,2026-06-02,90,written_off
INV000965,CUST005308,40600.0,2026-07-16,2026-08-15,16,overdue
INV000966,CUST003377,36500.0,2026-04-13,2026-04-28,125,paid
INV000967,CUST008937,45400.0,2026-08-01,2026-08-16,15,overdue
INV000968,CUST001975,64100.0,2026-04-17,2026-06-01,91,overdue
INV000969,CUST006216,27800.0,2026-05-10,2026-06-24,68,overdue
INV000970,CUST002713,52400.0,2026-05-25,2026-07-24,38,overdue
INV000971,CUST008428,90400.0,2026-05-05,2026-07-04,58,paid
INV000972,CUST001685,9600.0,2026-06-07,2026-07-22,40,overdue
INV000973,CUST001080,429400.0,2026-05-24,2026-06-08,84,overdue
INV000974,CUST002102,16900.0,2026-02-22,2026-03-24,160,written_off
INV000975,CUST005655,80900.0,2026-05-26,2026-06-10,82,paid
INV000976,CUST008539,38300.0,2026-07-31,2026-08-30,1,written_off
INV000977,CUST004160,42700.0,2026-02-24,2026-04-10,143,overdue
INV000978,CUST000548,51700.0,2026-05-18,2026-06-17,75,overdue
INV000979,CUST008169,129100.0,2026-02-22,2026-03-24,160,paid
INV000980,CUST006940,37700.0,2026-03-17,2026-05-01,122,paid
INV000981,CUST002097,38500.0,2026-04-20,2026-05-20,103,paid
INV000982,CUST002204,19000.0,2026-04-18,2026-06-02,90,written_off
INV000983,CUST003179,85500.0,2026-06-23,2026-07-08,54,paid
INV000984,CUST007468,56600.0,2026-06-11,2026-07-11,51,overdue
INV000985,CUST006735,33000.0,2026-07-31,2026-09-14,-10,overdue
INV000986,CUST008258,120900.0,2026-03-07,2026-03-22,162,overdue
INV000987,CUST008421,164100.0,2026-04-11,2026-05-26,97,overdue
INV000988,CUST008609,73400.0,2026-02-25,2026-03-27,157,overdue
INV000989,CUST008058,235000.0,2026-05-11,2026-06-10,82,paid
INV000990,CUST004119,103700.0,2026-06-06,2026-08-05,26,overdue
INV000991,CUST004746,50700.0,2026-05-16,2026-06-15,77,paid
INV000992,CUST000018,67100.0,2026-04-06,2026-05-06,117,overdue
INV000993,CUST003385,103400.0,2026-02-28,2026-03-30,154,overdue
INV000994,CUST003020,113900.0,2026-04-02,2026-05-02,121,paid
INV000995,CUST004456,28400.0,2026-02-20,2026-03-07,177,paid
INV000996,CUST005785,25400.0,2026-05-13,2026-06-12,80,overdue
INV000997,CUST007025,58500.0,2026-05-07,2026-05-22,101,overdue
INV000998,CUST005241,67100.0,2026-04-16,2026-06-15,77,overdue
INV000999,CUST004720,38200.0,2026-08-08,2026-09-07,-7,overdue
INV001000,CUST006102,11000.0,2026-03-03,2026-05-02,121,overdue
INV001001,CUST008900,21800.0,2026-07-12,2026-08-26,5,written_off
INV001002,CUST003247,16600.0,2026-04-08,2026-05-08,115,overdue
INV001003,CUST005325,45800.0,2026-03-06,2026-04-20,133,written_off
INV001004,CUST001491,70000.0,2026-03-07,2026-04-06,147,paid
INV001005,CUST005511,46700.0,2026-06-04,2026-08-03,28,written_off
INV001006,CUST002278,97400.0,2026-08-01,2026-08-31,0,overdue
INV001007,CUST008432,5000.0,2026-07-22,2026-09-20,-10,not_yet_due
INV001008,CUST003941,156900.0,2026-03-27,2026-04-26,127,paid
INV001009,CUST001000,139300.0,2026-08-01,2026-09-30,-10,not_yet_due
INV001010,CUST004288,82100.0,2026-02-24,2026-03-26,158,paid
INV001011,CUST001859,183100.0,2026-07-11,2026-07-26,36,overdue
INV001012,CUST003000,50000.0,2026-02-16,2026-03-18,166,written_off
INV001013,CUST007876,29100.0,2026-03-13,2026-04-27,126,overdue
INV001014,CUST006454,468400.0,2026-06-07,2026-07-22,40,paid
INV001015,CUST006426,34200.0,2026-04-29,2026-05-29,94,overdue
INV001016,CUST006391,20100.0,2026-04-22,2026-06-21,71,overdue
INV001017,CUST006017,37600.0,2026-07-14,2026-09-12,-10,written_off
INV001018,CUST004075,34300.0,2026-04-02,2026-04-17,136,overdue
INV001019,CUST004686,103200.0,2026-02-16,2026-03-18,166,paid
INV001020,CUST006676,36200.0,2026-07-16,2026-08-15,16,overdue
INV001021,CUST000796,26000.0,2026-04-19,2026-06-03,89,overdue
INV001022,CUST007846,28900.0,2026-05-23,2026-07-07,55,paid
INV001023,CUST000756,37600.0,2026-06-11,2026-06-26,66,overdue
INV001024,CUST002086,114500.0,2026-05-04,2026-06-03,89,paid
INV001025,CUST009340,97500.0,2026-06-25,2026-08-24,7,paid
INV001026,CUST008215,65300.0,2026-05-27,2026-07-11,51,overdue
INV001027,CUST005381,24100.0,2026-03-26,2026-05-25,98,overdue
INV001028,CUST005757,11700.0,2026-08-08,2026-08-23,8,overdue
INV001029,CUST007833,11100.0,2026-06-01,2026-07-01,61,written_off
INV001030,CUST008657,15900.0,2026-05-15,2026-06-14,78,overdue
INV001031,CUST003156,18400.0,2026-02-25,2026-03-27,157,paid
INV001032,CUST005078,33000.0,2026-07-30,2026-09-28,-10,written_off
INV001033,CUST007716,140600.0,2026-08-02,2026-09-16,-10,not_yet_due
INV001034,CUST001896,24500.0,2026-03-14,2026-04-13,140,written_off
INV001035,CUST002282,17300.0,2026-06-04,2026-07-04,58,written_off
INV001036,CUST005170,298700.0,2026-02-26,2026-04-27,126,overdue
INV001037,CUST000593,44100.0,2026-03-09,2026-04-08,145,overdue
INV001038,CUST008085,5000.0,2026-05-21,2026-06-05,87,overdue
INV001039,CUST003537,80200.0,2026-06-18,2026-07-03,59,overdue
INV001040,CUST009294,53100.0,2026-06-03,2026-07-03,59,written_off
INV001041,CUST000571,96900.0,2026-06-28,2026-08-27,4,overdue
INV001042,CUST002201,13500.0,2026-02-27,2026-03-14,170,overdue
INV001043,CUST006894,126200.0,2026-02-22,2026-03-24,160,overdue
INV001044,CUST003315,260900.0,2026-07-17,2026-08-31,0,overdue
INV001045,CUST006990,58300.0,2026-05-19,2026-07-18,44,overdue
INV001046,CUST001600,156800.0,2026-05-28,2026-07-27,35,overdue
INV001047,CUST009498,9300.0,2026-03-31,2026-04-15,138,overdue
INV001048,CUST008901,5000.0,2026-05-03,2026-05-18,105,overdue
INV001049,CUST002130,53700.0,2026-03-01,2026-03-31,153,overdue
INV001050,CUST000051,9700.0,2026-06-24,2026-07-24,38,written_off
INV001051,CUST004725,271000.0,2026-06-26,2026-07-26,36,overdue
INV001052,CUST008184,30500.0,2026-06-17,2026-07-17,45,paid
INV001053,CUST005895,184500.0,2026-04-28,2026-05-28,95,paid
INV001054,CUST003158,102100.0,2026-04-24,2026-05-09,114,paid
INV001055,CUST008899,103400.0,2026-06-25,2026-08-09,22,overdue
INV001056,CUST003234,25800.0,2026-08-04,2026-09-18,-10,written_off
INV001057,CUST001843,25600.0,2026-04-14,2026-05-14,109,written_off
INV001058,CUST001693,45000.0,2026-05-24,2026-06-23,69,overdue
INV001059,CUST004253,16400.0,2026-02-20,2026-04-06,147,written_off
INV001060,CUST003978,15500.0,2026-06-01,2026-07-31,31,written_off
INV001061,CUST009705,26200.0,2026-04-22,2026-06-21,71,overdue
INV001062,CUST001651,87600.0,2026-02-15,2026-04-01,152,paid
INV001063,CUST003080,117600.0,2026-06-25,2026-07-25,37,overdue
INV001064,CUST006002,6200.0,2026-05-03,2026-06-02,90,overdue
INV001065,CUST006599,19700.0,2026-05-28,2026-07-27,35,written_off
INV001066,CUST007127,104100.0,2026-02-18,2026-03-20,164,overdue
INV001067,CUST000595,66300.0,2026-03-16,2026-03-31,153,paid
INV001068,CUST003995,181100.0,2026-07-01,2026-08-30,1,overdue
INV001069,CUST005793,10800.0,2026-05-22,2026-07-06,56,written_off
INV001070,CUST007176,85700.0,2026-08-09,2026-08-24,7,overdue
INV001071,CUST006355,180300.0,2026-02-19,2026-04-20,133,paid
INV001072,CUST004380,130100.0,2026-07-30,2026-08-29,2,paid
INV001073,CUST000036,7600.0,2026-07-10,2026-07-25,37,written_off
INV001074,CUST000870,305200.0,2026-07-24,2026-08-23,8,overdue
INV001075,CUST006375,26300.0,2026-06-27,2026-07-27,35,overdue
INV001076,CUST006976,40200.0,2026-02-21,2026-04-07,146,paid
INV001077,CUST001944,10300.0,2026-05-15,2026-06-14,78,written_off
INV001078,CUST002560,57600.0,2026-06-05,2026-07-05,57,overdue
INV001079,CUST002094,245500.0,2026-06-06,2026-06-21,71,overdue
INV001080,CUST002416,17100.0,2026-04-04,2026-05-19,104,written_off
INV001081,CUST003575,30600.0,2026-04-22,2026-05-07,116,overdue
INV001082,CUST003651,113400.0,2026-04-05,2026-06-04,88,overdue
INV001083,CUST000113,51100.0,2026-03-30,2026-04-14,139,paid
INV001084,CUST009145,87200.0,2026-05-22,2026-07-21,41,paid
INV001085,CUST005962,27800.0,2026-06-23,2026-07-23,39,overdue
INV001086,CUST000029,35700.0,2026-07-31,2026-08-15,16,overdue
INV001087,CUST005243,178700.0,2026-06-01,2026-07-01,61,paid
INV001088,CUST004795,64400.0,2026-06-12,2026-06-27,65,overdue
INV001089,CUST002763,5000.0,2026-04-19,2026-05-19,104,overdue
INV001090,CUST006405,7200.0,2026-05-10,2026-07-09,53,written_off
INV001091,CUST007579,50300.0,2026-05-13,2026-06-12,80,overdue
INV001092,CUST009942,41400.0,2026-05-16,2026-06-15,77,overdue
INV001093,CUST000507,27300.0,2026-04-09,2026-04-24,129,paid
INV001094,CUST002875,34700.0,2026-03-06,2026-04-05,148,overdue
INV001095,CUST005849,13500.0,2026-04-10,2026-05-10,113,written_off
INV001096,CUST007565,49100.0,2026-07-25,2026-08-24,7,paid
INV001097,CUST007260,85500.0,2026-05-11,2026-05-26,97,overdue
INV001098,CUST006039,112300.0,2026-03-08,2026-03-23,161,paid
INV001099,CUST003685,27800.0,2026-07-30,2026-09-28,-10,overdue
INV001100,CUST007759,182900.0,2026-05-26,2026-06-25,67,paid
INV001101,CUST002110,14400.0,2026-04-03,2026-05-03,120,written_off
INV001102,CUST008181,47900.0,2026-04-21,2026-05-21,102,overdue
INV001103,CUST005667,39700.0,2026-08-07,2026-08-22,9,overdue
INV001104,CUST008442,63900.0,2026-07-14,2026-08-13,18,paid
INV001105,CUST005954,45800.0,2026-05-09,2026-07-08,54,overdue
INV001106,CUST008313,102200.0,2026-07-17,2026-08-01,30,overdue
INV001107,CUST006816,60600.0,2026-04-21,2026-06-20,72,overdue
INV001108,CUST001885,164400.0,2026-04-15,2026-04-30,123,overdue
INV001109,CUST006661,159700.0,2026-05-13,2026-05-28,95,overdue
INV001110,CUST004200,25500.0,2026-08-04,2026-09-03,-3,written_off
INV001111,CUST005557,36500.0,2026-06-01,2026-06-16,76,overdue
INV001112,CUST006737,73700.0,2026-05-12,2026-06-11,81,paid
INV001113,CUST004797,20000.0,2026-04-10,2026-05-10,113,overdue
INV001114,CUST007557,77400.0,2026-07-20,2026-08-19,12,paid
INV001115,CUST007137,23000.0,2026-05-08,2026-07-07,55,written_off
INV001116,CUST009231,134700.0,2026-03-19,2026-04-03,150,paid
INV001117,CUST008708,48700.0,2026-03-27,2026-05-26,97,overdue
INV001118,CUST001845,36400.0,2026-04-16,2026-05-16,107,written_off
INV001119,CUST000552,22400.0,2026-05-11,2026-06-25,67,written_off
INV001120,CUST004510,96900.0,2026-05-26,2026-06-10,82,paid
INV001121,CUST001415,47900.0,2026-07-26,2026-08-25,6,overdue
INV001122,CUST008272,30800.0,2026-02-16,2026-03-03,181,overdue
INV001123,CUST001752,18300.0,2026-06-11,2026-07-26,36,overdue
INV001124,CUST005330,229100.0,2026-07-27,2026-08-11,20,overdue
INV001125,CUST003993,44000.0,2026-08-02,2026-10-01,-10,overdue
INV001126,CUST006461,13900.0,2026-05-31,2026-07-15,47,overdue
INV001127,CUST007371,162300.0,2026-07-03,2026-08-17,14,paid
INV001128,CUST007451,63100.0,2026-06-02,2026-06-17,75,overdue
INV001129,CUST000821,57900.0,2026-03-27,2026-05-11,112,overdue
INV001130,CUST005900,98200.0,2026-03-04,2026-03-19,165,overdue
INV001131,CUST008942,64100.0,2026-04-05,2026-05-05,118,overdue
INV001132,CUST006156,39800.0,2026-08-05,2026-09-04,-4,overdue
INV001133,CUST000669,27500.0,2026-06-12,2026-07-12,50,paid
INV001134,CUST006962,15700.0,2026-07-18,2026-08-02,29,written_off
INV001135,CUST009735,78600.0,2026-04-26,2026-05-26,97,paid
INV001136,CUST000797,113700.0,2026-07-28,2026-09-11,-10,not_yet_due
INV001137,CUST007567,77900.0,2026-07-24,2026-09-07,-7,not_yet_due
INV001138,CUST003788,22900.0,2026-03-05,2026-04-04,149,written_off
INV001139,CUST008518,5000.0,2026-04-14,2026-05-14,109,written_off
INV001140,CUST009720,125000.0,2026-03-30,2026-05-29,94,overdue
INV001141,CUST002349,43400.0,2026-06-25,2026-07-25,37,overdue
INV001142,CUST003697,219600.0,2026-04-23,2026-05-23,100,overdue
INV001143,CUST009276,199700.0,2026-05-08,2026-06-22,70,paid
INV001144,CUST006798,7900.0,2026-05-04,2026-06-03,89,overdue
INV001145,CUST006185,28000.0,2026-02-22,2026-03-09,175,written_off
INV001146,CUST007883,91400.0,2026-05-31,2026-06-30,62,overdue
INV001147,CUST000683,61900.0,2026-05-27,2026-07-11,51,overdue
INV001148,CUST007958,144500.0,2026-07-20,2026-08-04,27,overdue
INV001149,CUST004859,135300.0,2026-08-11,2026-09-10,-10,not_yet_due
INV001150,CUST004203,41500.0,2026-04-18,2026-05-18,105,written_off
INV001151,CUST004438,168900.0,2026-05-12,2026-05-27,96,overdue
INV001152,CUST003849,56300.0,2026-02-17,2026-04-03,150,overdue
INV001153,CUST008248,81700.0,2026-02-14,2026-03-16,168,overdue
INV001154,CUST008193,5000.0,2026-06-08,2026-07-23,39,overdue
INV001155,CUST006126,16600.0,2026-07-17,2026-08-31,0,overdue
INV001156,CUST004637,53800.0,2026-02-26,2026-03-28,156,overdue
INV001157,CUST004354,137900.0,2026-05-18,2026-06-17,75,overdue
INV001158,CUST003966,45200.0,2026-08-08,2026-09-07,-7,written_off
INV001159,CUST008097,127600.0,2026-08-04,2026-10-03,-10,not_yet_due
INV001160,CUST007298,187000.0,2026-07-19,2026-08-18,13,paid
INV001161,CUST002342,181100.0,2026-07-26,2026-09-24,-10,not_yet_due
INV001162,CUST008385,40200.0,2026-03-24,2026-05-23,100,written_off
INV001163,CUST009161,232100.0,2026-07-18,2026-08-17,14,overdue
INV001164,CUST007954,71900.0,2026-02-26,2026-04-12,141,overdue
INV001165,CUST004923,51100.0,2026-04-04,2026-05-19,104,paid
INV001166,CUST004868,54400.0,2026-06-24,2026-07-24,38,overdue
INV001167,CUST006641,104800.0,2026-07-21,2026-09-04,-4,not_yet_due
INV001168,CUST001757,21400.0,2026-05-13,2026-06-12,80,written_off
INV001169,CUST007962,37400.0,2026-07-18,2026-09-01,-1,not_yet_due
INV001170,CUST001887,19300.0,2026-05-18,2026-06-02,90,written_off
INV001171,CUST005882,60800.0,2026-06-14,2026-07-14,48,overdue
INV001172,CUST004508,36100.0,2026-05-17,2026-06-16,76,written_off
INV001173,CUST005528,14700.0,2026-03-09,2026-04-08,145,written_off
INV001174,CUST009279,69500.0,2026-06-02,2026-06-17,75,paid
INV001175,CUST005132,19300.0,2026-05-05,2026-06-19,73,written_off
INV001176,CUST001428,76600.0,2026-05-21,2026-07-05,57,overdue
INV001177,CUST002325,224500.0,2026-08-06,2026-09-20,-10,not_yet_due
INV001178,CUST002324,30200.0,2026-07-27,2026-09-10,-10,overdue
INV001179,CUST003728,69600.0,2026-03-06,2026-03-21,163,overdue
INV001180,CUST006004,21200.0,2026-03-18,2026-04-02,151,written_off
INV001181,CUST003459,25600.0,2026-07-01,2026-07-31,31,overdue
INV001182,CUST006623,35700.0,2026-07-12,2026-08-11,20,paid
INV001183,CUST005935,243400.0,2026-05-03,2026-06-17,75,overdue
INV001184,CUST004934,269300.0,2026-06-27,2026-07-27,35,overdue
INV001185,CUST007216,56000.0,2026-04-20,2026-05-05,118,paid
INV001186,CUST004248,97400.0,2026-04-08,2026-05-23,100,paid
INV001187,CUST001717,41500.0,2026-07-05,2026-09-03,-3,not_yet_due
INV001188,CUST002397,149800.0,2026-04-08,2026-05-23,100,overdue
INV001189,CUST000954,43100.0,2026-04-14,2026-04-29,124,written_off
INV001190,CUST007828,39700.0,2026-03-05,2026-04-19,134,overdue
INV001191,CUST009915,124100.0,2026-04-28,2026-05-13,110,paid
INV001192,CUST007665,5000.0,2026-03-06,2026-04-05,148,overdue
INV001193,CUST003534,14600.0,2026-05-07,2026-06-06,86,overdue
INV001194,CUST002096,136500.0,2026-03-17,2026-05-16,107,overdue
INV001195,CUST004372,11700.0,2026-02-24,2026-03-11,173,written_off
INV001196,CUST007104,167700.0,2026-07-20,2026-08-19,12,overdue
INV001197,CUST000865,8000.0,2026-04-07,2026-05-22,101,written_off
INV001198,CUST008019,100600.0,2026-06-09,2026-07-24,38,paid
INV001199,CUST005362,34800.0,2026-03-30,2026-05-14,109,overdue
INV001200,CUST008861,87100.0,2026-07-22,2026-08-21,10,overdue
INV001201,CUST002166,124600.0,2026-07-22,2026-08-06,25,overdue
INV001202,CUST000619,5000.0,2026-05-26,2026-06-25,67,written_off
INV001203,CUST006124,145500.0,2026-05-21,2026-06-20,72,paid
INV001204,CUST004424,103600.0,2026-04-03,2026-05-18,105,paid
INV001205,CUST004822,75200.0,2026-05-24,2026-07-08,54,overdue
INV001206,CUST008256,111500.0,2026-02-28,2026-04-29,124,overdue
INV001207,CUST000806,39800.0,2026-04-27,2026-05-27,96,overdue
INV001208,CUST006536,42600.0,2026-07-07,2026-07-22,40,overdue
INV001209,CUST004275,22100.0,2026-02-27,2026-03-14,170,paid
INV001210,CUST009946,19800.0,2026-07-04,2026-08-03,28,overdue
INV001211,CUST001535,18700.0,2026-03-16,2026-05-15,108,overdue
INV001212,CUST006818,29800.0,2026-04-23,2026-05-23,100,written_off
INV001213,CUST003750,97900.0,2026-05-20,2026-06-19,73,overdue
INV001214,CUST000620,112100.0,2026-07-13,2026-09-11,-10,not_yet_due
INV001215,CUST002046,71400.0,2026-04-27,2026-06-11,81,overdue
INV001216,CUST009799,141100.0,2026-04-20,2026-05-20,103,overdue
INV001217,CUST005042,10300.0,2026-07-17,2026-08-31,0,overdue
INV001218,CUST005860,168400.0,2026-06-19,2026-08-18,13,overdue
INV001219,CUST001796,31200.0,2026-02-21,2026-03-23,161,paid
INV001220,CUST000485,199100.0,2026-07-28,2026-09-26,-10,not_yet_due
INV001221,CUST004324,144300.0,2026-04-10,2026-05-10,113,overdue
INV001222,CUST007312,31000.0,2026-06-10,2026-07-10,52,overdue
INV001223,CUST002734,86200.0,2026-06-26,2026-07-26,36,paid
INV001224,CUST007525,14200.0,2026-06-11,2026-06-26,66,overdue
INV001225,CUST000243,58800.0,2026-07-07,2026-07-22,40,overdue
INV001226,CUST000899,22900.0,2026-04-07,2026-05-22,101,overdue
INV001227,CUST000903,35900.0,2026-03-21,2026-04-05,148,overdue
INV001228,CUST001119,35100.0,2026-06-04,2026-07-04,58,paid
INV001229,CUST009614,87900.0,2026-07-28,2026-08-12,19,paid
INV001230,CUST002123,232700.0,2026-04-17,2026-05-02,121,overdue
INV001231,CUST004094,39700.0,2026-02-21,2026-04-22,131,written_off
INV001232,CUST006148,153600.0,2026-06-03,2026-08-02,29,overdue
INV001233,CUST001197,34400.0,2026-02-14,2026-03-31,153,paid
INV001234,CUST005122,74300.0,2026-03-24,2026-05-08,115,overdue
INV001235,CUST008143,53800.0,2026-06-25,2026-07-25,37,overdue
INV001236,CUST003381,245900.0,2026-07-23,2026-09-06,-6,not_yet_due
INV001237,CUST005635,28200.0,2026-07-03,2026-08-02,29,overdue
INV001238,CUST000988,187400.0,2026-06-22,2026-07-22,40,paid
INV001239,CUST007694,211800.0,2026-06-11,2026-07-11,51,paid
INV001240,CUST002534,149500.0,2026-07-17,2026-08-31,0,overdue
INV001241,CUST002985,76300.0,2026-06-21,2026-07-21,41,paid
INV001242,CUST009124,73100.0,2026-05-31,2026-06-30,62,overdue
INV001243,CUST006092,30500.0,2026-05-28,2026-06-12,80,overdue
INV001244,CUST005015,24700.0,2026-07-20,2026-08-19,12,written_off
INV001245,CUST000705,40000.0,2026-05-21,2026-06-20,72,paid
INV001246,CUST000562,141700.0,2026-03-19,2026-05-03,120,paid
INV001247,CUST008916,50300.0,2026-04-03,2026-05-03,120,overdue
INV001248,CUST004716,12500.0,2026-02-19,2026-03-21,163,written_off
INV001249,CUST005363,39000.0,2026-07-18,2026-08-02,29,overdue
INV001250,CUST007351,126500.0,2026-07-23,2026-08-22,9,paid
INV001251,CUST000971,136900.0,2026-05-12,2026-06-11,81,paid
INV001252,CUST003612,20200.0,2026-03-26,2026-05-10,113,paid
INV001253,CUST008626,59600.0,2026-06-02,2026-07-02,60,overdue
INV001254,CUST008488,14400.0,2026-04-06,2026-04-21,132,paid
INV001255,CUST006016,60800.0,2026-05-16,2026-06-15,77,paid
INV001256,CUST006727,202600.0,2026-03-27,2026-05-11,112,paid
INV001257,CUST005193,31700.0,2026-07-07,2026-08-06,25,overdue
INV001258,CUST004838,116300.0,2026-08-04,2026-09-03,-3,not_yet_due
INV001259,CUST002078,19900.0,2026-06-20,2026-08-19,12,overdue
INV001260,CUST008904,106500.0,2026-04-24,2026-05-09,114,overdue
INV001261,CUST003642,240900.0,2026-04-12,2026-05-12,111,overdue
INV001262,CUST005177,24800.0,2026-07-01,2026-07-31,31,written_off
INV001263,CUST004910,58500.0,2026-04-23,2026-06-07,85,paid
INV001264,CUST004578,184300.0,2026-04-05,2026-05-20,103,overdue
INV001265,CUST001263,78300.0,2026-02-24,2026-04-25,128,paid
INV001266,CUST001045,134700.0,2026-03-18,2026-05-17,106,paid
INV001267,CUST002831,206500.0,2026-03-17,2026-05-16,107,overdue
INV001268,CUST008503,40200.0,2026-05-08,2026-07-07,55,written_off
INV001269,CUST005840,23400.0,2026-03-11,2026-04-25,128,overdue
INV001270,CUST002685,137200.0,2026-07-13,2026-08-27,4,paid
INV001271,CUST007033,364900.0,2026-06-09,2026-08-08,23,paid
INV001272,CUST007974,66900.0,2026-06-02,2026-06-17,75,overdue
INV001273,CUST000686,49100.0,2026-05-02,2026-06-01,91,paid
INV001274,CUST001715,131800.0,2026-08-07,2026-10-06,-10,not_yet_due
INV001275,CUST000891,137400.0,2026-04-02,2026-05-02,121,paid
INV001276,CUST005126,136000.0,2026-05-16,2026-05-31,92,overdue
INV001277,CUST008672,37200.0,2026-04-25,2026-05-10,113,overdue
INV001278,CUST004616,32500.0,2026-03-30,2026-05-29,94,overdue
INV001279,CUST008879,19000.0,2026-08-01,2026-08-31,0,written_off
INV001280,CUST005115,63600.0,2026-06-24,2026-07-24,38,overdue
INV001281,CUST006113,43800.0,2026-07-24,2026-09-07,-7,not_yet_due
INV001282,CUST009754,34900.0,2026-04-28,2026-06-27,65,paid
INV001283,CUST004609,42500.0,2026-08-10,2026-09-09,-9,overdue
INV001284,CUST006195,163000.0,2026-05-15,2026-06-14,78,overdue
INV001285,CUST005824,13400.0,2026-04-12,2026-05-27,96,overdue
INV001286,CUST006878,60300.0,2026-04-30,2026-05-15,108,paid
INV001287,CUST003390,108000.0,2026-06-15,2026-08-14,17,overdue
INV001288,CUST002874,124100.0,2026-07-19,2026-08-03,28,paid
INV001289,CUST001255,25800.0,2026-04-11,2026-05-26,97,overdue
INV001290,CUST008455,12000.0,2026-05-26,2026-07-25,37,overdue
INV001291,CUST008692,36500.0,2026-05-12,2026-07-11,51,paid
INV001292,CUST005493,83500.0,2026-03-21,2026-05-05,118,overdue
INV001293,CUST007573,276600.0,2026-06-04,2026-07-19,43,overdue
INV001294,CUST005198,108200.0,2026-04-28,2026-06-12,80,overdue
INV001295,CUST005514,113400.0,2026-03-08,2026-05-07,116,overdue
INV001296,CUST007073,78700.0,2026-05-18,2026-07-02,60,overdue
INV001297,CUST008525,19600.0,2026-06-23,2026-07-23,39,written_off
INV001298,CUST001984,47800.0,2026-07-03,2026-07-18,44,paid
INV001299,CUST004090,30400.0,2026-06-10,2026-08-09,22,overdue
INV001300,CUST009861,7600.0,2026-02-19,2026-03-21,163,written_off
INV001301,CUST006446,26300.0,2026-05-22,2026-07-06,56,written_off
INV001302,CUST008446,118900.0,2026-07-08,2026-08-07,24,overdue
INV001303,CUST002877,166600.0,2026-05-27,2026-07-11,51,paid
INV001304,CUST007695,34100.0,2026-03-16,2026-03-31,153,overdue
INV001305,CUST003154,31900.0,2026-07-01,2026-07-31,31,overdue
INV001306,CUST004338,77900.0,2026-06-15,2026-08-14,17,paid
INV001307,CUST001729,254800.0,2026-07-02,2026-08-16,15,overdue
INV001308,CUST002886,34400.0,2026-06-18,2026-08-17,14,overdue
INV001309,CUST002290,35400.0,2026-05-16,2026-06-15,77,paid
INV001310,CUST005659,58300.0,2026-06-14,2026-07-14,48,overdue
INV001311,CUST004891,75400.0,2026-02-13,2026-03-30,154,overdue
INV001312,CUST002237,8700.0,2026-06-24,2026-08-23,8,overdue
INV001313,CUST006068,34900.0,2026-06-01,2026-07-01,61,overdue
INV001314,CUST004147,78100.0,2026-02-24,2026-04-10,143,overdue
INV001315,CUST003126,24900.0,2026-04-18,2026-05-18,105,overdue
INV001316,CUST005692,33800.0,2026-02-21,2026-03-23,161,written_off
INV001317,CUST004576,21100.0,2026-07-10,2026-07-25,37,written_off
INV001318,CUST000271,86900.0,2026-05-13,2026-06-12,80,paid
INV001319,CUST008655,65600.0,2026-06-23,2026-07-23,39,overdue
INV001320,CUST000851,34800.0,2026-05-02,2026-05-17,106,written_off
INV001321,CUST003111,40400.0,2026-04-02,2026-04-17,136,overdue
INV001322,CUST005494,31500.0,2026-02-13,2026-03-15,169,paid
INV001323,CUST007485,147000.0,2026-04-19,2026-05-04,119,paid
INV001324,CUST001605,47100.0,2026-02-18,2026-04-19,134,overdue
INV001325,CUST006130,24400.0,2026-05-02,2026-05-17,106,overdue
INV001326,CUST003942,20200.0,2026-03-20,2026-04-19,134,overdue
INV001327,CUST007532,32400.0,2026-03-27,2026-04-26,127,written_off
INV001328,CUST008974,109100.0,2026-07-26,2026-08-10,21,paid
INV001329,CUST004628,140200.0,2026-05-30,2026-06-29,63,overdue
INV001330,CUST000112,41400.0,2026-06-12,2026-07-12,50,paid
INV001331,CUST002848,129600.0,2026-03-26,2026-04-25,128,overdue
INV001332,CUST002322,79500.0,2026-06-19,2026-07-19,43,paid
INV001333,CUST000341,21300.0,2026-06-06,2026-08-05,26,written_off
INV001334,CUST008090,56400.0,2026-05-09,2026-06-08,84,written_off
INV001335,CUST004956,128200.0,2026-06-21,2026-08-20,11,paid
INV001336,CUST001015,144000.0,2026-04-14,2026-05-14,109,overdue
INV001337,CUST000794,22100.0,2026-05-04,2026-06-18,74,paid
INV001338,CUST001371,25200.0,2026-07-04,2026-08-03,28,written_off
INV001339,CUST006917,132000.0,2026-08-11,2026-10-10,-10,not_yet_due
INV001340,CUST003523,8800.0,2026-02-20,2026-03-22,162,written_off
INV001341,CUST007077,163900.0,2026-03-04,2026-04-03,150,overdue
INV001342,CUST003255,177500.0,2026-04-30,2026-06-29,63,overdue
INV001343,CUST005409,268300.0,2026-05-31,2026-06-30,62,paid
INV001344,CUST008685,119200.0,2026-03-18,2026-04-17,136,overdue
INV001345,CUST009684,124400.0,2026-05-27,2026-06-11,81,overdue
INV001346,CUST007918,80600.0,2026-04-01,2026-05-16,107,overdue
INV001347,CUST007734,119000.0,2026-03-30,2026-04-14,139,paid
INV001348,CUST006376,36600.0,2026-04-18,2026-05-18,105,paid
INV001349,CUST008661,134200.0,2026-03-26,2026-05-10,113,overdue
INV001350,CUST007229,19600.0,2026-02-14,2026-04-15,138,overdue
INV001351,CUST006811,14500.0,2026-05-23,2026-06-07,85,written_off
INV001352,CUST006827,203300.0,2026-06-15,2026-07-15,47,paid
INV001353,CUST002728,45900.0,2026-04-21,2026-05-21,102,overdue
INV001354,CUST000323,87700.0,2026-08-08,2026-09-07,-7,not_yet_due
INV001355,CUST008275,77200.0,2026-04-07,2026-04-22,131,overdue
INV001356,CUST001100,30700.0,2026-06-23,2026-08-07,24,written_off
INV001357,CUST007816,115900.0,2026-03-15,2026-04-14,139,overdue
INV001358,CUST003900,5200.0,2026-04-30,2026-06-14,78,overdue
INV001359,CUST001707,20000.0,2026-03-13,2026-03-28,156,overdue
INV001360,CUST001388,138600.0,2026-02-19,2026-03-21,163,paid
INV001361,CUST001755,108700.0,2026-04-10,2026-05-25,98,overdue
INV001362,CUST005625,92800.0,2026-03-06,2026-04-05,148,paid
INV001363,CUST002588,39200.0,2026-07-17,2026-08-16,15,written_off
INV001364,CUST005735,28900.0,2026-04-26,2026-06-10,82,overdue
INV001365,CUST007177,13900.0,2026-04-24,2026-05-24,99,written_off
INV001366,CUST003366,331500.0,2026-08-03,2026-09-02,-2,not_yet_due
INV001367,CUST009394,201500.0,2026-07-11,2026-09-09,-9,not_yet_due
INV001368,CUST000469,24800.0,2026-07-20,2026-08-19,12,written_off
INV001369,CUST000608,25600.0,2026-08-08,2026-08-23,8,overdue
INV001370,CUST002360,16600.0,2026-06-05,2026-06-20,72,written_off
INV001371,CUST000764,9000.0,2026-04-23,2026-06-22,70,written_off
INV001372,CUST003284,38100.0,2026-04-07,2026-04-22,131,overdue
INV001373,CUST003580,43500.0,2026-02-16,2026-03-18,166,overdue
INV001374,CUST008370,25300.0,2026-06-11,2026-06-26,66,written_off
INV001375,CUST003334,119100.0,2026-07-07,2026-08-06,25,overdue
INV001376,CUST003225,13600.0,2026-02-14,2026-04-15,138,overdue
INV001377,CUST005507,35500.0,2026-06-29,2026-07-29,33,written_off
INV001378,CUST008223,93700.0,2026-05-15,2026-05-30,93,paid
INV001379,CUST001531,15800.0,2026-05-11,2026-05-26,97,paid
INV001380,CUST001980,78500.0,2026-08-06,2026-09-05,-5,not_yet_due
INV001381,CUST006800,14200.0,2026-03-21,2026-04-20,133,written_off
INV001382,CUST002595,61300.0,2026-05-08,2026-05-23,100,overdue
INV001383,CUST006880,36000.0,2026-03-01,2026-04-30,123,overdue
INV001384,CUST005937,52600.0,2026-08-09,2026-08-24,7,overdue
INV001385,CUST008564,52200.0,2026-07-29,2026-09-27,-10,not_yet_due
INV001386,CUST007096,50700.0,2026-03-12,2026-03-27,157,overdue
INV001387,CUST000176,67600.0,2026-05-14,2026-06-13,79,paid
INV001388,CUST002197,171300.0,2026-07-22,2026-08-06,25,overdue
INV001389,CUST004562,98300.0,2026-03-30,2026-04-29,124,overdue
INV001390,CUST001958,48600.0,2026-07-25,2026-08-09,22,overdue
INV001391,CUST007608,131400.0,2026-05-23,2026-06-22,70,overdue
INV001392,CUST008124,6200.0,2026-07-28,2026-09-11,-10,overdue
INV001393,CUST003934,31500.0,2026-08-03,2026-09-17,-10,not_yet_due
INV001394,CUST009575,79700.0,2026-04-12,2026-05-12,111,overdue
INV001395,CUST004653,16600.0,2026-04-07,2026-05-07,116,overdue
INV001396,CUST006610,217400.0,2026-04-15,2026-05-30,93,overdue
INV001397,CUST003464,153000.0,2026-06-25,2026-07-25,37,overdue
INV001398,CUST009450,15100.0,2026-04-30,2026-05-30,93,overdue
INV001399,CUST005966,90900.0,2026-07-20,2026-09-03,-3,not_yet_due
INV001400,CUST006198,39400.0,2026-08-11,2026-08-26,5,written_off
INV001401,CUST001644,35500.0,2026-04-22,2026-06-21,71,paid
INV001402,CUST002191,25100.0,2026-02-25,2026-04-26,127,written_off
INV001403,CUST000808,31800.0,2026-03-21,2026-04-20,133,written_off
INV001404,CUST001278,8600.0,2026-08-01,2026-08-16,15,written_off
INV001405,CUST000108,71300.0,2026-07-13,2026-08-12,19,overdue
INV001406,CUST003778,102100.0,2026-05-01,2026-05-31,92,paid
INV001407,CUST005060,93000.0,2026-06-19,2026-07-04,58,overdue
INV001408,CUST001542,80300.0,2026-04-28,2026-05-13,110,overdue
INV001409,CUST007800,56600.0,2026-04-24,2026-05-24,99,paid
INV001410,CUST002854,252800.0,2026-05-24,2026-07-23,39,paid
INV001411,CUST003649,86600.0,2026-02-25,2026-03-12,172,overdue
INV001412,CUST000733,16600.0,2026-04-26,2026-05-26,97,written_off
INV001413,CUST001040,24600.0,2026-07-15,2026-09-13,-10,written_off
INV001414,CUST000225,99000.0,2026-07-02,2026-08-16,15,overdue
INV001415,CUST007997,66000.0,2026-05-05,2026-05-20,103,overdue
INV001416,CUST001402,133700.0,2026-05-29,2026-07-13,49,overdue
INV001417,CUST002069,89800.0,2026-07-14,2026-07-29,33,paid
INV001418,CUST002916,38700.0,2026-02-19,2026-03-06,178,written_off
INV001419,CUST005872,44800.0,2026-07-26,2026-08-25,6,paid
INV001420,CUST004225,168500.0,2026-03-05,2026-04-19,134,paid
INV001421,CUST004787,63200.0,2026-05-01,2026-05-16,107,paid
INV001422,CUST001242,142400.0,2026-03-21,2026-04-05,148,paid
INV001423,CUST007189,38300.0,2026-02-26,2026-04-12,141,overdue
INV001424,CUST003228,23700.0,2026-04-21,2026-05-21,102,overdue
INV001425,CUST007032,54700.0,2026-05-30,2026-06-14,78,paid
INV001426,CUST003986,173500.0,2026-02-13,2026-03-30,154,overdue
INV001427,CUST008802,187200.0,2026-06-03,2026-07-03,59,paid
INV001428,CUST004739,33800.0,2026-07-29,2026-09-12,-10,written_off
INV001429,CUST003564,37100.0,2026-05-18,2026-07-02,60,overdue
INV001430,CUST007934,41900.0,2026-04-04,2026-05-19,104,written_off
INV001431,CUST001457,31100.0,2026-06-26,2026-07-11,51,paid
INV001432,CUST001047,24100.0,2026-03-06,2026-03-21,163,overdue
INV001433,CUST005004,17200.0,2026-06-11,2026-06-26,66,overdue
INV001434,CUST002881,35900.0,2026-08-03,2026-09-17,-10,written_off
INV001435,CUST005639,79000.0,2026-05-25,2026-06-24,68,overdue
INV001436,CUST001217,281000.0,2026-04-02,2026-04-17,136,overdue
INV001437,CUST009764,108700.0,2026-02-18,2026-03-05,179,overdue
INV001438,CUST000768,36400.0,2026-03-07,2026-05-06,117,paid
INV001439,CUST002970,23000.0,2026-05-11,2026-06-10,82,overdue
INV001440,CUST009315,86900.0,2026-07-29,2026-09-12,-10,overdue
INV001441,CUST006015,33900.0,2026-04-11,2026-05-26,97,written_off
INV001442,CUST008198,120400.0,2026-03-15,2026-04-14,139,overdue
INV001443,CUST003279,184900.0,2026-06-30,2026-07-30,32,overdue
INV001444,CUST000788,47800.0,2026-05-22,2026-06-21,71,paid
INV001445,CUST000200,84000.0,2026-03-11,2026-04-10,143,overdue
INV001446,CUST001323,60300.0,2026-03-04,2026-04-18,135,overdue
INV001447,CUST008578,23600.0,2026-07-29,2026-08-28,3,overdue
INV001448,CUST003812,14100.0,2026-03-05,2026-05-04,119,written_off
INV001449,CUST008545,146600.0,2026-08-02,2026-09-01,-1,not_yet_due
INV001450,CUST001841,186700.0,2026-03-03,2026-04-17,136,overdue
INV001451,CUST008643,268500.0,2026-03-14,2026-04-28,125,paid
INV001452,CUST007290,5000.0,2026-04-22,2026-06-06,86,written_off
INV001453,CUST007079,34300.0,2026-05-23,2026-06-22,70,written_off
INV001454,CUST009225,223600.0,2026-06-26,2026-08-10,21,overdue
INV001455,CUST007288,18400.0,2026-04-29,2026-05-29,94,written_off
INV001456,CUST005501,6400.0,2026-04-22,2026-05-22,101,overdue
INV001457,CUST004705,35600.0,2026-05-25,2026-06-24,68,written_off
INV001458,CUST000115,32500.0,2026-07-19,2026-08-18,13,written_off
INV001459,CUST000936,15600.0,2026-04-27,2026-05-27,96,paid
INV001460,CUST005848,22200.0,2026-02-28,2026-03-15,169,overdue
INV001461,CUST001532,35400.0,2026-03-28,2026-05-27,96,written_off
INV001462,CUST009194,53300.0,2026-02-26,2026-04-27,126,overdue
INV001463,CUST002689,129100.0,2026-05-16,2026-06-15,77,overdue
INV001464,CUST001065,172600.0,2026-03-07,2026-03-22,162,overdue
INV001465,CUST007855,116100.0,2026-04-17,2026-06-01,91,overdue
INV001466,CUST002493,190700.0,2026-08-04,2026-08-19,12,paid
INV001467,CUST003679,57000.0,2026-05-05,2026-07-04,58,overdue
INV001468,CUST000691,55300.0,2026-07-28,2026-09-11,-10,not_yet_due
INV001469,CUST008088,21500.0,2026-04-03,2026-06-02,90,overdue
INV001470,CUST002876,83900.0,2026-06-20,2026-08-04,27,paid
INV001471,CUST005546,33300.0,2026-08-03,2026-09-17,-10,not_yet_due
INV001472,CUST005341,26600.0,2026-04-04,2026-05-04,119,overdue
INV001473,CUST003258,37200.0,2026-07-10,2026-08-09,22,overdue
INV001474,CUST006427,36500.0,2026-04-19,2026-06-18,74,written_off
INV001475,CUST009378,5600.0,2026-03-22,2026-04-06,147,overdue
INV001476,CUST007231,56700.0,2026-04-22,2026-05-22,101,overdue
INV001477,CUST004415,64100.0,2026-06-03,2026-07-03,59,paid
INV001478,CUST007242,186100.0,2026-07-19,2026-08-18,13,overdue
INV001479,CUST004840,35600.0,2026-03-30,2026-04-29,124,overdue
INV001480,CUST008707,16000.0,2026-02-20,2026-03-22,162,overdue
INV001481,CUST000700,165600.0,2026-04-03,2026-05-03,120,paid
INV001482,CUST009884,82200.0,2026-04-21,2026-05-06,117,paid
INV001483,CUST001611,98000.0,2026-08-10,2026-08-25,6,overdue
INV001484,CUST007180,53600.0,2026-05-30,2026-06-14,78,paid
INV001485,CUST000628,16700.0,2026-04-26,2026-05-26,97,written_off
INV001486,CUST001847,94100.0,2026-05-17,2026-06-16,76,overdue
INV001487,CUST003974,40200.0,2026-03-14,2026-03-29,155,overdue
INV001488,CUST000140,28000.0,2026-06-13,2026-07-13,49,overdue
INV001489,CUST009699,95700.0,2026-06-11,2026-06-26,66,overdue
INV001490,CUST004391,89700.0,2026-04-22,2026-05-22,101,paid
INV001491,CUST009010,76600.0,2026-05-09,2026-07-08,54,overdue
INV001492,CUST002128,150700.0,2026-02-19,2026-03-06,178,overdue
INV001493,CUST000416,142200.0,2026-03-24,2026-04-08,145,overdue
INV001494,CUST004926,48300.0,2026-02-23,2026-03-10,174,overdue
INV001495,CUST000798,5000.0,2026-07-21,2026-08-05,26,written_off
INV001496,CUST009168,19000.0,2026-03-26,2026-04-10,143,overdue
INV001497,CUST005379,40000.0,2026-03-11,2026-04-10,143,overdue
INV001498,CUST003791,6800.0,2026-03-08,2026-04-22,131,paid
INV001499,CUST001591,10400.0,2026-06-25,2026-08-09,22,written_off
INV001500,CUST005731,149600.0,2026-06-24,2026-07-24,38,paid
INV001501,CUST000171,36800.0,2026-03-21,2026-04-20,133,overdue
INV001502,CUST002238,321200.0,2026-05-11,2026-06-10,82,overdue
INV001503,CUST005210,121000.0,2026-06-26,2026-07-26,36,overdue
INV001504,CUST000636,11800.0,2026-05-24,2026-06-23,69,written_off
INV001505,CUST004017,28300.0,2026-07-19,2026-09-17,-10,not_yet_due
INV001506,CUST003441,55000.0,2026-05-16,2026-06-15,77,paid
INV001507,CUST000665,135700.0,2026-03-29,2026-04-28,125,overdue
INV001508,CUST004065,14200.0,2026-06-06,2026-08-05,26,written_off
INV001509,CUST002617,34500.0,2026-08-04,2026-09-03,-3,overdue
INV001510,CUST008540,231200.0,2026-07-16,2026-07-31,31,paid
INV001511,CUST000417,61600.0,2026-06-24,2026-07-24,38,overdue
INV001512,CUST003886,114600.0,2026-03-06,2026-04-05,148,paid
INV001513,CUST004293,92200.0,2026-03-22,2026-04-06,147,paid
INV001514,CUST003518,42900.0,2026-04-19,2026-05-19,104,overdue
INV001515,CUST005566,144600.0,2026-03-14,2026-05-13,110,overdue
INV001516,CUST000231,21300.0,2026-02-20,2026-03-22,162,written_off
INV001517,CUST008898,73200.0,2026-04-20,2026-05-20,103,paid
INV001518,CUST002390,313500.0,2026-03-04,2026-04-03,150,overdue
INV001519,CUST000701,100100.0,2026-05-31,2026-07-15,47,overdue
INV001520,CUST002169,30200.0,2026-03-21,2026-05-05,118,paid
INV001521,CUST003058,5300.0,2026-06-21,2026-08-20,11,written_off
INV001522,CUST005260,15900.0,2026-05-20,2026-07-04,58,written_off
INV001523,CUST003824,83100.0,2026-03-25,2026-04-24,129,paid
INV001524,CUST007623,29600.0,2026-08-10,2026-09-24,-10,overdue
INV001525,CUST004660,11100.0,2026-05-24,2026-06-08,84,overdue
INV001526,CUST003677,45200.0,2026-04-08,2026-05-08,115,paid
INV001527,CUST000515,79000.0,2026-07-23,2026-08-22,9,overdue
INV001528,CUST002233,10000.0,2026-03-21,2026-04-05,148,written_off
INV001529,CUST004474,112500.0,2026-05-14,2026-05-29,94,paid
INV001530,CUST007583,13800.0,2026-07-03,2026-07-18,44,written_off
INV001531,CUST001629,29800.0,2026-03-12,2026-04-26,127,written_off
INV001532,CUST003645,98900.0,2026-04-11,2026-04-26,127,paid
INV001533,CUST008700,82200.0,2026-04-16,2026-05-16,107,overdue
INV001534,CUST009474,46500.0,2026-06-03,2026-07-03,59,written_off
INV001535,CUST003190,90100.0,2026-07-02,2026-08-01,30,overdue
INV001536,CUST001468,236400.0,2026-02-15,2026-04-01,152,overdue
INV001537,CUST005224,13900.0,2026-07-30,2026-08-29,2,overdue
INV001538,CUST009762,63000.0,2026-07-20,2026-08-04,27,paid
INV001539,CUST004378,41100.0,2026-06-01,2026-07-31,31,overdue
INV001540,CUST007144,30100.0,2026-07-22,2026-09-20,-10,written_off
INV001541,CUST000845,29100.0,2026-08-10,2026-08-25,6,written_off
INV001542,CUST006311,49100.0,2026-07-31,2026-08-15,16,overdue
INV001543,CUST004733,92300.0,2026-06-03,2026-07-18,44,overdue
INV001544,CUST004404,116400.0,2026-08-01,2026-09-15,-10,not_yet_due
INV001545,CUST009380,25200.0,2026-07-25,2026-08-09,22,overdue
INV001546,CUST002210,20200.0,2026-03-28,2026-04-27,126,written_off
INV001547,CUST006985,68400.0,2026-07-17,2026-08-16,15,overdue
INV001548,CUST000596,222100.0,2026-02-23,2026-04-09,144,paid
INV001549,CUST005874,21800.0,2026-06-16,2026-07-16,46,overdue
INV001550,CUST004751,20000.0,2026-02-23,2026-04-24,129,overdue
INV001551,CUST003604,59700.0,2026-05-25,2026-06-24,68,overdue
INV001552,CUST006524,143600.0,2026-03-31,2026-04-30,123,paid
INV001553,CUST006204,53900.0,2026-03-06,2026-03-21,163,written_off
INV001554,CUST003987,51500.0,2026-03-30,2026-05-14,109,overdue
INV001555,CUST005036,5000.0,2026-04-17,2026-06-16,76,overdue
INV001556,CUST003408,52000.0,2026-03-22,2026-04-21,132,overdue
INV001557,CUST004166,98700.0,2026-04-05,2026-04-20,133,paid
INV001558,CUST008106,157200.0,2026-05-01,2026-05-16,107,overdue
INV001559,CUST005402,112500.0,2026-07-17,2026-08-16,15,overdue
INV001560,CUST005441,23700.0,2026-04-09,2026-05-09,114,written_off
INV001561,CUST001617,62400.0,2026-03-20,2026-04-19,134,overdue
INV001562,CUST001298,14000.0,2026-07-11,2026-08-25,6,written_off
INV001563,CUST006085,15000.0,2026-06-22,2026-08-21,10,overdue
INV001564,CUST003622,109100.0,2026-03-18,2026-04-02,151,overdue
INV001565,CUST005459,55800.0,2026-03-19,2026-05-03,120,written_off
INV001566,CUST008671,30200.0,2026-05-21,2026-06-20,72,overdue
INV001567,CUST006685,78700.0,2026-08-09,2026-09-08,-8,not_yet_due
INV001568,CUST008341,42200.0,2026-04-06,2026-05-06,117,written_off
INV001569,CUST000319,19500.0,2026-07-23,2026-08-22,9,overdue
INV001570,CUST008141,170300.0,2026-08-01,2026-08-31,0,overdue
INV001571,CUST001288,81900.0,2026-07-24,2026-08-08,23,overdue
INV001572,CUST009550,27300.0,2026-03-30,2026-05-14,109,written_off
INV001573,CUST005229,50800.0,2026-04-27,2026-05-27,96,overdue
INV001574,CUST001765,29300.0,2026-03-22,2026-05-21,102,overdue
INV001575,CUST009059,91000.0,2026-07-16,2026-07-31,31,overdue
INV001576,CUST006601,46200.0,2026-04-25,2026-06-09,83,paid
INV001577,CUST004776,38000.0,2026-06-12,2026-07-12,50,overdue
INV001578,CUST002803,17200.0,2026-06-02,2026-07-02,60,paid
INV001579,CUST008532,102500.0,2026-04-07,2026-05-07,116,overdue
INV001580,CUST008831,55000.0,2026-04-23,2026-05-08,115,paid
INV001581,CUST001370,7000.0,2026-05-18,2026-06-17,75,overdue
INV001582,CUST008697,17700.0,2026-04-04,2026-05-19,104,written_off
INV001583,CUST009290,55800.0,2026-05-11,2026-06-10,82,overdue
INV001584,CUST002022,29400.0,2026-03-24,2026-05-23,100,overdue
INV001585,CUST003316,73800.0,2026-04-09,2026-05-09,114,paid
INV001586,CUST003319,30200.0,2026-04-03,2026-05-03,120,overdue
INV001587,CUST001136,32400.0,2026-07-06,2026-08-20,11,overdue
INV001588,CUST001206,25100.0,2026-05-09,2026-06-23,69,overdue
INV001589,CUST004151,140100.0,2026-06-06,2026-07-06,56,overdue
INV001590,CUST005119,224900.0,2026-03-26,2026-04-25,128,overdue
INV001591,CUST004201,63400.0,2026-02-23,2026-04-24,129,paid
INV001592,CUST008906,73900.0,2026-07-21,2026-08-20,11,overdue
INV001593,CUST001463,31700.0,2026-06-05,2026-07-20,42,written_off
INV001594,CUST007292,141200.0,2026-07-16,2026-07-31,31,paid
INV001595,CUST002162,122900.0,2026-04-04,2026-04-19,134,overdue
INV001596,CUST009045,119200.0,2026-05-18,2026-06-02,90,overdue
INV001597,CUST000134,407100.0,2026-03-05,2026-04-04,149,overdue
INV001598,CUST006141,14100.0,2026-04-07,2026-04-22,131,written_off
INV001599,CUST001304,69600.0,2026-06-03,2026-06-18,74,paid
INV001600,CUST001653,54600.0,2026-08-08,2026-09-07,-7,not_yet_due
INV001601,CUST007730,26800.0,2026-05-12,2026-06-11,81,written_off
INV001602,CUST007233,22900.0,2026-06-21,2026-08-05,26,written_off
INV001603,CUST008562,68500.0,2026-06-26,2026-08-25,6,overdue
INV001604,CUST007192,88200.0,2026-07-21,2026-09-04,-4,not_yet_due
INV001605,CUST003686,59400.0,2026-05-24,2026-07-08,54,written_off
INV001606,CUST002283,233000.0,2026-04-24,2026-05-24,99,paid
INV001607,CUST001964,24300.0,2026-06-16,2026-07-01,61,written_off
INV001608,CUST001069,118400.0,2026-03-17,2026-04-16,137,paid
INV001609,CUST002129,13300.0,2026-04-23,2026-06-22,70,written_off
INV001610,CUST002815,189800.0,2026-02-21,2026-03-08,176,paid
INV001611,CUST005404,89600.0,2026-02-28,2026-03-30,154,overdue
INV001612,CUST002122,201100.0,2026-03-07,2026-04-06,147,paid
INV001613,CUST007782,81300.0,2026-06-26,2026-07-11,51,overdue
INV001614,CUST003916,61000.0,2026-03-01,2026-03-31,153,paid
INV001615,CUST004361,158200.0,2026-03-31,2026-04-30,123,paid
INV001616,CUST000852,6200.0,2026-03-09,2026-04-08,145,overdue
INV001617,CUST001360,8400.0,2026-02-14,2026-03-31,153,overdue
INV001618,CUST000454,74500.0,2026-08-09,2026-08-24,7,overdue
INV001619,CUST008300,120600.0,2026-05-03,2026-06-02,90,overdue
INV001620,CUST003781,28500.0,2026-06-28,2026-07-28,34,written_off
INV001621,CUST003981,41500.0,2026-03-09,2026-04-08,145,overdue
INV001622,CUST009663,118800.0,2026-06-20,2026-07-20,42,overdue
INV001623,CUST002606,25600.0,2026-03-20,2026-05-04,119,written_off
INV001624,CUST003943,23900.0,2026-04-20,2026-05-20,103,written_off
INV001625,CUST006159,191600.0,2026-07-29,2026-08-28,3,paid
INV001626,CUST004197,42500.0,2026-08-07,2026-10-06,-10,overdue
INV001627,CUST002385,234200.0,2026-07-11,2026-08-10,21,paid
INV001628,CUST001248,89700.0,2026-04-30,2026-05-15,108,overdue
INV001629,CUST002965,82100.0,2026-03-30,2026-04-14,139,overdue
INV001630,CUST001858,62000.0,2026-08-11,2026-09-10,-10,not_yet_due
INV001631,CUST003320,64300.0,2026-04-21,2026-06-05,87,paid
INV001632,CUST007384,188600.0,2026-03-19,2026-05-03,120,paid
INV001633,CUST007621,84800.0,2026-06-15,2026-07-15,47,paid
INV001634,CUST008675,5000.0,2026-07-22,2026-08-21,10,overdue
INV001635,CUST004292,82300.0,2026-06-03,2026-07-03,59,overdue
INV001636,CUST003050,16900.0,2026-07-28,2026-09-26,-10,not_yet_due
INV001637,CUST009989,137900.0,2026-07-20,2026-08-04,27,overdue
INV001638,CUST003362,37300.0,2026-04-11,2026-05-11,112,overdue
INV001639,CUST001734,203800.0,2026-02-25,2026-04-11,142,overdue
INV001640,CUST008610,42600.0,2026-04-22,2026-05-22,101,written_off
INV001641,CUST004793,239100.0,2026-03-22,2026-05-21,102,overdue
INV001642,CUST003735,12500.0,2026-03-21,2026-04-20,133,written_off
INV001643,CUST002579,52300.0,2026-05-22,2026-06-21,71,overdue
INV001644,CUST005761,42000.0,2026-04-08,2026-05-08,115,written_off
INV001645,CUST004672,51000.0,2026-05-12,2026-07-11,51,overdue
INV001646,CUST002993,68200.0,2026-03-28,2026-05-27,96,overdue
INV001647,CUST007933,123700.0,2026-05-04,2026-06-03,89,overdue
INV001648,CUST000123,24300.0,2026-04-18,2026-05-18,105,overdue
INV001649,CUST000095,81100.0,2026-06-05,2026-08-04,27,overdue
INV001650,CUST008602,226600.0,2026-02-25,2026-03-27,157,paid
INV001651,CUST008360,13600.0,2026-07-01,2026-07-31,31,written_off
INV001652,CUST009070,25800.0,2026-04-02,2026-06-01,91,overdue
INV001653,CUST002079,138600.0,2026-05-20,2026-07-19,43,overdue
INV001654,CUST006648,89100.0,2026-05-27,2026-06-26,66,overdue
INV001655,CUST005038,40900.0,2026-08-06,2026-09-05,-5,written_off
INV001656,CUST009854,10500.0,2026-05-12,2026-06-26,66,written_off
INV001657,CUST004551,84200.0,2026-03-21,2026-04-20,133,paid
INV001658,CUST006082,36400.0,2026-05-07,2026-06-21,71,overdue
INV001659,CUST004731,27700.0,2026-05-29,2026-07-13,49,overdue
INV001660,CUST007050,92100.0,2026-04-06,2026-05-06,117,overdue
INV001661,CUST001091,40400.0,2026-04-04,2026-05-04,119,overdue
INV001662,CUST005588,54800.0,2026-04-01,2026-04-16,137,overdue
INV001663,CUST003025,56000.0,2026-06-30,2026-08-14,17,overdue
INV001664,CUST005242,97300.0,2026-06-18,2026-07-18,44,paid
INV001665,CUST007931,26200.0,2026-08-03,2026-09-02,-2,not_yet_due
INV001666,CUST001052,28100.0,2026-04-27,2026-05-27,96,written_off
INV001667,CUST004679,64700.0,2026-06-06,2026-07-06,56,overdue
INV001668,CUST006622,82900.0,2026-07-10,2026-08-09,22,overdue
INV001669,CUST000718,9500.0,2026-08-08,2026-09-07,-7,written_off
INV001670,CUST006139,31500.0,2026-04-02,2026-05-02,121,overdue
INV001671,CUST009220,14100.0,2026-05-08,2026-07-07,55,written_off
INV001672,CUST003570,78100.0,2026-08-07,2026-09-21,-10,not_yet_due
INV001673,CUST006612,62200.0,2026-04-05,2026-06-04,88,overdue
INV001674,CUST000129,31100.0,2026-06-01,2026-07-01,61,written_off
INV001675,CUST008440,39300.0,2026-04-30,2026-05-30,93,overdue
INV001676,CUST001267,18500.0,2026-06-05,2026-06-20,72,written_off
INV001677,CUST005315,146400.0,2026-07-09,2026-08-23,8,overdue
INV001678,CUST009004,39500.0,2026-07-23,2026-09-06,-6,not_yet_due
INV001679,CUST004466,12900.0,2026-04-08,2026-05-08,115,overdue
INV001680,CUST009567,62200.0,2026-07-14,2026-08-13,18,overdue
INV001681,CUST004156,107200.0,2026-06-03,2026-06-18,74,overdue
INV001682,CUST002033,104100.0,2026-03-16,2026-03-31,153,paid
INV001683,CUST009579,22700.0,2026-05-20,2026-06-04,88,written_off
INV001684,CUST001164,7300.0,2026-07-10,2026-08-24,7,overdue
INV001685,CUST004012,9200.0,2026-07-11,2026-08-10,21,written_off
INV001686,CUST006740,141500.0,2026-04-07,2026-05-07,116,overdue
INV001687,CUST008654,15700.0,2026-06-15,2026-07-15,47,overdue
INV001688,CUST004074,25300.0,2026-07-07,2026-08-06,25,written_off
INV001689,CUST005477,36100.0,2026-05-13,2026-05-28,95,overdue
INV001690,CUST004673,231800.0,2026-07-15,2026-08-29,2,overdue
INV001691,CUST000313,136000.0,2026-03-01,2026-03-16,168,overdue
INV001692,CUST003063,96400.0,2026-08-01,2026-08-16,15,overdue
INV001693,CUST001393,26900.0,2026-05-07,2026-05-22,101,written_off
INV001694,CUST007563,7200.0,2026-03-06,2026-04-05,148,overdue
INV001695,CUST007202,118100.0,2026-02-13,2026-03-15,169,paid
INV001696,CUST003868,27700.0,2026-08-03,2026-10-02,-10,not_yet_due
INV001697,CUST006263,245700.0,2026-07-21,2026-09-04,-4,not_yet_due
INV001698,CUST002250,127800.0,2026-03-19,2026-04-18,135,overdue
INV001699,CUST008932,297100.0,2026-05-29,2026-07-28,34,overdue
INV001700,CUST006973,67500.0,2026-03-05,2026-03-20,164,overdue
INV001701,CUST003668,32200.0,2026-06-11,2026-07-11,51,written_off
INV001702,CUST009135,93600.0,2026-02-15,2026-03-17,167,paid
INV001703,CUST000475,187600.0,2026-06-25,2026-07-25,37,paid
INV001704,CUST002118,34500.0,2026-03-13,2026-04-12,141,overdue
INV001705,CUST004595,91800.0,2026-05-03,2026-07-02,60,overdue
INV001706,CUST009297,32700.0,2026-03-13,2026-04-27,126,overdue
INV001707,CUST008977,89300.0,2026-06-04,2026-07-04,58,overdue
INV001708,CUST001473,46400.0,2026-02-17,2026-03-04,180,written_off
INV001709,CUST007398,5600.0,2026-07-08,2026-08-07,24,paid
INV001710,CUST006091,23000.0,2026-04-06,2026-04-21,132,overdue
INV001711,CUST005176,64800.0,2026-03-15,2026-03-30,154,overdue
INV001712,CUST006445,169200.0,2026-04-30,2026-05-30,93,overdue
INV001713,CUST002023,6600.0,2026-07-06,2026-08-20,11,paid
INV001714,CUST003804,63800.0,2026-06-18,2026-08-17,14,written_off
INV001715,CUST003691,101400.0,2026-07-21,2026-08-20,11,paid
INV001716,CUST009495,14300.0,2026-03-16,2026-04-15,138,overdue
INV001717,CUST003416,89800.0,2026-07-18,2026-08-02,29,overdue
INV001718,CUST002587,18300.0,2026-02-18,2026-03-05,179,overdue
INV001719,CUST004465,19500.0,2026-06-24,2026-08-23,8,overdue
INV001720,CUST002259,68900.0,2026-07-02,2026-07-17,45,overdue
INV001721,CUST003026,23700.0,2026-04-14,2026-05-14,109,written_off
INV001722,CUST004422,25900.0,2026-06-09,2026-06-24,68,written_off
INV001723,CUST001484,191000.0,2026-08-09,2026-09-23,-10,not_yet_due
INV001724,CUST006591,45600.0,2026-04-01,2026-05-31,92,overdue
INV001725,CUST004188,20100.0,2026-07-08,2026-07-23,39,written_off
INV001726,CUST007893,17700.0,2026-07-16,2026-07-31,31,written_off
INV001727,CUST002050,68900.0,2026-08-04,2026-09-03,-3,not_yet_due
INV001728,CUST003549,49700.0,2026-03-10,2026-03-25,159,written_off
INV001729,CUST002792,167200.0,2026-07-23,2026-08-22,9,overdue
INV001730,CUST002113,45100.0,2026-06-11,2026-08-10,21,overdue
INV001731,CUST001486,168500.0,2026-03-22,2026-05-21,102,paid
INV001732,CUST001318,92900.0,2026-07-15,2026-09-13,-10,not_yet_due
INV001733,CUST009262,12400.0,2026-03-25,2026-04-24,129,written_off
INV001734,CUST000940,22600.0,2026-07-30,2026-08-29,2,written_off
INV001735,CUST001606,159900.0,2026-05-16,2026-06-15,77,overdue
INV001736,CUST000127,31500.0,2026-02-24,2026-03-26,158,overdue
INV001737,CUST003071,41800.0,2026-05-20,2026-07-04,58,overdue
INV001738,CUST001184,12600.0,2026-04-24,2026-05-09,114,written_off
INV001739,CUST007490,222100.0,2026-06-27,2026-08-26,5,overdue
INV001740,CUST007553,212700.0,2026-03-11,2026-04-25,128,paid
INV001741,CUST002919,153700.0,2026-05-29,2026-06-13,79,paid
INV001742,CUST006939,75600.0,2026-03-07,2026-04-06,147,paid
INV001743,CUST005340,283000.0,2026-02-20,2026-03-07,177,overdue
INV001744,CUST001781,21000.0,2026-03-15,2026-04-14,139,overdue
INV001745,CUST006931,168200.0,2026-05-29,2026-06-28,64,overdue
INV001746,CUST000155,17000.0,2026-06-03,2026-06-18,74,written_off
INV001747,CUST007052,37800.0,2026-04-17,2026-06-16,76,paid
INV001748,CUST009937,38100.0,2026-07-30,2026-09-28,-10,not_yet_due
INV001749,CUST007874,34400.0,2026-06-15,2026-07-15,47,overdue
INV001750,CUST000553,35700.0,2026-07-22,2026-09-05,-5,written_off
INV001751,CUST004710,97400.0,2026-03-11,2026-03-26,158,overdue
INV001752,CUST004988,51000.0,2026-03-15,2026-04-29,124,written_off
INV001753,CUST001837,200000.0,2026-03-07,2026-05-06,117,paid
INV001754,CUST000192,152400.0,2026-08-05,2026-09-04,-4,not_yet_due
INV001755,CUST006299,98100.0,2026-03-20,2026-04-04,149,overdue
INV001756,CUST008160,28400.0,2026-05-09,2026-06-08,84,paid
INV001757,CUST003253,102900.0,2026-06-25,2026-08-09,22,overdue
INV001758,CUST001185,11100.0,2026-06-22,2026-08-21,10,written_off
INV001759,CUST001116,86300.0,2026-03-26,2026-04-10,143,paid
INV001760,CUST002205,166600.0,2026-04-19,2026-06-18,74,overdue
INV001761,CUST006345,78400.0,2026-07-04,2026-08-18,13,overdue
INV001762,CUST000793,22800.0,2026-05-26,2026-06-25,67,overdue
INV001763,CUST001895,10900.0,2026-02-22,2026-03-09,175,paid
INV001764,CUST005107,52100.0,2026-07-27,2026-08-11,20,overdue
INV001765,CUST003532,71400.0,2026-05-31,2026-06-15,77,overdue
INV001766,CUST004106,23900.0,2026-08-11,2026-09-25,-10,written_off
INV001767,CUST008246,30600.0,2026-07-31,2026-08-30,1,written_off
INV001768,CUST003601,162400.0,2026-03-16,2026-04-15,138,overdue
INV001769,CUST003015,84100.0,2026-03-18,2026-05-17,106,overdue
INV001770,CUST003361,77500.0,2026-04-02,2026-04-17,136,paid
INV001771,CUST003802,156400.0,2026-07-04,2026-07-19,43,overdue
INV001772,CUST009150,37100.0,2026-06-01,2026-06-16,76,overdue
INV001773,CUST003747,140500.0,2026-04-22,2026-05-22,101,paid
INV001774,CUST009479,107900.0,2026-06-13,2026-07-28,34,overdue
INV001775,CUST008923,20700.0,2026-04-16,2026-05-01,122,overdue
INV001776,CUST005326,34100.0,2026-06-14,2026-07-14,48,overdue
INV001777,CUST006696,24900.0,2026-06-01,2026-07-31,31,overdue
INV001778,CUST009855,16100.0,2026-05-05,2026-07-04,58,written_off
INV001779,CUST008615,17600.0,2026-03-17,2026-04-01,152,overdue
INV001780,CUST002038,38700.0,2026-06-24,2026-07-24,38,overdue
INV001781,CUST002550,93500.0,2026-04-20,2026-06-19,73,overdue
INV001782,CUST007232,94300.0,2026-08-08,2026-09-22,-10,not_yet_due
INV001783,CUST004750,27700.0,2026-06-14,2026-07-29,33,written_off
INV001784,CUST003218,200000.0,2026-06-30,2026-07-30,32,overdue
INV001785,CUST007906,47100.0,2026-04-24,2026-06-08,84,overdue
INV001786,CUST004011,161200.0,2026-04-20,2026-05-05,118,overdue
INV001787,CUST009341,101100.0,2026-07-03,2026-08-02,29,paid
INV001788,CUST004759,139500.0,2026-03-08,2026-04-07,146,overdue
INV001789,CUST006812,120700.0,2026-07-24,2026-08-23,8,paid
INV001790,CUST006120,66900.0,2026-02-28,2026-04-29,124,paid
INV001791,CUST003528,14900.0,2026-07-29,2026-08-28,3,overdue
INV001792,CUST007810,69500.0,2026-06-18,2026-08-02,29,overdue
INV001793,CUST005163,47600.0,2026-02-21,2026-03-23,161,written_off
INV001794,CUST001575,36400.0,2026-03-27,2026-04-11,142,overdue
INV001795,CUST006792,43100.0,2026-03-10,2026-03-25,159,paid
INV001796,CUST002327,195500.0,2026-08-11,2026-09-10,-10,not_yet_due
INV001797,CUST009322,109800.0,2026-07-22,2026-09-05,-5,not_yet_due
INV001798,CUST000556,57200.0,2026-08-05,2026-09-19,-10,not_yet_due
INV001799,CUST005476,23500.0,2026-06-06,2026-07-06,56,overdue
INV001800,CUST009087,104100.0,2026-07-24,2026-08-23,8,paid
INV001801,CUST009323,58800.0,2026-07-23,2026-09-06,-6,written_off
INV001802,CUST006596,15000.0,2026-06-05,2026-07-05,57,paid
INV001803,CUST008250,25400.0,2026-05-16,2026-07-15,47,paid
INV001804,CUST006379,36400.0,2026-03-10,2026-05-09,114,paid
INV001805,CUST004489,79600.0,2026-06-25,2026-07-10,52,overdue
INV001806,CUST006619,162500.0,2026-04-21,2026-06-05,87,paid
INV001807,CUST003220,83700.0,2026-04-04,2026-06-03,89,paid
INV001808,CUST009843,27900.0,2026-07-12,2026-08-26,5,written_off
INV001809,CUST004494,32000.0,2026-04-28,2026-05-28,95,overdue
INV001810,CUST004532,108300.0,2026-05-17,2026-06-16,76,overdue
INV001811,CUST009665,281500.0,2026-07-13,2026-09-11,-10,not_yet_due
INV001812,CUST003267,34200.0,2026-07-15,2026-09-13,-10,written_off
INV001813,CUST005457,47300.0,2026-03-02,2026-04-01,152,written_off
INV001814,CUST002925,55000.0,2026-05-20,2026-07-04,58,overdue
INV001815,CUST007385,7900.0,2026-06-24,2026-07-24,38,overdue
INV001816,CUST008757,26200.0,2026-06-13,2026-07-13,49,paid
INV001817,CUST001721,95800.0,2026-04-12,2026-05-12,111,paid
INV001818,CUST004559,92700.0,2026-07-27,2026-08-26,5,overdue
INV001819,CUST001081,5000.0,2026-05-13,2026-06-12,80,overdue
INV001820,CUST006983,31800.0,2026-04-06,2026-05-21,102,paid
INV001821,CUST009546,126600.0,2026-05-21,2026-06-20,72,paid
INV001822,CUST003757,194000.0,2026-05-15,2026-06-14,78,paid
INV001823,CUST008784,37000.0,2026-05-16,2026-06-15,77,overdue
INV001824,CUST002264,7400.0,2026-04-18,2026-06-17,75,overdue
INV001825,CUST002725,20900.0,2026-06-06,2026-06-21,71,overdue
INV001826,CUST001390,176200.0,2026-05-12,2026-07-11,51,overdue
INV001827,CUST009171,39000.0,2026-07-24,2026-08-23,8,written_off
INV001828,CUST001987,17300.0,2026-07-15,2026-08-14,17,overdue
INV001829,CUST000946,7200.0,2026-07-15,2026-07-30,32,paid
INV001830,CUST009199,176000.0,2026-06-27,2026-07-27,35,overdue
INV001831,CUST009446,192200.0,2026-06-27,2026-07-27,35,overdue
INV001832,CUST000464,183800.0,2026-06-10,2026-07-10,52,paid
INV001833,CUST007098,65900.0,2026-03-01,2026-03-16,168,overdue
INV001834,CUST008760,18500.0,2026-06-30,2026-07-30,32,overdue
INV001835,CUST008241,54900.0,2026-05-31,2026-07-30,32,overdue
INV001836,CUST008333,28000.0,2026-05-22,2026-06-21,71,written_off
INV001837,CUST001368,42500.0,2026-07-15,2026-08-14,17,overdue
INV001838,CUST006063,25000.0,2026-04-17,2026-06-16,76,overdue
INV001839,CUST008395,57900.0,2026-03-03,2026-04-02,151,paid
INV001840,CUST005320,70200.0,2026-07-20,2026-08-04,27,overdue
INV001841,CUST009170,85100.0,2026-07-31,2026-09-29,-10,not_yet_due
INV001842,CUST000436,134400.0,2026-07-28,2026-08-12,19,paid
INV001843,CUST007771,121400.0,2026-07-06,2026-08-20,11,overdue
INV001844,CUST001671,42700.0,2026-07-21,2026-08-05,26,overdue
INV001845,CUST004414,30200.0,2026-06-06,2026-07-06,56,overdue
INV001846,CUST007013,22300.0,2026-06-12,2026-08-11,20,overdue
INV001847,CUST009869,19600.0,2026-07-17,2026-08-16,15,written_off
INV001848,CUST001054,47900.0,2026-02-18,2026-03-20,164,written_off
INV001849,CUST002932,198900.0,2026-07-17,2026-09-15,-10,not_yet_due
INV001850,CUST008067,29500.0,2026-04-08,2026-04-23,130,written_off
INV001851,CUST007707,17400.0,2026-08-01,2026-08-16,15,written_off
INV001852,CUST002986,100500.0,2026-06-11,2026-08-10,21,paid
INV001853,CUST000193,29000.0,2026-03-20,2026-05-04,119,written_off
INV001854,CUST000330,108600.0,2026-03-30,2026-05-29,94,overdue
INV001855,CUST004936,17600.0,2026-04-17,2026-05-17,106,written_off
INV001856,CUST000016,104300.0,2026-04-12,2026-04-27,126,overdue
INV001857,CUST006394,32600.0,2026-05-21,2026-06-05,87,written_off
INV001858,CUST001567,40300.0,2026-03-15,2026-04-29,124,overdue
INV001859,CUST008323,99200.0,2026-06-02,2026-07-17,45,overdue
INV001860,CUST007062,53700.0,2026-07-07,2026-08-06,25,overdue
INV001861,CUST009344,15600.0,2026-07-19,2026-09-17,-10,not_yet_due
INV001862,CUST001157,78500.0,2026-03-24,2026-05-23,100,overdue
INV001863,CUST006672,375300.0,2026-06-21,2026-07-21,41,overdue
INV001864,CUST004467,44300.0,2026-06-04,2026-07-04,58,written_off
INV001865,CUST009931,67400.0,2026-06-09,2026-06-24,68,overdue
INV001866,CUST005696,102000.0,2026-04-29,2026-06-28,64,paid
INV001867,CUST009621,16900.0,2026-03-01,2026-04-15,138,written_off
INV001868,CUST008046,57800.0,2026-03-30,2026-04-29,124,paid
INV001869,CUST003929,82200.0,2026-08-11,2026-09-25,-10,written_off
INV001870,CUST002350,139200.0,2026-03-03,2026-04-02,151,paid
INV001871,CUST000723,206600.0,2026-06-18,2026-08-02,29,paid
INV001872,CUST003964,67000.0,2026-06-11,2026-07-26,36,paid
INV001873,CUST001810,18100.0,2026-07-04,2026-08-03,28,written_off
INV001874,CUST005607,34600.0,2026-04-24,2026-05-24,99,overdue
INV001875,CUST001517,27000.0,2026-08-04,2026-09-03,-3,written_off
INV001876,CUST004251,96900.0,2026-02-13,2026-03-15,169,paid
INV001877,CUST002172,373300.0,2026-05-23,2026-06-22,70,overdue
INV001878,CUST000763,177200.0,2026-03-06,2026-04-20,133,overdue
INV001879,CUST000953,79400.0,2026-06-25,2026-07-25,37,overdue
INV001880,CUST000771,20500.0,2026-06-28,2026-07-28,34,overdue
INV001881,CUST001301,31300.0,2026-03-10,2026-04-09,144,paid
INV001882,CUST003745,7900.0,2026-02-14,2026-03-16,168,overdue
INV001883,CUST001624,5100.0,2026-07-13,2026-08-12,19,overdue
INV001884,CUST000778,38500.0,2026-05-06,2026-07-05,57,written_off
INV001885,CUST008580,29800.0,2026-04-06,2026-04-21,132,written_off
INV001886,CUST008656,65600.0,2026-04-25,2026-05-25,98,overdue
INV001887,CUST001019,136600.0,2026-04-24,2026-06-23,69,paid
INV001888,CUST000075,61900.0,2026-02-22,2026-04-23,130,paid
INV001889,CUST002131,48300.0,2026-07-18,2026-08-17,14,paid
INV001890,CUST009832,30300.0,2026-05-14,2026-06-13,79,overdue
INV001891,CUST009360,66500.0,2026-03-11,2026-04-10,143,paid
INV001892,CUST009936,155300.0,2026-07-06,2026-07-21,41,paid
INV001893,CUST002346,109100.0,2026-06-28,2026-08-12,19,paid
INV001894,CUST005016,66400.0,2026-05-03,2026-06-02,90,overdue
INV001895,CUST000240,14300.0,2026-02-13,2026-03-15,169,overdue
INV001896,CUST002373,46000.0,2026-08-05,2026-09-04,-4,not_yet_due
INV001897,CUST006523,274600.0,2026-05-10,2026-06-09,83,overdue
INV001898,CUST006527,56100.0,2026-08-07,2026-09-06,-6,not_yet_due
INV001899,CUST008782,20200.0,2026-06-28,2026-07-28,34,written_off
INV001900,CUST002863,88800.0,2026-04-07,2026-05-07,116,paid
INV001901,CUST002891,26200.0,2026-04-25,2026-06-09,83,written_off
INV001902,CUST009525,39300.0,2026-02-28,2026-03-30,154,overdue
INV001903,CUST003215,27000.0,2026-03-06,2026-04-05,148,written_off
INV001904,CUST007331,19500.0,2026-05-05,2026-06-04,88,overdue
INV001905,CUST003005,45800.0,2026-05-23,2026-07-07,55,written_off
INV001906,CUST000975,35500.0,2026-03-29,2026-04-28,125,paid
INV001907,CUST007867,57200.0,2026-03-27,2026-05-26,97,overdue
INV001908,CUST006398,63000.0,2026-02-17,2026-03-04,180,written_off
INV001909,CUST004717,37600.0,2026-04-04,2026-04-19,134,overdue
INV001910,CUST005517,16900.0,2026-03-02,2026-04-01,152,overdue
INV001911,CUST004598,5800.0,2026-05-09,2026-07-08,54,written_off
INV001912,CUST009770,14000.0,2026-05-23,2026-07-22,40,overdue
INV001913,CUST000033,64500.0,2026-04-12,2026-05-12,111,overdue
INV001914,CUST004986,169400.0,2026-03-07,2026-04-06,147,paid
INV001915,CUST009437,65400.0,2026-03-14,2026-05-13,110,overdue
INV001916,CUST007267,197200.0,2026-04-20,2026-06-04,88,overdue
INV001917,CUST004232,112400.0,2026-07-09,2026-09-07,-7,not_yet_due
INV001918,CUST001450,32900.0,2026-07-29,2026-08-13,18,overdue
INV001919,CUST004048,226100.0,2026-05-30,2026-06-29,63,overdue
INV001920,CUST003351,275900.0,2026-03-22,2026-05-06,117,overdue
INV001921,CUST005491,107200.0,2026-03-29,2026-05-28,95,overdue
INV001922,CUST009951,97700.0,2026-06-23,2026-07-23,39,paid
INV001923,CUST008701,185200.0,2026-06-08,2026-07-08,54,paid
INV001924,CUST009759,120300.0,2026-06-05,2026-07-05,57,overdue
INV001925,CUST000681,115900.0,2026-04-24,2026-05-24,99,paid
INV001926,CUST002898,71700.0,2026-03-28,2026-04-27,126,overdue
INV001927,CUST003221,75900.0,2026-07-26,2026-08-25,6,overdue
INV001928,CUST005602,107200.0,2026-06-11,2026-07-26,36,paid
INV001929,CUST002714,7500.0,2026-03-09,2026-04-23,130,written_off
INV001930,CUST008542,260800.0,2026-03-16,2026-04-15,138,overdue
INV001931,CUST001183,7000.0,2026-05-08,2026-05-23,100,overdue
INV001932,CUST006665,76200.0,2026-08-07,2026-09-06,-6,not_yet_due
INV001933,CUST001530,242600.0,2026-05-15,2026-05-30,93,overdue
INV001934,CUST005175,7400.0,2026-07-17,2026-08-01,30,written_off
INV001935,CUST008349,141900.0,2026-06-21,2026-07-21,41,paid
INV001936,CUST003027,84800.0,2026-07-29,2026-09-27,-10,not_yet_due
INV001937,CUST006480,191200.0,2026-03-22,2026-04-06,147,overdue
INV001938,CUST003414,104100.0,2026-02-23,2026-03-10,174,overdue
INV001939,CUST008247,23500.0,2026-04-08,2026-05-23,100,written_off
INV001940,CUST006528,56400.0,2026-05-05,2026-06-04,88,overdue
INV001941,CUST003762,81600.0,2026-04-03,2026-04-18,135,overdue
INV001942,CUST002013,28600.0,2026-02-17,2026-03-19,165,written_off
INV001943,CUST001139,211900.0,2026-07-22,2026-09-20,-10,not_yet_due
INV001944,CUST008943,56600.0,2026-03-09,2026-03-24,160,paid
INV001945,CUST008383,23300.0,2026-03-28,2026-05-12,111,written_off
INV001946,CUST002150,32000.0,2026-07-08,2026-07-23,39,overdue
INV001947,CUST004470,191300.0,2026-06-27,2026-08-26,5,overdue
INV001948,CUST006338,57600.0,2026-02-25,2026-03-27,157,overdue
INV001949,CUST003138,101000.0,2026-03-10,2026-04-09,144,overdue
INV001950,CUST003510,172300.0,2026-03-02,2026-03-17,167,overdue
INV001951,CUST006005,59600.0,2026-07-19,2026-08-03,28,overdue
INV001952,CUST000568,175500.0,2026-05-20,2026-07-19,43,overdue
INV001953,CUST002447,103400.0,2026-07-07,2026-07-22,40,overdue
INV001954,CUST007581,98600.0,2026-05-14,2026-06-13,79,overdue
INV001955,CUST006743,137300.0,2026-05-12,2026-06-11,81,paid
INV001956,CUST000830,73000.0,2026-07-30,2026-08-29,2,overdue
INV001957,CUST004337,37200.0,2026-03-20,2026-04-04,149,paid
INV001958,CUST003419,144700.0,2026-04-07,2026-05-22,101,overdue
INV001959,CUST002785,32200.0,2026-05-04,2026-06-18,74,overdue
INV001960,CUST004961,15200.0,2026-04-04,2026-06-03,89,overdue
INV001961,CUST002506,49500.0,2026-04-29,2026-05-14,109,paid
INV001962,CUST005220,11800.0,2026-05-05,2026-06-04,88,written_off
INV001963,CUST002719,151800.0,2026-02-24,2026-03-11,173,overdue
INV001964,CUST004728,106300.0,2026-06-10,2026-06-25,67,overdue
INV001965,CUST007048,111400.0,2026-08-06,2026-09-20,-10,not_yet_due
INV001966,CUST003240,87700.0,2026-05-15,2026-06-14,78,overdue
INV001967,CUST009682,56000.0,2026-07-07,2026-08-06,25,paid
INV001968,CUST006479,141700.0,2026-06-17,2026-08-01,30,paid
INV001969,CUST001793,180600.0,2026-07-18,2026-09-16,-10,not_yet_due
INV001970,CUST009457,91300.0,2026-07-11,2026-08-10,21,overdue
INV001971,CUST007377,100500.0,2026-03-01,2026-03-16,168,paid
INV001972,CUST009974,58700.0,2026-05-19,2026-06-18,74,paid
INV001973,CUST009463,87000.0,2026-06-29,2026-07-29,33,overdue
INV001974,CUST002498,30800.0,2026-08-06,2026-08-21,10,overdue
INV001975,CUST003119,120400.0,2026-05-13,2026-06-12,80,overdue
INV001976,CUST006637,8300.0,2026-07-21,2026-08-05,26,written_off
INV001977,CUST004881,35800.0,2026-07-10,2026-08-24,7,written_off
INV001978,CUST007452,236700.0,2026-04-29,2026-06-13,79,overdue
INV001979,CUST000407,12900.0,2026-05-21,2026-06-05,87,overdue
INV001980,CUST006038,248800.0,2026-02-17,2026-04-18,135,overdue
INV001981,CUST004877,128000.0,2026-04-27,2026-05-27,96,overdue
INV001982,CUST002295,68700.0,2026-02-17,2026-03-19,165,overdue
INV001983,CUST003099,89200.0,2026-04-14,2026-06-13,79,overdue
INV001984,CUST000227,51700.0,2026-07-25,2026-09-08,-8,not_yet_due
INV001985,CUST004712,144500.0,2026-06-13,2026-06-28,64,paid
INV001986,CUST000437,14500.0,2026-08-04,2026-09-03,-3,written_off
INV001987,CUST002958,76300.0,2026-07-02,2026-08-31,0,overdue
INV001988,CUST002708,122000.0,2026-03-26,2026-04-10,143,paid
INV001989,CUST008299,42600.0,2026-02-13,2026-02-28,184,paid
INV001990,CUST008860,147800.0,2026-04-11,2026-05-26,97,overdue
INV001991,CUST008091,131700.0,2026-07-17,2026-08-31,0,paid
INV001992,CUST005881,73800.0,2026-05-08,2026-07-07,55,overdue
INV001993,CUST007043,12400.0,2026-05-26,2026-07-10,52,overdue
INV001994,CUST004855,53800.0,2026-03-06,2026-04-05,148,overdue
INV001995,CUST008015,55100.0,2026-03-21,2026-05-05,118,overdue
INV001996,CUST000517,138800.0,2026-07-18,2026-08-17,14,overdue
INV001997,CUST001741,135300.0,2026-02-25,2026-03-27,157,overdue
INV001998,CUST001762,43300.0,2026-04-02,2026-04-17,136,written_off
INV001999,CUST008303,90900.0,2026-05-23,2026-07-07,55,overdue
INV002000,CUST002482,89700.0,2026-05-10,2026-05-25,98,overdue
INV_DEMO_001,CUST_DEMO_001,75000.0,2026-07-01,2026-08-01,30,overdue
INV_DEMO_002,CUST_DEMO_002,10.0,2026-07-01,2026-08-01,30,overdue
