negotiation_id,customer_id,invoice_amount,offer_amount,offer_discount_pct,days_to_payment,customer_score,true_accept_probability,accepted
NEG000001,CUST005995,6400.0,5600.0,12,7,0.626,0.888,0
NEG000002,CUST001689,17800.0,17800.0,0,7,0.744,0.647,1
NEG000003,CUST009860,17600.0,16200.0,8,45,0.751,0.942,1
NEG000004,CUST009161,172700.0,141600.0,18,45,0.778,0.98,1
NEG000005,CUST006401,5600.0,5200.0,8,7,0.308,0.667,1
NEG000006,CUST008982,5600.0,5200.0,8,0,0.713,0.821,1
NEG000007,CUST002708,44800.0,42600.0,5,7,0.756,0.785,1
NEG000008,CUST007162,12600.0,12600.0,0,15,0.562,0.593,1
NEG000009,CUST001706,10600.0,8700.0,18,30,0.745,0.979,1
NEG000010,CUST007819,5100.0,4500.0,12,7,0.786,0.922,1
NEG000011,CUST007062,41500.0,36500.0,12,15,0.703,0.916,1
NEG000012,CUST001448,10500.0,9700.0,8,15,0.751,0.882,0
NEG000013,CUST006543,23600.0,21700.0,8,15,0.781,0.886,1
NEG000014,CUST003577,9900.0,9700.0,2,0,0.793,0.7,1
NEG000015,CUST003611,18600.0,16400.0,12,15,0.707,0.921,1
NEG000016,CUST001499,76600.0,67400.0,12,30,0.814,0.952,1
NEG000017,CUST002711,17800.0,13400.0,25,30,0.609,0.98,1
NEG000018,CUST009027,31800.0,23800.0,25,7,0.799,0.98,1
NEG000019,CUST002307,5000.0,4400.0,12,15,0.7,0.922,1
NEG000020,CUST008128,8000.0,7600.0,5,7,0.724,0.785,1
NEG000021,CUST004020,12900.0,12300.0,5,0,0.782,0.777,1
NEG000022,CUST000859,5000.0,4400.0,12,15,0.801,0.938,1
NEG000023,CUST007750,5000.0,4800.0,5,30,0.693,0.863,1
NEG000024,CUST007017,29600.0,26000.0,12,30,0.682,0.941,1
NEG000025,CUST004719,13300.0,11700.0,12,0,0.624,0.865,1
NEG000026,CUST006558,17000.0,15600.0,8,30,0.313,0.785,1
NEG000027,CUST009835,19000.0,18600.0,2,15,0.719,0.74,0
NEG000028,CUST004927,76900.0,63100.0,18,15,0.864,0.973,1
NEG000029,CUST007714,26500.0,26500.0,0,15,0.788,0.713,0
NEG000030,CUST006524,52400.0,49800.0,5,7,0.665,0.741,1
NEG000031,CUST004273,18500.0,18500.0,0,0,0.723,0.59,0
NEG000032,CUST005926,12800.0,11300.0,12,7,0.173,0.715,1
NEG000033,CUST007189,7200.0,7100.0,2,15,0.387,0.559,1
NEG000034,CUST005526,12900.0,12600.0,2,7,0.722,0.701,1
NEG000035,CUST000384,32500.0,28600.0,12,30,0.712,0.944,1
NEG000036,CUST005839,18200.0,16700.0,8,0,0.748,0.829,0
NEG000037,CUST005661,23400.0,22200.0,5,7,0.789,0.807,1
NEG000038,CUST008056,18800.0,16500.0,12,0,0.743,0.895,1
NEG000039,CUST005687,50000.0,50000.0,0,30,0.864,0.809,1
NEG000040,CUST001025,8700.0,7700.0,12,0,0.709,0.889,1
NEG000041,CUST008897,45300.0,45300.0,0,30,0.76,0.768,1
NEG000042,CUST008467,21100.0,18600.0,12,7,0.752,0.913,1
NEG000043,CUST001397,20700.0,15500.0,25,0,0.66,0.978,1
NEG000044,CUST002233,9500.0,9500.0,0,45,0.354,0.66,0
NEG000045,CUST009982,18300.0,15000.0,18,45,0.751,0.98,1
NEG000046,CUST000546,14500.0,13800.0,5,0,0.802,0.785,1
NEG000047,CUST002162,16200.0,15900.0,2,15,0.792,0.774,0
NEG000048,CUST008022,124500.0,122000.0,2,7,0.886,0.733,0
NEG000049,CUST008061,34900.0,26200.0,25,7,0.8,0.98,1
NEG000050,CUST003045,29500.0,24200.0,18,30,0.733,0.977,1
NEG000051,CUST002780,13500.0,13200.0,2,7,0.25,0.418,0
NEG000052,CUST006656,5100.0,4800.0,5,0,0.801,0.788,0
NEG000053,CUST003745,26900.0,24700.0,8,0,0.255,0.581,1
NEG000054,CUST005107,10400.0,9600.0,8,15,0.33,0.722,1
NEG000055,CUST008012,27900.0,27900.0,0,0,0.705,0.574,1
NEG000056,CUST002232,9600.0,9100.0,5,7,0.783,0.809,0
NEG000057,CUST009057,64300.0,61100.0,5,30,0.618,0.821,1
NEG000058,CUST007392,17400.0,16500.0,5,0,0.787,0.777,0
NEG000059,CUST004238,38900.0,38900.0,0,30,0.663,0.725,1
NEG000060,CUST001446,38000.0,35000.0,8,30,0.802,0.922,1
NEG000061,CUST001439,15300.0,14100.0,8,30,0.748,0.916,1
NEG000062,CUST003633,32800.0,31200.0,5,15,0.633,0.773,1
NEG000063,CUST003362,77700.0,71500.0,8,15,0.769,0.87,1
NEG000064,CUST000755,24800.0,18600.0,25,0,0.638,0.977,1
NEG000065,CUST002051,5000.0,4100.0,18,0,0.708,0.95,1
NEG000066,CUST005277,5000.0,4900.0,2,7,0.749,0.718,1
NEG000067,CUST006181,33700.0,33700.0,0,15,0.863,0.747,1
NEG000068,CUST001769,12000.0,12000.0,0,0,0.27,0.321,0
NEG000069,CUST000685,31900.0,28100.0,12,30,0.793,0.954,1
NEG000070,CUST005067,5000.0,5000.0,0,0,0.637,0.545,1
NEG000071,CUST008375,11100.0,10200.0,8,0,0.739,0.828,1
NEG000072,CUST001521,61600.0,58500.0,5,15,0.801,0.83,1
NEG000073,CUST000485,70200.0,66700.0,5,30,0.882,0.897,1
NEG000074,CUST008690,26100.0,19600.0,25,7,0.8,0.98,1
NEG000075,CUST004722,35700.0,32800.0,8,30,0.754,0.913,1
NEG000076,CUST001849,7100.0,6500.0,8,7,0.692,0.839,1
NEG000077,CUST007785,11100.0,8300.0,25,15,0.685,0.98,1
NEG000078,CUST008488,68300.0,62800.0,8,30,0.873,0.93,1
NEG000079,CUST006430,27000.0,26500.0,2,7,0.255,0.414,0
NEG000080,CUST007329,138800.0,131900.0,5,0,0.802,0.734,1
NEG000081,CUST001713,14200.0,13100.0,8,0,0.765,0.837,1
NEG000082,CUST009226,6900.0,5200.0,25,15,0.795,0.98,1
NEG000083,CUST007202,56300.0,42200.0,25,30,0.861,0.98,1
NEG000084,CUST009712,18200.0,16700.0,8,15,0.634,0.845,0
NEG000085,CUST002493,98800.0,86900.0,12,7,0.806,0.909,1
NEG000086,CUST004364,12700.0,10400.0,18,0,0.741,0.953,1
NEG000087,CUST003285,18300.0,16800.0,8,0,0.315,0.622,1
NEG000088,CUST004465,9000.0,8300.0,8,15,0.315,0.715,1
NEG000089,CUST009937,43300.0,38100.0,12,45,0.864,0.973,1
NEG000090,CUST004933,18700.0,18700.0,0,0,0.802,0.637,1
NEG000091,CUST003373,31200.0,31200.0,0,7,0.748,0.643,0
NEG000092,CUST001020,18700.0,17200.0,8,15,0.675,0.858,1
NEG000093,CUST004835,48900.0,43000.0,12,7,0.782,0.914,0
NEG000094,CUST009395,40200.0,30200.0,25,7,0.747,0.98,1
NEG000095,CUST006082,46700.0,44400.0,5,0,0.861,0.797,1
NEG000096,CUST007342,129600.0,123100.0,5,7,0.728,0.738,1
NEG000097,CUST008435,11900.0,11700.0,2,0,0.654,0.622,0
NEG000098,CUST003330,62100.0,59000.0,5,30,0.883,0.899,0
NEG000099,CUST007171,15000.0,13200.0,12,7,0.762,0.916,1
NEG000100,CUST007896,17000.0,16700.0,2,30,0.707,0.805,1
NEG000101,CUST008676,28200.0,24800.0,12,15,0.685,0.915,1
NEG000102,CUST009365,5300.0,5200.0,2,30,0.71,0.81,1
NEG000103,CUST008146,6300.0,5200.0,18,45,0.629,0.98,1
NEG000104,CUST007191,15600.0,15600.0,0,45,0.797,0.853,0
NEG000105,CUST002525,14200.0,12500.0,12,15,0.788,0.935,0
NEG000106,CUST001004,5000.0,4900.0,2,0,0.223,0.362,0
NEG000107,CUST008840,36700.0,32300.0,12,0,0.67,0.872,1
NEG000108,CUST002490,42700.0,35000.0,18,7,0.746,0.959,1
NEG000109,CUST005036,8300.0,8100.0,2,45,0.411,0.75,1
NEG000110,CUST006689,23000.0,21200.0,8,0,0.801,0.846,1
NEG000111,CUST009469,8600.0,7900.0,8,15,0.737,0.878,0
NEG000112,CUST009821,35600.0,34900.0,2,0,0.804,0.694,1
NEG000113,CUST006973,97300.0,95400.0,2,7,0.845,0.725,1
NEG000114,CUST004892,136500.0,136500.0,0,7,0.813,0.625,0
NEG000115,CUST000364,17000.0,15000.0,12,15,0.389,0.841,1
NEG000116,CUST006665,27500.0,27000.0,2,15,0.761,0.755,1
NEG000117,CUST004885,42100.0,40000.0,5,0,0.794,0.77,0
NEG000118,CUST005785,108200.0,106000.0,2,7,0.895,0.744,1
NEG000119,CUST007757,37000.0,35200.0,5,45,0.363,0.793,1
NEG000120,CUST003604,59700.0,54900.0,8,15,0.76,0.872,1
NEG000121,CUST002149,15000.0,14700.0,2,0,0.764,0.682,1
NEG000122,CUST008074,19700.0,18700.0,5,30,0.732,0.871,0
NEG000123,CUST008883,24800.0,20300.0,18,15,0.685,0.963,1
NEG000124,CUST002109,8100.0,8100.0,0,0,0.785,0.633,1
NEG000125,CUST000134,15800.0,11800.0,25,30,0.837,0.98,1
NEG000126,CUST000490,6400.0,6300.0,2,30,0.799,0.842,1
NEG000127,CUST009835,15100.0,14300.0,5,15,0.719,0.815,1
NEG000128,CUST002593,25900.0,24600.0,5,7,0.745,0.788,1
NEG000129,CUST007310,31700.0,26000.0,18,0,0.611,0.934,1
NEG000130,CUST001535,187200.0,172200.0,8,15,0.854,0.866,1
NEG000131,CUST005704,5000.0,4100.0,18,0,0.633,0.941,1
NEG000132,CUST000861,6300.0,6000.0,5,30,0.796,0.89,1
NEG000133,CUST008107,167900.0,137700.0,18,15,0.796,0.961,1
NEG000134,CUST002249,10500.0,8600.0,18,30,0.674,0.975,1
NEG000135,CUST004605,10600.0,10100.0,5,0,0.689,0.734,0
NEG000136,CUST003099,8100.0,7100.0,12,7,0.762,0.917,1
NEG000137,CUST009279,49700.0,48700.0,2,30,0.803,0.83,1
NEG000138,CUST006317,5000.0,4800.0,5,45,0.739,0.913,1
NEG000139,CUST003743,5000.0,4400.0,12,30,0.678,0.943,1
NEG000140,CUST008850,24700.0,21700.0,12,15,0.698,0.918,1
NEG000141,CUST000373,20100.0,15100.0,25,30,0.616,0.98,1
NEG000142,CUST005814,10400.0,10400.0,0,30,0.802,0.799,1
NEG000143,CUST006973,41400.0,40600.0,2,0,0.845,0.713,1
NEG000144,CUST003936,22000.0,20900.0,5,30,0.79,0.885,0
NEG000145,CUST000033,67200.0,61800.0,8,15,0.808,0.883,1
NEG000146,CUST008537,12000.0,10600.0,12,30,0.303,0.865,1
NEG000147,CUST001954,8300.0,8300.0,0,15,0.754,0.704,0
NEG000148,CUST007549,6100.0,4600.0,25,0,0.353,0.956,1
NEG000149,CUST002390,58000.0,55100.0,5,15,0.892,0.861,1
NEG000150,CUST009307,9500.0,7800.0,18,45,0.692,0.98,1
NEG000151,CUST009996,19800.0,16200.0,18,0,0.748,0.953,1
NEG000152,CUST001783,85900.0,81600.0,5,0,0.859,0.781,1
NEG000153,CUST008628,8400.0,7700.0,8,15,0.748,0.881,1
NEG000154,CUST006158,77000.0,73200.0,5,0,0.784,0.751,1
NEG000155,CUST004704,7700.0,7700.0,0,15,0.723,0.688,0
NEG000156,CUST001024,35400.0,29000.0,18,15,0.67,0.96,1
NEG000157,CUST006208,91400.0,74900.0,18,7,0.774,0.957,1
NEG000158,CUST007466,43200.0,41000.0,5,0,0.865,0.8,0
NEG000159,CUST008206,19900.0,18300.0,8,30,0.722,0.91,1
NEG000160,CUST004046,14000.0,12900.0,8,45,0.816,0.951,1
NEG000161,CUST001633,13400.0,12700.0,5,30,0.678,0.856,1
NEG000162,CUST000729,19600.0,18000.0,8,7,0.686,0.833,1
NEG000163,CUST008112,81700.0,80100.0,2,0,0.788,0.662,1
NEG000164,CUST002744,21300.0,20200.0,5,0,0.795,0.779,1
NEG000165,CUST002283,229400.0,172000.0,25,45,0.844,0.98,1
NEG000166,CUST007894,14700.0,12900.0,12,7,0.329,0.786,1
NEG000167,CUST003416,42100.0,37000.0,12,15,0.815,0.935,1
NEG000168,CUST008669,14200.0,13500.0,5,0,0.803,0.785,0
NEG000169,CUST004464,9800.0,9300.0,5,45,0.686,0.901,1
NEG000170,CUST003695,15100.0,13300.0,12,0,0.715,0.889,1
NEG000171,CUST002956,29300.0,27800.0,5,0,0.77,0.765,0
NEG000172,CUST004310,25400.0,25400.0,0,7,0.802,0.676,0
NEG000173,CUST006365,5000.0,4800.0,5,15,0.789,0.843,0
NEG000174,CUST007241,13700.0,12600.0,8,30,0.793,0.924,1
NEG000175,CUST008410,17800.0,16900.0,5,15,0.674,0.797,1
NEG000176,CUST009721,11700.0,9600.0,18,7,0.679,0.955,1
NEG000177,CUST007642,24900.0,22900.0,8,30,0.795,0.923,1
NEG000178,CUST004997,24400.0,21500.0,12,7,0.387,0.807,1
NEG000179,CUST003670,19800.0,14800.0,25,30,0.627,0.98,1
NEG000180,CUST009438,25300.0,24000.0,5,15,0.696,0.803,0
NEG000181,CUST005889,39900.0,39100.0,2,30,0.701,0.794,0
NEG000182,CUST008121,15100.0,14800.0,2,0,0.629,0.605,0
NEG000183,CUST007263,33600.0,29600.0,12,30,0.745,0.949,1
NEG000184,CUST001710,40600.0,40600.0,0,30,0.74,0.761,0
NEG000185,CUST003016,8400.0,7700.0,8,30,0.628,0.891,1
NEG000186,CUST009058,19500.0,17900.0,8,0,0.71,0.815,0
NEG000187,CUST009379,80400.0,76400.0,5,30,0.735,0.855,1
NEG000188,CUST005883,26700.0,24600.0,8,15,0.717,0.868,1
NEG000189,CUST007710,11600.0,11000.0,5,0,0.794,0.782,1
NEG000190,CUST000427,49300.0,45400.0,8,0,0.702,0.802,1
NEG000191,CUST001695,9800.0,8600.0,12,7,0.69,0.902,1
NEG000192,CUST009549,11100.0,10200.0,8,7,0.73,0.85,1
NEG000193,CUST001192,39200.0,32100.0,18,30,0.788,0.98,1
NEG000194,CUST007090,102100.0,97000.0,5,0,0.815,0.756,1
NEG000195,CUST002294,10200.0,9000.0,12,15,0.836,0.942,1
NEG000196,CUST001901,13300.0,12200.0,8,15,0.714,0.871,0
NEG000197,CUST007853,6500.0,5700.0,12,0,0.678,0.882,1
NEG000198,CUST008470,17300.0,15900.0,8,45,0.788,0.947,1
NEG000199,CUST002143,7800.0,6400.0,18,15,0.729,0.968,1
NEG000200,CUST008746,17100.0,16800.0,2,30,0.803,0.84,0
NEG000201,CUST008925,11200.0,10300.0,8,0,0.682,0.807,1
NEG000202,CUST001059,19200.0,18200.0,5,30,0.68,0.855,1
NEG000203,CUST000656,102900.0,97800.0,5,30,0.874,0.888,1
NEG000204,CUST004375,16100.0,14800.0,8,0,0.737,0.826,1
NEG000205,CUST001838,21600.0,21600.0,0,7,0.794,0.673,1
NEG000206,CUST002452,19300.0,17800.0,8,0,0.701,0.812,0
NEG000207,CUST006121,47300.0,41600.0,12,0,0.862,0.915,1
NEG000208,CUST004535,14200.0,14200.0,0,15,0.607,0.619,1
NEG000209,CUST006581,10300.0,10100.0,2,30,0.777,0.833,1
NEG000210,CUST004396,22100.0,18100.0,18,15,0.69,0.963,1
NEG000211,CUST002936,13900.0,13200.0,5,45,0.801,0.923,1
NEG000212,CUST003736,7400.0,7400.0,0,30,0.729,0.77,1
NEG000213,CUST003859,12200.0,12000.0,2,15,0.691,0.729,1
NEG000214,CUST006465,11800.0,11600.0,2,30,0.743,0.82,1
NEG000215,CUST004552,33700.0,32000.0,5,7,0.635,0.735,1
NEG000216,CUST006619,81100.0,60800.0,25,45,0.842,0.98,1
NEG000217,CUST001974,16900.0,16900.0,0,30,0.647,0.727,1
NEG000218,CUST009377,10900.0,9600.0,12,15,0.628,0.907,1
NEG000219,CUST004052,12900.0,11900.0,8,7,0.8,0.871,1
NEG000220,CUST004379,24700.0,20300.0,18,0,0.713,0.949,1
NEG000221,CUST004356,11400.0,9300.0,18,15,0.749,0.969,1
NEG000222,CUST008102,23200.0,20400.0,12,0,0.261,0.717,1
NEG000223,CUST000278,16700.0,16700.0,0,15,0.788,0.718,1
NEG000224,CUST008815,8000.0,6000.0,25,15,0.684,0.98,1
NEG000225,CUST003573,52600.0,46300.0,12,7,0.816,0.92,1
NEG000226,CUST002683,5000.0,4100.0,18,7,0.336,0.901,0
NEG000227,CUST005614,43700.0,38500.0,12,7,0.582,0.867,1
NEG000228,CUST004957,14500.0,14200.0,2,45,0.791,0.884,1
NEG000229,CUST007175,19700.0,19300.0,2,15,0.802,0.777,0
NEG000230,CUST000660,5000.0,5000.0,0,0,0.749,0.614,1
NEG000231,CUST005326,39700.0,39700.0,0,30,0.322,0.529,0
NEG000232,CUST000768,36300.0,31900.0,12,30,0.84,0.959,1
NEG000233,CUST004718,23800.0,19500.0,18,0,0.78,0.956,1
NEG000234,CUST004673,65600.0,57700.0,12,7,0.875,0.928,1
NEG000235,CUST001597,14400.0,13200.0,8,0,0.191,0.549,1
NEG000236,CUST001961,5200.0,4800.0,8,0,0.793,0.848,1
NEG000237,CUST003115,15000.0,13200.0,12,0,0.663,0.876,1
NEG000238,CUST004222,34800.0,30600.0,12,0,0.829,0.911,1
NEG000239,CUST005855,100500.0,88400.0,12,15,0.898,0.94,1
NEG000240,CUST003478,20800.0,18300.0,12,45,0.792,0.97,1
NEG000241,CUST002797,21300.0,20200.0,5,0,0.743,0.756,1
NEG000242,CUST009238,15800.0,13000.0,18,0,0.797,0.959,1
NEG000243,CUST008773,14800.0,14800.0,0,0,0.694,0.575,0
NEG000244,CUST003142,7000.0,7000.0,0,0,0.344,0.364,0
NEG000245,CUST009586,16200.0,15900.0,2,15,0.662,0.712,1
NEG000246,CUST004072,12800.0,12200.0,5,45,0.615,0.884,1
NEG000247,CUST007594,21800.0,19200.0,12,0,0.808,0.909,1
NEG000248,CUST007111,15000.0,13200.0,12,15,0.748,0.929,1
NEG000249,CUST007982,50300.0,41200.0,18,30,0.735,0.976,1
NEG000250,CUST000673,11500.0,10900.0,5,15,0.795,0.843,1
NEG000251,CUST004320,22900.0,21800.0,5,15,0.678,0.796,1
NEG000252,CUST005576,15000.0,14700.0,2,0,0.474,0.51,1
NEG000253,CUST004577,28800.0,28800.0,0,0,0.773,0.615,1
NEG000254,CUST003780,5200.0,5100.0,2,7,0.668,0.676,0
NEG000255,CUST006426,58600.0,55700.0,5,15,0.845,0.846,0
NEG000256,CUST006772,13200.0,9900.0,25,15,0.711,0.98,1
NEG000257,CUST009679,12600.0,11600.0,8,45,0.684,0.933,1
NEG000258,CUST003735,24800.0,18600.0,25,30,0.356,0.979,1
NEG000259,CUST002060,113100.0,92700.0,18,7,0.832,0.961,1
NEG000260,CUST004895,7300.0,6700.0,8,0,0.734,0.828,1
NEG000261,CUST001762,26700.0,23500.0,12,15,0.304,0.806,0
NEG000262,CUST001360,7200.0,6800.0,5,7,0.212,0.505,1
NEG000263,CUST003318,5000.0,4800.0,5,0,0.339,0.539,0
NEG000264,CUST003321,41500.0,41500.0,0,15,0.861,0.743,1
NEG000265,CUST007244,5000.0,4600.0,8,0,0.669,0.804,1
NEG000266,CUST004472,138200.0,131300.0,5,0,0.863,0.762,1
NEG000267,CUST003281,21700.0,19100.0,12,7,0.796,0.921,1
NEG000268,CUST007106,20400.0,20400.0,0,30,0.8,0.795,1
NEG000269,CUST009255,16700.0,16700.0,0,15,0.74,0.693,1
NEG000270,CUST003260,60000.0,58800.0,2,15,0.864,0.788,1
NEG000271,CUST001299,5000.0,4400.0,12,0,0.799,0.91,1
NEG000272,CUST000798,26100.0,24800.0,5,30,0.317,0.701,1
NEG000273,CUST006934,42200.0,31600.0,25,7,0.63,0.979,1
NEG000274,CUST005275,22300.0,16700.0,25,0,0.721,0.98,1
NEG000275,CUST001816,33500.0,31800.0,5,0,0.712,0.736,1
NEG000276,CUST000927,50500.0,37900.0,25,0,0.223,0.934,1
NEG000277,CUST007461,10800.0,9500.0,12,7,0.802,0.924,1
NEG000278,CUST007688,26500.0,26000.0,2,0,0.668,0.622,1
NEG000279,CUST004890,18100.0,18100.0,0,7,0.748,0.649,1
NEG000280,CUST003684,72100.0,72100.0,0,15,0.7,0.643,1
NEG000281,CUST004466,12600.0,9400.0,25,30,0.41,0.98,1
NEG000282,CUST006836,20400.0,16700.0,18,0,0.344,0.881,1
NEG000283,CUST006658,23500.0,21600.0,8,7,0.692,0.834,1
NEG000284,CUST008303,35300.0,35300.0,0,45,0.82,0.854,1
NEG000285,CUST007990,5000.0,4600.0,8,15,0.781,0.89,1
NEG000286,CUST009339,11100.0,10200.0,8,0,0.78,0.842,0
NEG000287,CUST005261,43100.0,43100.0,0,15,0.714,0.665,1
NEG000288,CUST008389,24200.0,23700.0,2,15,0.796,0.773,1
NEG000289,CUST005746,47500.0,43700.0,8,0,0.789,0.834,1
NEG000290,CUST006947,27100.0,23800.0,12,7,0.751,0.912,1
NEG000291,CUST008045,30400.0,29800.0,2,0,0.805,0.697,1
NEG000292,CUST008498,65500.0,65500.0,0,7,0.751,0.626,1
NEG000293,CUST006955,32300.0,30700.0,5,15,0.685,0.796,1
NEG000294,CUST005961,59400.0,52300.0,12,7,0.778,0.911,1
NEG000295,CUST001538,22700.0,18600.0,18,30,0.803,0.98,1
NEG000296,CUST003731,31300.0,29700.0,5,7,0.798,0.807,1
NEG000297,CUST006470,13500.0,11100.0,18,7,0.75,0.962,1
NEG000298,CUST002232,16300.0,16300.0,0,7,0.783,0.67,1
NEG000299,CUST002482,103700.0,95400.0,8,0,0.75,0.801,1
NEG000300,CUST000220,20300.0,16600.0,18,7,0.752,0.961,1
NEG000301,CUST006912,5000.0,4100.0,18,30,0.631,0.972,1
NEG000302,CUST003162,12800.0,10500.0,18,0,0.651,0.942,1
NEG000303,CUST006420,9800.0,9800.0,0,7,0.795,0.68,0
NEG000304,CUST005846,5300.0,5000.0,5,7,0.727,0.788,1
NEG000305,CUST008689,177100.0,155800.0,12,30,0.878,0.949,1
NEG000306,CUST000168,5000.0,4400.0,12,0,0.792,0.909,1
NEG000307,CUST002147,17300.0,17300.0,0,30,0.272,0.51,1
NEG000308,CUST008109,11600.0,11000.0,5,15,0.718,0.816,1
NEG000309,CUST001343,5000.0,4900.0,2,30,0.681,0.799,1
NEG000310,CUST002715,15500.0,14700.0,5,7,0.726,0.784,1
NEG000311,CUST002289,23800.0,23800.0,0,0,0.36,0.365,0
NEG000312,CUST009952,31900.0,31900.0,0,15,0.659,0.64,0
NEG000313,CUST003109,11500.0,11300.0,2,7,0.302,0.451,1
NEG000314,CUST007503,16500.0,15700.0,5,7,0.316,0.565,1
NEG000315,CUST000999,26500.0,21700.0,18,7,0.659,0.951,1
NEG000316,CUST007514,7300.0,7300.0,0,0,0.621,0.534,1
NEG000317,CUST002072,19800.0,19400.0,2,15,0.799,0.776,1
NEG000318,CUST004462,15400.0,15400.0,0,0,0.613,0.524,0
NEG000319,CUST005089,9500.0,9000.0,5,45,0.779,0.92,1
NEG000320,CUST001427,28400.0,25000.0,12,0,0.302,0.735,1
NEG000321,CUST007371,208800.0,171200.0,18,15,0.776,0.955,1
NEG000322,CUST008185,37000.0,30300.0,18,15,0.68,0.961,1
NEG000323,CUST005421,5900.0,5800.0,2,0,0.743,0.675,1
NEG000324,CUST001824,17600.0,16700.0,5,15,0.74,0.822,1
NEG000325,CUST007388,17000.0,13900.0,18,0,0.306,0.872,1
NEG000326,CUST002700,10100.0,8300.0,18,7,0.694,0.957,1
NEG000327,CUST001907,30200.0,30200.0,0,15,0.699,0.664,1
NEG000328,CUST006910,13500.0,13200.0,2,30,0.802,0.841,1
NEG000329,CUST008283,5000.0,4600.0,8,15,0.8,0.895,1
NEG000330,CUST003995,87500.0,77000.0,12,30,0.862,0.956,1
NEG000331,CUST003845,47100.0,44700.0,5,0,0.792,0.768,1
NEG000332,CUST001373,11800.0,10400.0,12,30,0.75,0.952,1
NEG000333,CUST001409,6500.0,6500.0,0,30,0.703,0.758,0
NEG000334,CUST000277,75600.0,75600.0,0,15,0.825,0.709,1
NEG000335,CUST007307,51600.0,51600.0,0,7,0.85,0.689,1
NEG000336,CUST005482,317000.0,301200.0,5,15,0.819,0.742,0
NEG000337,CUST004870,15800.0,14500.0,8,0,0.681,0.805,1
NEG000338,CUST001340,19000.0,19000.0,0,0,0.798,0.634,0
NEG000339,CUST004106,5000.0,4100.0,18,15,0.35,0.921,1
NEG000340,CUST009911,19100.0,19100.0,0,0,0.378,0.378,1
NEG000341,CUST006846,23700.0,23700.0,0,0,0.871,0.673,1
NEG000342,CUST000085,29400.0,27900.0,5,7,0.75,0.788,1
NEG000343,CUST003565,6100.0,4600.0,25,45,0.704,0.98,1
NEG000344,CUST002516,10700.0,9800.0,8,30,0.629,0.891,1
NEG000345,CUST004193,10100.0,9300.0,8,0,0.704,0.816,1
NEG000346,CUST005716,21900.0,21500.0,2,7,0.355,0.478,1
NEG000347,CUST005666,12200.0,11600.0,5,0,0.637,0.708,1
NEG000348,CUST007372,6800.0,6700.0,2,0,0.553,0.563,1
NEG000349,CUST002863,68000.0,55800.0,18,45,0.8,0.98,1
NEG000350,CUST003890,115400.0,115400.0,0,30,0.799,0.757,1
NEG000351,CUST002330,12000.0,9000.0,25,15,0.753,0.98,1
NEG000352,CUST008676,11900.0,10900.0,8,7,0.685,0.836,1
NEG000353,CUST009825,18600.0,15300.0,18,30,0.652,0.973,0
NEG000354,CUST007437,48500.0,46100.0,5,7,0.361,0.574,1
NEG000355,CUST008297,16700.0,14700.0,12,15,0.78,0.933,1
NEG000356,CUST003532,133900.0,127200.0,5,0,0.849,0.758,1
NEG000357,CUST009846,20000.0,16400.0,18,0,0.8,0.959,1
NEG000358,CUST002413,44900.0,33700.0,25,0,0.699,0.979,1
NEG000359,CUST003989,23900.0,23900.0,0,45,0.678,0.809,1
NEG000360,CUST003766,15100.0,14800.0,2,0,0.729,0.663,1
NEG000361,CUST001566,10800.0,9900.0,8,7,0.688,0.837,1
NEG000362,CUST008097,70100.0,52600.0,25,0,0.814,0.98,1
NEG000363,CUST007936,85600.0,70200.0,18,0,0.752,0.947,1
NEG000364,CUST006160,32300.0,28400.0,12,7,0.802,0.92,1
NEG000365,CUST000142,12000.0,11000.0,8,7,0.752,0.857,1
NEG000366,CUST003229,23100.0,21900.0,5,7,0.734,0.784,1
NEG000367,CUST004014,84200.0,77500.0,8,30,0.828,0.919,1
NEG000368,CUST006125,97900.0,80300.0,18,15,0.839,0.97,1
NEG000369,CUST007665,7600.0,7400.0,2,7,0.302,0.453,0
NEG000370,CUST008306,18000.0,17100.0,5,30,0.438,0.764,0
NEG000371,CUST003843,47700.0,42000.0,12,30,0.805,0.954,1
NEG000372,CUST000706,28600.0,27200.0,5,45,0.681,0.896,0
NEG000373,CUST008468,39100.0,34400.0,12,0,0.805,0.905,1
NEG000374,CUST006316,18500.0,17600.0,5,45,0.711,0.905,0
NEG000375,CUST001813,8300.0,6800.0,18,0,0.65,0.943,1
NEG000376,CUST002205,234300.0,215600.0,8,0,0.814,0.779,0
NEG000377,CUST009425,40200.0,37000.0,8,15,0.674,0.852,1
NEG000378,CUST009439,12400.0,11800.0,5,30,0.667,0.853,1
NEG000379,CUST005399,10300.0,10300.0,0,7,0.793,0.678,1
NEG000380,CUST008612,5000.0,5000.0,0,15,0.791,0.724,1
NEG000381,CUST009952,6400.0,6300.0,2,0,0.659,0.627,1
NEG000382,CUST000600,14100.0,13400.0,5,30,0.707,0.865,1
NEG000383,CUST003327,5700.0,5600.0,2,30,0.8,0.842,0
NEG000384,CUST001849,43400.0,32600.0,25,0,0.692,0.979,1
NEG000385,CUST004669,25600.0,25100.0,2,7,0.659,0.66,0
NEG000386,CUST006163,94900.0,94900.0,0,0,0.777,0.582,0
NEG000387,CUST002624,14200.0,12500.0,12,7,0.657,0.893,1
NEG000388,CUST006443,14300.0,13200.0,8,45,0.805,0.949,1
NEG000389,CUST002861,26200.0,24100.0,8,30,0.72,0.908,1
NEG000390,CUST007841,19500.0,19100.0,2,15,0.623,0.691,1
NEG000391,CUST008453,10200.0,9700.0,5,15,0.344,0.636,1
NEG000392,CUST006825,23800.0,21900.0,8,45,0.666,0.928,1
NEG000393,CUST007753,5000.0,4900.0,2,15,0.788,0.777,0
NEG000394,CUST004463,44600.0,43700.0,2,0,0.837,0.707,1
NEG000395,CUST006924,17700.0,17300.0,2,30,0.727,0.812,0
NEG000396,CUST005453,12300.0,11300.0,8,15,0.677,0.86,1
NEG000397,CUST000045,7300.0,7300.0,0,30,0.713,0.763,1
NEG000398,CUST000997,50800.0,50800.0,0,30,0.687,0.731,1
NEG000399,CUST006003,6600.0,6300.0,5,15,0.71,0.815,1
NEG000400,CUST005891,7100.0,6700.0,5,15,0.739,0.825,1
NEG000401,CUST003231,5900.0,5400.0,8,15,0.676,0.862,1
NEG000402,CUST006655,21800.0,19200.0,12,7,0.57,0.869,0
NEG000403,CUST001269,11500.0,10900.0,5,15,0.799,0.845,0
NEG000404,CUST000278,34600.0,34600.0,0,0,0.788,0.621,1
NEG000405,CUST006598,205000.0,168100.0,18,30,0.867,0.976,1
NEG000406,CUST001847,36400.0,35700.0,2,0,0.843,0.714,1
NEG000407,CUST006022,7800.0,7800.0,0,15,0.672,0.66,1
NEG000408,CUST005692,24500.0,23300.0,5,45,0.312,0.776,1
NEG000409,CUST004144,11400.0,11400.0,0,30,0.707,0.758,1
NEG000410,CUST007551,5000.0,4900.0,2,15,0.666,0.719,1
NEG000411,CUST002082,43800.0,35900.0,18,0,0.747,0.951,1
NEG000412,CUST002530,35500.0,35500.0,0,15,0.804,0.717,1
NEG000413,CUST002702,5000.0,4800.0,5,15,0.63,0.783,1
NEG000414,CUST001592,82800.0,76200.0,8,15,0.817,0.882,1
NEG000415,CUST005657,6000.0,6000.0,0,15,0.797,0.727,1
NEG000416,CUST009352,15500.0,11600.0,25,0,0.78,0.98,1
NEG000417,CUST004666,17900.0,17900.0,0,15,0.675,0.656,1
NEG000418,CUST006165,14800.0,14800.0,0,0,0.661,0.554,0
NEG000419,CUST001950,5000.0,5000.0,0,7,0.679,0.616,1
NEG000420,CUST006023,14200.0,13900.0,2,7,0.363,0.487,1
NEG000421,CUST004756,5000.0,4400.0,12,0,0.797,0.91,1
NEG000422,CUST004023,58700.0,58700.0,0,30,0.805,0.783,0
NEG000423,CUST003122,12500.0,10200.0,18,0,0.738,0.953,0
NEG000424,CUST007582,25000.0,23800.0,5,45,0.736,0.909,1
NEG000425,CUST004046,49400.0,45400.0,8,7,0.816,0.866,1
NEG000426,CUST009559,8900.0,7800.0,12,0,0.796,0.909,1
NEG000427,CUST005136,48500.0,48500.0,0,0,0.733,0.58,0
NEG000428,CUST009129,200700.0,190700.0,5,0,0.751,0.678,1
NEG000429,CUST007660,25200.0,25200.0,0,0,0.753,0.605,1
NEG000430,CUST004577,32800.0,28900.0,12,0,0.773,0.899,0
NEG000431,CUST009527,10700.0,8000.0,25,15,0.742,0.98,1
NEG000432,CUST000162,26700.0,26700.0,0,0,0.633,0.53,1
NEG000433,CUST002811,129500.0,119100.0,8,0,0.866,0.836,0
NEG000434,CUST002581,84800.0,80600.0,5,30,0.876,0.893,1
NEG000435,CUST006869,12200.0,12000.0,2,7,0.787,0.734,1
NEG000436,CUST006825,18100.0,16700.0,8,45,0.666,0.929,1
NEG000437,CUST007820,50400.0,44400.0,12,30,0.674,0.937,1
NEG000438,CUST007091,12400.0,9300.0,25,0,0.67,0.979,1
NEG000439,CUST009631,8600.0,8200.0,5,7,0.769,0.804,1
NEG000440,CUST004494,12400.0,10900.0,12,15,0.34,0.825,0
NEG000441,CUST008775,22000.0,20200.0,8,45,0.73,0.939,1
NEG000442,CUST002701,5600.0,4600.0,18,0,0.787,0.959,1
NEG000443,CUST008577,76900.0,57700.0,25,0,0.8,0.98,1
NEG000444,CUST003081,31900.0,30300.0,5,0,0.66,0.711,0
NEG000445,CUST007441,15200.0,14400.0,5,45,0.625,0.886,1
NEG000446,CUST004592,26300.0,25000.0,5,0,0.802,0.78,1
NEG000447,CUST007636,106500.0,101200.0,5,15,0.898,0.849,1
NEG000448,CUST007885,50700.0,49700.0,2,7,0.899,0.77,1
NEG000449,CUST000308,24500.0,23300.0,5,30,0.786,0.884,1
NEG000450,CUST003764,57400.0,50500.0,12,7,0.809,0.917,1
NEG000451,CUST008915,5000.0,4400.0,12,7,0.709,0.907,1
NEG000452,CUST004423,16300.0,16300.0,0,7,0.679,0.61,1
NEG000453,CUST001930,13200.0,12500.0,5,30,0.748,0.876,1
NEG000454,CUST008883,19900.0,17500.0,12,0,0.685,0.88,1
NEG000455,CUST008588,21900.0,21900.0,0,45,0.678,0.809,1
NEG000456,CUST000130,18400.0,15100.0,18,0,0.798,0.959,1
NEG000457,CUST005405,8300.0,6800.0,18,7,0.803,0.967,1
NEG000458,CUST007085,7900.0,7300.0,8,0,0.714,0.82,1
NEG000459,CUST008499,8400.0,8000.0,5,7,0.633,0.744,1
NEG000460,CUST005392,12800.0,10500.0,18,30,0.628,0.972,1
NEG000461,CUST009506,27500.0,22600.0,18,0,0.779,0.956,1
NEG000462,CUST000542,19400.0,17100.0,12,7,0.755,0.914,1
NEG000463,CUST009331,18700.0,18300.0,2,0,0.79,0.694,0
NEG000464,CUST005919,5000.0,5000.0,0,7,0.68,0.617,1
NEG000465,CUST009859,16300.0,16300.0,0,15,0.616,0.623,1
NEG000466,CUST002348,25200.0,22200.0,12,15,0.711,0.92,1
NEG000467,CUST000646,5000.0,4900.0,2,45,0.68,0.855,1
NEG000468,CUST003356,15400.0,14600.0,5,7,0.738,0.789,1
NEG000469,CUST004331,17000.0,16700.0,2,0,0.181,0.332,0
NEG000470,CUST002692,6500.0,6000.0,8,45,0.719,0.939,1
NEG000471,CUST002421,34700.0,28500.0,18,30,0.367,0.944,1
NEG000472,CUST005812,22500.0,22500.0,0,30,0.876,0.823,1
NEG000473,CUST005159,10300.0,10300.0,0,0,0.743,0.607,1
NEG000474,CUST001951,39700.0,39700.0,0,0,0.669,0.546,0
NEG000475,CUST000067,9200.0,9200.0,0,7,0.635,0.588,1
NEG000476,CUST007655,108700.0,95700.0,12,0,0.775,0.883,1
NEG000477,CUST003285,5000.0,4900.0,2,0,0.315,0.417,1
NEG000478,CUST004642,98800.0,96800.0,2,7,0.887,0.745,1
NEG000479,CUST007147,26300.0,21600.0,18,7,0.817,0.967,0
NEG000480,CUST008008,6100.0,6100.0,0,7,0.801,0.685,0
NEG000481,CUST009869,11800.0,9700.0,18,15,0.214,0.891,1
NEG000482,CUST004780,8500.0,7000.0,18,30,0.672,0.975,1
NEG000483,CUST009796,12300.0,11700.0,5,0,0.659,0.719,1
NEG000484,CUST008855,18200.0,17800.0,2,0,0.743,0.669,1
NEG000485,CUST008705,27600.0,20700.0,25,0,0.73,0.98,1
NEG000486,CUST006460,5800.0,5300.0,8,45,0.788,0.948,1
NEG000487,CUST001351,60600.0,57600.0,5,30,0.736,0.861,0
NEG000488,CUST003122,24700.0,22700.0,8,30,0.738,0.912,1
NEG000489,CUST006717,25600.0,22500.0,12,30,0.657,0.938,1
NEG000490,CUST003009,33500.0,30800.0,8,0,0.852,0.859,1
NEG000491,CUST003902,19200.0,17700.0,8,30,0.681,0.901,1
NEG000492,CUST007186,10000.0,9200.0,8,15,0.777,0.888,1
NEG000493,CUST004461,13400.0,12700.0,5,0,0.712,0.744,1
NEG000494,CUST002745,5000.0,4100.0,18,0,0.742,0.954,1
NEG000495,CUST005263,23400.0,22900.0,2,0,0.404,0.461,0
NEG000496,CUST004909,20900.0,20500.0,2,30,0.63,0.771,1
NEG000497,CUST008111,96600.0,88900.0,8,0,0.819,0.829,1
NEG000498,CUST008093,11600.0,10700.0,8,0,0.855,0.866,0
NEG000499,CUST002437,33400.0,31700.0,5,45,0.788,0.918,1
NEG000500,CUST006845,48600.0,44700.0,8,0,0.796,0.837,1
NEG000501,CUST001954,7200.0,6600.0,8,0,0.754,0.835,1
NEG000502,CUST008598,24100.0,21200.0,12,7,0.73,0.908,1
NEG000503,CUST002070,5000.0,4800.0,5,15,0.68,0.804,1
NEG000504,CUST009458,13700.0,10300.0,25,15,0.404,0.973,1
NEG000505,CUST008717,5100.0,4800.0,5,30,0.367,0.736,0
NEG000506,CUST000828,24300.0,24300.0,0,0,0.807,0.637,0
NEG000507,CUST004535,22200.0,21800.0,2,30,0.607,0.76,1
NEG000508,CUST005621,5100.0,4200.0,18,30,0.623,0.972,1
NEG000509,CUST004248,8000.0,7600.0,5,45,0.785,0.922,1
NEG000510,CUST002395,27500.0,24200.0,12,7,0.619,0.881,1
NEG000511,CUST009398,33600.0,31900.0,5,7,0.745,0.785,0
NEG000512,CUST007801,10200.0,9000.0,12,0,0.337,0.759,1
NEG000513,CUST002105,7400.0,6500.0,12,7,0.634,0.889,1
NEG000514,CUST001934,10500.0,8600.0,18,7,0.636,0.95,1
NEG000515,CUST001985,13300.0,11700.0,12,30,0.639,0.937,1
NEG000516,CUST005459,30500.0,29000.0,5,7,0.37,0.59,1
NEG000517,CUST001592,21000.0,20000.0,5,15,0.817,0.847,1
NEG000518,CUST001468,153200.0,150100.0,2,0,0.894,0.685,1
NEG000519,CUST000391,26900.0,22100.0,18,45,0.656,0.98,1
NEG000520,CUST006306,29100.0,29100.0,0,15,0.385,0.474,0
NEG000521,CUST000252,16700.0,16400.0,2,7,0.676,0.674,1
NEG000522,CUST003788,12500.0,12200.0,2,0,0.21,0.351,0
NEG000523,CUST007525,27900.0,26500.0,5,30,0.419,0.751,0
NEG000524,CUST005472,66700.0,58700.0,12,7,0.821,0.918,1
NEG000525,CUST005443,8800.0,8100.0,8,30,0.802,0.927,0
NEG000526,CUST008673,39100.0,37100.0,5,30,0.791,0.882,1
NEG000527,CUST008866,10200.0,10200.0,0,45,0.678,0.813,1
NEG000528,CUST004686,194100.0,159200.0,18,30,0.852,0.976,1
NEG000529,CUST006972,45300.0,44400.0,2,7,0.751,0.701,0
NEG000530,CUST000306,16900.0,16600.0,2,7,0.711,0.693,0
NEG000531,CUST003444,6500.0,5700.0,12,0,0.71,0.89,1
NEG000532,CUST001081,70300.0,66800.0,5,15,0.851,0.844,1
NEG000533,CUST007536,9800.0,9300.0,5,15,0.748,0.828,1
NEG000534,CUST000526,9800.0,9800.0,0,0,0.744,0.608,0
NEG000535,CUST002977,15100.0,13900.0,8,0,0.744,0.829,0
NEG000536,CUST006773,13900.0,12200.0,12,0,0.624,0.865,1
NEG000537,CUST005338,17500.0,16100.0,8,7,0.687,0.834,1
NEG000538,CUST009678,8900.0,7800.0,12,30,0.74,0.951,1
NEG000539,CUST003395,6500.0,6200.0,5,15,0.801,0.847,1
NEG000540,CUST002026,5000.0,4600.0,8,7,0.803,0.874,1
NEG000541,CUST006514,11300.0,10400.0,8,30,0.634,0.892,1
NEG000542,CUST003132,5000.0,4600.0,8,45,0.748,0.943,1
NEG000543,CUST006930,18200.0,16700.0,8,30,0.597,0.881,1
NEG000544,CUST006431,16400.0,15600.0,5,45,0.684,0.9,1
NEG000545,CUST007741,11600.0,9500.0,18,15,0.801,0.973,1
NEG000546,CUST002272,17300.0,15900.0,8,30,0.754,0.917,1
NEG000547,CUST001305,10500.0,10300.0,2,15,0.798,0.779,1
NEG000548,CUST008019,65300.0,65300.0,0,45,0.823,0.847,1
NEG000549,CUST003482,25600.0,25600.0,0,7,0.797,0.673,1
NEG000550,CUST000234,9500.0,8400.0,12,7,0.746,0.914,1
NEG000551,CUST008484,8500.0,7500.0,12,30,0.729,0.949,1
NEG000552,CUST009075,31300.0,29700.0,5,45,0.624,0.882,1
NEG000553,CUST005038,19300.0,18300.0,5,15,0.411,0.669,0
NEG000554,CUST009111,5000.0,4400.0,12,30,0.753,0.953,1
NEG000555,CUST004563,48500.0,44600.0,8,30,0.806,0.921,1
NEG000556,CUST004970,35400.0,33600.0,5,0,0.741,0.749,1
NEG000557,CUST005978,16100.0,13200.0,18,45,0.864,0.98,1
NEG000558,CUST008844,17300.0,15900.0,8,0,0.8,0.847,1
NEG000559,CUST003604,29800.0,27400.0,8,15,0.76,0.879,1
NEG000560,CUST001720,6800.0,6700.0,2,0,0.663,0.63,1
NEG000561,CUST003874,5100.0,4700.0,8,7,0.177,0.591,0
NEG000562,CUST003700,5000.0,5000.0,0,30,0.8,0.8,1
NEG000563,CUST001693,34100.0,28000.0,18,7,0.779,0.963,1
NEG000564,CUST009080,105100.0,99800.0,5,0,0.813,0.753,1
NEG000565,CUST004559,16400.0,15600.0,5,0,0.851,0.804,1
NEG000566,CUST003476,24300.0,23100.0,5,7,0.74,0.786,1
NEG000567,CUST009639,10000.0,9500.0,5,7,0.683,0.767,0
NEG000568,CUST003465,21600.0,17700.0,18,0,0.748,0.953,1
NEG000569,CUST009398,21800.0,21800.0,0,0,0.745,0.602,1
NEG000570,CUST000015,34200.0,31500.0,8,30,0.657,0.893,1
NEG000571,CUST003809,18500.0,16300.0,12,15,0.785,0.934,1
NEG000572,CUST008513,5700.0,5400.0,5,30,0.752,0.88,1
NEG000573,CUST009750,23000.0,21200.0,8,7,0.378,0.697,1
NEG000574,CUST007013,129100.0,105900.0,18,30,0.805,0.976,1
NEG000575,CUST007867,198600.0,182700.0,8,7,0.873,0.842,1
NEG000576,CUST007448,29400.0,27900.0,5,0,0.685,0.725,1
NEG000577,CUST000910,17900.0,15800.0,12,7,0.747,0.912,1
NEG000578,CUST006839,16600.0,14600.0,12,15,0.619,0.904,1
NEG000579,CUST007502,14600.0,13400.0,8,30,0.69,0.904,0
NEG000580,CUST007778,15000.0,14200.0,5,15,0.612,0.772,0
NEG000581,CUST001237,31900.0,28100.0,12,0,0.773,0.899,1
NEG000582,CUST000160,15900.0,15600.0,2,0,0.804,0.703,1
NEG000583,CUST002354,14200.0,12500.0,12,0,0.617,0.863,1
NEG000584,CUST006092,16000.0,15700.0,2,45,0.364,0.723,1
NEG000585,CUST008412,5300.0,4700.0,12,30,0.752,0.952,1
NEG000586,CUST000295,40800.0,40800.0,0,7,0.7,0.61,0
NEG000587,CUST006406,8800.0,8800.0,0,0,0.796,0.639,1
NEG000588,CUST002061,8600.0,8400.0,2,15,0.625,0.697,0
NEG000589,CUST003652,141100.0,138300.0,2,45,0.88,0.878,1
NEG000590,CUST002901,37700.0,36900.0,2,15,0.68,0.712,1
NEG000591,CUST007103,15400.0,13600.0,12,7,0.657,0.893,1
NEG000592,CUST006541,9200.0,8700.0,5,15,0.802,0.846,1
NEG000593,CUST005102,27300.0,26800.0,2,0,0.819,0.705,1
NEG000594,CUST001888,30300.0,30300.0,0,15,0.175,0.348,0
NEG000595,CUST002693,34400.0,30300.0,12,7,0.746,0.909,1
NEG000596,CUST009443,24700.0,24200.0,2,0,0.797,0.695,0
NEG000597,CUST001431,13200.0,9900.0,25,45,0.75,0.98,1
NEG000598,CUST000099,8700.0,8700.0,0,7,0.39,0.436,0
NEG000599,CUST004111,27200.0,25800.0,5,0,0.8,0.779,1
NEG000600,CUST004929,20200.0,19200.0,5,0,0.795,0.779,0
NEG000601,CUST009753,202300.0,151700.0,25,45,0.873,0.98,1
NEG000602,CUST004652,7800.0,7800.0,0,0,0.795,0.639,1
NEG000603,CUST004060,38600.0,36700.0,5,0,0.747,0.75,1
NEG000604,CUST008423,11800.0,11600.0,2,15,0.702,0.734,1
NEG000605,CUST009071,193800.0,170500.0,12,0,0.85,0.882,1
NEG000606,CUST003664,14100.0,13000.0,8,7,0.718,0.846,1
NEG000607,CUST008950,5000.0,4800.0,5,0,0.376,0.562,1
NEG000608,CUST003383,14400.0,13200.0,8,7,0.687,0.835,1
NEG000609,CUST007062,59100.0,44300.0,25,0,0.703,0.979,1
NEG000610,CUST000640,33200.0,32500.0,2,30,0.71,0.8,1
NEG000611,CUST006189,10900.0,9600.0,12,0,0.684,0.882,0
NEG000612,CUST003236,18700.0,18300.0,2,0,0.099,0.288,0
NEG000613,CUST002123,146100.0,134400.0,8,0,0.754,0.787,1
NEG000614,CUST003128,5000.0,4100.0,18,30,0.345,0.945,1
NEG000615,CUST009143,249100.0,244100.0,2,0,0.859,0.617,0
NEG000616,CUST001107,19700.0,19300.0,2,30,0.291,0.592,1
NEG000617,CUST006604,42100.0,40000.0,5,15,0.304,0.595,0
NEG000618,CUST003581,21000.0,18500.0,12,15,0.781,0.933,0
NEG000619,CUST006564,5000.0,4100.0,18,30,0.74,0.979,1
NEG000620,CUST001975,48400.0,48400.0,0,0,0.414,0.384,0
NEG000621,CUST005680,5200.0,4600.0,12,15,0.745,0.93,1
NEG000622,CUST006690,27900.0,22900.0,18,15,0.713,0.965,1
NEG000623,CUST008127,5000.0,5000.0,0,0,0.787,0.636,1
NEG000624,CUST005234,5000.0,4100.0,18,7,0.681,0.956,1
NEG000625,CUST005255,24400.0,23200.0,5,30,0.737,0.871,1
NEG000626,CUST005270,6300.0,5500.0,12,15,0.707,0.923,1
NEG000627,CUST000785,26600.0,25300.0,5,7,0.792,0.806,1
NEG000628,CUST001240,20900.0,17100.0,18,15,0.34,0.916,1
NEG000629,CUST005488,12900.0,11900.0,8,7,0.384,0.705,1
NEG000630,CUST009075,27100.0,25700.0,5,30,0.624,0.835,1
NEG000631,CUST003344,19200.0,19200.0,0,0,0.319,0.344,1
NEG000632,CUST007818,5500.0,4800.0,12,0,0.764,0.902,1
NEG000633,CUST004430,219200.0,214800.0,2,30,0.844,0.787,1
NEG000634,CUST002775,25200.0,25200.0,0,7,0.73,0.635,1
NEG000635,CUST004060,6200.0,6100.0,2,0,0.747,0.677,1
NEG000636,CUST005197,35000.0,30800.0,12,30,0.666,0.938,1
NEG000637,CUST003619,58800.0,55900.0,5,15,0.742,0.809,1
NEG000638,CUST008261,10900.0,8900.0,18,7,0.662,0.953,1
NEG000639,CUST004563,20300.0,19900.0,2,45,0.806,0.887,1
NEG000640,CUST009180,50700.0,44600.0,12,7,0.792,0.915,1
NEG000641,CUST000054,10000.0,8800.0,12,7,0.679,0.899,1
NEG000642,CUST006612,82800.0,78700.0,5,45,0.763,0.904,1
NEG000643,CUST008935,11300.0,10700.0,5,0,0.573,0.674,0
NEG000644,CUST007548,191000.0,181400.0,5,7,0.863,0.775,0
NEG000645,CUST003845,14100.0,13800.0,2,0,0.792,0.698,1
NEG000646,CUST001479,18700.0,17800.0,5,30,0.651,0.846,1
NEG000647,CUST008295,15400.0,14200.0,8,30,0.677,0.901,1
NEG000648,CUST002638,56000.0,45900.0,18,7,0.847,0.967,1
NEG000649,CUST006362,11000.0,10100.0,8,45,0.708,0.937,0
NEG000650,CUST008672,109000.0,95900.0,12,30,0.79,0.946,1
NEG000651,CUST009773,22900.0,22900.0,0,15,0.744,0.692,0
NEG000652,CUST003535,5000.0,5000.0,0,30,0.79,0.796,1
NEG000653,CUST009623,18300.0,17900.0,2,45,0.744,0.871,1
NEG000654,CUST002027,12800.0,12800.0,0,7,0.733,0.643,1
NEG000655,CUST007935,23600.0,23600.0,0,30,0.75,0.772,1
NEG000656,CUST003663,13000.0,12400.0,5,0,0.608,0.692,1
NEG000657,CUST002415,6700.0,6400.0,5,0,0.8,0.787,0
NEG000658,CUST003493,25200.0,23900.0,5,45,0.73,0.908,1
NEG000659,CUST005817,78300.0,68900.0,12,15,0.835,0.933,1
NEG000660,CUST003766,50000.0,49000.0,2,0,0.729,0.645,1
NEG000661,CUST000474,14700.0,11000.0,25,15,0.338,0.968,1
NEG000662,CUST006773,16000.0,14100.0,12,45,0.624,0.955,1
NEG000663,CUST009958,5000.0,5000.0,0,0,0.332,0.359,1
NEG000664,CUST003832,18500.0,16300.0,12,30,0.713,0.946,1
NEG000665,CUST003755,31500.0,23600.0,25,7,0.785,0.98,1
NEG000666,CUST008068,8700.0,8500.0,2,45,0.74,0.872,1
NEG000667,CUST008969,15800.0,13900.0,12,0,0.721,0.89,1
NEG000668,CUST002650,7800.0,7400.0,5,30,0.648,0.849,1
NEG000669,CUST006084,13700.0,12600.0,8,7,0.303,0.661,0
NEG000670,CUST001703,12200.0,12200.0,0,45,0.754,0.84,1
NEG000671,CUST009612,13100.0,12100.0,8,30,0.802,0.926,1
NEG000672,CUST004174,51000.0,41800.0,18,0,0.728,0.948,1
NEG000673,CUST002744,13300.0,12200.0,8,0,0.795,0.847,1
NEG000674,CUST009627,114900.0,105700.0,8,15,0.841,0.88,1
NEG000675,CUST004562,78400.0,72100.0,8,0,0.851,0.846,1
NEG000676,CUST004715,29000.0,29000.0,0,15,0.663,0.644,1
NEG000677,CUST009718,27700.0,25500.0,8,30,0.378,0.808,1
NEG000678,CUST006703,15800.0,15500.0,2,0,0.667,0.627,1
NEG000679,CUST005638,54200.0,49900.0,8,0,0.663,0.784,1
NEG000680,CUST007927,48600.0,36400.0,25,15,0.355,0.967,1
NEG000681,CUST006877,15900.0,15900.0,0,7,0.869,0.716,1
NEG000682,CUST001614,31800.0,30200.0,5,7,0.682,0.758,1
NEG000683,CUST009514,6400.0,6100.0,5,30,0.752,0.879,1
NEG000684,CUST005785,119200.0,113200.0,5,7,0.895,0.814,1
NEG000685,CUST000359,10900.0,9600.0,12,30,0.796,0.957,1
NEG000686,CUST006781,15800.0,13900.0,12,7,0.626,0.885,1
NEG000687,CUST004795,17200.0,16300.0,5,0,0.727,0.75,1
NEG000688,CUST004820,22200.0,21800.0,2,7,0.796,0.734,1
NEG000689,CUST002090,25900.0,23800.0,8,0,0.595,0.765,1
NEG000690,CUST002509,16000.0,15200.0,5,45,0.745,0.913,1
NEG000691,CUST005365,17000.0,16200.0,5,30,0.793,0.887,1
NEG000692,CUST002184,6300.0,6000.0,5,30,0.155,0.621,1
NEG000693,CUST005648,32400.0,30800.0,5,0,0.372,0.544,0
NEG000694,CUST007395,10700.0,9400.0,12,45,0.672,0.96,1
NEG000695,CUST004461,41500.0,36500.0,12,7,0.712,0.9,1
NEG000696,CUST008817,23600.0,23600.0,0,0,0.798,0.632,0
NEG000697,CUST008544,9600.0,9100.0,5,0,0.801,0.786,1
NEG000698,CUST009834,12300.0,12100.0,2,30,0.752,0.824,1
NEG000699,CUST009793,81800.0,77700.0,5,45,0.833,0.918,1
NEG000700,CUST007674,6000.0,5900.0,2,30,0.672,0.795,1
NEG000701,CUST008435,27100.0,23800.0,12,7,0.654,0.89,1
NEG000702,CUST004931,24300.0,23100.0,5,0,0.639,0.703,1
NEG000703,CUST000337,5000.0,4800.0,5,0,0.358,0.551,1
NEG000704,CUST001149,13100.0,11500.0,12,15,0.784,0.935,1
NEG000705,CUST009877,12300.0,10100.0,18,7,0.799,0.966,1
NEG000706,CUST000453,20400.0,18800.0,8,30,0.791,0.923,1
NEG000707,CUST004012,6700.0,6200.0,8,0,0.405,0.679,1
NEG000708,CUST000666,11700.0,9600.0,18,30,0.674,0.975,1
NEG000709,CUST003601,13900.0,12200.0,12,30,0.786,0.955,1
NEG000710,CUST000944,26100.0,19600.0,25,15,0.742,0.98,1
NEG000711,CUST007063,99200.0,94200.0,5,0,0.819,0.759,1
NEG000712,CUST008232,108600.0,103200.0,5,0,0.74,0.716,1
NEG000713,CUST009522,11600.0,11600.0,0,30,0.744,0.775,0
NEG000714,CUST009222,73500.0,60300.0,18,15,0.803,0.969,1
NEG000715,CUST006758,25600.0,24300.0,5,15,0.787,0.836,1
NEG000716,CUST006967,11800.0,11600.0,2,0,0.799,0.703,1
NEG000717,CUST002049,12600.0,12600.0,0,15,0.425,0.508,0
NEG000718,CUST005402,37100.0,30400.0,18,30,0.821,0.98,1
NEG000719,CUST006773,5000.0,4400.0,12,45,0.624,0.956,0
NEG000720,CUST007946,79900.0,65500.0,18,30,0.807,0.979,1
NEG000721,CUST000795,171100.0,162500.0,5,7,0.848,0.776,1
NEG000722,CUST008282,19100.0,18100.0,5,15,0.617,0.772,1
NEG000723,CUST009774,22300.0,21200.0,5,30,0.717,0.866,1
NEG000724,CUST007057,5000.0,4800.0,5,7,0.752,0.798,1
NEG000725,CUST005386,12100.0,11100.0,8,30,0.796,0.925,1
NEG000726,CUST004781,55900.0,53100.0,5,15,0.814,0.836,1
NEG000727,CUST002886,201900.0,165600.0,18,0,0.842,0.945,1
NEG000728,CUST001828,10400.0,10200.0,2,0,0.658,0.625,0
NEG000729,CUST007767,5000.0,4400.0,12,30,0.652,0.94,1
NEG000730,CUST008637,142100.0,116500.0,18,45,0.85,0.98,1
NEG000731,CUST001933,16300.0,15000.0,8,0,0.673,0.802,1
NEG000732,CUST005821,26700.0,21900.0,18,0,0.799,0.958,1
NEG000733,CUST002303,7900.0,7500.0,5,0,0.797,0.785,1
NEG000734,CUST008367,5700.0,4300.0,25,0,0.325,0.953,1
NEG000735,CUST001897,15100.0,13900.0,8,30,0.667,0.899,1
NEG000736,CUST006583,24000.0,22100.0,8,15,0.791,0.888,1
NEG000737,CUST008329,28800.0,28200.0,2,7,0.624,0.639,1
NEG000738,CUST009162,14400.0,12700.0,12,30,0.801,0.957,1
NEG000739,CUST009181,5200.0,4300.0,18,30,0.746,0.979,1
NEG000740,CUST003398,23700.0,22500.0,5,30,0.365,0.727,0
NEG000741,CUST001998,295500.0,242300.0,18,30,0.804,0.966,1
NEG000742,CUST008642,12200.0,10000.0,18,45,0.662,0.98,1
NEG000743,CUST002857,6600.0,5400.0,18,15,0.639,0.96,1
NEG000744,CUST008248,29500.0,28000.0,5,0,0.835,0.793,1
NEG000745,CUST004823,36100.0,31800.0,12,30,0.674,0.939,0
NEG000746,CUST007283,28200.0,23100.0,18,15,0.379,0.922,1
NEG000747,CUST003677,48300.0,44400.0,8,30,0.739,0.908,1
NEG000748,CUST006582,26400.0,23200.0,12,45,0.739,0.965,1
NEG000749,CUST000172,32300.0,29700.0,8,15,0.799,0.889,1
NEG000750,CUST002214,20400.0,19400.0,5,15,0.628,0.776,1
NEG000751,CUST006537,24100.0,18100.0,25,0,0.299,0.948,1
NEG000752,CUST004512,11400.0,11200.0,2,7,0.705,0.693,1
NEG000753,CUST003093,61200.0,50200.0,18,0,0.693,0.942,1
NEG000754,CUST004242,5000.0,4400.0,12,15,0.677,0.918,1
NEG000755,CUST000722,7600.0,7000.0,8,0,0.664,0.801,0
NEG000756,CUST001698,11300.0,9900.0,12,0,0.802,0.91,1
NEG000757,CUST008260,10600.0,9300.0,12,0,0.661,0.876,1
NEG000758,CUST004451,13900.0,13900.0,0,15,0.635,0.636,0
NEG000759,CUST006155,12500.0,12500.0,0,15,0.663,0.652,1
NEG000760,CUST007720,9500.0,7800.0,18,15,0.716,0.966,1
NEG000761,CUST003702,42500.0,39100.0,8,0,0.625,0.772,1
NEG000762,CUST004023,37400.0,36700.0,2,30,0.805,0.834,1
NEG000763,CUST000948,22100.0,21700.0,2,30,0.735,0.814,1
NEG000764,CUST006324,14700.0,14700.0,0,0,0.377,0.38,0
NEG000765,CUST009981,51300.0,48700.0,5,7,0.78,0.793,1
NEG000766,CUST004622,18400.0,16900.0,8,7,0.727,0.847,1
NEG000767,CUST003977,94800.0,87200.0,8,7,0.824,0.856,1
NEG000768,CUST005566,127300.0,117100.0,8,30,0.824,0.911,1
NEG000769,CUST006119,34700.0,31900.0,8,0,0.805,0.844,1
NEG000770,CUST007189,55100.0,48500.0,12,30,0.387,0.878,1
NEG000771,CUST000226,16100.0,14800.0,8,7,0.767,0.86,1
NEG000772,CUST009759,18400.0,17500.0,5,45,0.869,0.934,1
NEG000773,CUST000873,16500.0,14500.0,12,7,0.693,0.901,0
NEG000774,CUST001023,7900.0,7300.0,8,7,0.798,0.872,1
NEG000775,CUST000666,12200.0,10700.0,12,15,0.674,0.916,1
NEG000776,CUST002204,19800.0,18200.0,8,7,0.38,0.699,1
NEG000777,CUST009720,47100.0,44700.0,5,30,0.868,0.899,1
NEG000778,CUST001890,5600.0,5200.0,8,15,0.71,0.872,1
NEG000779,CUST007692,25500.0,23500.0,8,0,0.746,0.826,1
NEG000780,CUST003912,10600.0,10600.0,0,0,0.79,0.635,1
NEG000781,CUST009342,120900.0,118500.0,2,0,0.782,0.639,1
NEG000782,CUST000848,29700.0,28200.0,5,7,0.656,0.747,1
NEG000783,CUST007126,35800.0,35800.0,0,7,0.689,0.606,1
NEG000784,CUST008323,92900.0,69700.0,25,30,0.843,0.98,1
NEG000785,CUST009232,6500.0,6500.0,0,45,0.744,0.838,1
NEG000786,CUST002858,9900.0,7400.0,25,0,0.715,0.98,1
NEG000787,CUST006482,7600.0,7200.0,5,15,0.627,0.781,1
NEG000788,CUST005083,18700.0,15300.0,18,15,0.67,0.962,1
NEG000789,CUST005975,7500.0,7100.0,5,7,0.802,0.817,1
NEG000790,CUST000418,10600.0,10600.0,0,0,0.625,0.534,1
NEG000791,CUST004314,14100.0,12400.0,12,0,0.805,0.91,1
NEG000792,CUST005367,5000.0,4800.0,5,15,0.721,0.819,1
NEG000793,CUST008035,157600.0,129200.0,18,7,0.942,0.967,1
NEG000794,CUST003004,19500.0,18500.0,5,0,0.679,0.726,0
NEG000795,CUST006528,26600.0,24500.0,8,30,0.785,0.921,1
NEG000796,CUST008846,9500.0,8400.0,12,30,0.797,0.957,1
NEG000797,CUST008106,124900.0,122400.0,2,0,0.805,0.65,1
NEG000798,CUST007892,20600.0,19000.0,8,45,0.8,0.948,1
NEG000799,CUST003535,32800.0,28900.0,12,30,0.79,0.954,1
NEG000800,CUST007883,100600.0,82500.0,18,7,0.761,0.955,1
NEG000801,CUST008900,36000.0,34200.0,5,7,0.376,0.591,1
NEG000802,CUST007513,70300.0,61900.0,12,45,0.877,0.972,1
NEG000803,CUST005775,27100.0,27100.0,0,7,0.737,0.638,1
NEG000804,CUST004874,11700.0,9600.0,18,7,0.785,0.965,1
NEG000805,CUST004014,10900.0,10000.0,8,0,0.828,0.858,1
NEG000806,CUST008775,12800.0,10500.0,18,7,0.73,0.96,1
NEG000807,CUST009907,54000.0,49700.0,8,45,0.635,0.918,1
NEG000808,CUST007439,87300.0,65500.0,25,30,0.822,0.98,1
NEG000809,CUST000936,51400.0,47300.0,8,30,0.809,0.921,1
NEG000810,CUST006712,6900.0,6900.0,0,45,0.63,0.796,1
NEG000811,CUST006591,159700.0,146900.0,8,0,0.831,0.813,0
NEG000812,CUST007757,5000.0,4600.0,8,7,0.363,0.697,1
NEG000813,CUST007609,54000.0,51300.0,5,45,0.78,0.913,1
NEG000814,CUST004035,22600.0,21500.0,5,45,0.503,0.849,1
NEG000815,CUST001300,15600.0,14400.0,8,30,0.786,0.923,1
NEG000816,CUST002993,38500.0,36600.0,5,30,0.85,0.896,0
NEG000817,CUST008207,5200.0,4800.0,8,7,0.74,0.855,1
NEG000818,CUST004494,19700.0,18100.0,8,0,0.34,0.636,1
NEG000819,CUST001004,5000.0,4600.0,8,30,0.223,0.75,1
NEG000820,CUST001192,5600.0,5200.0,8,0,0.788,0.847,1
NEG000821,CUST001249,10600.0,10400.0,2,0,0.691,0.644,1
NEG000822,CUST002856,12700.0,12400.0,2,0,0.711,0.654,0
NEG000823,CUST008541,26800.0,24700.0,8,15,0.274,0.685,1
NEG000824,CUST000595,148600.0,141200.0,5,0,0.846,0.751,1
NEG000825,CUST008929,8900.0,8700.0,2,0,0.687,0.642,1
NEG000826,CUST008168,11800.0,11600.0,2,0,0.752,0.677,1
NEG000827,CUST008569,18200.0,16700.0,8,0,0.696,0.81,1
NEG000828,CUST003757,32400.0,26600.0,18,7,0.766,0.962,1
NEG000829,CUST002071,7800.0,7200.0,8,0,0.796,0.849,0
NEG000830,CUST003623,36400.0,33500.0,8,7,0.8,0.865,1
NEG000831,CUST004909,40800.0,38800.0,5,0,0.63,0.691,1
NEG000832,CUST000767,25800.0,21200.0,18,45,0.336,0.96,1
NEG000833,CUST008242,27200.0,25800.0,5,15,0.628,0.774,1
NEG000834,CUST006685,107300.0,94400.0,12,15,0.745,0.913,0
NEG000835,CUST007657,37700.0,36900.0,2,0,0.798,0.689,1
NEG000836,CUST000055,25500.0,25500.0,0,0,0.788,0.626,1
NEG000837,CUST004004,12800.0,11800.0,8,0,0.698,0.813,1
NEG000838,CUST007372,15600.0,11700.0,25,30,0.553,0.98,1
NEG000839,CUST002733,19700.0,19300.0,2,0,0.787,0.692,1
NEG000840,CUST006065,57200.0,52600.0,8,0,0.734,0.811,1
NEG000841,CUST005113,10700.0,10700.0,0,0,0.687,0.573,1
NEG000842,CUST005938,5000.0,4600.0,8,7,0.801,0.873,1
NEG000843,CUST006147,30600.0,25100.0,18,45,0.788,0.98,1
NEG000844,CUST005327,26100.0,19600.0,25,0,0.674,0.979,1
NEG000845,CUST007688,13600.0,12000.0,12,0,0.668,0.877,1
NEG000846,CUST000527,12100.0,11500.0,5,0,0.736,0.756,1
NEG000847,CUST005983,11500.0,10600.0,8,15,0.801,0.894,1
NEG000848,CUST008837,23600.0,22400.0,5,45,0.747,0.912,1
NEG000849,CUST005958,24300.0,18200.0,25,30,0.869,0.98,1
NEG000850,CUST007128,6200.0,6100.0,2,7,0.685,0.684,0
NEG000851,CUST009528,7300.0,6400.0,12,30,0.354,0.88,1
NEG000852,CUST007143,24600.0,21600.0,12,0,0.568,0.845,1
NEG000853,CUST000890,63200.0,60000.0,5,15,0.644,0.766,0
NEG000854,CUST001153,37000.0,35200.0,5,15,0.326,0.611,1
NEG000855,CUST006387,127700.0,125100.0,2,30,0.834,0.816,1
NEG000856,CUST008492,24200.0,21300.0,12,30,0.757,0.951,0
NEG000857,CUST003485,22700.0,22700.0,0,0,0.599,0.512,1
NEG000858,CUST003684,23400.0,22200.0,5,0,0.7,0.735,1
NEG000859,CUST000683,58700.0,48100.0,18,15,0.855,0.973,1
NEG000860,CUST006059,16500.0,15200.0,8,15,0.798,0.892,1
NEG000861,CUST006340,6900.0,6800.0,2,7,0.749,0.717,1
NEG000862,CUST008253,16600.0,13600.0,18,7,0.8,0.966,1
NEG000863,CUST009019,25300.0,24000.0,5,7,0.731,0.782,1
NEG000864,CUST002989,21200.0,21200.0,0,30,0.343,0.552,0
NEG000865,CUST000359,7800.0,6900.0,12,7,0.796,0.923,1
NEG000866,CUST008506,20100.0,19700.0,2,30,0.712,0.806,0
NEG000867,CUST005870,38700.0,38700.0,0,7,0.3,0.366,1
NEG000868,CUST005165,53000.0,48800.0,8,30,0.755,0.911,1
NEG000869,CUST002730,12400.0,12400.0,0,15,0.687,0.666,1
NEG000870,CUST000768,31000.0,27300.0,12,15,0.84,0.94,1
NEG000871,CUST008624,15900.0,14600.0,8,15,0.801,0.893,1
NEG000872,CUST009012,52900.0,46600.0,12,0,0.79,0.899,0
NEG000873,CUST000675,6600.0,6300.0,5,30,0.794,0.89,1
NEG000874,CUST002834,13200.0,11600.0,12,0,0.8,0.909,1
NEG000875,CUST005429,31300.0,25700.0,18,15,0.701,0.964,1
NEG000876,CUST003940,18100.0,13600.0,25,30,0.309,0.977,1
NEG000877,CUST005313,77200.0,71000.0,8,45,0.815,0.943,1
NEG000878,CUST006914,15800.0,15000.0,5,45,0.602,0.88,1
NEG000879,CUST002188,23400.0,22200.0,5,30,0.667,0.85,1
NEG000880,CUST007907,31600.0,31000.0,2,15,0.795,0.769,0
NEG000881,CUST009855,19000.0,17500.0,8,0,0.402,0.671,1
NEG000882,CUST001592,143700.0,143700.0,0,30,0.817,0.754,0
NEG000883,CUST006417,8200.0,7500.0,8,15,0.75,0.882,1
NEG000884,CUST002807,116700.0,107400.0,8,30,0.832,0.914,1
NEG000885,CUST002016,19100.0,18100.0,5,15,0.694,0.804,1
NEG000886,CUST002638,26500.0,25200.0,5,15,0.847,0.855,1
NEG000887,CUST009780,7800.0,6400.0,18,0,0.733,0.953,1
NEG000888,CUST008709,129500.0,119100.0,8,0,0.805,0.813,1
NEG000889,CUST000526,5000.0,5000.0,0,15,0.744,0.7,1
NEG000890,CUST008557,7100.0,6700.0,5,30,0.724,0.871,1
NEG000891,CUST009664,8900.0,8700.0,2,45,0.739,0.872,1
NEG000892,CUST008765,8100.0,7900.0,2,0,0.748,0.677,1
NEG000893,CUST003354,8600.0,8200.0,5,7,0.727,0.787,1
NEG000894,CUST001221,156900.0,144300.0,8,0,0.871,0.829,1
NEG000895,CUST004144,16500.0,16500.0,0,15,0.707,0.675,1
NEG000896,CUST004105,29100.0,29100.0,0,0,0.627,0.526,1
NEG000897,CUST004528,21600.0,20500.0,5,45,0.745,0.912,1
NEG000898,CUST000713,19600.0,18600.0,5,15,0.696,0.805,1
NEG000899,CUST003709,22000.0,22000.0,0,0,0.746,0.603,1
NEG000900,CUST004315,103000.0,94800.0,8,30,0.853,0.921,1
NEG000901,CUST000162,23800.0,17800.0,25,30,0.633,0.98,1
NEG000902,CUST009353,113500.0,113500.0,0,15,0.666,0.601,1
NEG000903,CUST007499,15300.0,15300.0,0,15,0.802,0.725,1
NEG000904,CUST007695,98700.0,86900.0,12,0,0.784,0.887,1
NEG000905,CUST008502,7200.0,5400.0,25,0,0.562,0.973,1
NEG000906,CUST002241,65700.0,65700.0,0,30,0.82,0.786,1
NEG000907,CUST005647,12500.0,10200.0,18,15,0.657,0.961,1
NEG000908,CUST004875,21400.0,16000.0,25,0,0.799,0.98,1
NEG000909,CUST001102,35100.0,32300.0,8,0,0.831,0.852,0
NEG000910,CUST009311,89700.0,87900.0,2,45,0.791,0.866,0
NEG000911,CUST004895,5000.0,3800.0,25,15,0.734,0.98,1
NEG000912,CUST000557,46600.0,44300.0,5,30,0.699,0.854,1
NEG000913,CUST006590,11000.0,11000.0,0,30,0.678,0.745,1
NEG000914,CUST008134,5000.0,4800.0,5,15,0.792,0.844,1
NEG000915,CUST006546,42600.0,40500.0,5,15,0.701,0.798,1
NEG000916,CUST006334,12200.0,11200.0,8,7,0.705,0.842,1
NEG000917,CUST005263,16900.0,13900.0,18,15,0.404,0.928,1
NEG000918,CUST000110,20300.0,16600.0,18,0,0.739,0.952,1
NEG000919,CUST006235,5500.0,4500.0,18,15,0.708,0.966,1
NEG000920,CUST009419,17600.0,16200.0,8,0,0.674,0.802,1
NEG000921,CUST007916,5000.0,4100.0,18,30,0.797,0.98,1
NEG000922,CUST007556,21400.0,21000.0,2,45,0.632,0.835,1
NEG000923,CUST008979,11300.0,11100.0,2,15,0.576,0.669,0
NEG000924,CUST004215,24100.0,21200.0,12,0,0.73,0.891,0
NEG000925,CUST003555,124800.0,118600.0,5,45,0.821,0.908,1
NEG000926,CUST003587,37300.0,35400.0,5,0,0.573,0.661,1
NEG000927,CUST005042,6200.0,5900.0,5,7,0.33,0.579,1
NEG000928,CUST002552,12400.0,12200.0,2,0,0.79,0.697,1
NEG000929,CUST001285,27300.0,26800.0,2,15,0.702,0.727,1
NEG000930,CUST008103,11900.0,11300.0,5,30,0.794,0.889,1
NEG000931,CUST001871,102000.0,89800.0,12,15,0.737,0.912,1
NEG000932,CUST002328,20900.0,19200.0,8,30,0.352,0.8,1
NEG000933,CUST006613,5000.0,4100.0,18,0,0.655,0.944,1
NEG000934,CUST003881,5000.0,4100.0,18,0,0.733,0.953,1
NEG000935,CUST003188,17100.0,17100.0,0,30,0.681,0.743,1
NEG000936,CUST006102,16800.0,13800.0,18,0,0.408,0.898,1
NEG000937,CUST006441,21900.0,18000.0,18,30,0.734,0.978,1
NEG000938,CUST005130,6000.0,6000.0,0,7,0.8,0.684,1
NEG000939,CUST009459,32600.0,31900.0,2,0,0.749,0.666,1
NEG000940,CUST000128,19400.0,15900.0,18,0,0.359,0.886,1
NEG000941,CUST001485,24400.0,21500.0,12,15,0.712,0.921,1
NEG000942,CUST006301,77000.0,75500.0,2,0,0.822,0.684,0
NEG000943,CUST004146,44400.0,36400.0,18,7,0.796,0.963,1
NEG000944,CUST009638,37700.0,33200.0,12,0,0.62,0.857,0
NEG000945,CUST004520,31400.0,29800.0,5,30,0.814,0.889,1
NEG000946,CUST002188,11500.0,11300.0,2,0,0.667,0.63,0
NEG000947,CUST005775,73900.0,72400.0,2,15,0.737,0.724,1
NEG000948,CUST002954,6800.0,6300.0,8,30,0.727,0.913,1
NEG000949,CUST007795,8000.0,7600.0,5,0,0.709,0.746,1
NEG000950,CUST004379,50200.0,50200.0,0,7,0.713,0.612,0
NEG000951,CUST000682,93200.0,93200.0,0,30,0.766,0.751,1
NEG000952,CUST006513,14500.0,13800.0,5,30,0.401,0.748,1
NEG000953,CUST007539,25800.0,22700.0,12,30,0.292,0.858,1
NEG000954,CUST000503,32700.0,28800.0,12,7,0.73,0.906,1
NEG000955,CUST004859,139200.0,139200.0,0,7,0.902,0.674,1
NEG000956,CUST003506,8000.0,7400.0,8,0,0.671,0.804,0
NEG000957,CUST008232,53900.0,52800.0,2,45,0.74,0.86,0
NEG000958,CUST006842,5000.0,4800.0,5,45,0.803,0.925,1
NEG000959,CUST007424,22200.0,22200.0,0,0,0.68,0.562,1
NEG000960,CUST005801,6400.0,6400.0,0,45,0.792,0.854,1
NEG000961,CUST006351,9000.0,8800.0,2,7,0.699,0.69,0
NEG000962,CUST001019,42400.0,41600.0,2,15,0.805,0.769,1
NEG000963,CUST001752,6800.0,6300.0,8,0,0.817,0.856,1
NEG000964,CUST000191,14300.0,12600.0,12,7,0.634,0.888,1
NEG000965,CUST000818,26200.0,24100.0,8,7,0.793,0.866,1
NEG000966,CUST000953,24800.0,21800.0,12,7,0.741,0.91,1
NEG000967,CUST003836,5000.0,4800.0,5,15,0.717,0.818,1
NEG000968,CUST004994,41800.0,39700.0,5,7,0.798,0.803,1
NEG000969,CUST000971,47500.0,43700.0,8,45,0.903,0.957,1
NEG000970,CUST006103,29500.0,27100.0,8,45,0.735,0.938,0
NEG000971,CUST005576,36600.0,33700.0,8,45,0.474,0.886,1
NEG000972,CUST008920,5000.0,4400.0,12,15,0.732,0.927,1
NEG000973,CUST008915,15100.0,11300.0,25,7,0.709,0.98,0
NEG000974,CUST004192,15600.0,11700.0,25,30,0.712,0.98,1
NEG000975,CUST008452,24300.0,21400.0,12,30,0.273,0.853,1
NEG000976,CUST002300,35500.0,34800.0,2,30,0.809,0.836,1
NEG000977,CUST000238,66400.0,66400.0,0,0,0.808,0.616,0
NEG000978,CUST001248,159300.0,146600.0,8,30,0.776,0.894,1
NEG000979,CUST000053,10400.0,9900.0,5,7,0.799,0.815,1
NEG000980,CUST007163,12500.0,11000.0,12,7,0.803,0.924,1
NEG000981,CUST002988,22600.0,21500.0,5,7,0.795,0.809,1
NEG000982,CUST009882,22500.0,21400.0,5,15,0.337,0.625,1
NEG000983,CUST007583,19800.0,19800.0,0,30,0.331,0.545,1
NEG000984,CUST008852,6900.0,6300.0,8,15,0.382,0.749,0
NEG000985,CUST005859,21900.0,20800.0,5,0,0.616,0.692,1
NEG000986,CUST006880,5000.0,4400.0,12,15,0.398,0.847,1
NEG000987,CUST000548,15900.0,15100.0,5,15,0.32,0.619,0
NEG000988,CUST002222,22200.0,18200.0,18,15,0.574,0.952,1
NEG000989,CUST005021,17200.0,15800.0,8,7,0.744,0.853,1
NEG000990,CUST008741,253000.0,189800.0,25,45,0.895,0.98,1
NEG000991,CUST005560,21300.0,20200.0,5,15,0.413,0.669,0
NEG000992,CUST005779,53800.0,47300.0,12,7,0.787,0.914,1
NEG000993,CUST006468,33300.0,31600.0,5,30,0.79,0.883,1
NEG000994,CUST005485,11700.0,10800.0,8,45,0.634,0.925,1
NEG000995,CUST005860,25800.0,25300.0,2,0,0.847,0.721,1
NEG000996,CUST002127,46900.0,46900.0,0,0,0.717,0.571,1
NEG000997,CUST009763,22500.0,22000.0,2,15,0.655,0.706,1
NEG000998,CUST005883,6600.0,6300.0,5,30,0.717,0.87,1
NEG000999,CUST002165,53500.0,49200.0,8,7,0.661,0.813,1
NEG001000,CUST001878,9600.0,9600.0,0,7,0.688,0.619,1
NEG001001,CUST000008,8700.0,8300.0,5,30,0.607,0.834,0
NEG001002,CUST006832,15400.0,14200.0,8,0,0.665,0.799,1
NEG001003,CUST003739,15100.0,13300.0,12,0,0.709,0.888,1
NEG001004,CUST007782,12200.0,11600.0,5,15,0.801,0.845,1
NEG001005,CUST001018,11500.0,10900.0,5,0,0.664,0.722,1
NEG001006,CUST006757,7600.0,7200.0,5,30,0.682,0.859,1
NEG001007,CUST009112,26700.0,25400.0,5,7,0.626,0.733,1
NEG001008,CUST005375,9200.0,9000.0,2,0,0.71,0.655,1
NEG001009,CUST008913,15700.0,14900.0,5,45,0.789,0.921,1
NEG001010,CUST007681,29200.0,28600.0,2,45,0.753,0.871,1
NEG001011,CUST006504,5000.0,4400.0,12,7,0.748,0.915,1
NEG001012,CUST008228,45000.0,39600.0,12,0,0.319,0.736,1
NEG001013,CUST006459,5000.0,5000.0,0,45,0.669,0.812,1
NEG001014,CUST003399,35800.0,32900.0,8,0,0.793,0.84,0
NEG001015,CUST004477,23500.0,23000.0,2,7,0.675,0.67,1
NEG001016,CUST004348,6700.0,6600.0,2,0,0.751,0.679,1
NEG001017,CUST008646,6300.0,6300.0,0,30,0.709,0.761,1
NEG001018,CUST002081,5500.0,5200.0,5,7,0.681,0.768,1
NEG001019,CUST007307,176700.0,167900.0,5,15,0.85,0.809,1
NEG001020,CUST008336,19100.0,17600.0,8,15,0.795,0.89,1
NEG001021,CUST009801,214200.0,214200.0,0,30,0.792,0.711,1
NEG001022,CUST009058,17900.0,17000.0,5,7,0.71,0.776,1
NEG001023,CUST009040,46700.0,43000.0,8,7,0.7,0.83,0
NEG001024,CUST006796,10800.0,10600.0,2,15,0.802,0.781,0
NEG001025,CUST009412,17500.0,16100.0,8,7,0.796,0.869,1
NEG001026,CUST005857,5700.0,5200.0,8,0,0.74,0.83,0
NEG001027,CUST007184,8100.0,8100.0,0,15,0.807,0.731,0
NEG001028,CUST007915,10600.0,10600.0,0,45,0.711,0.825,1
NEG001029,CUST001555,74700.0,74700.0,0,0,0.874,0.649,0
NEG001030,CUST000443,44300.0,33200.0,25,7,0.608,0.978,1
NEG001031,CUST006595,10400.0,9900.0,5,45,0.795,0.923,1
NEG001032,CUST002543,156400.0,143900.0,8,15,0.825,0.865,1
NEG001033,CUST008870,8700.0,7700.0,12,15,0.799,0.937,1
NEG001034,CUST005218,64500.0,56800.0,12,45,0.813,0.968,1
NEG001035,CUST006499,57100.0,54200.0,5,30,0.801,0.88,1
NEG001036,CUST004016,5000.0,4600.0,8,15,0.742,0.88,1
NEG001037,CUST008256,58200.0,43600.0,25,15,0.799,0.98,1
NEG001038,CUST004684,7300.0,6400.0,12,15,0.792,0.937,1
NEG001039,CUST004031,6500.0,6000.0,8,7,0.73,0.852,1
NEG001040,CUST009611,5500.0,5500.0,0,7,0.748,0.656,0
NEG001041,CUST007507,21000.0,15800.0,25,30,0.793,0.98,1
NEG001042,CUST009407,23500.0,20700.0,12,0,0.664,0.874,1
NEG001043,CUST003510,321600.0,321600.0,0,15,0.918,0.639,0
NEG001044,CUST008654,10100.0,10100.0,0,7,0.402,0.442,1
NEG001045,CUST008716,29000.0,28400.0,2,30,0.853,0.853,1
NEG001046,CUST006885,36200.0,33300.0,8,15,0.685,0.856,1
NEG001047,CUST000987,80900.0,80900.0,0,45,0.825,0.843,1
NEG001048,CUST005898,12600.0,12000.0,5,30,0.714,0.867,1
NEG001049,CUST007347,22400.0,20600.0,8,0,0.838,0.858,1
NEG001050,CUST006994,5800.0,5300.0,8,0,0.8,0.851,1
NEG001051,CUST004161,48900.0,48900.0,0,15,0.753,0.684,1
NEG001052,CUST005958,63400.0,60200.0,5,7,0.869,0.823,1
NEG001053,CUST007987,16200.0,14900.0,8,7,0.73,0.849,1
NEG001054,CUST008051,13500.0,11100.0,18,15,0.799,0.972,1
NEG001055,CUST002007,16100.0,15300.0,5,15,0.693,0.805,1
NEG001056,CUST009418,10700.0,9800.0,8,45,0.664,0.93,1
NEG001057,CUST008240,20300.0,19300.0,5,0,0.607,0.688,0
NEG001058,CUST003843,56600.0,53800.0,5,7,0.805,0.801,1
NEG001059,CUST005663,17100.0,16800.0,2,0,0.789,0.695,1
NEG001060,CUST000957,31100.0,27400.0,12,0,0.561,0.84,1
NEG001061,CUST003036,13400.0,11800.0,12,45,0.679,0.961,1
NEG001062,CUST000747,94900.0,71200.0,25,30,0.825,0.98,1
NEG001063,CUST004255,33500.0,29500.0,12,0,0.794,0.904,1
NEG001064,CUST008654,16300.0,15500.0,5,15,0.402,0.665,1
NEG001065,CUST005920,151800.0,144200.0,5,30,0.839,0.867,1
NEG001066,CUST003842,5000.0,4600.0,8,45,0.798,0.95,1
NEG001067,CUST003546,10700.0,9400.0,12,0,0.791,0.907,1
NEG001068,CUST000814,13400.0,12300.0,8,15,0.686,0.862,0
NEG001069,CUST008887,255400.0,235000.0,8,0,0.813,0.77,1
NEG001070,CUST008006,10900.0,10900.0,0,0,0.788,0.633,1
NEG001071,CUST003420,10100.0,8900.0,12,30,0.662,0.94,1
NEG001072,CUST001849,10000.0,8800.0,12,0,0.692,0.884,1
NEG001073,CUST008137,8300.0,7900.0,5,30,0.626,0.841,0
NEG001074,CUST006192,12100.0,9900.0,18,45,0.31,0.958,1
NEG001075,CUST002081,9400.0,7000.0,25,7,0.681,0.98,1
NEG001076,CUST000639,22900.0,22900.0,0,15,0.709,0.673,1
NEG001077,CUST008268,34200.0,28000.0,18,30,0.335,0.94,1
NEG001078,CUST008519,11600.0,10200.0,12,0,0.744,0.897,1
NEG001079,CUST006128,40500.0,38500.0,5,7,0.69,0.758,0
NEG001080,CUST003425,12600.0,11600.0,8,0,0.174,0.54,1
NEG001081,CUST001384,14500.0,14500.0,0,45,0.708,0.823,1
NEG001082,CUST001759,25700.0,22600.0,12,30,0.8,0.956,1
NEG001083,CUST004389,10000.0,8800.0,12,7,0.748,0.914,1
NEG001084,CUST006187,5000.0,4800.0,5,15,0.802,0.847,1
NEG001085,CUST001856,26700.0,23500.0,12,0,0.8,0.906,1
NEG001086,CUST008753,16000.0,12000.0,25,0,0.787,0.98,1
NEG001087,CUST009516,22700.0,21600.0,5,45,0.653,0.891,1
NEG001088,CUST006592,13100.0,12400.0,5,45,0.742,0.913,1
NEG001089,CUST009024,7800.0,7400.0,5,30,0.561,0.818,1
NEG001090,CUST007178,5000.0,4900.0,2,7,0.682,0.683,0
NEG001091,CUST006539,13200.0,12900.0,2,30,0.741,0.819,1
NEG001092,CUST003643,6200.0,5100.0,18,30,0.683,0.976,1
NEG001093,CUST006938,16000.0,14100.0,12,15,0.803,0.937,1
NEG001094,CUST003133,5000.0,4400.0,12,15,0.414,0.852,1
NEG001095,CUST009944,19300.0,17800.0,8,0,0.773,0.838,1
NEG001096,CUST008244,30800.0,28300.0,8,7,0.74,0.848,1
NEG001097,CUST004434,12800.0,11300.0,12,45,0.802,0.971,1
NEG001098,CUST004906,6300.0,6200.0,2,15,0.782,0.773,1
NEG001099,CUST009035,5000.0,3800.0,25,7,0.722,0.98,1
NEG001100,CUST003975,292100.0,286300.0,2,15,0.884,0.699,1
NEG001101,CUST004450,81300.0,71500.0,12,15,0.875,0.939,1
NEG001102,CUST000343,14600.0,13400.0,8,30,0.787,0.923,1
NEG001103,CUST005606,20200.0,16600.0,18,30,0.75,0.979,1
NEG001104,CUST000807,16200.0,15900.0,2,0,0.736,0.666,1
NEG001105,CUST006693,28200.0,27600.0,2,30,0.696,0.796,1
NEG001106,CUST002707,16900.0,16100.0,5,7,0.734,0.787,1
NEG001107,CUST002249,5700.0,5700.0,0,15,0.674,0.662,1
NEG001108,CUST004116,91400.0,89600.0,2,30,0.887,0.846,1
NEG001109,CUST001793,9900.0,9400.0,5,0,0.808,0.789,1
NEG001110,CUST005661,12200.0,12000.0,2,7,0.789,0.735,1
NEG001111,CUST006111,10900.0,8900.0,18,7,0.355,0.904,0
NEG001112,CUST000430,20000.0,16400.0,18,15,0.799,0.972,1
NEG001113,CUST007226,24000.0,24000.0,0,0,0.322,0.343,0
NEG001114,CUST000263,79300.0,73000.0,8,15,0.837,0.888,1
NEG001115,CUST000985,5000.0,4800.0,5,7,0.44,0.645,1
NEG001116,CUST004574,13700.0,12100.0,12,7,0.796,0.922,1
NEG001117,CUST004858,9900.0,9900.0,0,0,0.673,0.564,0
NEG001118,CUST009209,65900.0,65900.0,0,0,0.824,0.625,0
NEG001119,CUST008479,29600.0,26000.0,12,0,0.815,0.909,1
NEG001120,CUST002792,164300.0,161000.0,2,15,0.83,0.73,1
NEG001121,CUST002433,9000.0,7900.0,12,7,0.66,0.895,1
NEG001122,CUST007354,46000.0,42300.0,8,7,0.71,0.833,1
NEG001123,CUST005175,17000.0,15600.0,8,15,0.314,0.711,1
NEG001124,CUST001473,11600.0,11000.0,5,0,0.42,0.585,0
NEG001125,CUST007261,22500.0,19800.0,12,0,0.713,0.887,1
NEG001126,CUST002027,42600.0,37500.0,12,30,0.733,0.946,1
NEG001127,CUST008616,7700.0,6300.0,18,0,0.793,0.959,1
NEG001128,CUST003811,20200.0,19800.0,2,45,0.702,0.858,1
NEG001129,CUST001307,9800.0,8000.0,18,15,0.798,0.972,1
NEG001130,CUST004022,17600.0,13200.0,25,0,0.259,0.943,1
NEG001131,CUST003088,5000.0,4100.0,18,7,0.799,0.967,1
NEG001132,CUST009340,113300.0,107600.0,5,7,0.799,0.777,1
NEG001133,CUST001455,47400.0,46500.0,2,0,0.797,0.684,1
NEG001134,CUST001469,20100.0,17700.0,12,0,0.745,0.895,0
NEG001135,CUST005034,10600.0,9800.0,8,45,0.621,0.923,1
NEG001136,CUST008509,33900.0,29800.0,12,0,0.723,0.887,1
NEG001137,CUST000075,29200.0,25700.0,12,30,0.879,0.963,1
NEG001138,CUST005755,93100.0,76300.0,18,7,0.333,0.881,1
NEG001139,CUST000944,28200.0,28200.0,0,7,0.742,0.641,1
NEG001140,CUST002301,15300.0,14500.0,5,0,0.676,0.726,1
NEG001141,CUST000386,15500.0,14700.0,5,0,0.784,0.777,0
NEG001142,CUST007049,10500.0,9200.0,12,0,0.805,0.91,1
NEG001143,CUST003728,92600.0,90700.0,2,30,0.9,0.849,0
NEG001144,CUST002310,15600.0,15600.0,0,0,0.69,0.572,1
NEG001145,CUST003325,30700.0,27000.0,12,15,0.74,0.925,1
NEG001146,CUST005610,35600.0,31300.0,12,30,0.727,0.946,1
NEG001147,CUST006124,61700.0,50600.0,18,30,0.833,0.98,1
NEG001148,CUST004041,25300.0,25300.0,0,15,0.661,0.645,1
NEG001149,CUST000985,15100.0,12400.0,18,7,0.44,0.92,1
NEG001150,CUST002235,5000.0,4600.0,8,0,0.652,0.797,1
NEG001151,CUST000353,10500.0,9700.0,8,7,0.674,0.832,1
NEG001152,CUST002663,14800.0,14800.0,0,0,0.79,0.632,0
NEG001153,CUST005346,153000.0,114800.0,25,30,0.855,0.98,1
NEG001154,CUST006119,7100.0,7100.0,0,7,0.805,0.687,1
NEG001155,CUST003510,38900.0,35800.0,8,15,0.918,0.914,1
NEG001156,CUST009909,129200.0,129200.0,0,15,0.822,0.683,1
NEG001157,CUST003673,99100.0,91200.0,8,7,0.804,0.849,1
NEG001158,CUST009805,54300.0,53200.0,2,45,0.868,0.894,1
NEG001159,CUST002529,20900.0,18400.0,12,30,0.67,0.94,1
NEG001160,CUST001311,16700.0,14700.0,12,7,0.739,0.911,1
NEG001161,CUST005211,12700.0,11700.0,8,0,0.785,0.844,1
NEG001162,CUST003928,5000.0,4400.0,12,30,0.617,0.935,1
NEG001163,CUST001567,12400.0,11800.0,5,0,0.306,0.514,1
NEG001164,CUST008841,11800.0,11600.0,2,0,0.324,0.419,0
NEG001165,CUST007341,15500.0,14700.0,5,7,0.731,0.786,1
NEG001166,CUST009615,35700.0,29300.0,18,0,0.698,0.946,1
NEG001167,CUST005369,23700.0,21800.0,8,7,0.797,0.867,1
NEG001168,CUST009833,5300.0,4700.0,12,7,0.682,0.901,1
NEG001169,CUST004164,17800.0,17400.0,2,30,0.797,0.837,1
NEG001170,CUST003186,18500.0,17000.0,8,7,0.295,0.654,0
NEG001171,CUST002384,123900.0,114000.0,8,15,0.882,0.889,0
NEG001172,CUST008194,19600.0,16100.0,18,0,0.71,0.949,1
NEG001173,CUST007658,7400.0,7300.0,2,0,0.749,0.678,0
NEG001174,CUST002723,48200.0,42400.0,12,0,0.736,0.887,1
NEG001175,CUST002845,110700.0,105200.0,5,15,0.838,0.827,1
NEG001176,CUST005002,13600.0,12900.0,5,0,0.795,0.782,1
NEG001177,CUST000432,9500.0,8400.0,12,30,0.733,0.95,1
NEG001178,CUST003609,14500.0,12800.0,12,0,0.363,0.769,1
NEG001179,CUST007778,17100.0,15000.0,12,45,0.612,0.953,1
NEG001180,CUST007698,13600.0,13600.0,0,0,0.745,0.606,1
NEG001181,CUST009227,28700.0,28100.0,2,0,0.677,0.626,0
NEG001182,CUST002705,20400.0,19400.0,5,0,0.637,0.704,1
NEG001183,CUST007211,10600.0,10100.0,5,45,0.753,0.915,0
NEG001184,CUST001443,13000.0,11400.0,12,15,0.385,0.84,1
NEG001185,CUST007470,40600.0,38600.0,5,0,0.708,0.731,1
NEG001186,CUST006665,194800.0,185100.0,5,0,0.761,0.686,1
NEG001187,CUST000316,55700.0,54600.0,2,7,0.884,0.761,1
NEG001188,CUST006205,34200.0,32500.0,5,45,0.355,0.791,1
NEG001189,CUST001526,12800.0,12800.0,0,0,0.362,0.372,0
NEG001190,CUST001429,5200.0,5200.0,0,7,0.789,0.678,0
NEG001191,CUST007135,75300.0,66300.0,12,15,0.77,0.923,1
NEG001192,CUST000339,16100.0,16100.0,0,45,0.299,0.625,1
NEG001193,CUST001287,5300.0,5300.0,0,0,0.802,0.644,0
NEG001194,CUST003613,11100.0,10200.0,8,0,0.675,0.804,1
NEG001195,CUST004141,14300.0,13600.0,5,0,0.624,0.7,1
NEG001196,CUST002284,28200.0,25900.0,8,0,0.578,0.756,1
NEG001197,CUST009546,69800.0,66300.0,5,0,0.874,0.794,1
NEG001198,CUST000190,101500.0,96400.0,5,45,0.8,0.908,1
NEG001199,CUST009037,20600.0,19000.0,8,30,0.711,0.908,1
NEG001200,CUST008249,23500.0,21600.0,8,0,0.712,0.814,0
NEG001201,CUST003155,22500.0,19800.0,12,45,0.399,0.922,1
NEG001202,CUST001319,17100.0,16200.0,5,30,0.651,0.847,1
NEG001203,CUST005127,33100.0,32400.0,2,30,0.675,0.786,1
NEG001204,CUST007026,12900.0,11900.0,8,30,0.665,0.899,1
NEG001205,CUST008473,18800.0,16500.0,12,15,0.735,0.926,1
NEG001206,CUST005929,31100.0,31100.0,0,0,0.631,0.527,0
NEG001207,CUST009111,18300.0,16800.0,8,0,0.753,0.831,1
NEG001208,CUST004819,5000.0,5000.0,0,7,0.7,0.629,1
NEG001209,CUST003500,11400.0,10500.0,8,0,0.691,0.81,0
NEG001210,CUST004650,20000.0,18400.0,8,0,0.754,0.831,1
NEG001211,CUST001455,161300.0,148400.0,8,0,0.797,0.799,1
NEG001212,CUST004951,24200.0,22300.0,8,0,0.742,0.825,1
NEG001213,CUST000788,36700.0,33800.0,8,0,0.765,0.829,1
NEG001214,CUST006466,18100.0,18100.0,0,7,0.712,0.629,1
NEG001215,CUST007879,14400.0,11800.0,18,30,0.735,0.978,1
NEG001216,CUST002036,15300.0,15000.0,2,30,0.584,0.753,1
NEG001217,CUST000952,89400.0,67000.0,25,0,0.847,0.98,1
NEG001218,CUST007146,5000.0,3800.0,25,30,0.686,0.98,1
NEG001219,CUST009118,18500.0,18100.0,2,7,0.749,0.712,1
NEG001220,CUST003582,14500.0,13300.0,8,0,0.628,0.784,1
NEG001221,CUST002906,15200.0,14000.0,8,15,0.739,0.877,0
NEG001222,CUST001579,8200.0,8000.0,2,15,0.704,0.737,1
NEG001223,CUST006102,23800.0,23300.0,2,0,0.408,0.464,1
NEG001224,CUST001402,140600.0,129400.0,8,45,0.824,0.937,1
NEG001225,CUST001181,29100.0,26800.0,8,30,0.743,0.912,1
NEG001226,CUST001815,39200.0,34500.0,12,30,0.728,0.946,1
NEG001227,CUST007133,21000.0,18500.0,12,15,0.366,0.831,1
NEG001228,CUST007933,65600.0,57700.0,12,0,0.911,0.921,1
NEG001229,CUST006855,5900.0,5600.0,5,45,0.35,0.799,0
NEG001230,CUST008763,47600.0,41900.0,12,0,0.929,0.927,1
NEG001231,CUST003355,13100.0,12100.0,8,30,0.75,0.917,1
NEG001232,CUST005515,14000.0,13700.0,2,30,0.268,0.581,1
NEG001233,CUST007595,12600.0,11600.0,8,0,0.502,0.727,1
NEG001234,CUST007572,12600.0,11100.0,12,0,0.774,0.903,1
NEG001235,CUST005498,32300.0,31700.0,2,0,0.819,0.703,1
NEG001236,CUST006788,25800.0,23700.0,8,0,0.715,0.815,1
NEG001237,CUST009054,10700.0,10700.0,0,15,0.803,0.728,1
NEG001238,CUST000334,11800.0,8800.0,25,15,0.799,0.98,1
NEG001239,CUST002211,22800.0,18700.0,18,15,0.804,0.972,1
NEG001240,CUST005570,42900.0,39500.0,8,0,0.754,0.824,1
NEG001241,CUST000143,8700.0,8300.0,5,7,0.788,0.811,1
NEG001242,CUST002918,25400.0,19000.0,25,15,0.72,0.98,1
NEG001243,CUST004952,6600.0,6100.0,8,0,0.771,0.841,1
NEG001244,CUST009944,12900.0,12300.0,5,15,0.773,0.835,1
NEG001245,CUST009009,7400.0,6500.0,12,30,0.723,0.949,1
NEG001246,CUST003343,7500.0,6200.0,18,45,0.288,0.957,1
NEG001247,CUST007798,5000.0,4100.0,18,45,0.8,0.98,1
NEG001248,CUST008769,19900.0,17500.0,12,30,0.789,0.955,1
NEG001249,CUST002755,18900.0,15500.0,18,7,0.497,0.93,1
NEG001250,CUST006903,14900.0,14900.0,0,7,0.686,0.615,0
NEG001251,CUST003324,21600.0,19900.0,8,15,0.619,0.839,1
NEG001252,CUST004554,32600.0,31900.0,2,15,0.687,0.718,1
NEG001253,CUST002212,30400.0,24900.0,18,45,0.734,0.98,1
NEG001254,CUST003824,45600.0,37400.0,18,15,0.833,0.973,1
NEG001255,CUST000352,14300.0,14000.0,2,0,0.298,0.402,1
NEG001256,CUST006034,28600.0,27200.0,5,7,0.901,0.845,1
NEG001257,CUST006849,107400.0,98800.0,8,45,0.75,0.93,1
NEG001258,CUST007303,11800.0,11800.0,0,45,0.703,0.822,0
NEG001259,CUST004204,29500.0,28000.0,5,15,0.769,0.829,1
NEG001260,CUST002674,8000.0,7000.0,12,7,0.71,0.907,0
NEG001261,CUST007235,8400.0,7400.0,12,7,0.697,0.904,1
NEG001262,CUST002726,5500.0,4500.0,18,30,0.804,0.98,1
NEG001263,CUST000979,14800.0,12100.0,18,15,0.787,0.971,1
NEG001264,CUST001648,18100.0,15900.0,12,30,0.8,0.956,1
NEG001265,CUST005339,5000.0,4900.0,2,30,0.793,0.84,1
NEG001266,CUST009195,8500.0,8500.0,0,30,0.571,0.692,1
NEG001267,CUST005841,11500.0,10600.0,8,15,0.67,0.858,1
NEG001268,CUST001658,22700.0,21600.0,5,0,0.807,0.784,1
NEG001269,CUST008865,17800.0,17400.0,2,7,0.903,0.785,1
NEG001270,CUST009130,8700.0,7700.0,12,0,0.617,0.864,1
NEG001271,CUST006412,11300.0,10400.0,8,0,0.793,0.847,1
NEG001272,CUST001003,15900.0,15100.0,5,45,0.377,0.806,1
NEG001273,CUST005650,5000.0,5000.0,0,0,0.33,0.358,0
NEG001274,CUST002237,20900.0,20500.0,2,0,0.299,0.398,1
NEG001275,CUST000807,5000.0,5000.0,0,0,0.736,0.606,1
NEG001276,CUST001696,20100.0,18500.0,8,7,0.69,0.834,1
NEG001277,CUST007591,9400.0,9200.0,2,0,0.61,0.597,0
NEG001278,CUST008696,21000.0,20600.0,2,0,0.633,0.604,1
NEG001279,CUST003002,19800.0,17400.0,12,15,0.697,0.919,1
NEG001280,CUST003144,77500.0,71300.0,8,7,0.789,0.85,1
NEG001281,CUST007606,26400.0,25100.0,5,7,0.755,0.792,0
NEG001282,CUST006639,5000.0,4100.0,18,0,0.704,0.95,1
NEG001283,CUST005225,28500.0,27100.0,5,0,0.8,0.778,1
NEG001284,CUST004573,18100.0,14800.0,18,0,0.306,0.872,1
NEG001285,CUST001700,13700.0,13000.0,5,15,0.75,0.827,1
NEG001286,CUST002764,43700.0,41500.0,5,45,0.868,0.93,1
NEG001287,CUST009624,5100.0,5000.0,2,0,0.801,0.707,1
NEG001288,CUST007917,25500.0,25000.0,2,15,0.802,0.775,0
NEG001289,CUST007338,5000.0,4600.0,8,7,0.792,0.871,1
NEG001290,CUST003184,10600.0,8700.0,18,7,0.314,0.895,1
NEG001291,CUST003875,21900.0,16400.0,25,7,0.8,0.98,1
NEG001292,CUST003145,15000.0,13800.0,8,15,0.798,0.892,1
NEG001293,CUST002945,31500.0,30900.0,2,0,0.776,0.681,0
NEG001294,CUST002844,208200.0,197800.0,5,15,0.895,0.816,1
NEG001295,CUST006935,15000.0,14700.0,2,15,0.56,0.658,0
NEG001296,CUST009571,13600.0,11200.0,18,15,0.354,0.92,1
NEG001297,CUST001311,16300.0,15000.0,8,30,0.739,0.914,1
NEG001298,CUST000367,16400.0,16400.0,0,30,0.66,0.734,1
NEG001299,CUST003264,5800.0,4800.0,18,15,0.736,0.968,1
NEG001300,CUST000436,19100.0,18100.0,5,0,0.727,0.749,1
NEG001301,CUST008583,23800.0,21900.0,8,0,0.733,0.822,1
NEG001302,CUST001255,36100.0,31800.0,12,15,0.226,0.77,1
NEG001303,CUST008241,25000.0,23800.0,5,30,0.905,0.911,1
NEG001304,CUST002672,11400.0,8600.0,25,45,0.798,0.98,1
NEG001305,CUST009592,17800.0,17800.0,0,7,0.263,0.355,0
NEG001306,CUST001281,14500.0,13800.0,5,7,0.798,0.813,1
NEG001307,CUST006004,69700.0,69700.0,0,0,0.271,0.293,0
NEG001308,CUST007340,15000.0,14200.0,5,45,0.797,0.923,1
NEG001309,CUST001645,22500.0,20700.0,8,30,0.319,0.786,1
NEG001310,CUST005616,60800.0,49900.0,18,0,0.833,0.958,1
NEG001311,CUST007134,5000.0,4600.0,8,7,0.684,0.837,1
NEG001312,CUST001820,16000.0,16000.0,0,0,0.67,0.559,0
NEG001313,CUST008991,12100.0,11500.0,5,0,0.693,0.736,1
NEG001314,CUST004649,80500.0,76500.0,5,0,0.737,0.728,0
NEG001315,CUST000986,63100.0,63100.0,0,0,0.683,0.541,0
NEG001316,CUST007195,31000.0,30400.0,2,45,0.748,0.869,1
NEG001317,CUST006074,24100.0,23600.0,2,0,0.331,0.416,0
NEG001318,CUST004335,8200.0,8000.0,2,30,0.485,0.707,1
NEG001319,CUST000386,28600.0,25200.0,12,30,0.784,0.954,1
NEG001320,CUST008394,9200.0,9000.0,2,0,0.787,0.697,1
NEG001321,CUST008358,9000.0,6800.0,25,45,0.345,0.98,1
NEG001322,CUST003024,16500.0,15700.0,5,15,0.746,0.824,1
NEG001323,CUST005245,24800.0,22800.0,8,15,0.801,0.891,0
NEG001324,CUST002554,14100.0,13800.0,2,0,0.804,0.704,1
NEG001325,CUST003517,20000.0,20000.0,0,7,0.8,0.677,1
NEG001326,CUST002549,37700.0,30900.0,18,0,0.642,0.938,1
NEG001327,CUST000971,79200.0,72900.0,8,0,0.903,0.862,0
NEG001328,CUST002595,76800.0,73000.0,5,30,0.744,0.859,1
NEG001329,CUST001115,14400.0,10800.0,25,7,0.682,0.98,1
NEG001330,CUST009259,24400.0,23200.0,5,30,0.705,0.862,1
NEG001331,CUST009191,34400.0,34400.0,0,15,0.666,0.643,1
NEG001332,CUST000215,23200.0,21300.0,8,0,0.751,0.829,1
NEG001333,CUST006235,17000.0,16200.0,5,15,0.708,0.81,1
NEG001334,CUST006221,5000.0,4600.0,8,0,0.78,0.844,1
NEG001335,CUST008509,19800.0,19400.0,2,0,0.723,0.657,0
NEG001336,CUST006424,7600.0,7000.0,8,0,0.625,0.785,1
NEG001337,CUST004151,89200.0,87400.0,2,0,0.876,0.706,1
NEG001338,CUST009023,22800.0,17100.0,25,45,0.796,0.98,1
NEG001339,CUST003689,40900.0,40100.0,2,7,0.733,0.693,1
NEG001340,CUST002197,65000.0,57200.0,12,7,0.821,0.918,1
NEG001341,CUST004960,13500.0,11100.0,18,0,0.786,0.958,1
NEG001342,CUST001346,12700.0,12100.0,5,0,0.781,0.776,1
NEG001343,CUST007086,8600.0,8200.0,5,0,0.744,0.761,1
NEG001344,CUST005883,20000.0,19000.0,5,15,0.717,0.813,1
NEG001345,CUST006370,5100.0,4800.0,5,15,0.8,0.847,1
NEG001346,CUST005549,13600.0,11200.0,18,7,0.75,0.962,1
NEG001347,CUST004978,38100.0,38100.0,0,15,0.78,0.704,1
NEG001348,CUST003676,12400.0,9300.0,25,0,0.734,0.98,1
NEG001349,CUST002648,16000.0,16000.0,0,0,0.741,0.603,1
NEG001350,CUST001113,16000.0,14700.0,8,0,0.8,0.848,1
NEG001351,CUST009106,5000.0,4800.0,5,0,0.797,0.786,1
NEG001352,CUST002928,17800.0,16400.0,8,7,0.749,0.854,1
NEG001353,CUST009965,17600.0,16200.0,8,30,0.878,0.937,1
NEG001354,CUST002183,5000.0,4800.0,5,30,0.71,0.868,0
NEG001355,CUST009906,5000.0,4400.0,12,30,0.798,0.957,1
NEG001356,CUST000096,28200.0,21200.0,25,15,0.802,0.98,1
NEG001357,CUST002386,24000.0,22100.0,8,30,0.662,0.896,1
NEG001358,CUST005096,7300.0,6000.0,18,7,0.711,0.959,1
NEG001359,CUST004769,12900.0,10600.0,18,7,0.724,0.959,1
NEG001360,CUST003950,5400.0,5000.0,8,30,0.86,0.936,1
NEG001361,CUST003289,5000.0,4600.0,8,15,0.383,0.75,0
NEG001362,CUST001762,11400.0,10000.0,12,30,0.304,0.865,1
NEG001363,CUST001064,5000.0,4900.0,2,15,0.796,0.78,1
NEG001364,CUST009548,8400.0,8400.0,0,30,0.748,0.777,1
NEG001365,CUST002082,5000.0,4800.0,5,15,0.747,0.829,0
NEG001366,CUST001895,31600.0,31600.0,0,45,0.796,0.848,1
NEG001367,CUST003224,5000.0,5000.0,0,0,0.734,0.604,0
NEG001368,CUST007392,33600.0,31900.0,5,15,0.787,0.834,1
NEG001369,CUST004958,48000.0,48000.0,0,0,0.776,0.606,1
NEG001370,CUST008831,29700.0,28200.0,5,30,0.856,0.9,1
NEG001371,CUST000938,12700.0,12700.0,0,0,0.356,0.369,1
NEG001372,CUST009188,22900.0,21800.0,5,15,0.696,0.803,1
NEG001373,CUST009766,19800.0,18200.0,8,15,0.792,0.89,1
NEG001374,CUST007201,20400.0,20400.0,0,0,0.753,0.608,1
NEG001375,CUST005742,5000.0,4100.0,18,45,0.678,0.98,1
NEG001376,CUST000346,7400.0,7000.0,5,0,0.682,0.733,1
NEG001377,CUST005985,7000.0,6600.0,5,0,0.663,0.723,1
NEG001378,CUST001190,18400.0,16200.0,12,0,0.498,0.822,1
NEG001379,CUST001617,207000.0,196600.0,5,15,0.887,0.813,1
NEG001380,CUST008090,20300.0,17900.0,12,15,0.389,0.839,0
NEG001381,CUST005092,37600.0,37600.0,0,15,0.679,0.649,1
NEG001382,CUST001845,26200.0,24100.0,8,15,0.31,0.704,0
NEG001383,CUST007536,14900.0,12200.0,18,7,0.748,0.961,1
NEG001384,CUST002740,16500.0,15700.0,5,15,0.806,0.845,1
NEG001385,CUST001597,13300.0,13300.0,0,45,0.191,0.561,1
NEG001386,CUST004049,9400.0,8900.0,5,30,0.789,0.888,1
NEG001387,CUST001117,13900.0,10400.0,25,30,0.383,0.98,1
NEG001388,CUST003576,19200.0,18200.0,5,30,0.665,0.851,1
NEG001389,CUST009683,19900.0,18300.0,8,7,0.592,0.798,0
NEG001390,CUST006985,13200.0,9900.0,25,0,0.782,0.98,1
NEG001391,CUST007610,27800.0,26400.0,5,0,0.798,0.778,1
NEG001392,CUST003494,13100.0,13100.0,0,0,0.691,0.574,1
NEG001393,CUST002068,12300.0,11700.0,5,15,0.801,0.845,1
NEG001394,CUST008661,36700.0,30100.0,18,30,0.859,0.98,1
NEG001395,CUST004979,10700.0,9800.0,8,15,0.735,0.877,1
NEG001396,CUST004091,18200.0,18200.0,0,0,0.356,0.366,0
NEG001397,CUST001893,21600.0,19900.0,8,15,0.753,0.879,1
NEG001398,CUST008446,71000.0,69600.0,2,30,0.775,0.813,1
NEG001399,CUST005942,5000.0,4400.0,12,45,0.746,0.967,1
NEG001400,CUST009134,29600.0,29000.0,2,15,0.674,0.712,1
NEG001401,CUST007158,18400.0,13800.0,25,30,0.706,0.98,1
NEG001402,CUST005628,33100.0,29100.0,12,7,0.794,0.919,0
NEG001403,CUST000361,21600.0,20500.0,5,0,0.765,0.765,1
NEG001404,CUST009944,64600.0,64600.0,0,45,0.773,0.83,1
NEG001405,CUST005432,35800.0,35100.0,2,15,0.793,0.767,1
NEG001406,CUST003910,22500.0,21400.0,5,0,0.797,0.779,0
NEG001407,CUST006765,91900.0,87300.0,5,15,0.839,0.833,1
NEG001408,CUST004517,37400.0,34400.0,8,30,0.676,0.896,1
NEG001409,CUST007474,23700.0,23200.0,2,7,0.806,0.738,1
NEG001410,CUST009036,97300.0,85600.0,12,30,0.837,0.953,1
NEG001411,CUST005354,43700.0,43700.0,0,15,0.656,0.632,1
NEG001412,CUST005059,13100.0,12400.0,5,7,0.741,0.791,1
NEG001413,CUST004057,23600.0,20800.0,12,0,0.745,0.894,1
NEG001414,CUST001573,20900.0,18400.0,12,15,0.723,0.923,1
NEG001415,CUST008088,15600.0,14400.0,8,7,0.353,0.687,1
NEG001416,CUST007620,18100.0,17700.0,2,45,0.66,0.845,1
NEG001417,CUST000768,37500.0,36800.0,2,7,0.84,0.748,0
NEG001418,CUST000922,13600.0,12500.0,8,30,0.717,0.91,1
NEG001419,CUST008676,6600.0,6100.0,8,0,0.685,0.81,1
NEG001420,CUST007981,17700.0,16800.0,5,7,0.805,0.815,1
NEG001421,CUST007121,14500.0,13800.0,5,7,0.731,0.786,1
NEG001422,CUST009556,131700.0,125100.0,5,30,0.841,0.873,1
NEG001423,CUST009018,19100.0,17600.0,8,0,0.704,0.813,1
NEG001424,CUST004107,20400.0,20400.0,0,30,0.748,0.773,1
NEG001425,CUST006363,6400.0,6400.0,0,0,0.609,0.527,1
NEG001426,CUST008346,15800.0,15800.0,0,7,0.799,0.679,1
NEG001427,CUST005604,37800.0,34800.0,8,0,0.805,0.843,1
NEG001428,CUST001685,34700.0,31900.0,8,7,0.354,0.678,1
NEG001429,CUST004524,7600.0,7200.0,5,7,0.744,0.794,1
NEG001430,CUST009957,25000.0,25000.0,0,45,0.687,0.812,1
NEG001431,CUST000746,8300.0,7600.0,8,15,0.785,0.891,1
NEG001432,CUST004344,39300.0,37300.0,5,15,0.732,0.812,1
NEG001433,CUST002717,9600.0,8400.0,12,15,0.657,0.913,1
NEG001434,CUST001583,5000.0,4400.0,12,0,0.796,0.909,1
NEG001435,CUST005762,16200.0,14900.0,8,0,0.74,0.827,1
NEG001436,CUST006139,5000.0,3800.0,25,30,0.124,0.964,1
NEG001437,CUST005830,14700.0,14400.0,2,7,0.714,0.696,1
NEG001438,CUST005665,250300.0,237800.0,5,45,0.837,0.886,1
NEG001439,CUST003264,34700.0,28500.0,18,30,0.736,0.977,1
NEG001440,CUST006314,24100.0,19800.0,18,45,0.37,0.963,1
NEG001441,CUST004196,28900.0,28900.0,0,7,0.664,0.594,1
NEG001442,CUST008464,8400.0,8200.0,2,7,0.79,0.737,0
NEG001443,CUST004017,18100.0,18100.0,0,15,0.755,0.7,1
NEG001444,CUST004186,20400.0,20000.0,2,15,0.638,0.698,1
NEG001445,CUST009620,10900.0,10900.0,0,30,0.79,0.794,1
NEG001446,CUST007461,52000.0,51000.0,2,45,0.802,0.878,0
NEG001447,CUST002142,18100.0,18100.0,0,30,0.689,0.747,1
NEG001448,CUST006793,27800.0,27200.0,2,0,0.595,0.578,1
NEG001449,CUST009152,15000.0,13800.0,8,45,0.746,0.942,1
NEG001450,CUST003514,18700.0,16500.0,12,45,0.727,0.965,1
NEG001451,CUST004776,28300.0,21200.0,25,0,0.822,0.98,1
NEG001452,CUST003667,72100.0,70700.0,2,0,0.777,0.661,1
NEG001453,CUST002955,5000.0,3800.0,25,0,0.79,0.98,1
NEG001454,CUST009270,30900.0,27200.0,12,15,0.744,0.925,1
NEG001455,CUST001837,144200.0,144200.0,0,7,0.8,0.614,0
NEG001456,CUST001899,33600.0,27600.0,18,30,0.836,0.98,1
NEG001457,CUST003331,19900.0,18300.0,8,15,0.583,0.827,1
NEG001458,CUST009067,18500.0,17000.0,8,30,0.799,0.925,1
NEG001459,CUST002769,21700.0,20600.0,5,30,0.626,0.837,1
NEG001460,CUST007584,27800.0,25600.0,8,30,0.8,0.923,1
NEG001461,CUST007838,33800.0,31100.0,8,15,0.684,0.856,0
NEG001462,CUST008461,9700.0,8900.0,8,15,0.801,0.894,1
NEG001463,CUST005771,18100.0,15900.0,12,45,0.726,0.964,1
NEG001464,CUST001754,20900.0,20500.0,2,15,0.8,0.776,0
NEG001465,CUST001406,30700.0,27000.0,12,7,0.807,0.921,1
NEG001466,CUST005119,9700.0,8900.0,8,45,0.88,0.958,1
NEG001467,CUST008367,11600.0,10200.0,12,45,0.325,0.91,1
NEG001468,CUST009886,22400.0,22000.0,2,7,0.739,0.705,1
NEG001469,CUST006267,23800.0,17800.0,25,0,0.874,0.98,1
NEG001470,CUST007395,27300.0,25100.0,8,15,0.672,0.854,1
NEG001471,CUST008367,17600.0,16200.0,8,0,0.325,0.628,0
NEG001472,CUST003607,35300.0,28900.0,18,0,0.382,0.888,1
NEG001473,CUST000736,5000.0,5000.0,0,15,0.745,0.701,1
NEG001474,CUST005043,38800.0,36900.0,5,7,0.804,0.807,1
NEG001475,CUST006856,241500.0,212500.0,12,45,0.813,0.953,1
NEG001476,CUST002690,12500.0,11500.0,8,7,0.687,0.836,1
NEG001477,CUST000734,41900.0,38500.0,8,0,0.752,0.823,1
NEG001478,CUST001561,46600.0,41000.0,12,7,0.654,0.885,1
NEG001479,CUST000138,5000.0,5000.0,0,0,0.713,0.592,0
NEG001480,CUST003677,50700.0,48200.0,5,7,0.739,0.776,1
NEG001481,CUST000783,13100.0,12800.0,2,0,0.748,0.675,1
NEG001482,CUST006980,12100.0,10600.0,12,0,0.742,0.896,0
NEG001483,CUST004461,26500.0,26500.0,0,0,0.712,0.579,1
NEG001484,CUST004290,10300.0,9500.0,8,7,0.717,0.847,0
NEG001485,CUST008577,11300.0,9300.0,18,15,0.8,0.973,1
NEG001486,CUST002314,15200.0,14000.0,8,7,0.257,0.634,1
NEG001487,CUST000081,34100.0,33400.0,2,0,0.796,0.69,1
NEG001488,CUST004527,6500.0,6000.0,8,15,0.746,0.881,1
NEG001489,CUST008828,14300.0,14000.0,2,7,0.621,0.644,1
NEG001490,CUST007972,26700.0,25400.0,5,7,0.398,0.609,1
NEG001491,CUST005786,16200.0,16200.0,0,30,0.794,0.794,0
NEG001492,CUST000285,9500.0,8400.0,12,15,0.648,0.911,1
NEG001493,CUST007636,24500.0,22500.0,8,30,0.898,0.939,1
NEG001494,CUST008949,27200.0,25000.0,8,45,0.684,0.931,1
NEG001495,CUST003298,17700.0,15600.0,12,7,0.803,0.923,1
NEG001496,CUST003781,10900.0,9600.0,12,30,0.367,0.883,1
NEG001497,CUST007366,21600.0,21600.0,0,15,0.307,0.43,0
NEG001498,CUST005865,7700.0,7100.0,8,0,0.744,0.831,1
NEG001499,CUST009998,9400.0,8900.0,5,7,0.352,0.59,0
NEG001500,CUST008663,6900.0,6900.0,0,30,0.656,0.736,0
NEG001501,CUST005207,119900.0,119900.0,0,0,0.873,0.626,0
NEG001502,CUST007673,11500.0,10900.0,5,0,0.675,0.728,1
NEG001503,CUST008870,7300.0,7300.0,0,0,0.799,0.641,1
NEG001504,CUST003468,125600.0,115600.0,8,45,0.728,0.923,1
NEG001505,CUST003614,14000.0,12900.0,8,0,0.8,0.848,1
NEG001506,CUST001522,44700.0,39300.0,12,0,0.78,0.898,1
NEG001507,CUST005878,27500.0,26100.0,5,30,0.289,0.686,1
NEG001508,CUST000735,113400.0,104300.0,8,0,0.776,0.808,1
NEG001509,CUST005585,16000.0,15200.0,5,15,0.801,0.844,0
NEG001510,CUST009347,16700.0,16700.0,0,15,0.7,0.671,1
NEG001511,CUST009502,5000.0,4400.0,12,30,0.794,0.957,1
NEG001512,CUST004517,5000.0,5000.0,0,30,0.676,0.746,1
NEG001513,CUST000610,27200.0,25800.0,5,0,0.702,0.734,0
NEG001514,CUST004198,11900.0,10900.0,8,15,0.795,0.892,1
NEG001515,CUST001468,30300.0,28800.0,5,0,0.894,0.816,1
NEG001516,CUST000250,18400.0,15100.0,18,7,0.738,0.96,1
NEG001517,CUST005766,27500.0,26100.0,5,30,0.682,0.853,1
NEG001518,CUST008631,10300.0,9800.0,5,0,0.695,0.738,0
NEG001519,CUST009326,33800.0,32100.0,5,45,0.753,0.911,1
NEG001520,CUST003307,93100.0,81900.0,12,0,0.826,0.899,1
NEG001521,CUST001303,24800.0,20300.0,18,30,0.651,0.972,1
NEG001522,CUST000770,34300.0,33600.0,2,15,0.673,0.71,0
NEG001523,CUST001458,33300.0,31600.0,5,15,0.804,0.84,1
NEG001524,CUST006024,9500.0,9000.0,5,30,0.793,0.889,1
NEG001525,CUST005402,59500.0,48800.0,18,30,0.821,0.98,1
NEG001526,CUST002802,5000.0,3800.0,25,45,0.501,0.98,1
NEG001527,CUST007745,45000.0,44100.0,2,0,0.791,0.682,1
NEG001528,CUST003443,25600.0,22500.0,12,45,0.78,0.968,1
NEG001529,CUST009232,11300.0,10400.0,8,0,0.744,0.83,1
NEG001530,CUST008047,7300.0,7300.0,0,0,0.571,0.503,1
NEG001531,CUST005995,14700.0,14000.0,5,7,0.626,0.739,1
NEG001532,CUST005236,10000.0,10000.0,0,30,0.803,0.8,1
NEG001533,CUST007288,26000.0,22900.0,12,45,0.291,0.9,1
NEG001534,CUST006345,22500.0,20700.0,8,7,0.903,0.895,1
NEG001535,CUST000728,83000.0,83000.0,0,0,0.822,0.615,0
NEG001536,CUST006289,95500.0,93600.0,2,15,0.848,0.767,1
NEG001537,CUST006084,14800.0,14500.0,2,15,0.303,0.503,0
NEG001538,CUST002690,13400.0,12300.0,8,15,0.687,0.863,1
NEG001539,CUST007049,21200.0,21200.0,0,45,0.805,0.854,1
NEG001540,CUST003050,21400.0,19700.0,8,45,0.701,0.934,1
NEG001541,CUST000475,100600.0,95600.0,5,0,0.838,0.767,1
NEG001542,CUST005584,9000.0,7400.0,18,30,0.787,0.98,1
NEG001543,CUST008322,24400.0,22400.0,8,45,0.666,0.928,1
NEG001544,CUST002568,18100.0,17700.0,2,7,0.315,0.455,0
NEG001545,CUST006820,30700.0,30100.0,2,45,0.686,0.85,1
NEG001546,CUST001953,34300.0,31600.0,8,45,0.779,0.944,1
NEG001547,CUST007580,24100.0,22200.0,8,0,0.704,0.811,1
NEG001548,CUST009489,8700.0,7700.0,12,15,0.758,0.931,1
NEG001549,CUST007571,10100.0,9600.0,5,15,0.748,0.827,1
NEG001550,CUST001552,14300.0,12600.0,12,30,0.748,0.951,1
NEG001551,CUST004799,31000.0,25400.0,18,15,0.796,0.971,1
NEG001552,CUST001016,11500.0,10100.0,12,30,0.326,0.872,1
NEG001553,CUST000620,74800.0,65800.0,12,0,0.873,0.912,1
NEG001554,CUST002868,15200.0,13400.0,12,0,0.708,0.887,1
NEG001555,CUST007261,12000.0,10600.0,12,45,0.713,0.964,1
NEG001556,CUST007942,5000.0,4100.0,18,15,0.577,0.954,1
NEG001557,CUST006514,21400.0,17500.0,18,7,0.634,0.949,1
NEG001558,CUST006069,38500.0,38500.0,0,15,0.791,0.709,1
NEG001559,CUST007010,17500.0,14400.0,18,0,0.794,0.958,1
NEG001560,CUST000133,5000.0,4400.0,12,0,0.741,0.897,1
NEG001561,CUST006131,31400.0,29800.0,5,15,0.72,0.81,1
NEG001562,CUST008109,12100.0,10600.0,12,15,0.718,0.924,1
NEG001563,CUST005584,9500.0,8700.0,8,30,0.787,0.924,0
NEG001564,CUST002852,15600.0,15600.0,0,45,0.75,0.838,1
NEG001565,CUST001109,14900.0,13700.0,8,0,0.791,0.845,1
NEG001566,CUST009372,34000.0,31300.0,8,15,0.473,0.779,1
NEG001567,CUST001255,23500.0,23000.0,2,0,0.226,0.354,0
NEG001568,CUST008973,11100.0,11100.0,0,30,0.67,0.741,1
NEG001569,CUST002599,9200.0,8500.0,8,30,0.784,0.924,1
NEG001570,CUST004887,27100.0,24900.0,8,45,0.213,0.806,1
NEG001571,CUST009626,16800.0,13800.0,18,0,0.805,0.96,1
NEG001572,CUST006141,32300.0,32300.0,0,15,0.306,0.424,0
NEG001573,CUST009026,11000.0,10400.0,5,30,0.721,0.87,1
NEG001574,CUST002515,79800.0,70200.0,12,7,0.777,0.907,1
NEG001575,CUST009158,19500.0,18500.0,5,0,0.309,0.512,0
NEG001576,CUST000308,10200.0,8400.0,18,15,0.786,0.972,1
NEG001577,CUST002123,98600.0,80900.0,18,15,0.754,0.963,0
NEG001578,CUST002355,7200.0,6800.0,5,7,0.796,0.815,1
NEG001579,CUST009090,7100.0,5300.0,25,0,0.753,0.98,1
NEG001580,CUST000531,29300.0,27000.0,8,45,0.742,0.939,1
NEG001581,CUST000792,20200.0,16600.0,18,0,0.697,0.947,1
NEG001582,CUST005566,95600.0,88000.0,8,15,0.824,0.88,1
NEG001583,CUST009608,9700.0,9200.0,5,15,0.802,0.846,1
NEG001584,CUST005761,62600.0,59500.0,5,15,0.404,0.643,1
NEG001585,CUST005339,10200.0,10200.0,0,15,0.793,0.723,0
NEG001586,CUST005703,213400.0,160000.0,25,45,0.833,0.98,1
NEG001587,CUST006094,12500.0,11900.0,5,15,0.725,0.818,1
NEG001588,CUST000901,8000.0,6600.0,18,7,0.737,0.961,0
NEG001589,CUST008451,10700.0,10700.0,0,7,0.805,0.685,1
NEG001590,CUST000412,16100.0,15800.0,2,30,0.803,0.84,0
NEG001591,CUST006047,17900.0,17000.0,5,0,0.713,0.743,1
NEG001592,CUST001005,16900.0,12700.0,25,45,0.687,0.98,1
NEG001593,CUST006993,19200.0,18200.0,5,0,0.727,0.749,0
NEG001594,CUST003215,11400.0,10500.0,8,7,0.294,0.657,1
NEG001595,CUST008968,107400.0,107400.0,0,0,0.751,0.558,0
NEG001596,CUST003300,86000.0,70500.0,18,15,0.827,0.97,1
NEG001597,CUST005010,11600.0,11600.0,0,7,0.634,0.585,1
NEG001598,CUST002524,5900.0,5900.0,0,30,0.798,0.799,1
NEG001599,CUST000337,30600.0,29100.0,5,7,0.358,0.582,0
NEG001600,CUST006372,110200.0,97000.0,12,15,0.848,0.931,1
NEG001601,CUST008430,5000.0,4800.0,5,15,0.791,0.844,1
NEG001602,CUST004764,16700.0,15900.0,5,7,0.747,0.792,1
NEG001603,CUST008365,16200.0,14900.0,8,0,0.758,0.833,1
NEG001604,CUST009642,9800.0,9800.0,0,0,0.235,0.303,1
NEG001605,CUST002908,22800.0,22800.0,0,7,0.698,0.618,0
NEG001606,CUST000402,17500.0,17500.0,0,15,0.658,0.647,1
NEG001607,CUST000181,16900.0,14900.0,12,7,0.679,0.898,1
NEG001608,CUST009260,10800.0,9500.0,12,0,0.677,0.88,1
NEG001609,CUST002616,30600.0,30000.0,2,30,0.708,0.8,1
NEG001610,CUST002098,5000.0,4600.0,8,7,0.729,0.852,1
NEG001611,CUST008195,14700.0,12900.0,12,0,0.798,0.908,1
NEG001612,CUST003661,45100.0,42800.0,5,7,0.826,0.813,0
NEG001613,CUST006259,9800.0,9600.0,2,30,0.784,0.836,1
NEG001614,CUST005404,10600.0,10100.0,5,7,0.337,0.581,0
NEG001615,CUST007907,10000.0,8800.0,12,45,0.795,0.97,1
NEG001616,CUST000485,66300.0,61000.0,8,15,0.882,0.901,1
NEG001617,CUST007739,21300.0,17500.0,18,30,0.171,0.915,1
NEG001618,CUST009668,11500.0,10900.0,5,30,0.714,0.867,1
NEG001619,CUST005420,19000.0,19000.0,0,7,0.655,0.594,1
NEG001620,CUST001266,20400.0,20400.0,0,30,0.759,0.778,0
NEG001621,CUST008547,14000.0,14000.0,0,7,0.572,0.546,1
NEG001622,CUST006153,12800.0,11800.0,8,45,0.793,0.948,1
NEG001623,CUST004623,10400.0,8500.0,18,30,0.681,0.975,1
NEG001624,CUST009372,5100.0,4800.0,5,15,0.473,0.709,0
NEG001625,CUST005774,13400.0,12700.0,5,45,0.659,0.895,1
NEG001626,CUST008077,70200.0,68800.0,2,45,0.869,0.891,1
NEG001627,CUST008185,52300.0,52300.0,0,15,0.68,0.642,1
NEG001628,CUST004849,8700.0,8000.0,8,0,0.443,0.698,1
NEG001629,CUST005793,16000.0,13100.0,18,30,0.367,0.946,1
NEG001630,CUST002586,18400.0,17500.0,5,0,0.737,0.754,0
NEG001631,CUST008139,5000.0,4800.0,5,7,0.79,0.813,1
NEG001632,CUST008623,21300.0,19600.0,8,30,0.264,0.762,1
NEG001633,CUST005690,14500.0,14200.0,2,0,0.666,0.627,1
NEG001634,CUST001684,67600.0,64200.0,5,0,0.839,0.78,1
NEG001635,CUST008677,12700.0,11200.0,12,45,0.75,0.967,1
NEG001636,CUST008608,9300.0,8800.0,5,7,0.612,0.734,1
NEG001637,CUST006007,19200.0,19200.0,0,30,0.699,0.751,0
NEG001638,CUST005715,13000.0,12400.0,5,7,0.32,0.569,0
NEG001639,CUST004403,51200.0,48600.0,5,0,0.875,0.801,1
NEG001640,CUST008145,10600.0,9300.0,12,7,0.731,0.91,1
NEG001641,CUST005971,39400.0,29600.0,25,7,0.706,0.98,1
NEG001642,CUST001269,12900.0,12900.0,0,0,0.799,0.639,0
NEG001643,CUST006649,68300.0,68300.0,0,0,0.806,0.613,1
NEG001644,CUST004645,12700.0,12100.0,5,0,0.71,0.744,1
NEG001645,CUST003054,7900.0,7500.0,5,0,0.676,0.73,0
NEG001646,CUST001532,21100.0,15800.0,25,45,0.385,0.98,1
NEG001647,CUST007150,18200.0,18200.0,0,0,0.699,0.576,1
NEG001648,CUST001069,74000.0,68100.0,8,7,0.768,0.844,1
NEG001649,CUST005997,19900.0,16300.0,18,15,0.751,0.968,1
NEG001650,CUST007164,35000.0,30800.0,12,0,0.724,0.887,1
NEG001651,CUST008900,45500.0,43200.0,5,30,0.376,0.723,1
NEG001652,CUST009781,18200.0,14900.0,18,45,0.298,0.957,1
NEG001653,CUST008715,58500.0,58500.0,0,15,0.866,0.737,0
NEG001654,CUST000590,61200.0,60000.0,2,15,0.897,0.801,1
NEG001655,CUST007895,18800.0,16500.0,12,0,0.712,0.887,1
NEG001656,CUST008788,10100.0,9900.0,2,0,0.75,0.677,1
NEG001657,CUST003111,86000.0,75700.0,12,0,0.786,0.891,1
NEG001658,CUST001495,21700.0,17800.0,18,30,0.709,0.976,1
NEG001659,CUST000718,18400.0,18400.0,0,0,0.338,0.355,1
NEG001660,CUST003771,9700.0,8000.0,18,0,0.75,0.955,1
NEG001661,CUST007563,23600.0,17700.0,25,30,0.319,0.977,1
NEG001662,CUST005043,43800.0,41600.0,5,30,0.804,0.884,1
NEG001663,CUST001146,21900.0,20800.0,5,15,0.845,0.856,1
NEG001664,CUST000047,13000.0,11400.0,12,15,0.715,0.923,1
NEG001665,CUST009289,12300.0,10800.0,12,15,0.718,0.924,1
NEG001666,CUST008975,20900.0,19900.0,5,30,0.712,0.864,1
NEG001667,CUST006163,18400.0,16900.0,8,45,0.777,0.946,1
NEG001668,CUST001852,12100.0,10600.0,12,7,0.743,0.913,1
NEG001669,CUST006666,5000.0,4400.0,12,30,0.736,0.951,1
NEG001670,CUST003098,17100.0,15000.0,12,30,0.649,0.938,1
NEG001671,CUST008497,13900.0,13900.0,0,0,0.464,0.433,1
NEG001672,CUST008914,5900.0,5400.0,8,0,0.796,0.849,0
NEG001673,CUST006889,24300.0,23100.0,5,0,0.794,0.777,1
NEG001674,CUST008179,12900.0,12300.0,5,30,0.738,0.874,1
NEG001675,CUST003213,16600.0,16300.0,2,15,0.622,0.691,1
NEG001676,CUST003921,127500.0,127500.0,0,15,0.783,0.661,1
NEG001677,CUST003000,22400.0,22000.0,2,7,0.297,0.442,1
NEG001678,CUST006848,67200.0,50400.0,25,30,0.741,0.98,1
NEG001679,CUST000221,28100.0,25900.0,8,30,0.828,0.928,1
NEG001680,CUST004731,77300.0,71100.0,8,7,0.844,0.867,0
NEG001681,CUST002170,17200.0,15800.0,8,0,0.666,0.799,1
NEG001682,CUST009061,38100.0,37300.0,2,0,0.803,0.692,1
NEG001683,CUST001865,15200.0,14400.0,5,0,0.795,0.781,1
NEG001684,CUST004073,34200.0,32500.0,5,0,0.704,0.732,1
NEG001685,CUST001509,100700.0,92600.0,8,30,0.771,0.905,1
NEG001686,CUST003889,5000.0,3800.0,25,0,0.722,0.98,1
NEG001687,CUST006884,10500.0,10500.0,0,0,0.802,0.641,0
NEG001688,CUST001323,123500.0,108700.0,12,0,0.846,0.897,1
NEG001689,CUST004611,8000.0,7600.0,5,0,0.752,0.765,1
NEG001690,CUST006789,23800.0,21900.0,8,15,0.752,0.878,1
NEG001691,CUST007072,57500.0,50600.0,12,30,0.729,0.944,1
NEG001692,CUST003575,10900.0,10000.0,8,0,0.781,0.843,1
NEG001693,CUST009338,5200.0,5100.0,2,7,0.671,0.677,1
NEG001694,CUST001539,5000.0,3800.0,25,30,0.808,0.98,1
NEG001695,CUST002781,45600.0,44700.0,2,0,0.392,0.441,1
NEG001696,CUST006351,11000.0,11000.0,0,30,0.699,0.754,1
NEG001697,CUST000115,15400.0,14200.0,8,7,0.441,0.732,0
NEG001698,CUST003793,26900.0,26900.0,0,7,0.831,0.691,1
NEG001699,CUST002082,27400.0,25200.0,8,0,0.747,0.826,1
NEG001700,CUST008191,13200.0,12500.0,5,7,0.685,0.767,1
NEG001701,CUST006010,12200.0,12200.0,0,30,0.684,0.747,0
NEG001702,CUST009858,21400.0,21000.0,2,0,0.673,0.628,0
NEG001703,CUST008453,6600.0,6300.0,5,0,0.344,0.541,0
NEG001704,CUST007127,143500.0,140600.0,2,7,0.809,0.684,1
NEG001705,CUST001937,11800.0,11200.0,5,15,0.802,0.845,1
NEG001706,CUST000328,9200.0,8700.0,5,0,0.714,0.747,1
NEG001707,CUST008705,11900.0,11700.0,2,45,0.73,0.868,1
NEG001708,CUST004491,25400.0,25400.0,0,0,0.732,0.592,1
NEG001709,CUST002482,41200.0,30900.0,25,30,0.75,0.98,1
NEG001710,CUST008017,33800.0,25400.0,25,15,0.754,0.98,1
NEG001711,CUST007190,53800.0,47300.0,12,7,0.659,0.885,1
NEG001712,CUST005221,11000.0,11000.0,0,15,0.363,0.471,0
NEG001713,CUST003846,12200.0,12000.0,2,7,0.716,0.698,1
NEG001714,CUST009123,12800.0,11300.0,12,30,0.67,0.941,1
NEG001715,CUST003729,25500.0,22400.0,12,15,0.795,0.935,1
NEG001716,CUST006924,12500.0,12200.0,2,7,0.727,0.703,1
NEG001717,CUST005639,56500.0,56500.0,0,15,0.847,0.729,1
NEG001718,CUST001179,23200.0,22700.0,2,7,0.71,0.689,0
NEG001719,CUST006682,11000.0,9000.0,18,0,0.557,0.928,1
NEG001720,CUST009629,6900.0,6100.0,12,7,0.698,0.904,0
NEG001721,CUST002569,34200.0,31500.0,8,15,0.604,0.83,1
NEG001722,CUST002138,5200.0,4900.0,5,0,0.671,0.728,0
NEG001723,CUST002722,7800.0,7800.0,0,15,0.79,0.723,1
NEG001724,CUST000787,5000.0,3800.0,25,7,0.551,0.977,1
NEG001725,CUST008696,5000.0,4100.0,18,30,0.633,0.972,1
NEG001726,CUST007564,28400.0,23300.0,18,30,0.725,0.977,1
NEG001727,CUST003778,42700.0,40600.0,5,7,0.832,0.816,1
NEG001728,CUST009477,22800.0,20100.0,12,15,0.802,0.936,1
NEG001729,CUST004936,18100.0,15900.0,12,15,0.355,0.828,1
NEG001730,CUST005899,8100.0,8100.0,0,0,0.797,0.64,0
NEG001731,CUST008772,20500.0,16800.0,18,0,0.798,0.959,1
NEG001732,CUST005892,9600.0,7200.0,25,15,0.618,0.98,1
NEG001733,CUST005691,18000.0,17100.0,5,30,0.798,0.888,1
NEG001734,CUST009606,19700.0,14800.0,25,0,0.631,0.977,1
NEG001735,CUST008108,23200.0,22700.0,2,7,0.792,0.731,1
NEG001736,CUST008789,29700.0,22300.0,25,7,0.828,0.98,1
NEG001737,CUST005798,11400.0,10000.0,12,15,0.751,0.93,1
NEG001738,CUST002329,16100.0,12100.0,25,45,0.749,0.98,1
NEG001739,CUST008678,8000.0,7000.0,12,0,0.748,0.898,1
NEG001740,CUST000382,16600.0,16600.0,0,15,0.71,0.677,1
NEG001741,CUST006455,11300.0,10700.0,5,15,0.675,0.799,1
NEG001742,CUST002292,8600.0,7600.0,12,15,0.608,0.903,1
NEG001743,CUST004896,34300.0,34300.0,0,15,0.747,0.688,0
NEG001744,CUST006092,11600.0,11400.0,2,0,0.364,0.443,1
NEG001745,CUST003936,40900.0,37600.0,8,0,0.79,0.837,1
NEG001746,CUST001263,55400.0,55400.0,0,0,0.742,0.582,1
NEG001747,CUST000528,5000.0,4800.0,5,0,0.661,0.724,1
NEG001748,CUST003761,11300.0,10700.0,5,15,0.746,0.826,1
NEG001749,CUST000928,22300.0,20500.0,8,7,0.654,0.821,0
NEG001750,CUST005947,171300.0,162700.0,5,45,0.838,0.903,1
NEG001751,CUST009286,12600.0,12600.0,0,0,0.309,0.342,1
NEG001752,CUST001701,8700.0,8700.0,0,0,0.785,0.633,0
NEG001753,CUST000148,10200.0,9700.0,5,0,0.719,0.749,1
NEG001754,CUST001739,32000.0,30400.0,5,15,0.712,0.807,0
NEG001755,CUST001820,8800.0,8100.0,8,7,0.67,0.831,1
NEG001756,CUST001016,13900.0,13900.0,0,45,0.326,0.642,1
NEG001757,CUST002882,25800.0,22700.0,12,30,0.311,0.864,1
NEG001758,CUST000805,19700.0,19300.0,2,0,0.34,0.424,0
NEG001759,CUST000828,21600.0,19900.0,8,0,0.807,0.848,0
NEG001760,CUST007690,19500.0,19500.0,0,15,0.748,0.696,1
NEG001761,CUST009089,11600.0,11400.0,2,0,0.632,0.609,0
NEG001762,CUST004133,6600.0,6600.0,0,7,0.792,0.679,1
NEG001763,CUST008464,8700.0,8300.0,5,0,0.79,0.782,1
NEG001764,CUST002168,49000.0,43100.0,12,15,0.778,0.928,1
NEG001765,CUST002328,25800.0,23700.0,8,7,0.352,0.681,0
NEG001766,CUST009548,27800.0,24500.0,12,15,0.748,0.927,1
NEG001767,CUST008952,12500.0,12200.0,2,7,0.721,0.701,0
NEG001768,CUST009968,26500.0,26000.0,2,0,0.797,0.694,1
NEG001769,CUST004617,14000.0,13300.0,5,0,0.346,0.538,1
NEG001770,CUST000281,75200.0,69200.0,8,30,0.826,0.92,1
NEG001771,CUST005760,62400.0,51200.0,18,15,0.919,0.977,1
NEG001772,CUST008901,41300.0,41300.0,0,30,0.32,0.527,1
NEG001773,CUST002756,10900.0,10000.0,8,0,0.79,0.846,0
NEG001774,CUST001220,70000.0,52500.0,25,30,0.822,0.98,1
NEG001775,CUST000284,135800.0,135800.0,0,15,0.797,0.665,1
NEG001776,CUST006012,5000.0,4800.0,5,15,0.796,0.845,1
NEG001777,CUST009155,40400.0,37200.0,8,30,0.704,0.902,1
NEG001778,CUST004875,23800.0,22600.0,5,0,0.799,0.78,1
NEG001779,CUST007346,41900.0,31400.0,25,7,0.688,0.98,1
NEG001780,CUST008055,20400.0,16700.0,18,45,0.637,0.98,1
NEG001781,CUST004615,55100.0,48500.0,12,7,0.743,0.905,1
NEG001782,CUST001040,19400.0,17100.0,12,7,0.343,0.791,0
NEG001783,CUST001506,15300.0,14500.0,5,0,0.797,0.782,0
NEG001784,CUST002109,206600.0,169400.0,18,15,0.785,0.956,1
NEG001785,CUST004215,6800.0,6700.0,2,0,0.73,0.668,1
NEG001786,CUST000562,21700.0,20000.0,8,15,0.761,0.881,1
NEG001787,CUST003197,8800.0,8100.0,8,15,0.645,0.851,0
NEG001788,CUST008574,7700.0,7100.0,8,0,0.743,0.831,0
NEG001789,CUST004268,5000.0,4600.0,8,0,0.702,0.817,0
NEG001790,CUST009271,36900.0,36200.0,2,30,0.887,0.861,1
NEG001791,CUST001324,27300.0,27300.0,0,0,0.672,0.554,0
NEG001792,CUST005746,50100.0,46100.0,8,0,0.789,0.834,1
NEG001793,CUST005725,8900.0,8200.0,8,0,0.794,0.848,0
NEG001794,CUST003486,20100.0,18500.0,8,0,0.668,0.798,1
NEG001795,CUST001850,30300.0,30300.0,0,15,0.801,0.718,0
NEG001796,CUST005444,11600.0,11600.0,0,7,0.634,0.586,0
NEG001797,CUST008441,27500.0,22600.0,18,30,0.797,0.98,1
NEG001798,CUST009048,19600.0,17200.0,12,7,0.685,0.899,1
NEG001799,CUST009644,30200.0,28700.0,5,7,0.391,0.603,1
NEG001800,CUST008467,30400.0,22800.0,25,0,0.752,0.98,1
NEG001801,CUST005834,12200.0,9200.0,25,15,0.728,0.98,1
NEG001802,CUST004140,9300.0,7600.0,18,45,0.674,0.98,1
NEG001803,CUST003641,15700.0,11800.0,25,15,0.758,0.98,1
NEG001804,CUST003143,17700.0,16300.0,8,7,0.747,0.854,1
NEG001805,CUST001668,58500.0,55600.0,5,7,0.751,0.778,1
NEG001806,CUST007323,27200.0,23900.0,12,15,0.748,0.927,1
NEG001807,CUST005090,70300.0,61900.0,12,0,0.747,0.885,0
NEG001808,CUST002451,5200.0,5200.0,0,45,0.627,0.795,1
NEG001809,CUST002069,66600.0,66600.0,0,0,0.812,0.618,0
NEG001810,CUST009539,11100.0,9100.0,18,0,0.803,0.96,1
NEG001811,CUST003575,100300.0,82200.0,18,15,0.781,0.965,1
NEG001812,CUST005479,31800.0,30200.0,5,7,0.691,0.762,1
NEG001813,CUST000409,16000.0,14700.0,8,30,0.419,0.827,1
NEG001814,CUST001810,13800.0,12700.0,8,15,0.358,0.734,1
NEG001815,CUST007458,18600.0,16400.0,12,30,0.71,0.946,1
NEG001816,CUST008293,15400.0,13600.0,12,15,0.793,0.936,1
NEG001817,CUST009836,24500.0,23300.0,5,30,0.934,0.917,1
NEG001818,CUST009943,16200.0,15400.0,5,0,0.8,0.783,1
NEG001819,CUST000163,209200.0,205000.0,2,0,0.865,0.641,1
NEG001820,CUST007596,7800.0,7800.0,0,15,0.727,0.69,1
NEG001821,CUST006426,194600.0,194600.0,0,0,0.845,0.568,0
NEG001822,CUST004873,13700.0,12600.0,8,7,0.707,0.842,1
NEG001823,CUST001710,57900.0,43400.0,25,0,0.74,0.98,1
NEG001824,CUST005554,6800.0,5100.0,25,45,0.263,0.98,1
NEG001825,CUST002415,5200.0,5200.0,0,7,0.8,0.685,1
NEG001826,CUST000477,29800.0,28300.0,5,30,0.726,0.866,1
NEG001827,CUST002490,31900.0,28100.0,12,45,0.746,0.965,1
NEG001828,CUST005894,17600.0,15500.0,12,7,0.633,0.887,1
NEG001829,CUST002363,20100.0,17700.0,12,30,0.801,0.956,1
NEG001830,CUST000572,13500.0,12800.0,5,15,0.801,0.845,0
NEG001831,CUST006171,8100.0,8100.0,0,7,0.722,0.64,0
NEG001832,CUST008097,119000.0,113000.0,5,15,0.814,0.815,1
NEG001833,CUST009100,9200.0,9200.0,0,30,0.797,0.798,1
NEG001834,CUST003998,43100.0,37900.0,12,7,0.747,0.908,1
NEG001835,CUST006270,124600.0,102200.0,18,7,0.834,0.96,0
NEG001836,CUST009782,19100.0,16800.0,12,7,0.557,0.866,1
NEG001837,CUST002882,11100.0,10200.0,8,30,0.311,0.787,1
NEG001838,CUST008906,87000.0,71300.0,18,45,0.782,0.98,1
NEG001839,CUST008565,20300.0,18700.0,8,15,0.745,0.877,1
NEG001840,CUST005014,20700.0,19700.0,5,30,0.749,0.875,1
NEG001841,CUST004843,82100.0,72200.0,12,0,0.774,0.889,1
NEG001842,CUST005635,16800.0,15500.0,8,30,0.374,0.81,1
NEG001843,CUST003089,8200.0,7500.0,8,7,0.797,0.871,1
NEG001844,CUST000634,5500.0,4800.0,12,7,0.751,0.915,1
NEG001845,CUST007649,44000.0,43100.0,2,15,0.767,0.752,0
NEG001846,CUST002998,11900.0,11300.0,5,15,0.773,0.835,0
NEG001847,CUST000950,49400.0,49400.0,0,45,0.793,0.842,1
NEG001848,CUST003291,5600.0,4900.0,12,0,0.749,0.899,1
NEG001849,CUST001288,74000.0,70300.0,5,7,0.754,0.773,1
NEG001850,CUST005690,5000.0,4400.0,12,45,0.666,0.96,1
NEG001851,CUST003798,38800.0,38000.0,2,7,0.749,0.702,1
NEG001852,CUST005334,21200.0,18700.0,12,45,0.36,0.915,1
NEG001853,CUST008966,6000.0,5500.0,8,7,0.313,0.67,1
NEG001854,CUST002738,9200.0,7500.0,18,15,0.746,0.969,1
NEG001855,CUST003719,19500.0,17200.0,12,0,0.637,0.867,1
NEG001856,CUST003590,154700.0,126900.0,18,0,0.687,0.928,1
NEG001857,CUST005547,26900.0,26400.0,2,15,0.718,0.735,0
NEG001858,CUST001044,31400.0,29800.0,5,30,0.795,0.885,1
NEG001859,CUST000146,126800.0,111600.0,12,7,0.713,0.882,1
NEG001860,CUST006825,6900.0,6800.0,2,30,0.666,0.792,0
NEG001861,CUST002281,19900.0,19900.0,0,30,0.554,0.677,0
NEG001862,CUST003616,26700.0,23500.0,12,7,0.669,0.894,1
NEG001863,CUST006115,5000.0,4100.0,18,0,0.702,0.95,1
NEG001864,CUST000012,17500.0,17200.0,2,15,0.744,0.752,1
NEG001865,CUST009997,114300.0,114300.0,0,0,0.823,0.599,0
NEG001866,CUST001123,14700.0,13500.0,8,7,0.688,0.836,1
NEG001867,CUST005042,21300.0,18700.0,12,30,0.33,0.87,1
NEG001868,CUST008125,16800.0,16000.0,5,7,0.668,0.757,0
NEG001869,CUST009278,22400.0,20600.0,8,0,0.856,0.863,1
NEG001870,CUST002102,23900.0,17900.0,25,30,0.162,0.966,0
NEG001871,CUST002711,14000.0,14000.0,0,30,0.609,0.709,1
NEG001872,CUST008089,5000.0,5000.0,0,0,0.61,0.528,0
NEG001873,CUST006502,123300.0,117100.0,5,30,0.78,0.857,1
NEG001874,CUST007266,197400.0,181600.0,8,45,0.855,0.934,1
NEG001875,CUST009769,7200.0,5900.0,18,7,0.582,0.944,1
NEG001876,CUST007083,5000.0,4800.0,5,15,0.73,0.823,1
NEG001877,CUST000469,7700.0,6800.0,12,15,0.34,0.826,0
NEG001878,CUST002911,16400.0,15600.0,5,15,0.751,0.827,1
NEG001879,CUST003174,16200.0,14300.0,12,15,0.729,0.925,1
NEG001880,CUST000259,74800.0,73300.0,2,30,0.852,0.839,1
NEG001881,CUST006751,29600.0,28100.0,5,15,0.837,0.852,1
NEG001882,CUST004383,141800.0,116300.0,18,0,0.87,0.955,1
NEG001883,CUST001689,41600.0,38300.0,8,0,0.744,0.82,1
NEG001884,CUST002470,104700.0,102600.0,2,15,0.848,0.764,1
NEG001885,CUST003993,26100.0,24800.0,5,0,0.409,0.571,1
NEG001886,CUST009523,37400.0,32900.0,12,15,0.914,0.949,1
NEG001887,CUST000344,18800.0,17300.0,8,45,0.801,0.948,1
NEG001888,CUST003394,17400.0,13000.0,25,15,0.905,0.98,1
NEG001889,CUST006637,18800.0,18400.0,2,15,0.269,0.48,0
NEG001890,CUST004748,23600.0,23600.0,0,0,0.744,0.6,1
NEG001891,CUST008996,12700.0,12100.0,5,30,0.797,0.889,1
NEG001892,CUST003119,39600.0,34800.0,12,0,0.753,0.893,1
NEG001893,CUST004297,27900.0,26500.0,5,7,0.718,0.775,0
NEG001894,CUST001312,5000.0,4400.0,12,7,0.795,0.924,0
NEG001895,CUST005656,72000.0,59000.0,18,0,0.879,0.962,1
NEG001896,CUST005966,55000.0,50600.0,8,0,0.722,0.807,1
NEG001897,CUST009096,21200.0,18700.0,12,7,0.785,0.919,1
NEG001898,CUST002573,11400.0,10500.0,8,15,0.803,0.894,1
NEG001899,CUST008111,60700.0,59500.0,2,30,0.819,0.832,0
NEG001900,CUST003650,5000.0,4600.0,8,7,0.796,0.872,1
NEG001901,CUST005875,5000.0,4800.0,5,7,0.453,0.652,1
NEG001902,CUST006624,20100.0,17700.0,12,15,0.709,0.921,1
NEG001903,CUST002845,273000.0,251200.0,8,45,0.838,0.919,1
NEG001904,CUST004336,80100.0,78500.0,2,0,0.862,0.703,1
NEG001905,CUST001289,15700.0,13800.0,12,15,0.698,0.92,1
NEG001906,CUST009532,54100.0,54100.0,0,0,0.727,0.574,0
NEG001907,CUST008883,5100.0,5000.0,2,15,0.685,0.729,1
NEG001908,CUST002859,16600.0,12400.0,25,0,0.745,0.98,1
NEG001909,CUST000422,13800.0,11300.0,18,45,0.814,0.98,1
NEG001910,CUST001592,86000.0,84300.0,2,0,0.817,0.676,1
NEG001911,CUST004675,10800.0,10800.0,0,30,0.693,0.752,1
NEG001912,CUST002735,20100.0,17700.0,12,7,0.779,0.918,1
NEG001913,CUST009963,13200.0,12100.0,8,15,0.348,0.73,1
NEG001914,CUST008576,5000.0,4800.0,5,30,0.624,0.842,1
NEG001915,CUST001450,16100.0,14200.0,12,15,0.714,0.922,1
NEG001916,CUST000765,17700.0,13300.0,25,30,0.625,0.98,1
NEG001917,CUST000508,35500.0,29100.0,18,0,0.674,0.942,1
NEG001918,CUST005595,9600.0,9600.0,0,15,0.634,0.637,0
NEG001919,CUST006615,21400.0,21400.0,0,0,0.794,0.631,1
NEG001920,CUST006242,5000.0,5000.0,0,0,0.263,0.32,0
NEG001921,CUST006400,19500.0,19500.0,0,15,0.767,0.706,0
NEG001922,CUST001775,38000.0,38000.0,0,7,0.742,0.636,1
NEG001923,CUST002347,21800.0,20100.0,8,30,0.787,0.922,1
NEG001924,CUST001665,20600.0,20600.0,0,0,0.734,0.596,0
NEG001925,CUST006631,17300.0,14200.0,18,7,0.748,0.961,1
NEG001926,CUST003490,24400.0,21500.0,12,30,0.741,0.949,0
NEG001927,CUST006294,51000.0,50000.0,2,30,0.733,0.803,0
NEG001928,CUST007978,20400.0,20400.0,0,30,0.741,0.77,0
NEG001929,CUST001580,8300.0,7300.0,12,30,0.685,0.944,1
NEG001930,CUST004784,13600.0,12900.0,5,0,0.752,0.763,1
NEG001931,CUST000433,18800.0,15400.0,18,0,0.693,0.947,1
NEG001932,CUST000745,15900.0,15100.0,5,30,0.747,0.876,0
NEG001933,CUST004354,65000.0,59800.0,8,45,0.874,0.952,1
NEG001934,CUST000489,11200.0,9200.0,18,0,0.603,0.935,1
NEG001935,CUST007989,8600.0,8200.0,5,30,0.77,0.883,0
NEG001936,CUST004365,15800.0,15000.0,5,30,0.732,0.871,1
NEG001937,CUST009858,8600.0,7900.0,8,15,0.673,0.86,0
NEG001938,CUST008090,20200.0,19200.0,5,45,0.389,0.809,1
NEG001939,CUST001894,80200.0,70600.0,12,45,0.84,0.969,1
NEG001940,CUST008788,11500.0,10100.0,12,45,0.75,0.967,1
NEG001941,CUST002786,20300.0,19900.0,2,30,0.713,0.806,1
NEG001942,CUST007277,6100.0,5600.0,8,0,0.624,0.786,1
NEG001943,CUST004665,9400.0,9200.0,2,0,0.721,0.661,1
NEG001944,CUST002431,23700.0,19400.0,18,30,0.798,0.98,1
NEG001945,CUST000907,5000.0,4600.0,8,30,0.717,0.912,1
NEG001946,CUST005892,12600.0,12000.0,5,7,0.618,0.736,1
NEG001947,CUST007390,28300.0,26900.0,5,45,0.79,0.919,1
NEG001948,CUST009376,28000.0,24600.0,12,30,0.742,0.949,1
NEG001949,CUST008985,19800.0,18800.0,5,45,0.784,0.92,1
NEG001950,CUST003569,5200.0,4600.0,12,7,0.731,0.911,1
NEG001951,CUST009412,12100.0,11500.0,5,7,0.796,0.813,1
NEG001952,CUST001553,10200.0,9700.0,5,0,0.785,0.779,1
NEG001953,CUST007170,119000.0,89200.0,25,7,0.697,0.979,1
NEG001954,CUST003288,11000.0,9700.0,12,15,0.681,0.917,1
NEG001955,CUST009888,14500.0,14500.0,0,7,0.705,0.626,1
NEG001956,CUST007990,14500.0,13300.0,8,30,0.781,0.922,1
NEG001957,CUST007742,25200.0,23900.0,5,0,0.709,0.738,0
NEG001958,CUST006676,12700.0,11200.0,12,0,0.387,0.78,1
NEG001959,CUST000013,7200.0,6600.0,8,30,0.801,0.927,1
NEG001960,CUST000458,7400.0,7300.0,2,0,0.787,0.698,1
NEG001961,CUST009789,47100.0,47100.0,0,0,0.724,0.575,0
NEG001962,CUST001481,9300.0,9100.0,2,15,0.691,0.73,0
NEG001963,CUST001612,27800.0,27200.0,2,7,0.801,0.734,1
NEG001964,CUST001330,19900.0,18900.0,5,7,0.376,0.599,1
NEG001965,CUST003721,26200.0,23100.0,12,45,0.706,0.962,1
NEG001966,CUST001338,9400.0,9200.0,2,30,0.751,0.824,1
NEG001967,CUST006365,20200.0,18600.0,8,15,0.789,0.889,1
NEG001968,CUST006998,9300.0,9300.0,0,7,0.789,0.677,1
NEG001969,CUST002556,20100.0,19700.0,2,30,0.806,0.84,1
NEG001970,CUST005576,13900.0,12800.0,8,45,0.474,0.892,1
NEG001971,CUST005819,19100.0,17600.0,8,30,0.783,0.922,0
NEG001972,CUST004983,17900.0,16500.0,8,0,0.75,0.83,1
NEG001973,CUST004107,24000.0,22100.0,8,0,0.748,0.828,1
NEG001974,CUST008892,24100.0,21200.0,12,45,0.787,0.969,1
NEG001975,CUST008541,21400.0,21400.0,0,7,0.274,0.36,0
NEG001976,CUST002721,30300.0,28800.0,5,0,0.75,0.755,1
NEG001977,CUST004301,29600.0,26000.0,12,30,0.802,0.955,1
NEG001978,CUST003905,10500.0,10000.0,5,7,0.691,0.77,0
NEG001979,CUST006125,36100.0,27100.0,25,30,0.839,0.98,1
NEG001980,CUST003272,19400.0,18400.0,5,15,0.78,0.836,1
NEG001981,CUST006558,10900.0,8200.0,25,30,0.313,0.977,1
NEG001982,CUST002161,22700.0,18600.0,18,30,0.683,0.975,1
NEG001983,CUST009743,12400.0,12400.0,0,30,0.622,0.716,1
NEG001984,CUST006925,119400.0,119400.0,0,45,0.802,0.823,1
NEG001985,CUST006254,6600.0,6300.0,5,45,0.741,0.914,1
NEG001986,CUST008906,16500.0,13500.0,18,15,0.782,0.971,1
NEG001987,CUST008881,5000.0,4800.0,5,30,0.552,0.816,1
NEG001988,CUST002680,74400.0,68400.0,8,0,0.808,0.833,1
NEG001989,CUST003099,33400.0,30700.0,8,45,0.762,0.942,1
NEG001990,CUST000766,5900.0,5800.0,2,7,0.859,0.77,1
NEG001991,CUST000394,14100.0,13800.0,2,30,0.746,0.821,1
NEG001992,CUST007750,7900.0,5900.0,25,30,0.693,0.98,1
NEG001993,CUST004014,51700.0,42400.0,18,7,0.828,0.966,0
NEG001994,CUST005428,8000.0,7400.0,8,15,0.675,0.861,1
NEG001995,CUST002623,17100.0,16200.0,5,15,0.829,0.852,1
NEG001996,CUST005883,18100.0,13600.0,25,7,0.717,0.98,1
NEG001997,CUST008793,83800.0,73700.0,12,0,0.824,0.9,1
NEG001998,CUST004107,8700.0,7700.0,12,0,0.748,0.898,1
NEG001999,CUST009623,27900.0,24600.0,12,15,0.744,0.926,1
NEG002000,CUST002077,12600.0,11600.0,8,30,0.753,0.917,1
